# Blender 4.3.2
# www.blender.org
mtllib banca.mtl
o Cgtuts_Wood_Bench_OBJ
v 46.481461 -35.510166 -46.528809
v 46.315109 -35.510166 -46.418560
v 46.588066 -35.510166 -46.369419
v 46.421711 -35.510166 -46.259171
v 46.481461 -34.013588 -46.528809
v 46.315121 -34.013588 -46.418537
v 46.588051 -34.013588 -46.369442
v 46.421711 -34.013588 -46.259171
v 46.651985 -32.487850 -46.261509
v 46.475258 -32.487850 -46.168774
v 46.563705 -32.487850 -45.998871
v 46.740433 -32.487850 -46.091602
v 46.482281 -33.997547 -46.527420
v 46.315994 -33.997547 -46.417061
v 46.588821 -33.997547 -46.368141
v 46.422535 -33.997547 -46.257782
v 46.495621 -35.510166 -46.525482
v 46.318996 -35.510166 -46.432575
v 46.584175 -35.510166 -46.355404
v 46.407551 -35.510166 -46.262493
v 46.495632 -34.013588 -46.525463
v 46.318996 -34.013588 -46.432575
v 46.584175 -34.013588 -46.355404
v 46.407539 -34.013588 -46.262516
v 46.637718 -32.487850 -46.265007
v 46.471470 -32.487850 -46.154583
v 46.577972 -32.487850 -45.995369
v 46.744221 -32.487850 -46.105793
v 46.496506 -33.997547 -46.523987
v 46.319820 -33.997547 -46.431187
v 46.584995 -33.997547 -46.354015
v 46.408310 -33.997547 -46.261215
v 45.587723 -33.383148 -48.020012
v 45.437313 -33.388718 -47.936359
v 46.541145 -33.419800 -46.427410
v 46.386765 -33.411148 -46.333477
v 46.511078 -33.599274 -46.461193
v 46.356674 -33.590786 -46.367294
v 45.617062 -33.555023 -47.970482
v 45.479046 -33.568142 -47.865906
v 45.602234 -33.519405 -47.995518
v 45.454208 -33.519405 -47.907837
v 45.649822 -33.581646 -47.915176
v 45.501797 -33.581646 -47.827496
v 45.609364 -33.495312 -48.000458
v 45.449673 -33.497925 -47.915493
v 45.636604 -33.560474 -47.954472
v 45.469036 -33.555023 -47.882801
v 45.608917 -33.539043 -47.984230
v 45.460896 -33.539043 -47.896549
v 45.638020 -33.577042 -47.935104
v 45.489994 -33.577042 -47.847424
v 45.606373 -33.407402 -47.633968
v 45.761887 -33.398743 -47.725990
v 45.612980 -33.581646 -47.639793
v 45.768494 -33.572987 -47.731815
v 46.437916 -33.419773 -46.601685
v 46.283504 -33.411121 -46.507805
v 46.256493 -33.571178 -46.536423
v 46.410923 -33.579712 -46.630276
v 45.771606 -33.419746 -47.355019
v 45.939758 -33.419743 -47.071144
v 46.115364 -33.411091 -46.791660
v 45.778431 -33.567337 -47.360481
v 45.939365 -33.558681 -47.071804
v 46.107712 -33.558678 -46.787601
v 45.933937 -33.558678 -47.452511
v 46.094810 -33.567337 -47.163937
v 46.263168 -33.567337 -46.879711
v 46.270824 -33.419743 -46.883774
v 46.095253 -33.411091 -47.163193
v 45.927113 -33.411091 -47.447048
v 45.601273 -33.392357 -48.014114
v 45.435539 -33.398933 -47.922371
v 46.534790 -33.411148 -46.421162
v 46.378227 -33.419800 -46.330910
v 46.519592 -33.590786 -46.463799
v 46.363052 -33.599274 -46.373512
v 45.627319 -33.548298 -47.970146
v 45.473690 -33.560474 -47.857967
v 45.613586 -33.515308 -47.993332
v 45.450668 -33.515308 -47.896828
v 45.657703 -33.572994 -47.918854
v 45.494785 -33.572994 -47.822350
v 45.597698 -33.497925 -48.003174
v 45.446449 -33.495312 -47.903954
v 45.627071 -33.568142 -47.953587
v 45.464405 -33.548298 -47.873642
v 45.619789 -33.533527 -47.982857
v 45.456875 -33.533527 -47.886353
v 45.646751 -33.568718 -47.937344
v 45.483833 -33.568718 -47.840839
v 45.613861 -33.398743 -47.638309
v 45.769287 -33.407402 -47.730469
v 45.605576 -33.572987 -47.635315
v 45.761005 -33.581646 -47.727474
v 46.431526 -33.411121 -46.595490
v 46.275002 -33.419773 -46.505180
v 46.262897 -33.579712 -46.542595
v 46.419411 -33.571178 -46.632927
v 45.779091 -33.411091 -47.359367
v 45.947227 -33.411091 -47.075512
v 46.107906 -33.419743 -46.787270
v 45.771019 -33.558678 -47.356007
v 45.946789 -33.567337 -47.076256
v 46.115147 -33.567337 -46.792030
v 45.926453 -33.567337 -47.448162
v 46.102283 -33.558681 -47.168304
v 46.270630 -33.558678 -46.884102
v 46.263390 -33.411091 -46.879341
v 46.102673 -33.419743 -47.167645
v 45.934525 -33.419746 -47.451519
v 45.585335 -33.388718 -48.024040
v 45.439697 -33.383148 -47.932331
v 45.598457 -33.398933 -48.018875
v 45.438358 -33.392357 -47.917614
v 45.742817 -35.064964 -47.740551
v 45.601349 -35.073616 -47.656754
v 45.750263 -35.187759 -47.744961
v 45.608795 -35.196415 -47.661163
v 46.471939 -35.073616 -46.526611
v 46.330471 -35.064964 -46.442814
v 46.464493 -35.196415 -46.522202
v 46.323029 -35.187759 -46.438404
v 45.750263 -35.073616 -47.744961
v 45.608795 -35.064964 -47.661163
v 45.742817 -35.196415 -47.740551
v 45.601349 -35.187759 -47.656754
v 46.464493 -35.064964 -46.522202
v 46.323029 -35.073616 -46.438404
v 46.471939 -35.187759 -46.526611
v 46.330471 -35.196415 -46.442814
v 45.657352 -35.509937 -47.882332
v 45.522537 -35.509937 -47.792580
v 45.747105 -35.509937 -47.747513
v 45.612289 -35.509937 -47.657764
v 45.669018 -33.578323 -47.879345
v 45.525524 -33.578323 -47.804241
v 45.744118 -33.578323 -47.735851
v 45.600628 -33.578323 -47.660748
v 45.669018 -35.509937 -47.879345
v 45.525524 -35.509937 -47.804241
v 45.744118 -35.509937 -47.735851
v 45.600628 -35.509937 -47.660748
v 45.657352 -33.578323 -47.882332
v 45.522537 -33.578323 -47.792580
v 45.747105 -33.578323 -47.747513
v 45.612289 -33.578323 -47.657761
v 45.739922 -34.117321 -47.745438
v 45.598381 -34.126053 -47.661762
v 45.745853 -34.296356 -47.752403
v 45.604313 -34.305012 -47.668728
v 46.476120 -34.126053 -46.519558
v 46.334576 -34.117321 -46.435886
v 46.470184 -34.305012 -46.512592
v 46.328644 -34.296356 -46.428917
v 45.654076 -34.141994 -47.567738
v 45.709957 -34.155277 -47.473396
v 45.765991 -34.165913 -47.378803
v 45.822136 -34.173897 -47.284016
v 45.878368 -34.179218 -47.189087
v 45.934647 -34.181881 -47.094078
v 45.990940 -34.181881 -46.999039
v 46.047218 -34.179218 -46.904026
v 46.103451 -34.173897 -46.809101
v 46.159595 -34.165913 -46.714310
v 46.215630 -34.155277 -46.619717
v 46.278908 -34.133270 -46.529869
v 46.420422 -34.141994 -46.613586
v 46.357067 -34.146576 -46.703564
v 46.301048 -34.157230 -46.798134
v 46.244911 -34.165226 -46.892906
v 46.188686 -34.170559 -46.987827
v 46.132408 -34.173225 -47.082836
v 46.076111 -34.173225 -47.177872
v 46.019836 -34.170559 -47.272881
v 45.963612 -34.165226 -47.367802
v 45.907471 -34.157230 -47.462578
v 45.851456 -34.146576 -47.557144
v 45.795593 -34.133270 -47.651451
v 45.660610 -34.305012 -47.573689
v 45.709488 -34.296356 -47.474190
v 45.765770 -34.296356 -47.379173
v 45.822060 -34.296356 -47.284149
v 45.878349 -34.296356 -47.189117
v 45.934647 -34.296356 -47.094078
v 45.990940 -34.296356 -46.999039
v 46.047237 -34.296356 -46.903999
v 46.103527 -34.296356 -46.808968
v 46.159817 -34.296356 -46.713940
v 46.216099 -34.296356 -46.618923
v 46.272373 -34.296356 -46.523918
v 45.802124 -34.296356 -47.657406
v 45.858402 -34.296356 -47.562397
v 45.914684 -34.296356 -47.467381
v 45.970970 -34.296356 -47.372356
v 46.027264 -34.296356 -47.277321
v 46.083557 -34.296356 -47.182285
v 46.139854 -34.296356 -47.087246
v 46.196148 -34.296356 -46.992207
v 46.252441 -34.296356 -46.897175
v 46.308727 -34.296356 -46.802147
v 46.365009 -34.296356 -46.707130
v 46.413891 -34.305012 -46.607632
v 45.747295 -34.126053 -47.749969
v 45.605900 -34.117321 -47.666050
v 45.738335 -34.305012 -47.748116
v 45.596939 -34.296356 -47.664196
v 46.468597 -34.117321 -46.515274
v 46.327206 -34.126053 -46.431351
v 46.477558 -34.296356 -46.517128
v 46.336166 -34.305012 -46.433205
v 45.661572 -34.133270 -47.572063
v 45.717434 -34.146576 -47.477760
v 45.773449 -34.157230 -47.383190
v 45.829590 -34.165226 -47.288414
v 45.885815 -34.170559 -47.193497
v 45.942093 -34.173225 -47.098488
v 45.998386 -34.173225 -47.003448
v 46.054665 -34.170559 -46.908440
v 46.110889 -34.165226 -46.813519
v 46.167027 -34.157230 -46.718746
v 46.223045 -34.146576 -46.624176
v 46.271511 -34.141994 -46.525379
v 46.412926 -34.133270 -46.609257
v 46.364540 -34.155277 -46.707924
v 46.308510 -34.165913 -46.802517
v 46.252361 -34.173897 -46.897308
v 46.196133 -34.179218 -46.992233
v 46.139854 -34.181881 -47.087246
v 46.083557 -34.181881 -47.182285
v 46.027279 -34.179218 -47.277294
v 45.971050 -34.173897 -47.372223
v 45.914902 -34.165913 -47.467010
v 45.858871 -34.155277 -47.561604
v 45.802990 -34.141994 -47.655945
v 45.653214 -34.296356 -47.569199
v 45.716904 -34.305012 -47.478649
v 45.773201 -34.305012 -47.383610
v 45.829498 -34.305012 -47.288567
v 45.885796 -34.305012 -47.193527
v 45.942089 -34.305012 -47.098488
v 45.998386 -34.305012 -47.003448
v 46.054684 -34.305012 -46.908405
v 46.110981 -34.305012 -46.813366
v 46.167274 -34.305012 -46.718327
v 46.223572 -34.305012 -46.623287
v 46.279869 -34.305012 -46.528244
v 45.794632 -34.305012 -47.653076
v 45.850925 -34.305012 -47.558037
v 45.907223 -34.305012 -47.462994
v 45.963520 -34.305012 -47.367954
v 46.019817 -34.305012 -47.272915
v 46.076111 -34.305012 -47.177876
v 46.132408 -34.305012 -47.082832
v 46.188705 -34.305012 -46.987793
v 46.245003 -34.305012 -46.892754
v 46.301296 -34.305012 -46.797714
v 46.357594 -34.305012 -46.702671
v 46.421288 -34.296356 -46.612125
v 42.454037 -35.510166 -44.143200
v 42.287685 -35.510166 -44.032951
v 42.560642 -35.510166 -43.983810
v 42.394291 -35.510166 -43.873562
v 42.454037 -34.013588 -44.143200
v 42.287697 -34.013588 -44.032928
v 42.560631 -34.013588 -43.983833
v 42.394291 -34.013588 -43.873562
v 42.624561 -32.487850 -43.875900
v 42.447834 -32.487850 -43.783165
v 42.536285 -32.487850 -43.613262
v 42.713013 -32.487850 -43.705994
v 42.454861 -33.997547 -44.141811
v 42.288570 -33.997547 -44.031452
v 42.561398 -33.997547 -43.982533
v 42.395111 -33.997547 -43.872173
v 42.468197 -35.510166 -44.139874
v 42.291576 -35.510166 -44.046967
v 42.556751 -35.510166 -43.969795
v 42.380131 -35.510166 -43.876884
v 42.468212 -34.013588 -44.139854
v 42.291576 -34.013588 -44.046967
v 42.556751 -34.013588 -43.969795
v 42.380116 -34.013588 -43.876907
v 42.610298 -32.487850 -43.879398
v 42.444050 -32.487850 -43.768974
v 42.550549 -32.487850 -43.609760
v 42.716797 -32.487850 -43.720184
v 42.469086 -33.997547 -44.138378
v 42.292397 -33.997547 -44.045578
v 42.557575 -33.997547 -43.968407
v 42.380886 -33.997547 -43.875607
v 41.560303 -33.383148 -45.634403
v 41.409889 -33.388718 -45.550755
v 42.513721 -33.419800 -44.041801
v 42.359344 -33.411148 -43.947868
v 42.483654 -33.599274 -44.075584
v 42.329254 -33.590786 -43.981686
v 41.589642 -33.555023 -45.584873
v 41.451622 -33.568142 -45.480297
v 41.574810 -33.519405 -45.609909
v 41.426785 -33.519405 -45.522228
v 41.622402 -33.581646 -45.529568
v 41.474377 -33.581646 -45.441887
v 41.581944 -33.495312 -45.614849
v 41.422249 -33.497925 -45.529884
v 41.609184 -33.560474 -45.568863
v 41.441616 -33.555023 -45.497192
v 41.581497 -33.539043 -45.598621
v 41.433472 -33.539043 -45.510941
v 41.610596 -33.577042 -45.549496
v 41.462570 -33.577042 -45.461815
v 41.578953 -33.407402 -45.248360
v 41.734463 -33.398743 -45.340382
v 41.585560 -33.581646 -45.254185
v 41.741070 -33.572987 -45.346207
v 42.410496 -33.419773 -44.216076
v 42.256081 -33.411121 -44.122200
v 42.229073 -33.571178 -44.150814
v 42.383499 -33.579712 -44.244667
v 41.744186 -33.419746 -44.969410
v 41.912334 -33.419743 -44.685535
v 42.087944 -33.411091 -44.406052
v 41.751007 -33.567337 -44.974873
v 41.911945 -33.558681 -44.686195
v 42.080292 -33.558678 -44.401993
v 41.906513 -33.558678 -45.066902
v 42.067390 -33.567337 -44.778328
v 42.235748 -33.567337 -44.494102
v 42.243401 -33.419743 -44.498165
v 42.067829 -33.411091 -44.777584
v 41.899693 -33.411091 -45.061440
v 41.573853 -33.392357 -45.628510
v 41.408119 -33.398933 -45.536762
v 42.507366 -33.411148 -44.035553
v 42.350807 -33.419800 -43.945301
v 42.492168 -33.590786 -44.078190
v 42.335629 -33.599274 -43.987904
v 41.599899 -33.548298 -45.584538
v 41.446266 -33.560474 -45.472359
v 41.586166 -33.515308 -45.607723
v 41.423248 -33.515308 -45.511219
v 41.630280 -33.572994 -45.533245
v 41.467365 -33.572994 -45.436741
v 41.570274 -33.497925 -45.617565
v 41.419029 -33.495312 -45.518345
v 41.599648 -33.568142 -45.567978
v 41.436981 -33.548298 -45.488033
v 41.592369 -33.533527 -45.597248
v 41.429451 -33.533527 -45.500748
v 41.619328 -33.568718 -45.551735
v 41.456413 -33.568718 -45.455231
v 41.586437 -33.398743 -45.252701
v 41.741867 -33.407402 -45.344864
v 41.578156 -33.572987 -45.249706
v 41.733582 -33.581646 -45.341866
v 42.404106 -33.411121 -44.209881
v 42.247578 -33.419773 -44.119576
v 42.235474 -33.579712 -44.156986
v 42.391987 -33.571178 -44.247318
v 41.751667 -33.411091 -44.973759
v 41.919807 -33.411091 -44.689903
v 42.080486 -33.419743 -44.401661
v 41.743599 -33.558678 -44.970398
v 41.919365 -33.567337 -44.690647
v 42.087723 -33.567337 -44.406422
v 41.899033 -33.567337 -45.062553
v 42.074860 -33.558681 -44.782700
v 42.243206 -33.558678 -44.498493
v 42.235970 -33.411091 -44.493732
v 42.075253 -33.419743 -44.782036
v 41.907101 -33.419746 -45.065910
v 41.557915 -33.388718 -45.638435
v 41.412277 -33.383148 -45.546722
v 41.571033 -33.398933 -45.633266
v 41.410934 -33.392357 -45.532005
v 41.715393 -35.064964 -45.354942
v 41.573925 -35.073616 -45.271145
v 41.722839 -35.187759 -45.359352
v 41.581371 -35.196415 -45.275555
v 42.444519 -35.073616 -44.141003
v 42.303051 -35.064964 -44.057205
v 42.437073 -35.196415 -44.136593
v 42.295605 -35.187759 -44.052795
v 41.722839 -35.073616 -45.359352
v 41.581371 -35.064964 -45.275555
v 41.715393 -35.196415 -45.354942
v 41.573925 -35.187759 -45.271145
v 42.437073 -35.064964 -44.136593
v 42.295605 -35.073616 -44.052795
v 42.444519 -35.187759 -44.141003
v 42.303051 -35.196415 -44.057205
v 41.629932 -35.509937 -45.496723
v 41.495117 -35.509937 -45.406971
v 41.719685 -35.509937 -45.361904
v 41.584866 -35.509937 -45.272156
v 41.641594 -33.578323 -45.493736
v 41.498100 -33.578323 -45.418633
v 41.716698 -33.578323 -45.350243
v 41.573204 -33.578323 -45.275139
v 41.641594 -35.509937 -45.493736
v 41.498100 -35.509937 -45.418633
v 41.716698 -35.509937 -45.350243
v 41.573204 -35.509937 -45.275139
v 41.629932 -33.578323 -45.496723
v 41.495117 -33.578323 -45.406971
v 41.719685 -33.578323 -45.361904
v 41.584866 -33.578323 -45.272156
v 41.712502 -34.117321 -45.359829
v 41.570957 -34.126053 -45.276154
v 41.718430 -34.296356 -45.366795
v 41.576889 -34.305012 -45.283119
v 42.448696 -34.126053 -44.133949
v 42.307156 -34.117321 -44.050278
v 42.442764 -34.305012 -44.126984
v 42.301224 -34.296356 -44.043312
v 41.626656 -34.141994 -45.182129
v 41.682537 -34.155277 -45.087788
v 41.738567 -34.165913 -44.993195
v 41.794716 -34.173897 -44.898407
v 41.850945 -34.179218 -44.803478
v 41.907223 -34.181881 -44.708469
v 41.963520 -34.181881 -44.613430
v 42.019798 -34.179218 -44.518417
v 42.076027 -34.173897 -44.423492
v 42.132175 -34.165913 -44.328701
v 42.188206 -34.155277 -44.234108
v 42.251484 -34.133270 -44.144260
v 42.393002 -34.141994 -44.227978
v 42.329643 -34.146576 -44.317955
v 42.273628 -34.157230 -44.412521
v 42.217487 -34.165226 -44.507298
v 42.161263 -34.170559 -44.602219
v 42.104984 -34.173225 -44.697227
v 42.048691 -34.173225 -44.792263
v 41.992413 -34.170559 -44.887272
v 41.936188 -34.165226 -44.982193
v 41.880051 -34.157230 -45.076969
v 41.824032 -34.146576 -45.171535
v 41.768169 -34.133270 -45.265842
v 41.633186 -34.305012 -45.188080
v 41.682068 -34.296356 -45.088581
v 41.738350 -34.296356 -44.993565
v 41.794636 -34.296356 -44.898540
v 41.850929 -34.296356 -44.803509
v 41.907223 -34.296356 -44.708469
v 41.963520 -34.296356 -44.613430
v 42.019814 -34.296356 -44.518391
v 42.076107 -34.296356 -44.423359
v 42.132393 -34.296356 -44.328331
v 42.188675 -34.296356 -44.233315
v 42.244953 -34.296356 -44.138309
v 41.774704 -34.296356 -45.271797
v 41.830978 -34.296356 -45.176788
v 41.887260 -34.296356 -45.081772
v 41.943550 -34.296356 -44.986748
v 41.999840 -34.296356 -44.891716
v 42.056137 -34.296356 -44.796677
v 42.112431 -34.296356 -44.701637
v 42.168728 -34.296356 -44.606598
v 42.225018 -34.296356 -44.511566
v 42.281307 -34.296356 -44.416538
v 42.337589 -34.296356 -44.321522
v 42.386467 -34.305012 -44.222023
v 41.719872 -34.126053 -45.364361
v 41.578480 -34.117321 -45.280441
v 41.710911 -34.305012 -45.362507
v 41.569519 -34.296356 -45.278587
v 42.441177 -34.117321 -44.129665
v 42.299782 -34.126053 -44.045742
v 42.450138 -34.296356 -44.131519
v 42.308743 -34.305012 -44.047596
v 41.634148 -34.133270 -45.186455
v 41.690010 -34.146576 -45.092152
v 41.746029 -34.157230 -44.997581
v 41.802166 -34.165226 -44.902805
v 41.858391 -34.170559 -44.807888
v 41.914669 -34.173225 -44.712879
v 41.970963 -34.173225 -44.617840
v 42.027241 -34.170559 -44.522831
v 42.083466 -34.165226 -44.427910
v 42.139606 -34.157230 -44.333138
v 42.195621 -34.146576 -44.238567
v 42.244087 -34.141994 -44.139771
v 42.385506 -34.133270 -44.223648
v 42.337120 -34.155277 -44.322315
v 42.281086 -34.165913 -44.416908
v 42.224941 -34.173897 -44.511700
v 42.168709 -34.179218 -44.606625
v 42.112431 -34.181881 -44.701637
v 42.056137 -34.181881 -44.796677
v 41.999859 -34.179218 -44.891685
v 41.943626 -34.173897 -44.986614
v 41.887482 -34.165913 -45.081402
v 41.831448 -34.155277 -45.175995
v 41.775566 -34.141994 -45.270336
v 41.625790 -34.296356 -45.183590
v 41.689484 -34.305012 -45.093040
v 41.745781 -34.305012 -44.998001
v 41.802074 -34.305012 -44.902958
v 41.858372 -34.305012 -44.807919
v 41.914669 -34.305012 -44.712879
v 41.970966 -34.305012 -44.617840
v 42.027260 -34.305012 -44.522797
v 42.083557 -34.305012 -44.427757
v 42.139854 -34.305012 -44.332718
v 42.196152 -34.305012 -44.237679
v 42.252445 -34.305012 -44.142639
v 41.767208 -34.305012 -45.267467
v 41.823505 -34.305012 -45.172428
v 41.879803 -34.305012 -45.077385
v 41.936096 -34.305012 -44.982346
v 41.992393 -34.305012 -44.887306
v 42.048691 -34.305012 -44.792267
v 42.104988 -34.305012 -44.697224
v 42.161282 -34.305012 -44.602184
v 42.217579 -34.305012 -44.507145
v 42.273876 -34.305012 -44.412106
v 42.330170 -34.305012 -44.317062
v 42.393864 -34.296356 -44.226517
v 46.392418 -34.067871 -46.755985
v 42.137138 -34.075157 -44.242016
v 46.499847 -34.034500 -46.562752
v 42.257874 -34.034500 -44.050056
v 46.385269 -34.139675 -46.756187
v 42.143295 -34.139675 -44.243488
v 46.509743 -34.109528 -46.546047
v 42.267769 -34.109528 -44.033352
v 46.389519 -34.075157 -46.760880
v 42.143593 -34.062176 -44.242981
v 46.505577 -34.043266 -46.553085
v 42.255493 -34.046494 -44.042206
v 46.397087 -34.142136 -46.748100
v 42.149021 -34.148441 -44.233822
v 46.505276 -34.120766 -46.553593
v 42.256451 -34.115070 -44.040588
v 46.385571 -34.062176 -46.755680
v 42.139126 -34.073414 -44.250526
v 46.504162 -34.040806 -46.567337
v 42.251781 -34.040806 -44.048473
v 46.393375 -34.136452 -46.754368
v 42.140995 -34.136452 -44.235508
v 46.511730 -34.107784 -46.554558
v 42.259350 -34.107784 -44.035694
v 46.381104 -34.073414 -46.763222
v 42.140034 -34.067871 -44.237125
v 46.507877 -34.046494 -46.561066
v 42.263599 -34.043266 -44.040386
v 46.390999 -34.148441 -46.746517
v 42.144707 -34.142136 -44.229237
v 46.508835 -34.115070 -46.559448
v 42.263298 -34.120766 -44.040894
v 46.798820 -32.368496 -46.344917
v 42.281338 -32.365829 -43.680370
v 46.790562 -32.174438 -46.312145
v 42.306541 -32.165493 -43.642349
v 46.903835 -32.404831 -46.167633
v 42.486084 -32.520943 -43.562721
v 46.920158 -32.212120 -46.137810
v 42.400959 -32.212120 -43.460899
v 46.568863 -32.481110 -46.243675
v 46.357704 -32.492783 -46.109093
v 46.142334 -32.492783 -45.981522
v 45.926964 -32.492783 -45.853951
v 45.711594 -32.492783 -45.726376
v 45.496223 -32.492783 -45.598804
v 45.280853 -32.492783 -45.471233
v 45.065483 -32.492783 -45.343658
v 44.850117 -32.492783 -45.216087
v 44.634747 -32.492783 -45.088516
v 44.419376 -32.492783 -44.960941
v 44.204006 -32.492783 -44.833370
v 43.988636 -32.492783 -44.705799
v 43.773266 -32.492783 -44.578224
v 43.557896 -32.492783 -44.450653
v 43.342525 -32.492783 -44.323082
v 43.127159 -32.492783 -44.195507
v 42.911789 -32.492783 -44.067936
v 42.696419 -32.492783 -43.940365
v 42.481049 -32.492783 -43.812790
v 42.510414 -32.181137 -43.766319
v 42.718090 -32.204067 -43.905926
v 42.931988 -32.217171 -44.035309
v 43.146099 -32.228638 -44.164490
v 43.360420 -32.238468 -44.293453
v 43.574940 -32.246658 -44.422199
v 43.789646 -32.253212 -44.550724
v 44.004532 -32.258129 -44.679016
v 44.219589 -32.261406 -44.807076
v 44.434807 -32.263046 -44.934895
v 44.650177 -32.263046 -45.062466
v 44.865688 -32.261406 -45.189785
v 45.081333 -32.258129 -45.316849
v 45.297104 -32.253212 -45.443653
v 45.512989 -32.246658 -45.570187
v 45.728977 -32.238468 -45.696449
v 45.945065 -32.228638 -45.822430
v 46.161240 -32.217171 -45.948132
v 46.377491 -32.204067 -46.073540
v 46.593811 -32.189327 -46.198654
v 46.704731 -32.217472 -46.011299
v 46.488419 -32.232212 -45.886192
v 46.272179 -32.245319 -45.760788
v 46.056011 -32.256790 -45.635094
v 45.839931 -32.266621 -45.509113
v 45.623943 -32.274815 -45.382854
v 45.408062 -32.281368 -45.256325
v 45.192295 -32.286285 -45.129524
v 44.976650 -32.289562 -45.002460
v 44.761135 -32.291203 -44.875137
v 44.545769 -32.291203 -44.747566
v 44.330551 -32.289562 -44.619747
v 44.115494 -32.286285 -44.491692
v 43.900612 -32.281368 -44.363400
v 43.685905 -32.274815 -44.234875
v 43.471394 -32.266621 -44.106133
v 43.257076 -32.256790 -43.977169
v 43.042973 -32.245319 -43.847996
v 42.829086 -32.232212 -43.718616
v 42.619549 -32.229160 -43.581978
v 42.586060 -32.529114 -43.635509
v 42.801430 -32.529114 -43.763081
v 43.016800 -32.529114 -43.890656
v 43.232170 -32.529114 -44.018227
v 43.447540 -32.529114 -44.145798
v 43.662910 -32.529114 -44.273369
v 43.878281 -32.529114 -44.400944
v 44.093647 -32.529114 -44.528515
v 44.309017 -32.529114 -44.656086
v 44.524387 -32.529114 -44.783661
v 44.739758 -32.529114 -44.911232
v 44.955128 -32.529114 -45.038803
v 45.170498 -32.529114 -45.166378
v 45.385864 -32.529114 -45.293949
v 45.601234 -32.529114 -45.421520
v 45.816605 -32.529114 -45.549095
v 46.031975 -32.529114 -45.676666
v 46.247345 -32.529114 -45.804237
v 46.462715 -32.529114 -45.931812
v 46.678085 -32.529114 -46.059383
v 46.728394 -32.476166 -46.325264
v 42.310268 -32.460922 -43.705101
v 46.854588 -32.497253 -46.157406
v 42.403103 -32.481586 -43.517395
v 46.779797 -32.422462 -46.344707
v 42.290028 -32.416058 -43.695812
v 46.884808 -32.458797 -46.167423
v 42.443699 -32.505463 -43.534439
v 46.674831 -32.481110 -46.306442
v 42.351337 -32.487427 -43.734859
v 46.784866 -32.529114 -46.122635
v 42.384747 -32.431664 -43.496292
v 46.791901 -32.395332 -46.346317
v 42.283283 -32.390743 -43.686630
v 46.893875 -32.430576 -46.155117
v 42.464802 -32.515972 -43.549095
v 46.739662 -32.451485 -46.338772
v 42.328571 -32.465630 -43.728802
v 46.833405 -32.512497 -46.147980
v 42.405155 -32.455891 -43.501453
v 46.764572 -32.445255 -46.340359
v 42.298088 -32.445255 -43.694675
v 46.869587 -32.481586 -46.163078
v 42.415283 -32.497253 -43.527821
v 46.703747 -32.487427 -46.312973
v 42.374268 -32.492783 -43.749538
v 46.808758 -32.523758 -46.135689
v 42.382648 -32.404831 -43.489548
v 46.785172 -32.365829 -46.348175
v 42.277637 -32.368496 -43.666832
v 46.815147 -32.175789 -46.315094
v 42.298420 -32.186024 -43.653641
v 46.900299 -32.405663 -46.153816
v 42.479279 -32.529114 -43.572258
v 46.905689 -32.214268 -46.117786
v 42.413548 -32.225857 -43.459278
v 46.573071 -32.492783 -46.236668
v 46.353504 -32.481110 -46.116108
v 46.138142 -32.481110 -45.988541
v 45.922783 -32.481110 -45.860973
v 45.707417 -32.481110 -45.733402
v 45.492054 -32.481110 -45.605835
v 45.276688 -32.481110 -45.478264
v 45.061317 -32.481110 -45.350693
v 44.845947 -32.481110 -45.223122
v 44.630581 -32.481110 -45.095547
v 44.415211 -32.481110 -44.967976
v 44.199841 -32.481110 -44.840405
v 43.984470 -32.481110 -44.712830
v 43.769104 -32.481110 -44.585258
v 43.553738 -32.481110 -44.457691
v 43.338371 -32.481110 -44.330120
v 43.123009 -32.481110 -44.202553
v 42.907646 -32.481110 -44.074982
v 42.692284 -32.481110 -43.947418
v 42.476925 -32.481110 -43.819851
v 42.504421 -32.189327 -43.776340
v 42.724075 -32.195881 -43.895897
v 42.937962 -32.208988 -44.025280
v 43.152065 -32.220455 -44.154453
v 43.366379 -32.230286 -44.283413
v 43.580894 -32.238480 -44.412159
v 43.795597 -32.245037 -44.540680
v 44.010483 -32.249954 -44.668972
v 44.225540 -32.253231 -44.797031
v 44.440754 -32.254871 -44.924850
v 44.656124 -32.254871 -45.052422
v 44.871635 -32.253231 -45.179741
v 45.087280 -32.249954 -45.306805
v 45.303051 -32.245037 -45.433605
v 45.518932 -32.238480 -45.560139
v 45.734917 -32.230286 -45.686398
v 45.951000 -32.220455 -45.812378
v 46.167168 -32.208988 -45.938068
v 46.383408 -32.195881 -46.063473
v 46.599716 -32.181137 -46.188580
v 46.708939 -32.229160 -46.004295
v 46.492619 -32.243900 -45.879181
v 46.276367 -32.257004 -45.753769
v 46.060192 -32.268471 -45.628071
v 45.844105 -32.278301 -45.502087
v 45.628117 -32.286491 -45.375828
v 45.412231 -32.293045 -45.249294
v 45.196461 -32.297962 -45.122490
v 44.980816 -32.301239 -44.995426
v 44.765305 -32.302876 -44.868107
v 44.549934 -32.302876 -44.740532
v 44.334717 -32.301239 -44.612717
v 44.119659 -32.297962 -44.484657
v 43.904774 -32.293045 -44.356365
v 43.690067 -32.286491 -44.227840
v 43.475548 -32.278301 -44.099094
v 43.261227 -32.268471 -43.970127
v 43.047115 -32.257004 -43.840950
v 42.833218 -32.243900 -43.711567
v 42.615425 -32.217472 -43.589035
v 42.592052 -32.520943 -43.625492
v 42.807411 -32.520943 -43.753056
v 43.022774 -32.520943 -43.880623
v 43.238136 -32.520943 -44.008190
v 43.453499 -32.520943 -44.135761
v 43.668865 -32.520943 -44.263329
v 43.884232 -32.520943 -44.390900
v 44.099598 -32.520943 -44.518471
v 44.314968 -32.520943 -44.646042
v 44.530338 -32.520943 -44.773617
v 44.745708 -32.520943 -44.901188
v 44.961075 -32.520943 -45.028759
v 45.176445 -32.520943 -45.156334
v 45.391811 -32.520943 -45.283905
v 45.607178 -32.520943 -45.411472
v 45.822544 -32.520943 -45.539043
v 46.037910 -32.520943 -45.666615
v 46.253269 -32.520943 -45.794182
v 46.468632 -32.520943 -45.921749
v 46.683990 -32.520943 -46.049313
v 46.720001 -32.465630 -46.330025
v 42.311451 -32.451485 -43.715759
v 46.854790 -32.491314 -46.144413
v 42.415482 -32.477043 -43.511902
v 46.767452 -32.416058 -46.347973
v 42.286964 -32.422462 -43.683414
v 46.882580 -32.455891 -46.153614
v 42.433727 -32.512497 -43.541870
v 46.679855 -32.492783 -46.299919
v 42.349674 -32.476139 -43.743454
v 46.789959 -32.520943 -46.112083
v 42.398411 -32.430576 -43.492268
v 46.778748 -32.390743 -46.349476
v 42.279736 -32.395332 -43.673573
v 46.896912 -32.431664 -46.169033
v 42.456348 -32.523758 -43.557579
v 46.749577 -32.460922 -46.334686
v 42.328716 -32.476166 -43.719151
v 46.835129 -32.505463 -46.135666
v 42.391975 -32.458797 -43.506134
v 46.753326 -32.437210 -46.343941
v 42.300354 -32.437210 -43.706264
v 46.868454 -32.477043 -46.149582
v 42.426579 -32.491314 -43.521400
v 46.697006 -32.476139 -46.318558
v 42.370956 -32.481110 -43.757080
v 46.812134 -32.515972 -46.124199
v 42.396465 -32.405663 -43.486008
v 46.800404 -32.186024 -46.320351
v 42.295944 -32.175789 -43.638184
v 46.911415 -32.201824 -46.130520
v 42.411556 -32.201824 -43.465065
v 46.806400 -32.165493 -46.307800
v 42.310345 -32.174438 -43.658329
v 46.915531 -32.225857 -46.125992
v 42.425472 -32.214268 -43.463970
v 46.385056 -33.957455 -46.314304
v 42.526970 -33.964149 -44.040028
v 46.406517 -33.695755 -46.278076
v 42.556549 -33.704895 -43.990089
v 46.334450 -33.950378 -46.399742
v 42.477909 -33.941238 -44.122849
v 46.355907 -33.688679 -46.363514
v 42.507492 -33.681984 -44.072910
v 46.380219 -33.964149 -46.322468
v 42.531803 -33.957455 -44.031864
v 46.409801 -33.704895 -46.272530
v 42.553265 -33.695755 -43.995636
v 46.331161 -33.941238 -46.405289
v 42.481197 -33.950378 -44.117302
v 46.360744 -33.681984 -46.355350
v 42.502655 -33.688679 -44.081074
v 46.286869 -33.702812 -46.224422
v 46.110241 -33.703758 -46.112850
v 46.368004 -32.500423 -45.986092
v 46.263790 -32.499207 -45.931248
v 46.237938 -33.691364 -46.279327
v 46.072315 -33.693577 -46.165012
v 46.340733 -32.487309 -46.044003
v 46.239437 -32.484463 -46.000061
v 46.257191 -33.693577 -46.274525
v 46.077354 -33.691364 -46.184204
v 46.321545 -32.484463 -46.048695
v 46.234333 -32.487309 -45.980976
v 46.284710 -33.703758 -46.216194
v 46.101990 -33.702812 -46.114910
v 46.370190 -32.499207 -45.994270
v 46.272015 -32.500423 -45.929234
v 45.385056 -33.319435 -45.604355
v 43.620239 -33.327343 -44.572758
v 45.430428 -32.822754 -45.527756
v 43.675682 -32.834610 -44.479156
v 45.361511 -33.320477 -45.644104
v 43.598705 -33.308620 -44.609112
v 45.406883 -32.823792 -45.567509
v 43.654148 -32.815887 -44.515511
v 45.379013 -33.327343 -45.614555
v 43.626282 -33.319435 -44.562557
v 45.434456 -32.834610 -45.520954
v 43.671654 -32.822754 -44.485962
v 45.357483 -33.308620 -45.650906
v 43.602734 -33.320477 -44.602310
v 45.412926 -32.815887 -45.557304
v 43.648106 -32.823792 -44.525711
v 46.260345 -34.086899 -46.978954
v 42.004879 -34.093884 -44.465298
v 46.368500 -34.064899 -46.784496
v 42.126522 -34.064899 -44.271797
v 46.251324 -34.158413 -46.982315
v 42.009350 -34.158413 -44.469616
v 46.376423 -34.140827 -46.771126
v 42.134445 -34.140827 -44.258427
v 46.257259 -34.093884 -46.984158
v 42.011673 -34.081047 -44.465694
v 46.373989 -34.074234 -46.775230
v 42.123829 -34.077164 -44.264484
v 46.263069 -34.161537 -46.974350
v 42.014839 -34.167747 -44.460350
v 46.371666 -34.151600 -46.779152
v 42.122993 -34.145748 -44.265892
v 46.253651 -34.081047 -46.978394
v 42.006916 -34.091820 -44.473721
v 46.372650 -34.071110 -46.789356
v 42.120270 -34.071110 -44.270496
v 46.259510 -34.155483 -46.980362
v 42.007130 -34.155483 -44.461502
v 46.378460 -34.138763 -46.779549
v 42.126076 -34.138763 -44.260689
v 46.248894 -34.091820 -46.986420
v 42.007961 -34.086899 -44.460091
v 46.376209 -34.077164 -46.783348
v 42.132015 -34.074234 -44.262531
v 46.256813 -34.167747 -46.973049
v 42.010689 -34.161537 -44.455490
v 46.375374 -34.145748 -46.784756
v 42.129688 -34.151600 -44.266453
v 46.129406 -34.092220 -47.200008
v 41.873692 -34.098755 -44.686768
v 46.238071 -34.086174 -47.004688
v 41.996094 -34.086174 -44.491989
v 46.117790 -34.163017 -47.207748
v 41.875813 -34.163017 -44.695053
v 46.243210 -34.163017 -46.996017
v 42.001232 -34.163017 -44.483318
v 46.126076 -34.098755 -47.205631
v 41.880951 -34.086174 -44.686382
v 46.243210 -34.096252 -46.996017
v 41.992947 -34.098755 -44.485439
v 46.129406 -34.167049 -47.200008
v 41.880951 -34.173096 -44.686382
v 46.238071 -34.173096 -47.004688
v 41.989616 -34.167049 -44.491062
v 46.122925 -34.086174 -47.199081
v 41.875813 -34.096252 -44.695053
v 46.242001 -34.092220 -47.009926
v 41.989616 -34.092220 -44.491062
v 46.126076 -34.160511 -47.205631
v 41.873692 -34.160511 -44.686768
v 46.245331 -34.160511 -47.004303
v 41.992947 -34.160511 -44.485439
v 46.117790 -34.096252 -47.207748
v 41.877022 -34.092220 -44.681145
v 46.245331 -34.098755 -47.004303
v 42.001232 -34.096252 -44.483318
v 46.122925 -34.173096 -47.199081
v 41.877022 -34.167049 -44.681145
v 46.242001 -34.167049 -47.009926
v 41.996094 -34.173096 -44.491989
v 45.997513 -34.081669 -47.422668
v 41.741673 -34.087948 -44.909645
v 46.106216 -34.084320 -47.227291
v 41.864239 -34.084320 -44.714596
v 45.984501 -34.151924 -47.432774
v 41.742523 -34.151924 -44.920074
v 46.109825 -34.161499 -47.221203
v 41.867847 -34.161499 -44.708504
v 45.994057 -34.087948 -47.428505
v 41.749180 -34.075531 -44.908840
v 46.111149 -34.094784 -47.218967
v 41.860840 -34.097050 -44.708469
v 45.996029 -34.156441 -47.425171
v 41.747456 -34.162388 -44.911747
v 46.104492 -34.171177 -47.230202
v 41.856155 -34.165039 -44.716373
v 45.991158 -34.075531 -47.421535
v 41.743847 -34.085209 -44.917839
v 46.110023 -34.090267 -47.232731
v 41.857639 -34.090267 -44.713867
v 45.992832 -34.149658 -47.430573
v 41.740448 -34.149658 -44.911713
v 46.111996 -34.158760 -47.229397
v 41.859615 -34.158760 -44.710537
v 45.985825 -34.085209 -47.430538
v 41.745132 -34.081669 -44.903805
v 46.113220 -34.097050 -47.227329
v 41.869171 -34.094784 -44.706268
v 45.989433 -34.162388 -47.424446
v 41.743649 -34.156441 -44.906311
v 46.108540 -34.165039 -47.235233
v 41.862514 -34.171177 -44.717503
v 45.866425 -34.058033 -47.643978
v 41.610424 -34.063953 -45.131222
v 45.974907 -34.072090 -47.448971
v 41.732929 -34.072090 -44.936272
v 45.851593 -34.127411 -47.657150
v 41.609615 -34.127411 -45.144455
v 45.976501 -34.149529 -47.446278
v 41.734524 -34.149529 -44.933578
v 45.862808 -34.063953 -47.650082
v 41.618248 -34.051785 -45.129875
v 45.979561 -34.083035 -47.441113
v 41.729195 -34.084984 -44.930710
v 45.862995 -34.132557 -47.649765
v 41.614269 -34.138355 -45.136597
v 45.970924 -34.158661 -47.455692
v 41.722752 -34.152412 -44.941589
v 45.860226 -34.051785 -47.642574
v 41.612671 -34.060917 -45.139290
v 45.978561 -34.077888 -47.454666
v 41.726177 -34.077888 -44.935802
v 45.859978 -34.125462 -47.654858
v 41.607597 -34.125462 -45.135998
v 45.978748 -34.146492 -47.454346
v 41.726368 -34.146492 -44.935482
v 45.854649 -34.060917 -47.651989
v 41.614040 -34.058033 -45.125114
v 45.981579 -34.084984 -47.449570
v 41.737583 -34.083035 -44.928417
v 45.856247 -34.138355 -47.649296
v 41.610615 -34.132557 -45.130901
v 45.975132 -34.152412 -47.460449
v 41.728947 -34.158661 -44.942993
v 45.542301 -34.021641 -47.751488
v 41.662827 -34.027264 -45.462044
v 45.650387 -34.044983 -47.557152
v 41.785057 -34.044983 -45.267559
v 45.526005 -34.090176 -47.767136
v 41.660675 -34.090176 -45.477543
v 45.650337 -34.122482 -47.557236
v 41.785007 -34.122482 -45.267643
v 45.538559 -34.027264 -47.757801
v 41.670910 -34.015320 -45.460266
v 45.654804 -34.056297 -47.549694
v 41.781052 -34.057983 -45.262459
v 45.537292 -34.095821 -47.759941
v 41.665092 -34.101486 -45.470085
v 45.644569 -34.131149 -47.566971
v 41.773178 -34.124828 -45.275749
v 45.536236 -34.015320 -47.749859
v 41.665142 -34.023987 -45.470001
v 45.653919 -34.050648 -47.563053
v 41.778187 -34.050648 -45.267296
v 45.534428 -34.088486 -47.764778
v 41.658695 -34.088486 -45.469021
v 45.652649 -34.119209 -47.565193
v 41.776917 -34.119209 -45.269436
v 45.530472 -34.023987 -47.759594
v 41.666569 -34.021641 -45.455734
v 45.656784 -34.057983 -47.558216
v 41.789474 -34.056297 -45.260101
v 45.530422 -34.101486 -47.759678
v 41.661560 -34.095821 -45.464184
v 45.648911 -34.124828 -47.571507
v 41.779243 -34.131149 -45.277378
v 46.018723 -33.702812 -46.065586
v 45.842094 -33.703758 -45.954018
v 46.099854 -32.500423 -45.827259
v 45.995644 -32.499207 -45.772411
v 45.969791 -33.691364 -46.120491
v 45.804169 -33.693577 -46.006176
v 46.072586 -32.487309 -45.885166
v 45.971291 -32.484463 -45.841225
v 45.989044 -33.693577 -46.115688
v 45.809208 -33.691364 -46.025372
v 46.053398 -32.484463 -45.889862
v 45.966187 -32.487309 -45.822144
v 46.016563 -33.703758 -46.057362
v 45.833843 -33.702812 -45.956078
v 46.102043 -32.499207 -45.835438
v 46.003868 -32.500423 -45.770401
v 45.750576 -33.702812 -45.906754
v 45.573948 -33.703758 -45.795181
v 45.831707 -32.500423 -45.668423
v 45.727497 -32.499207 -45.613579
v 45.701645 -33.691364 -45.961658
v 45.536022 -33.693577 -45.847343
v 45.804440 -32.487309 -45.726334
v 45.703144 -32.484463 -45.682392
v 45.720898 -33.693577 -45.956856
v 45.541061 -33.691364 -45.866535
v 45.785252 -32.484463 -45.731026
v 45.698040 -32.487309 -45.663307
v 45.748417 -33.703758 -45.898525
v 45.565697 -33.702812 -45.797241
v 45.833897 -32.499207 -45.676601
v 45.735722 -32.500423 -45.611565
v 45.482430 -33.702812 -45.747917
v 45.305801 -33.703758 -45.636349
v 45.563560 -32.500423 -45.509590
v 45.459351 -32.499207 -45.454742
v 45.433498 -33.691364 -45.802822
v 45.267872 -33.693577 -45.688507
v 45.536293 -32.487309 -45.567497
v 45.434998 -32.484463 -45.523556
v 45.452751 -33.693577 -45.798019
v 45.272915 -33.691364 -45.707703
v 45.517105 -32.484463 -45.572193
v 45.429893 -32.487309 -45.504475
v 45.480270 -33.703758 -45.739693
v 45.297550 -33.702812 -45.638409
v 45.565750 -32.499207 -45.517769
v 45.467575 -32.500423 -45.452732
v 46.397308 -34.360973 -46.293617
v 42.539925 -34.369289 -44.018154
v 46.393051 -34.095985 -46.300808
v 42.543880 -34.103794 -44.011478
v 46.346893 -34.369022 -46.378735
v 42.489559 -34.361214 -44.103180
v 46.342678 -34.104362 -46.385845
v 42.493561 -34.096046 -44.096428
v 46.393177 -34.369289 -46.300594
v 42.544060 -34.360973 -44.011177
v 46.397133 -34.103794 -46.293919
v 42.539799 -34.095985 -44.018368
v 46.342812 -34.361214 -46.385620
v 42.493641 -34.369022 -44.096294
v 46.346813 -34.096046 -46.378868
v 42.489426 -34.104362 -44.103405
v 45.579308 -34.374249 -47.674583
v 41.721924 -34.382561 -45.399120
v 45.575047 -34.109261 -47.681774
v 41.725876 -34.117069 -45.392445
v 45.528889 -34.382298 -47.759697
v 41.671558 -34.374489 -45.484146
v 45.524677 -34.117638 -47.766811
v 41.675556 -34.109322 -45.477394
v 45.575172 -34.382561 -47.681561
v 41.726055 -34.374249 -45.392143
v 45.579128 -34.117069 -47.674885
v 41.721794 -34.109261 -45.399334
v 45.524811 -34.374489 -47.766586
v 41.675636 -34.382298 -45.477257
v 45.528809 -34.109322 -47.759834
v 41.671425 -34.117638 -45.484371
v 43.718025 -34.117321 -46.547783
v 43.576485 -34.126053 -46.464111
v 43.723957 -34.296356 -46.554752
v 43.582417 -34.305012 -46.471077
v 44.454224 -34.126053 -45.321907
v 44.312683 -34.117321 -45.238235
v 44.448292 -34.305012 -45.314941
v 44.306751 -34.296356 -45.231266
v 43.632183 -34.141994 -46.370087
v 43.688065 -34.155277 -46.275745
v 43.744095 -34.165913 -46.181152
v 43.800243 -34.173897 -46.086361
v 43.856472 -34.179218 -45.991436
v 43.912750 -34.181881 -45.896423
v 43.969044 -34.181881 -45.801388
v 44.025326 -34.179218 -45.706375
v 44.081554 -34.173897 -45.611446
v 44.137703 -34.165913 -45.516659
v 44.193733 -34.155277 -45.422066
v 44.257011 -34.133270 -45.332218
v 44.398529 -34.141994 -45.415932
v 44.335171 -34.146576 -45.505909
v 44.279156 -34.157230 -45.600479
v 44.223015 -34.165226 -45.695255
v 44.166790 -34.170559 -45.790176
v 44.110512 -34.173225 -45.885181
v 44.054218 -34.173225 -45.980221
v 43.997940 -34.170559 -46.075230
v 43.941715 -34.165226 -46.170151
v 43.885574 -34.157230 -46.264923
v 43.829559 -34.146576 -46.359493
v 43.773697 -34.133270 -46.453800
v 43.638714 -34.305012 -46.376038
v 43.687592 -34.296356 -46.276539
v 43.743874 -34.296356 -46.181522
v 43.800163 -34.296356 -46.086498
v 43.856453 -34.296356 -45.991463
v 43.912750 -34.296356 -45.896423
v 43.969048 -34.296356 -45.801384
v 44.025341 -34.296356 -45.706348
v 44.081635 -34.296356 -45.611313
v 44.137920 -34.296356 -45.516289
v 44.194202 -34.296356 -45.421272
v 44.250481 -34.296356 -45.326267
v 43.780231 -34.296356 -46.459751
v 43.836506 -34.296356 -46.364746
v 43.892788 -34.296356 -46.269730
v 43.949074 -34.296356 -46.174706
v 44.005367 -34.296356 -46.079670
v 44.061665 -34.296356 -45.984631
v 44.117958 -34.296356 -45.889591
v 44.174255 -34.296356 -45.794556
v 44.230545 -34.296356 -45.699520
v 44.286835 -34.296356 -45.604496
v 44.343117 -34.296356 -45.509480
v 44.391994 -34.305012 -45.409981
v 43.725399 -34.126053 -46.552319
v 43.584003 -34.117321 -46.468399
v 43.716438 -34.305012 -46.550465
v 43.575047 -34.296356 -46.466545
v 44.446705 -34.117321 -45.317619
v 44.305309 -34.126053 -45.233700
v 44.455662 -34.296356 -45.319473
v 44.314270 -34.305012 -45.235554
v 43.639675 -34.133270 -46.374413
v 43.695538 -34.146576 -46.280106
v 43.751556 -34.157230 -46.185539
v 43.807693 -34.165226 -46.090763
v 43.863918 -34.170559 -45.995842
v 43.920197 -34.173225 -45.900833
v 43.976490 -34.173225 -45.805798
v 44.032768 -34.170559 -45.710789
v 44.088993 -34.165226 -45.615868
v 44.145134 -34.157230 -45.521091
v 44.201149 -34.146576 -45.426525
v 44.249615 -34.141994 -45.327724
v 44.391033 -34.133270 -45.411606
v 44.342648 -34.155277 -45.510273
v 44.286613 -34.165913 -45.604866
v 44.230465 -34.173897 -45.699654
v 44.174236 -34.179218 -45.794582
v 44.117958 -34.181881 -45.889595
v 44.061665 -34.181881 -45.984631
v 44.005386 -34.179218 -46.079643
v 43.949154 -34.173897 -46.174568
v 43.893005 -34.165913 -46.269360
v 43.836975 -34.155277 -46.363953
v 43.781094 -34.141994 -46.458294
v 43.631317 -34.296356 -46.371544
v 43.695011 -34.305012 -46.280998
v 43.751305 -34.305012 -46.185955
v 43.807602 -34.305012 -46.090916
v 43.863899 -34.305012 -45.995876
v 43.920197 -34.305012 -45.900837
v 43.976490 -34.305012 -45.805794
v 44.032787 -34.305012 -45.710754
v 44.089085 -34.305012 -45.615715
v 44.145382 -34.305012 -45.520676
v 44.201675 -34.305012 -45.425632
v 44.257973 -34.305012 -45.330593
v 43.772736 -34.305012 -46.455425
v 43.829033 -34.305012 -46.360382
v 43.885326 -34.305012 -46.265343
v 43.941624 -34.305012 -46.170303
v 43.997921 -34.305012 -46.075264
v 44.054218 -34.305012 -45.980221
v 44.110512 -34.305012 -45.885181
v 44.166809 -34.305012 -45.790142
v 44.223106 -34.305012 -45.695103
v 44.279404 -34.305012 -45.600060
v 44.335697 -34.305012 -45.505020
v 44.399391 -34.296356 -45.414474
v 43.369801 -33.702812 -44.496521
v 43.193176 -33.703758 -44.384953
v 43.450935 -32.500423 -44.258194
v 43.346722 -32.499207 -44.203346
v 43.320869 -33.691364 -44.551426
v 43.155247 -33.693577 -44.437111
v 43.423664 -32.487309 -44.316101
v 43.322369 -32.484463 -44.272160
v 43.340126 -33.693577 -44.546623
v 43.160286 -33.691364 -44.456306
v 43.404476 -32.484463 -44.320797
v 43.317265 -32.487309 -44.253075
v 43.367641 -33.703758 -44.488297
v 43.184921 -33.702812 -44.387009
v 43.453121 -32.499207 -44.266373
v 43.354946 -32.500423 -44.201336
v 43.101654 -33.702812 -44.337688
v 42.925030 -33.703758 -44.226116
v 43.182789 -32.500423 -44.099358
v 43.078575 -32.499207 -44.044514
v 43.052723 -33.691364 -44.392593
v 42.887100 -33.693577 -44.278278
v 43.155518 -32.487309 -44.157269
v 43.054222 -32.484463 -44.113327
v 43.071976 -33.693577 -44.387787
v 42.892139 -33.691364 -44.297470
v 43.136330 -32.484463 -44.161961
v 43.049118 -32.487309 -44.094242
v 43.099495 -33.703758 -44.329460
v 42.916775 -33.702812 -44.228176
v 43.184975 -32.499207 -44.107536
v 43.086800 -32.500423 -44.042500
v 42.833508 -33.702812 -44.178852
v 42.656883 -33.703758 -44.067284
v 42.914642 -32.500423 -43.940525
v 42.810429 -32.499207 -43.885677
v 42.784576 -33.691364 -44.233757
v 42.618954 -33.693577 -44.119442
v 42.887371 -32.487309 -43.998432
v 42.786076 -32.484463 -43.954491
v 42.803829 -33.693577 -44.228954
v 42.623993 -33.691364 -44.138638
v 42.868183 -32.484463 -44.003128
v 42.780972 -32.487309 -43.935410
v 42.831348 -33.703758 -44.170628
v 42.648628 -33.702812 -44.069344
v 42.916828 -32.499207 -43.948704
v 42.818653 -32.500423 -43.883667
v 43.637947 -33.702812 -44.655357
v 43.461323 -33.703758 -44.543785
v 43.719082 -32.500423 -44.417027
v 43.614868 -32.499207 -44.362183
v 43.589016 -33.691364 -44.710262
v 43.423393 -33.693577 -44.595947
v 43.691811 -32.487309 -44.474937
v 43.590515 -32.484463 -44.430996
v 43.608273 -33.693577 -44.705456
v 43.428432 -33.691364 -44.615139
v 43.672623 -32.484463 -44.479630
v 43.585411 -32.487309 -44.411911
v 43.635788 -33.703758 -44.647129
v 43.453072 -33.702812 -44.545845
v 43.721268 -32.499207 -44.425205
v 43.623093 -32.500423 -44.360168
v 45.582142 -34.165726 -47.857643
v 45.578003 -34.165726 -47.854790
v 45.578213 -34.164173 -47.854916
v 45.578827 -34.162777 -47.855278
v 45.579781 -34.161667 -47.855846
v 45.580986 -34.160954 -47.856556
v 45.582317 -34.160706 -47.857349
v 45.583652 -34.160954 -47.858139
v 45.584858 -34.161667 -47.858852
v 45.585812 -34.162777 -47.859417
v 45.586426 -34.164173 -47.859779
v 45.586636 -34.165726 -47.859905
v 45.586426 -34.167274 -47.859779
v 45.585812 -34.168674 -47.859417
v 45.584858 -34.169785 -47.858852
v 45.583652 -34.170498 -47.858139
v 45.582317 -34.170742 -47.857349
v 45.580986 -34.170498 -47.856556
v 45.579781 -34.169785 -47.855846
v 45.578827 -34.168674 -47.855278
v 45.578213 -34.167274 -47.854916
v 45.574341 -34.165726 -47.851433
v 45.574757 -34.162670 -47.851681
v 45.575962 -34.159916 -47.852394
v 45.577843 -34.157730 -47.853508
v 45.580212 -34.156330 -47.854912
v 45.582840 -34.155846 -47.856468
v 45.585468 -34.156330 -47.858025
v 45.587837 -34.157730 -47.859428
v 45.589718 -34.159916 -47.860542
v 45.590923 -34.162670 -47.861256
v 45.591339 -34.165726 -47.861504
v 45.590923 -34.168777 -47.861256
v 45.589718 -34.171532 -47.860542
v 45.587837 -34.173717 -47.859428
v 45.585468 -34.175121 -47.858025
v 45.582840 -34.175606 -47.856468
v 45.580212 -34.175121 -47.854912
v 45.577843 -34.173717 -47.853508
v 45.575962 -34.171532 -47.852394
v 45.574757 -34.168777 -47.851681
v 45.571270 -34.165726 -47.847675
v 45.571877 -34.161263 -47.848034
v 45.573643 -34.157238 -47.849079
v 45.576389 -34.154045 -47.850708
v 45.579853 -34.151993 -47.852760
v 45.583691 -34.151287 -47.855034
v 45.587528 -34.151993 -47.857307
v 45.590992 -34.154045 -47.859356
v 45.593739 -34.157238 -47.860985
v 45.595505 -34.161263 -47.862030
v 45.596111 -34.165726 -47.862389
v 45.595505 -34.170185 -47.862030
v 45.593739 -34.174210 -47.860985
v 45.590992 -34.177406 -47.859356
v 45.587528 -34.179455 -47.857307
v 45.583691 -34.180161 -47.855034
v 45.579853 -34.179455 -47.852760
v 45.576389 -34.177406 -47.850708
v 45.573643 -34.174210 -47.849079
v 45.571877 -34.170185 -47.848034
v 45.568886 -34.165726 -47.843632
v 45.569664 -34.159992 -47.844093
v 45.571934 -34.154823 -47.845436
v 45.575462 -34.150719 -47.847527
v 45.579914 -34.148083 -47.850163
v 45.584843 -34.147175 -47.853085
v 45.589775 -34.148083 -47.856007
v 45.594227 -34.150719 -47.858643
v 45.597755 -34.154823 -47.860733
v 45.600021 -34.159992 -47.862076
v 45.600803 -34.165726 -47.862537
v 45.600021 -34.171455 -47.862076
v 45.597755 -34.176628 -47.860733
v 45.594227 -34.180733 -47.858643
v 45.589775 -34.183365 -47.856007
v 45.584843 -34.184273 -47.853085
v 45.579914 -34.183365 -47.850163
v 45.575462 -34.180733 -47.847527
v 45.571934 -34.176628 -47.845436
v 45.569664 -34.171455 -47.844093
v 45.567261 -34.165726 -47.839428
v 45.568192 -34.158897 -47.839977
v 45.570892 -34.152740 -47.841576
v 45.575096 -34.147854 -47.844067
v 45.580391 -34.144718 -47.847206
v 45.586266 -34.143635 -47.850685
v 45.592140 -34.144718 -47.854164
v 45.597435 -34.147854 -47.857304
v 45.601643 -34.152740 -47.859791
v 45.604340 -34.158897 -47.861393
v 45.605270 -34.165726 -47.861942
v 45.604340 -34.172550 -47.861393
v 45.601643 -34.178707 -47.859791
v 45.597435 -34.183594 -47.857304
v 45.592140 -34.186733 -47.854164
v 45.586266 -34.187813 -47.850685
v 45.580391 -34.186733 -47.847206
v 45.575096 -34.183594 -47.844067
v 45.570892 -34.178707 -47.841576
v 45.568192 -34.172550 -47.839977
v 45.566544 -34.165726 -47.835705
v 45.567581 -34.158123 -47.836319
v 45.570587 -34.151264 -47.838097
v 45.575272 -34.145821 -47.840874
v 45.581173 -34.142326 -47.844368
v 45.587711 -34.141121 -47.848244
v 45.594254 -34.142326 -47.852116
v 45.600155 -34.145821 -47.855614
v 45.604836 -34.151264 -47.858387
v 45.607845 -34.158123 -47.860168
v 45.608879 -34.165726 -47.860779
v 45.607845 -34.173328 -47.860168
v 45.604836 -34.180187 -47.858387
v 45.600155 -34.185627 -47.855614
v 45.594254 -34.189121 -47.852116
v 45.587711 -34.190327 -47.848244
v 45.581173 -34.189121 -47.844368
v 45.575272 -34.185627 -47.840874
v 45.570587 -34.180187 -47.838097
v 45.567581 -34.173328 -47.836319
v 45.569756 -34.165726 -47.829609
v 45.570805 -34.158016 -47.830231
v 45.573856 -34.151062 -47.832035
v 45.578602 -34.145542 -47.834850
v 45.584587 -34.141998 -47.838394
v 45.591221 -34.140778 -47.842323
v 45.597851 -34.141998 -47.846252
v 45.603836 -34.145542 -47.849796
v 45.608585 -34.151062 -47.852608
v 45.611633 -34.158016 -47.854412
v 45.612682 -34.165726 -47.855034
v 45.611633 -34.173435 -47.854412
v 45.608585 -34.180389 -47.852608
v 45.603836 -34.185905 -47.849796
v 45.597851 -34.189449 -47.846252
v 45.591221 -34.190670 -47.842323
v 45.584587 -34.189449 -47.838394
v 45.578602 -34.185905 -47.834850
v 45.573856 -34.180389 -47.832035
v 45.570805 -34.173435 -47.830231
v 45.566689 -34.165726 -47.834789
v 45.567738 -34.158016 -47.835411
v 45.570786 -34.151062 -47.837215
v 45.575535 -34.145542 -47.840031
v 45.581516 -34.141998 -47.843575
v 45.588150 -34.140778 -47.847504
v 45.594784 -34.141998 -47.851433
v 45.600765 -34.145542 -47.854977
v 45.605515 -34.151062 -47.857788
v 45.608562 -34.158016 -47.859596
v 45.609615 -34.165726 -47.860218
v 45.608562 -34.173435 -47.859596
v 45.605515 -34.180389 -47.857788
v 45.600765 -34.185905 -47.854977
v 45.594784 -34.189449 -47.851433
v 45.588150 -34.190670 -47.847504
v 45.581516 -34.189449 -47.843575
v 45.575535 -34.185905 -47.840031
v 45.570786 -34.180389 -47.837215
v 45.567738 -34.173435 -47.835411
v 45.582142 -34.264149 -47.857643
v 45.578003 -34.264149 -47.854790
v 45.578213 -34.262600 -47.854916
v 45.578827 -34.261200 -47.855278
v 45.579781 -34.260090 -47.855846
v 45.580986 -34.259377 -47.856556
v 45.582317 -34.259132 -47.857349
v 45.583652 -34.259377 -47.858139
v 45.584858 -34.260090 -47.858852
v 45.585812 -34.261200 -47.859417
v 45.586426 -34.262600 -47.859779
v 45.586636 -34.264149 -47.859905
v 45.586426 -34.265697 -47.859779
v 45.585812 -34.267097 -47.859417
v 45.584858 -34.268208 -47.858852
v 45.583652 -34.268921 -47.858139
v 45.582317 -34.269165 -47.857349
v 45.580986 -34.268921 -47.856556
v 45.579781 -34.268208 -47.855846
v 45.578827 -34.267097 -47.855278
v 45.578213 -34.265697 -47.854916
v 45.574341 -34.264149 -47.851433
v 45.574757 -34.261097 -47.851681
v 45.575962 -34.258343 -47.852394
v 45.577843 -34.256157 -47.853508
v 45.580212 -34.254753 -47.854912
v 45.582840 -34.254269 -47.856468
v 45.585468 -34.254753 -47.858025
v 45.587837 -34.256157 -47.859428
v 45.589718 -34.258343 -47.860542
v 45.590923 -34.261097 -47.861256
v 45.591339 -34.264149 -47.861504
v 45.590923 -34.267200 -47.861256
v 45.589718 -34.269955 -47.860542
v 45.587837 -34.272141 -47.859428
v 45.585468 -34.273544 -47.858025
v 45.582840 -34.274029 -47.856468
v 45.580212 -34.273544 -47.854912
v 45.577843 -34.272141 -47.853508
v 45.575962 -34.269955 -47.852394
v 45.574757 -34.267200 -47.851681
v 45.571270 -34.264149 -47.847675
v 45.571877 -34.259686 -47.848034
v 45.573643 -34.255661 -47.849079
v 45.576389 -34.252468 -47.850708
v 45.579853 -34.250420 -47.852760
v 45.583691 -34.249710 -47.855034
v 45.587528 -34.250420 -47.857307
v 45.590992 -34.252468 -47.859356
v 45.593739 -34.255661 -47.860985
v 45.595505 -34.259686 -47.862030
v 45.596111 -34.264149 -47.862389
v 45.595505 -34.268612 -47.862030
v 45.593739 -34.272636 -47.860985
v 45.590992 -34.275829 -47.859356
v 45.587528 -34.277878 -47.857307
v 45.583691 -34.278587 -47.855034
v 45.579853 -34.277878 -47.852760
v 45.576389 -34.275829 -47.850708
v 45.573643 -34.272636 -47.849079
v 45.571877 -34.268612 -47.848034
v 45.568886 -34.264149 -47.843632
v 45.569664 -34.258415 -47.844093
v 45.571934 -34.253246 -47.845436
v 45.575462 -34.249142 -47.847527
v 45.579914 -34.246506 -47.850163
v 45.584843 -34.245598 -47.853085
v 45.589775 -34.246506 -47.856007
v 45.594227 -34.249142 -47.858643
v 45.597755 -34.253246 -47.860733
v 45.600021 -34.258415 -47.862076
v 45.600803 -34.264149 -47.862537
v 45.600021 -34.269882 -47.862076
v 45.597755 -34.275051 -47.860733
v 45.594227 -34.279156 -47.858643
v 45.589775 -34.281792 -47.856007
v 45.584843 -34.282700 -47.853085
v 45.579914 -34.281792 -47.850163
v 45.575462 -34.279156 -47.847527
v 45.571934 -34.275051 -47.845436
v 45.569664 -34.269882 -47.844093
v 45.567261 -34.264149 -47.839428
v 45.568192 -34.257324 -47.839977
v 45.570892 -34.251163 -47.841576
v 45.575096 -34.246277 -47.844067
v 45.580391 -34.243141 -47.847206
v 45.586266 -34.242062 -47.850685
v 45.592140 -34.243141 -47.854164
v 45.597435 -34.246277 -47.857304
v 45.601643 -34.251163 -47.859791
v 45.604340 -34.257324 -47.861393
v 45.605270 -34.264149 -47.861942
v 45.604340 -34.270973 -47.861393
v 45.601643 -34.277134 -47.859791
v 45.597435 -34.282021 -47.857304
v 45.592140 -34.285156 -47.854164
v 45.586266 -34.286236 -47.850685
v 45.580391 -34.285156 -47.847206
v 45.575096 -34.282021 -47.844067
v 45.570892 -34.277134 -47.841576
v 45.568192 -34.270973 -47.839977
v 45.566544 -34.264149 -47.835705
v 45.567581 -34.256546 -47.836319
v 45.570587 -34.249687 -47.838097
v 45.575272 -34.244244 -47.840874
v 45.581173 -34.240749 -47.844368
v 45.587711 -34.239548 -47.848244
v 45.594254 -34.240749 -47.852116
v 45.600155 -34.244244 -47.855614
v 45.604836 -34.249687 -47.858387
v 45.607845 -34.256546 -47.860168
v 45.608879 -34.264149 -47.860779
v 45.607845 -34.271751 -47.860168
v 45.604836 -34.278610 -47.858387
v 45.600155 -34.284054 -47.855614
v 45.594254 -34.287548 -47.852116
v 45.587711 -34.288750 -47.848244
v 45.581173 -34.287548 -47.844368
v 45.575272 -34.284054 -47.840874
v 45.570587 -34.278610 -47.838097
v 45.567581 -34.271751 -47.836319
v 45.569756 -34.264149 -47.829609
v 45.570805 -34.256439 -47.830231
v 45.573856 -34.249485 -47.832035
v 45.578602 -34.243965 -47.834850
v 45.584587 -34.240421 -47.838394
v 45.591221 -34.239201 -47.842323
v 45.597851 -34.240421 -47.846252
v 45.603836 -34.243965 -47.849796
v 45.608585 -34.249485 -47.852608
v 45.611633 -34.256439 -47.854412
v 45.612682 -34.264149 -47.855034
v 45.611633 -34.271858 -47.854412
v 45.608585 -34.278812 -47.852608
v 45.603836 -34.284332 -47.849796
v 45.597851 -34.287876 -47.846252
v 45.591221 -34.289097 -47.842323
v 45.584587 -34.287876 -47.838394
v 45.578602 -34.284332 -47.834850
v 45.573856 -34.278812 -47.832035
v 45.570805 -34.271858 -47.830231
v 45.566689 -34.264149 -47.834789
v 45.567738 -34.256439 -47.835411
v 45.570786 -34.249485 -47.837215
v 45.575535 -34.243965 -47.840031
v 45.581516 -34.240421 -47.843575
v 45.588150 -34.239201 -47.847504
v 45.594784 -34.240421 -47.851433
v 45.600765 -34.243965 -47.854977
v 45.605515 -34.249485 -47.857788
v 45.608562 -34.256439 -47.859596
v 45.609615 -34.264149 -47.860218
v 45.608562 -34.271858 -47.859596
v 45.605515 -34.278812 -47.857788
v 45.600765 -34.284332 -47.854977
v 45.594784 -34.287876 -47.851433
v 45.588150 -34.289097 -47.847504
v 45.581516 -34.287876 -47.843575
v 45.575535 -34.284332 -47.840031
v 45.570786 -34.278812 -47.837215
v 45.567738 -34.271858 -47.835411
v 45.582142 -35.096226 -47.857643
v 45.578003 -35.096226 -47.854790
v 45.578213 -35.094673 -47.854916
v 45.578827 -35.093277 -47.855278
v 45.579781 -35.092167 -47.855846
v 45.580986 -35.091454 -47.856556
v 45.582317 -35.091209 -47.857349
v 45.583652 -35.091454 -47.858139
v 45.584858 -35.092167 -47.858852
v 45.585812 -35.093277 -47.859417
v 45.586426 -35.094673 -47.859779
v 45.586636 -35.096226 -47.859905
v 45.586426 -35.097775 -47.859779
v 45.585812 -35.099174 -47.859417
v 45.584858 -35.100285 -47.858852
v 45.583652 -35.100998 -47.858139
v 45.582317 -35.101242 -47.857349
v 45.580986 -35.100998 -47.856556
v 45.579781 -35.100285 -47.855846
v 45.578827 -35.099174 -47.855278
v 45.578213 -35.097775 -47.854916
v 45.574341 -35.096226 -47.851433
v 45.574757 -35.093174 -47.851681
v 45.575962 -35.090420 -47.852394
v 45.577843 -35.088234 -47.853508
v 45.580212 -35.086830 -47.854912
v 45.582840 -35.086346 -47.856468
v 45.585468 -35.086830 -47.858025
v 45.587837 -35.088234 -47.859428
v 45.589718 -35.090420 -47.860542
v 45.590923 -35.093174 -47.861256
v 45.591339 -35.096226 -47.861504
v 45.590923 -35.099277 -47.861256
v 45.589718 -35.102032 -47.860542
v 45.587837 -35.104218 -47.859428
v 45.585468 -35.105621 -47.858025
v 45.582840 -35.106106 -47.856468
v 45.580212 -35.105621 -47.854912
v 45.577843 -35.104218 -47.853508
v 45.575962 -35.102032 -47.852394
v 45.574757 -35.099277 -47.851681
v 45.571270 -35.096226 -47.847675
v 45.571877 -35.091763 -47.848034
v 45.573643 -35.087738 -47.849079
v 45.576389 -35.084545 -47.850708
v 45.579853 -35.082493 -47.852760
v 45.583691 -35.081787 -47.855034
v 45.587528 -35.082493 -47.857307
v 45.590992 -35.084545 -47.859356
v 45.593739 -35.087738 -47.860985
v 45.595505 -35.091763 -47.862030
v 45.596111 -35.096226 -47.862389
v 45.595505 -35.100685 -47.862030
v 45.593739 -35.104710 -47.860985
v 45.590992 -35.107906 -47.859356
v 45.587528 -35.109955 -47.857307
v 45.583691 -35.110664 -47.855034
v 45.579853 -35.109955 -47.852760
v 45.576389 -35.107906 -47.850708
v 45.573643 -35.104710 -47.849079
v 45.571877 -35.100685 -47.848034
v 45.568886 -35.096226 -47.843632
v 45.569664 -35.090492 -47.844093
v 45.571934 -35.085323 -47.845436
v 45.575462 -35.081219 -47.847527
v 45.579914 -35.078583 -47.850163
v 45.584843 -35.077675 -47.853085
v 45.589775 -35.078583 -47.856007
v 45.594227 -35.081219 -47.858643
v 45.597755 -35.085323 -47.860733
v 45.600021 -35.090492 -47.862076
v 45.600803 -35.096226 -47.862537
v 45.600021 -35.101959 -47.862076
v 45.597755 -35.107128 -47.860733
v 45.594227 -35.111233 -47.858643
v 45.589775 -35.113869 -47.856007
v 45.584843 -35.114777 -47.853085
v 45.579914 -35.113869 -47.850163
v 45.575462 -35.111233 -47.847527
v 45.571934 -35.107128 -47.845436
v 45.569664 -35.101959 -47.844093
v 45.567261 -35.096226 -47.839428
v 45.568192 -35.089401 -47.839977
v 45.570892 -35.083241 -47.841576
v 45.575096 -35.078354 -47.844067
v 45.580391 -35.075218 -47.847206
v 45.586266 -35.074135 -47.850685
v 45.592140 -35.075218 -47.854164
v 45.597435 -35.078354 -47.857304
v 45.601643 -35.083241 -47.859791
v 45.604340 -35.089401 -47.861393
v 45.605270 -35.096226 -47.861942
v 45.604340 -35.103050 -47.861393
v 45.601643 -35.109207 -47.859791
v 45.597435 -35.114094 -47.857304
v 45.592140 -35.117233 -47.854164
v 45.586266 -35.118313 -47.850685
v 45.580391 -35.117233 -47.847206
v 45.575096 -35.114094 -47.844067
v 45.570892 -35.109207 -47.841576
v 45.568192 -35.103050 -47.839977
v 45.566544 -35.096226 -47.835705
v 45.567581 -35.088623 -47.836319
v 45.570587 -35.081764 -47.838097
v 45.575272 -35.076321 -47.840874
v 45.581173 -35.072826 -47.844368
v 45.587711 -35.071625 -47.848244
v 45.594254 -35.072826 -47.852116
v 45.600155 -35.076321 -47.855614
v 45.604836 -35.081764 -47.858387
v 45.607845 -35.088623 -47.860168
v 45.608879 -35.096226 -47.860779
v 45.607845 -35.103828 -47.860168
v 45.604836 -35.110687 -47.858387
v 45.600155 -35.116131 -47.855614
v 45.594254 -35.119625 -47.852116
v 45.587711 -35.120827 -47.848244
v 45.581173 -35.119625 -47.844368
v 45.575272 -35.116131 -47.840874
v 45.570587 -35.110687 -47.838097
v 45.567581 -35.103828 -47.836319
v 45.569756 -35.096226 -47.829609
v 45.570805 -35.088516 -47.830231
v 45.573856 -35.081562 -47.832035
v 45.578602 -35.076042 -47.834850
v 45.584587 -35.072498 -47.838394
v 45.591221 -35.071278 -47.842323
v 45.597851 -35.072498 -47.846252
v 45.603836 -35.076042 -47.849796
v 45.608585 -35.081562 -47.852608
v 45.611633 -35.088516 -47.854412
v 45.612682 -35.096226 -47.855034
v 45.611633 -35.103935 -47.854412
v 45.608585 -35.110889 -47.852608
v 45.603836 -35.116409 -47.849796
v 45.597851 -35.119949 -47.846252
v 45.591221 -35.121170 -47.842323
v 45.584587 -35.119949 -47.838394
v 45.578602 -35.116409 -47.834850
v 45.573856 -35.110889 -47.832035
v 45.570805 -35.103935 -47.830231
v 45.566689 -35.096226 -47.834789
v 45.567738 -35.088516 -47.835411
v 45.570786 -35.081562 -47.837215
v 45.575535 -35.076042 -47.840031
v 45.581516 -35.072498 -47.843575
v 45.588150 -35.071278 -47.847504
v 45.594784 -35.072498 -47.851433
v 45.600765 -35.076042 -47.854977
v 45.605515 -35.081562 -47.857788
v 45.608562 -35.088516 -47.859596
v 45.609615 -35.096226 -47.860218
v 45.608562 -35.103935 -47.859596
v 45.605515 -35.110889 -47.857788
v 45.600765 -35.116409 -47.854977
v 45.594784 -35.119949 -47.851433
v 45.588150 -35.121170 -47.847504
v 45.581516 -35.119949 -47.843575
v 45.575535 -35.116409 -47.840031
v 45.570786 -35.110889 -47.837215
v 45.567738 -35.103935 -47.835411
v 45.582142 -35.165703 -47.857643
v 45.578003 -35.165703 -47.854790
v 45.578213 -35.164150 -47.854916
v 45.578827 -35.162754 -47.855278
v 45.579781 -35.161644 -47.855846
v 45.580986 -35.160931 -47.856556
v 45.582317 -35.160686 -47.857349
v 45.583652 -35.160931 -47.858139
v 45.584858 -35.161644 -47.858852
v 45.585812 -35.162754 -47.859417
v 45.586426 -35.164150 -47.859779
v 45.586636 -35.165703 -47.859905
v 45.586426 -35.167252 -47.859779
v 45.585812 -35.168652 -47.859417
v 45.584858 -35.169762 -47.858852
v 45.583652 -35.170475 -47.858139
v 45.582317 -35.170719 -47.857349
v 45.580986 -35.170475 -47.856556
v 45.579781 -35.169762 -47.855846
v 45.578827 -35.168652 -47.855278
v 45.578213 -35.167252 -47.854916
v 45.574341 -35.165703 -47.851433
v 45.574757 -35.162647 -47.851681
v 45.575962 -35.159893 -47.852394
v 45.577843 -35.157707 -47.853508
v 45.580212 -35.156307 -47.854912
v 45.582840 -35.155823 -47.856468
v 45.585468 -35.156307 -47.858025
v 45.587837 -35.157707 -47.859428
v 45.589718 -35.159893 -47.860542
v 45.590923 -35.162647 -47.861256
v 45.591339 -35.165703 -47.861504
v 45.590923 -35.168755 -47.861256
v 45.589718 -35.171509 -47.860542
v 45.587837 -35.173695 -47.859428
v 45.585468 -35.175098 -47.858025
v 45.582840 -35.175583 -47.856468
v 45.580212 -35.175098 -47.854912
v 45.577843 -35.173695 -47.853508
v 45.575962 -35.171509 -47.852394
v 45.574757 -35.168755 -47.851681
v 45.571270 -35.165703 -47.847675
v 45.571877 -35.161240 -47.848034
v 45.573643 -35.157215 -47.849079
v 45.576389 -35.154022 -47.850708
v 45.579853 -35.151970 -47.852760
v 45.583691 -35.151264 -47.855034
v 45.587528 -35.151970 -47.857307
v 45.590992 -35.154022 -47.859356
v 45.593739 -35.157215 -47.860985
v 45.595505 -35.161240 -47.862030
v 45.596111 -35.165703 -47.862389
v 45.595505 -35.170162 -47.862030
v 45.593739 -35.174187 -47.860985
v 45.590992 -35.177383 -47.859356
v 45.587528 -35.179432 -47.857307
v 45.583691 -35.180138 -47.855034
v 45.579853 -35.179432 -47.852760
v 45.576389 -35.177383 -47.850708
v 45.573643 -35.174187 -47.849079
v 45.571877 -35.170162 -47.848034
v 45.568886 -35.165703 -47.843632
v 45.569664 -35.159969 -47.844093
v 45.571934 -35.154800 -47.845436
v 45.575462 -35.150696 -47.847527
v 45.579914 -35.148060 -47.850163
v 45.584843 -35.147152 -47.853085
v 45.589775 -35.148060 -47.856007
v 45.594227 -35.150696 -47.858643
v 45.597755 -35.154800 -47.860733
v 45.600021 -35.159969 -47.862076
v 45.600803 -35.165703 -47.862537
v 45.600021 -35.171432 -47.862076
v 45.597755 -35.176605 -47.860733
v 45.594227 -35.180710 -47.858643
v 45.589775 -35.183342 -47.856007
v 45.584843 -35.184250 -47.853085
v 45.579914 -35.183342 -47.850163
v 45.575462 -35.180710 -47.847527
v 45.571934 -35.176605 -47.845436
v 45.569664 -35.171432 -47.844093
v 45.567261 -35.165703 -47.839428
v 45.568192 -35.158875 -47.839977
v 45.570892 -35.152718 -47.841576
v 45.575096 -35.147831 -47.844067
v 45.580391 -35.144695 -47.847206
v 45.586266 -35.143612 -47.850685
v 45.592140 -35.144695 -47.854164
v 45.597435 -35.147831 -47.857304
v 45.601643 -35.152718 -47.859791
v 45.604340 -35.158875 -47.861393
v 45.605270 -35.165703 -47.861942
v 45.604340 -35.172527 -47.861393
v 45.601643 -35.178684 -47.859791
v 45.597435 -35.183571 -47.857304
v 45.592140 -35.186710 -47.854164
v 45.586266 -35.187790 -47.850685
v 45.580391 -35.186710 -47.847206
v 45.575096 -35.183571 -47.844067
v 45.570892 -35.178684 -47.841576
v 45.568192 -35.172527 -47.839977
v 45.566544 -35.165703 -47.835705
v 45.567581 -35.158100 -47.836319
v 45.570587 -35.151241 -47.838097
v 45.575272 -35.145798 -47.840874
v 45.581173 -35.142303 -47.844368
v 45.587711 -35.141098 -47.848244
v 45.594254 -35.142303 -47.852116
v 45.600155 -35.145798 -47.855614
v 45.604836 -35.151241 -47.858387
v 45.607845 -35.158100 -47.860168
v 45.608879 -35.165703 -47.860779
v 45.607845 -35.173306 -47.860168
v 45.604836 -35.180164 -47.858387
v 45.600155 -35.185604 -47.855614
v 45.594254 -35.189098 -47.852116
v 45.587711 -35.190304 -47.848244
v 45.581173 -35.189098 -47.844368
v 45.575272 -35.185604 -47.840874
v 45.570587 -35.180164 -47.838100
v 45.567581 -35.173306 -47.836319
v 45.569756 -35.165703 -47.829609
v 45.570805 -35.157993 -47.830231
v 45.573856 -35.151039 -47.832035
v 45.578602 -35.145519 -47.834850
v 45.584587 -35.141975 -47.838394
v 45.591221 -35.140755 -47.842323
v 45.597851 -35.141975 -47.846252
v 45.603836 -35.145519 -47.849796
v 45.608585 -35.151039 -47.852608
v 45.611633 -35.157993 -47.854412
v 45.612682 -35.165703 -47.855034
v 45.611633 -35.173412 -47.854412
v 45.608585 -35.180367 -47.852608
v 45.603836 -35.185883 -47.849796
v 45.597851 -35.189426 -47.846252
v 45.591221 -35.190647 -47.842323
v 45.584587 -35.189426 -47.838394
v 45.578602 -35.185883 -47.834850
v 45.573856 -35.180367 -47.832035
v 45.570805 -35.173412 -47.830231
v 45.566689 -35.165703 -47.834789
v 45.567738 -35.157993 -47.835411
v 45.570786 -35.151039 -47.837215
v 45.575535 -35.145519 -47.840031
v 45.581516 -35.141975 -47.843575
v 45.588150 -35.140755 -47.847504
v 45.594784 -35.141975 -47.851433
v 45.600765 -35.145519 -47.854977
v 45.605515 -35.151039 -47.857788
v 45.608562 -35.157993 -47.859596
v 45.609615 -35.165703 -47.860218
v 45.608562 -35.173412 -47.859596
v 45.605515 -35.180367 -47.857788
v 45.600765 -35.185883 -47.854977
v 45.594784 -35.189426 -47.851433
v 45.588150 -35.190647 -47.847504
v 45.581516 -35.189426 -47.843575
v 45.575535 -35.185883 -47.840031
v 45.570786 -35.180367 -47.837215
v 45.567738 -35.173412 -47.835411
v 46.509563 -35.165703 -46.291958
v 46.505070 -35.165703 -46.289700
v 46.505283 -35.164150 -46.289822
v 46.505898 -35.162754 -46.290188
v 46.506851 -35.161644 -46.290752
v 46.508053 -35.160931 -46.291466
v 46.509388 -35.160686 -46.292255
v 46.510723 -35.160931 -46.293045
v 46.511925 -35.161644 -46.293758
v 46.512882 -35.162754 -46.294323
v 46.513493 -35.164150 -46.294685
v 46.513706 -35.165703 -46.294811
v 46.513493 -35.167252 -46.294685
v 46.512882 -35.168652 -46.294323
v 46.511925 -35.169762 -46.293758
v 46.510723 -35.170475 -46.293045
v 46.509388 -35.170719 -46.292255
v 46.508053 -35.170475 -46.291466
v 46.506851 -35.169762 -46.290752
v 46.505898 -35.168652 -46.290188
v 46.505283 -35.167252 -46.289822
v 46.500366 -35.165703 -46.288101
v 46.500782 -35.162651 -46.288345
v 46.501991 -35.159897 -46.289062
v 46.503872 -35.157711 -46.290176
v 46.506241 -35.156307 -46.291580
v 46.508865 -35.155823 -46.293137
v 46.511494 -35.156307 -46.294689
v 46.513863 -35.157711 -46.296093
v 46.515743 -35.159897 -46.297207
v 46.516953 -35.162651 -46.297924
v 46.517368 -35.165703 -46.298172
v 46.516953 -35.168755 -46.297924
v 46.515743 -35.171509 -46.297207
v 46.513863 -35.173695 -46.296093
v 46.511494 -35.175098 -46.294689
v 46.508865 -35.175583 -46.293137
v 46.506241 -35.175098 -46.291580
v 46.503872 -35.173695 -46.290176
v 46.501991 -35.171509 -46.289062
v 46.500782 -35.168755 -46.288345
v 46.495594 -35.165703 -46.287212
v 46.496204 -35.161240 -46.287575
v 46.497967 -35.157215 -46.288620
v 46.500717 -35.154022 -46.290245
v 46.504177 -35.151970 -46.292297
v 46.508015 -35.151264 -46.294571
v 46.511856 -35.151970 -46.296844
v 46.515320 -35.154022 -46.298897
v 46.518066 -35.157215 -46.300522
v 46.519829 -35.161240 -46.301567
v 46.520439 -35.165703 -46.301929
v 46.519829 -35.170162 -46.301567
v 46.518066 -35.174187 -46.300526
v 46.515320 -35.177383 -46.298897
v 46.511856 -35.179432 -46.296844
v 46.508015 -35.180141 -46.294571
v 46.504177 -35.179432 -46.292297
v 46.500717 -35.177383 -46.290245
v 46.497967 -35.174187 -46.288620
v 46.496204 -35.170162 -46.287575
v 46.490902 -35.165703 -46.287064
v 46.491684 -35.159969 -46.287529
v 46.493950 -35.154800 -46.288872
v 46.497482 -35.150696 -46.290962
v 46.501930 -35.148060 -46.293598
v 46.506863 -35.147152 -46.296520
v 46.511795 -35.148060 -46.299438
v 46.516243 -35.150696 -46.302074
v 46.519775 -35.154800 -46.304169
v 46.522041 -35.159969 -46.305511
v 46.522823 -35.165703 -46.305973
v 46.522041 -35.171432 -46.305511
v 46.519775 -35.176605 -46.304169
v 46.516243 -35.180710 -46.302074
v 46.511795 -35.183342 -46.299438
v 46.506863 -35.184250 -46.296520
v 46.501930 -35.183342 -46.293598
v 46.497482 -35.180710 -46.290962
v 46.493950 -35.176605 -46.288872
v 46.491684 -35.171432 -46.287529
v 46.486435 -35.165703 -46.287663
v 46.487366 -35.158875 -46.288212
v 46.490067 -35.152718 -46.289810
v 46.494270 -35.147831 -46.292301
v 46.499569 -35.144695 -46.295441
v 46.505440 -35.143612 -46.298920
v 46.511314 -35.144695 -46.302399
v 46.516613 -35.147831 -46.305534
v 46.520817 -35.152718 -46.308025
v 46.523518 -35.158875 -46.309624
v 46.524445 -35.165703 -46.310177
v 46.523518 -35.172527 -46.309624
v 46.520817 -35.178684 -46.308025
v 46.516613 -35.183571 -46.305534
v 46.511314 -35.186710 -46.302399
v 46.505440 -35.187790 -46.298920
v 46.499569 -35.186710 -46.295441
v 46.494270 -35.183571 -46.292301
v 46.490067 -35.178684 -46.289810
v 46.487366 -35.172527 -46.288212
v 46.482826 -35.165703 -46.288822
v 46.483864 -35.158100 -46.289436
v 46.486870 -35.151241 -46.291218
v 46.491554 -35.145798 -46.293991
v 46.497452 -35.142303 -46.297485
v 46.503994 -35.141102 -46.301361
v 46.510536 -35.142303 -46.305237
v 46.516438 -35.145798 -46.308731
v 46.521118 -35.151241 -46.311504
v 46.524124 -35.158100 -46.313286
v 46.525162 -35.165703 -46.313900
v 46.524124 -35.173306 -46.313286
v 46.521118 -35.180164 -46.311504
v 46.516438 -35.185604 -46.308731
v 46.510536 -35.189102 -46.305237
v 46.503994 -35.190304 -46.301361
v 46.497452 -35.189102 -46.297485
v 46.491554 -35.185604 -46.293991
v 46.486870 -35.180164 -46.291218
v 46.483864 -35.173306 -46.289436
v 46.479023 -35.165703 -46.294567
v 46.480076 -35.157993 -46.295189
v 46.483124 -35.151039 -46.296997
v 46.487873 -35.145519 -46.299809
v 46.493855 -35.141975 -46.303352
v 46.500488 -35.140755 -46.307281
v 46.507118 -35.141975 -46.311211
v 46.513103 -35.145519 -46.314754
v 46.517853 -35.151039 -46.317566
v 46.520901 -35.157993 -46.319374
v 46.521950 -35.165703 -46.319996
v 46.520901 -35.173412 -46.319374
v 46.517853 -35.180367 -46.317566
v 46.513103 -35.185883 -46.314754
v 46.507118 -35.189426 -46.311211
v 46.500488 -35.190647 -46.307281
v 46.493855 -35.189426 -46.303352
v 46.487873 -35.185883 -46.299809
v 46.483124 -35.180367 -46.296997
v 46.480076 -35.173412 -46.295189
v 46.482094 -35.165703 -46.289387
v 46.483143 -35.157993 -46.290009
v 46.486191 -35.151039 -46.291817
v 46.490940 -35.145519 -46.294628
v 46.496925 -35.141975 -46.298172
v 46.503555 -35.140755 -46.302101
v 46.510189 -35.141975 -46.306030
v 46.516174 -35.145519 -46.309574
v 46.520920 -35.151039 -46.312386
v 46.523972 -35.157993 -46.314194
v 46.525021 -35.165703 -46.314816
v 46.523972 -35.173412 -46.314194
v 46.520920 -35.180367 -46.312386
v 46.516174 -35.185883 -46.309574
v 46.510189 -35.189426 -46.306030
v 46.503555 -35.190647 -46.302101
v 46.496925 -35.189426 -46.298172
v 46.490940 -35.185883 -46.294628
v 46.486191 -35.180367 -46.291817
v 46.483143 -35.173412 -46.290009
v 46.509563 -35.096226 -46.291958
v 46.505070 -35.096226 -46.289700
v 46.505283 -35.094673 -46.289822
v 46.505898 -35.093277 -46.290188
v 46.506851 -35.092167 -46.290752
v 46.508053 -35.091454 -46.291466
v 46.509388 -35.091209 -46.292255
v 46.510723 -35.091454 -46.293045
v 46.511925 -35.092167 -46.293758
v 46.512882 -35.093277 -46.294323
v 46.513493 -35.094673 -46.294685
v 46.513706 -35.096226 -46.294811
v 46.513493 -35.097775 -46.294685
v 46.512882 -35.099174 -46.294323
v 46.511925 -35.100285 -46.293758
v 46.510723 -35.100998 -46.293045
v 46.509388 -35.101242 -46.292255
v 46.508053 -35.100998 -46.291466
v 46.506851 -35.100285 -46.290752
v 46.505898 -35.099174 -46.290188
v 46.505283 -35.097775 -46.289822
v 46.500366 -35.096226 -46.288101
v 46.500782 -35.093174 -46.288345
v 46.501991 -35.090420 -46.289062
v 46.503872 -35.088234 -46.290176
v 46.506241 -35.086830 -46.291580
v 46.508865 -35.086346 -46.293137
v 46.511494 -35.086830 -46.294689
v 46.513863 -35.088234 -46.296093
v 46.515743 -35.090420 -46.297207
v 46.516953 -35.093174 -46.297924
v 46.517368 -35.096226 -46.298172
v 46.516953 -35.099277 -46.297924
v 46.515743 -35.102032 -46.297207
v 46.513863 -35.104218 -46.296093
v 46.511494 -35.105621 -46.294689
v 46.508865 -35.106106 -46.293137
v 46.506241 -35.105621 -46.291580
v 46.503872 -35.104218 -46.290176
v 46.501991 -35.102032 -46.289062
v 46.500782 -35.099277 -46.288345
v 46.495594 -35.096226 -46.287212
v 46.496204 -35.091763 -46.287575
v 46.497967 -35.087738 -46.288620
v 46.500717 -35.084545 -46.290245
v 46.504177 -35.082493 -46.292297
v 46.508015 -35.081787 -46.294571
v 46.511856 -35.082493 -46.296844
v 46.515320 -35.084545 -46.298897
v 46.518066 -35.087738 -46.300522
v 46.519829 -35.091763 -46.301567
v 46.520439 -35.096226 -46.301929
v 46.519829 -35.100685 -46.301567
v 46.518066 -35.104710 -46.300522
v 46.515320 -35.107906 -46.298897
v 46.511856 -35.109955 -46.296844
v 46.508015 -35.110664 -46.294571
v 46.504177 -35.109955 -46.292297
v 46.500717 -35.107906 -46.290245
v 46.497967 -35.104710 -46.288620
v 46.496204 -35.100685 -46.287575
v 46.490902 -35.096226 -46.287064
v 46.491684 -35.090492 -46.287529
v 46.493950 -35.085323 -46.288872
v 46.497482 -35.081219 -46.290962
v 46.501930 -35.078583 -46.293598
v 46.506863 -35.077675 -46.296520
v 46.511795 -35.078583 -46.299438
v 46.516243 -35.081219 -46.302074
v 46.519775 -35.085323 -46.304169
v 46.522041 -35.090492 -46.305511
v 46.522823 -35.096226 -46.305973
v 46.522041 -35.101959 -46.305511
v 46.519775 -35.107128 -46.304169
v 46.516243 -35.111233 -46.302074
v 46.511795 -35.113869 -46.299438
v 46.506863 -35.114777 -46.296520
v 46.501930 -35.113869 -46.293598
v 46.497482 -35.111233 -46.290962
v 46.493950 -35.107128 -46.288872
v 46.491684 -35.101959 -46.287529
v 46.486435 -35.096226 -46.287663
v 46.487366 -35.089401 -46.288212
v 46.490067 -35.083241 -46.289810
v 46.494270 -35.078354 -46.292301
v 46.499569 -35.075218 -46.295441
v 46.505440 -35.074135 -46.298920
v 46.511314 -35.075218 -46.302399
v 46.516613 -35.078354 -46.305534
v 46.520817 -35.083241 -46.308025
v 46.523518 -35.089401 -46.309624
v 46.524445 -35.096226 -46.310177
v 46.523518 -35.103050 -46.309624
v 46.520817 -35.109207 -46.308025
v 46.516613 -35.114098 -46.305534
v 46.511314 -35.117233 -46.302399
v 46.505440 -35.118313 -46.298920
v 46.499569 -35.117233 -46.295441
v 46.494270 -35.114098 -46.292301
v 46.490067 -35.109207 -46.289810
v 46.487366 -35.103050 -46.288212
v 46.482826 -35.096226 -46.288822
v 46.483864 -35.088623 -46.289436
v 46.486870 -35.081764 -46.291218
v 46.491554 -35.076321 -46.293991
v 46.497452 -35.072826 -46.297485
v 46.503994 -35.071625 -46.301361
v 46.510536 -35.072826 -46.305237
v 46.516438 -35.076321 -46.308731
v 46.521118 -35.081764 -46.311504
v 46.524124 -35.088623 -46.313286
v 46.525162 -35.096226 -46.313900
v 46.524124 -35.103828 -46.313286
v 46.521118 -35.110687 -46.311504
v 46.516438 -35.116131 -46.308731
v 46.510536 -35.119625 -46.305237
v 46.503994 -35.120827 -46.301361
v 46.497452 -35.119625 -46.297485
v 46.491554 -35.116131 -46.293991
v 46.486870 -35.110687 -46.291218
v 46.483864 -35.103828 -46.289436
v 46.479023 -35.096226 -46.294567
v 46.480076 -35.088516 -46.295189
v 46.483124 -35.081562 -46.296997
v 46.487873 -35.076042 -46.299809
v 46.493855 -35.072498 -46.303352
v 46.500488 -35.071278 -46.307281
v 46.507118 -35.072498 -46.311211
v 46.513103 -35.076042 -46.314754
v 46.517853 -35.081562 -46.317566
v 46.520901 -35.088516 -46.319374
v 46.521950 -35.096226 -46.319996
v 46.520901 -35.103935 -46.319374
v 46.517853 -35.110889 -46.317566
v 46.513103 -35.116409 -46.314754
v 46.507118 -35.119949 -46.311211
v 46.500488 -35.121170 -46.307281
v 46.493855 -35.119949 -46.303352
v 46.487873 -35.116409 -46.299809
v 46.483124 -35.110889 -46.296997
v 46.480076 -35.103935 -46.295189
v 46.482094 -35.096226 -46.289387
v 46.483143 -35.088516 -46.290009
v 46.486191 -35.081562 -46.291817
v 46.490940 -35.076042 -46.294628
v 46.496925 -35.072498 -46.298172
v 46.503555 -35.071278 -46.302101
v 46.510189 -35.072498 -46.306030
v 46.516174 -35.076042 -46.309574
v 46.520920 -35.081562 -46.312386
v 46.523972 -35.088516 -46.314194
v 46.525021 -35.096226 -46.314816
v 46.523972 -35.103935 -46.314194
v 46.520920 -35.110889 -46.312386
v 46.516174 -35.116409 -46.309574
v 46.510189 -35.119949 -46.306030
v 46.503555 -35.121170 -46.302101
v 46.496925 -35.119949 -46.298172
v 46.490940 -35.116409 -46.294628
v 46.486191 -35.110889 -46.291817
v 46.483143 -35.103935 -46.290009
v 46.509563 -34.165726 -46.291958
v 46.505070 -34.165726 -46.289700
v 46.505283 -34.164173 -46.289822
v 46.505898 -34.162777 -46.290188
v 46.506851 -34.161667 -46.290752
v 46.508053 -34.160954 -46.291466
v 46.509388 -34.160706 -46.292255
v 46.510723 -34.160954 -46.293045
v 46.511925 -34.161667 -46.293758
v 46.512882 -34.162777 -46.294323
v 46.513493 -34.164173 -46.294685
v 46.513706 -34.165726 -46.294811
v 46.513493 -34.167274 -46.294685
v 46.512882 -34.168674 -46.294323
v 46.511925 -34.169785 -46.293758
v 46.510723 -34.170498 -46.293045
v 46.509388 -34.170742 -46.292255
v 46.508053 -34.170498 -46.291466
v 46.506851 -34.169785 -46.290752
v 46.505898 -34.168674 -46.290188
v 46.505283 -34.167274 -46.289822
v 46.500366 -34.165726 -46.288101
v 46.500782 -34.162670 -46.288345
v 46.501991 -34.159916 -46.289062
v 46.503872 -34.157730 -46.290176
v 46.506241 -34.156330 -46.291580
v 46.508865 -34.155846 -46.293137
v 46.511494 -34.156330 -46.294689
v 46.513863 -34.157730 -46.296093
v 46.515743 -34.159916 -46.297207
v 46.516953 -34.162670 -46.297924
v 46.517368 -34.165726 -46.298172
v 46.516953 -34.168777 -46.297924
v 46.515743 -34.171532 -46.297207
v 46.513863 -34.173717 -46.296093
v 46.511494 -34.175121 -46.294689
v 46.508865 -34.175606 -46.293137
v 46.506241 -34.175121 -46.291580
v 46.503872 -34.173717 -46.290176
v 46.501991 -34.171532 -46.289062
v 46.500782 -34.168777 -46.288345
v 46.495594 -34.165726 -46.287212
v 46.496204 -34.161263 -46.287575
v 46.497967 -34.157238 -46.288620
v 46.500717 -34.154045 -46.290245
v 46.504177 -34.151993 -46.292297
v 46.508015 -34.151287 -46.294571
v 46.511856 -34.151993 -46.296844
v 46.515320 -34.154045 -46.298897
v 46.518066 -34.157238 -46.300522
v 46.519829 -34.161263 -46.301567
v 46.520439 -34.165726 -46.301929
v 46.519829 -34.170185 -46.301567
v 46.518066 -34.174210 -46.300522
v 46.515320 -34.177406 -46.298897
v 46.511856 -34.179455 -46.296844
v 46.508015 -34.180161 -46.294571
v 46.504177 -34.179455 -46.292297
v 46.500717 -34.177406 -46.290245
v 46.497967 -34.174210 -46.288620
v 46.496204 -34.170185 -46.287575
v 46.490902 -34.165726 -46.287064
v 46.491684 -34.159992 -46.287529
v 46.493950 -34.154823 -46.288872
v 46.497482 -34.150719 -46.290962
v 46.501930 -34.148083 -46.293598
v 46.506863 -34.147175 -46.296520
v 46.511795 -34.148083 -46.299438
v 46.516243 -34.150719 -46.302074
v 46.519775 -34.154823 -46.304169
v 46.522041 -34.159992 -46.305511
v 46.522823 -34.165726 -46.305973
v 46.522041 -34.171455 -46.305511
v 46.519775 -34.176628 -46.304169
v 46.516243 -34.180733 -46.302074
v 46.511795 -34.183365 -46.299438
v 46.506863 -34.184273 -46.296520
v 46.501930 -34.183365 -46.293598
v 46.497482 -34.180733 -46.290962
v 46.493950 -34.176628 -46.288872
v 46.491684 -34.171455 -46.287529
v 46.486435 -34.165726 -46.287663
v 46.487366 -34.158897 -46.288212
v 46.490067 -34.152740 -46.289810
v 46.494270 -34.147854 -46.292301
v 46.499569 -34.144718 -46.295441
v 46.505440 -34.143635 -46.298920
v 46.511314 -34.144718 -46.302399
v 46.516613 -34.147854 -46.305534
v 46.520817 -34.152740 -46.308025
v 46.523518 -34.158897 -46.309624
v 46.524445 -34.165726 -46.310177
v 46.523518 -34.172550 -46.309624
v 46.520817 -34.178707 -46.308025
v 46.516613 -34.183594 -46.305534
v 46.511314 -34.186733 -46.302399
v 46.505440 -34.187813 -46.298920
v 46.499569 -34.186733 -46.295441
v 46.494270 -34.183594 -46.292301
v 46.490067 -34.178707 -46.289810
v 46.487366 -34.172550 -46.288212
v 46.482826 -34.165726 -46.288822
v 46.483864 -34.158123 -46.289436
v 46.486870 -34.151264 -46.291218
v 46.491554 -34.145821 -46.293991
v 46.497452 -34.142326 -46.297485
v 46.503994 -34.141121 -46.301361
v 46.510536 -34.142326 -46.305237
v 46.516438 -34.145821 -46.308731
v 46.521118 -34.151264 -46.311504
v 46.524124 -34.158123 -46.313286
v 46.525162 -34.165726 -46.313900
v 46.524124 -34.173328 -46.313286
v 46.521118 -34.180187 -46.311504
v 46.516438 -34.185627 -46.308731
v 46.510536 -34.189121 -46.305237
v 46.503994 -34.190327 -46.301361
v 46.497452 -34.189121 -46.297485
v 46.491554 -34.185627 -46.293991
v 46.486870 -34.180187 -46.291218
v 46.483864 -34.173328 -46.289436
v 46.479023 -34.165726 -46.294567
v 46.480076 -34.158016 -46.295189
v 46.483124 -34.151062 -46.296997
v 46.487873 -34.145542 -46.299809
v 46.493855 -34.141998 -46.303352
v 46.500488 -34.140778 -46.307281
v 46.507118 -34.141998 -46.311211
v 46.513103 -34.145542 -46.314754
v 46.517853 -34.151062 -46.317566
v 46.520901 -34.158016 -46.319374
v 46.521950 -34.165726 -46.319996
v 46.520901 -34.173435 -46.319374
v 46.517853 -34.180389 -46.317566
v 46.513103 -34.185905 -46.314754
v 46.507118 -34.189449 -46.311211
v 46.500488 -34.190670 -46.307281
v 46.493855 -34.189449 -46.303352
v 46.487873 -34.185905 -46.299809
v 46.483124 -34.180389 -46.296997
v 46.480076 -34.173435 -46.295189
v 46.482094 -34.165726 -46.289387
v 46.483143 -34.158016 -46.290009
v 46.486191 -34.151062 -46.291817
v 46.490940 -34.145542 -46.294628
v 46.496925 -34.141998 -46.298172
v 46.503555 -34.140778 -46.302101
v 46.510189 -34.141998 -46.306030
v 46.516174 -34.145542 -46.309574
v 46.520920 -34.151062 -46.312386
v 46.523972 -34.158016 -46.314194
v 46.525021 -34.165726 -46.314816
v 46.523972 -34.173435 -46.314194
v 46.520920 -34.180389 -46.312386
v 46.516174 -34.185905 -46.309574
v 46.510189 -34.189449 -46.306030
v 46.503555 -34.190670 -46.302101
v 46.496925 -34.189449 -46.298172
v 46.490940 -34.185905 -46.294628
v 46.486191 -34.180389 -46.291817
v 46.483143 -34.173435 -46.290009
v 46.509563 -34.264149 -46.291958
v 46.505070 -34.264149 -46.289700
v 46.505283 -34.262600 -46.289822
v 46.505898 -34.261200 -46.290188
v 46.506851 -34.260090 -46.290752
v 46.508053 -34.259377 -46.291466
v 46.509388 -34.259132 -46.292255
v 46.510723 -34.259377 -46.293045
v 46.511925 -34.260090 -46.293758
v 46.512882 -34.261200 -46.294323
v 46.513493 -34.262600 -46.294685
v 46.513706 -34.264149 -46.294811
v 46.513493 -34.265697 -46.294685
v 46.512882 -34.267097 -46.294323
v 46.511925 -34.268208 -46.293758
v 46.510723 -34.268921 -46.293045
v 46.509388 -34.269165 -46.292255
v 46.508053 -34.268921 -46.291466
v 46.506851 -34.268208 -46.290752
v 46.505898 -34.267097 -46.290188
v 46.505283 -34.265697 -46.289822
v 46.500366 -34.264149 -46.288101
v 46.500782 -34.261097 -46.288345
v 46.501991 -34.258343 -46.289062
v 46.503872 -34.256157 -46.290176
v 46.506241 -34.254753 -46.291580
v 46.508865 -34.254269 -46.293137
v 46.511494 -34.254753 -46.294689
v 46.513863 -34.256157 -46.296093
v 46.515743 -34.258343 -46.297207
v 46.516953 -34.261097 -46.297924
v 46.517368 -34.264149 -46.298172
v 46.516953 -34.267200 -46.297924
v 46.515743 -34.269955 -46.297207
v 46.513863 -34.272141 -46.296093
v 46.511494 -34.273544 -46.294689
v 46.508865 -34.274029 -46.293137
v 46.506241 -34.273544 -46.291580
v 46.503872 -34.272141 -46.290176
v 46.501991 -34.269955 -46.289062
v 46.500782 -34.267200 -46.288345
v 46.495594 -34.264149 -46.287212
v 46.496204 -34.259686 -46.287575
v 46.497967 -34.255661 -46.288620
v 46.500717 -34.252468 -46.290245
v 46.504177 -34.250420 -46.292297
v 46.508015 -34.249710 -46.294571
v 46.511856 -34.250420 -46.296844
v 46.515320 -34.252468 -46.298897
v 46.518066 -34.255661 -46.300522
v 46.519829 -34.259686 -46.301567
v 46.520439 -34.264149 -46.301929
v 46.519829 -34.268612 -46.301567
v 46.518066 -34.272636 -46.300522
v 46.515320 -34.275829 -46.298897
v 46.511856 -34.277878 -46.296844
v 46.508015 -34.278587 -46.294571
v 46.504177 -34.277878 -46.292297
v 46.500717 -34.275829 -46.290245
v 46.497967 -34.272636 -46.288620
v 46.496204 -34.268612 -46.287575
v 46.490902 -34.264149 -46.287064
v 46.491684 -34.258415 -46.287529
v 46.493950 -34.253246 -46.288872
v 46.497482 -34.249142 -46.290962
v 46.501930 -34.246506 -46.293598
v 46.506863 -34.245598 -46.296520
v 46.511795 -34.246506 -46.299438
v 46.516243 -34.249142 -46.302074
v 46.519775 -34.253246 -46.304169
v 46.522041 -34.258415 -46.305511
v 46.522823 -34.264149 -46.305973
v 46.522041 -34.269882 -46.305511
v 46.519775 -34.275051 -46.304169
v 46.516243 -34.279156 -46.302074
v 46.511795 -34.281792 -46.299438
v 46.506863 -34.282700 -46.296520
v 46.501930 -34.281792 -46.293598
v 46.497482 -34.279156 -46.290962
v 46.493950 -34.275051 -46.288872
v 46.491684 -34.269882 -46.287529
v 46.486435 -34.264149 -46.287663
v 46.487366 -34.257324 -46.288212
v 46.490067 -34.251163 -46.289810
v 46.494270 -34.246277 -46.292301
v 46.499569 -34.243141 -46.295441
v 46.505440 -34.242062 -46.298920
v 46.511314 -34.243141 -46.302399
v 46.516613 -34.246277 -46.305534
v 46.520817 -34.251163 -46.308025
v 46.523518 -34.257324 -46.309624
v 46.524445 -34.264149 -46.310177
v 46.523518 -34.270973 -46.309624
v 46.520817 -34.277134 -46.308025
v 46.516613 -34.282021 -46.305534
v 46.511314 -34.285156 -46.302399
v 46.505440 -34.286236 -46.298920
v 46.499569 -34.285156 -46.295441
v 46.494270 -34.282021 -46.292301
v 46.490067 -34.277134 -46.289810
v 46.487366 -34.270973 -46.288212
v 46.482826 -34.264149 -46.288822
v 46.483864 -34.256546 -46.289436
v 46.486870 -34.249687 -46.291218
v 46.491554 -34.244244 -46.293991
v 46.497452 -34.240749 -46.297485
v 46.503994 -34.239548 -46.301361
v 46.510536 -34.240749 -46.305237
v 46.516438 -34.244244 -46.308731
v 46.521118 -34.249687 -46.311504
v 46.524124 -34.256546 -46.313286
v 46.525162 -34.264149 -46.313900
v 46.524124 -34.271751 -46.313286
v 46.521118 -34.278610 -46.311504
v 46.516438 -34.284054 -46.308731
v 46.510536 -34.287548 -46.305237
v 46.503994 -34.288750 -46.301361
v 46.497452 -34.287548 -46.297485
v 46.491554 -34.284054 -46.293991
v 46.486870 -34.278610 -46.291218
v 46.483864 -34.271751 -46.289436
v 46.479023 -34.264149 -46.294567
v 46.480076 -34.256439 -46.295189
v 46.483124 -34.249485 -46.296997
v 46.487873 -34.243965 -46.299809
v 46.493855 -34.240421 -46.303352
v 46.500488 -34.239201 -46.307281
v 46.507118 -34.240421 -46.311211
v 46.513103 -34.243965 -46.314754
v 46.517853 -34.249485 -46.317566
v 46.520901 -34.256439 -46.319374
v 46.521950 -34.264149 -46.319996
v 46.520901 -34.271858 -46.319374
v 46.517853 -34.278812 -46.317566
v 46.513103 -34.284332 -46.314754
v 46.507118 -34.287876 -46.311211
v 46.500488 -34.289097 -46.307281
v 46.493855 -34.287876 -46.303352
v 46.487873 -34.284332 -46.299809
v 46.483124 -34.278812 -46.296997
v 46.480076 -34.271858 -46.295189
v 46.482094 -34.264149 -46.289387
v 46.483143 -34.256439 -46.290009
v 46.486191 -34.249485 -46.291817
v 46.490940 -34.243965 -46.294628
v 46.496925 -34.240421 -46.298172
v 46.503555 -34.239201 -46.302101
v 46.510189 -34.240421 -46.306030
v 46.516174 -34.243965 -46.309574
v 46.520920 -34.249485 -46.312386
v 46.523972 -34.256439 -46.314194
v 46.525021 -34.264149 -46.314816
v 46.523972 -34.271858 -46.314194
v 46.520920 -34.278812 -46.312386
v 46.516174 -34.284332 -46.309574
v 46.510189 -34.287876 -46.306030
v 46.503555 -34.289097 -46.302101
v 46.496925 -34.287876 -46.298172
v 46.490940 -34.284332 -46.294628
v 46.486191 -34.278812 -46.291817
v 46.483143 -34.271858 -46.290009
v 45.723587 -34.165726 -47.822540
v 45.720734 -34.165726 -47.826683
v 45.720860 -34.164173 -47.826469
v 45.721222 -34.162777 -47.825859
v 45.721790 -34.161667 -47.824902
v 45.722500 -34.160954 -47.823700
v 45.723293 -34.160706 -47.822365
v 45.724083 -34.160954 -47.821030
v 45.724796 -34.161667 -47.819828
v 45.725361 -34.162777 -47.818874
v 45.725723 -34.164173 -47.818260
v 45.725849 -34.165726 -47.818050
v 45.725723 -34.167274 -47.818260
v 45.725361 -34.168674 -47.818874
v 45.724796 -34.169785 -47.819828
v 45.724083 -34.170498 -47.821030
v 45.723293 -34.170742 -47.822365
v 45.722500 -34.170498 -47.823700
v 45.721790 -34.169785 -47.824902
v 45.721222 -34.168674 -47.825859
v 45.720860 -34.167274 -47.826469
v 45.717377 -34.165726 -47.830345
v 45.717625 -34.162670 -47.829929
v 45.718338 -34.159916 -47.828720
v 45.719452 -34.157730 -47.826839
v 45.720856 -34.156330 -47.824471
v 45.722412 -34.155846 -47.821846
v 45.723969 -34.156330 -47.819218
v 45.725372 -34.157730 -47.816849
v 45.726486 -34.159916 -47.814968
v 45.727200 -34.162670 -47.813759
v 45.727448 -34.165726 -47.813343
v 45.727200 -34.168777 -47.813759
v 45.726486 -34.171532 -47.814968
v 45.725372 -34.173717 -47.816849
v 45.723969 -34.175121 -47.819218
v 45.722412 -34.175606 -47.821846
v 45.720856 -34.175121 -47.824471
v 45.719452 -34.173717 -47.826839
v 45.718338 -34.171532 -47.828720
v 45.717625 -34.168777 -47.829929
v 45.713619 -34.165726 -47.833416
v 45.713978 -34.161263 -47.832809
v 45.715023 -34.157238 -47.831043
v 45.716652 -34.154045 -47.828297
v 45.718704 -34.151993 -47.824833
v 45.720978 -34.151287 -47.820995
v 45.723251 -34.151993 -47.817154
v 45.725300 -34.154045 -47.813694
v 45.726929 -34.157238 -47.810944
v 45.727974 -34.161263 -47.809181
v 45.728333 -34.165726 -47.808571
v 45.727974 -34.170185 -47.809181
v 45.726929 -34.174210 -47.810944
v 45.725300 -34.177406 -47.813694
v 45.723251 -34.179455 -47.817154
v 45.720978 -34.180161 -47.820995
v 45.718704 -34.179455 -47.824833
v 45.716652 -34.177406 -47.828297
v 45.715023 -34.174210 -47.831043
v 45.713978 -34.170185 -47.832809
v 45.709576 -34.165726 -47.835800
v 45.710037 -34.159992 -47.835018
v 45.711380 -34.154823 -47.832752
v 45.713470 -34.150719 -47.829220
v 45.716106 -34.148083 -47.824772
v 45.719028 -34.147175 -47.819839
v 45.721951 -34.148083 -47.814907
v 45.724586 -34.150719 -47.810459
v 45.726677 -34.154823 -47.806927
v 45.728020 -34.159992 -47.804661
v 45.728481 -34.165726 -47.803879
v 45.728020 -34.171455 -47.804661
v 45.726677 -34.176628 -47.806927
v 45.724586 -34.180733 -47.810459
v 45.721951 -34.183365 -47.814907
v 45.719028 -34.184273 -47.819839
v 45.716106 -34.183365 -47.824772
v 45.713470 -34.180733 -47.829220
v 45.711380 -34.176628 -47.832752
v 45.710037 -34.171455 -47.835018
v 45.705372 -34.165726 -47.837425
v 45.705921 -34.158897 -47.836494
v 45.707520 -34.152740 -47.833794
v 45.710011 -34.147854 -47.829590
v 45.713150 -34.144718 -47.824291
v 45.716629 -34.143635 -47.818420
v 45.720108 -34.144718 -47.812546
v 45.723244 -34.147854 -47.807247
v 45.725735 -34.152740 -47.803043
v 45.727337 -34.158897 -47.800343
v 45.727886 -34.165726 -47.799416
v 45.727337 -34.172550 -47.800343
v 45.725735 -34.178707 -47.803043
v 45.723244 -34.183594 -47.807247
v 45.720108 -34.186733 -47.812546
v 45.716629 -34.187813 -47.818420
v 45.713150 -34.186733 -47.824291
v 45.710011 -34.183594 -47.829590
v 45.707520 -34.178707 -47.833794
v 45.705921 -34.172550 -47.836494
v 45.701649 -34.165726 -47.838139
v 45.702263 -34.158123 -47.837105
v 45.704041 -34.151264 -47.834095
v 45.706818 -34.145821 -47.829414
v 45.710312 -34.142326 -47.823513
v 45.714188 -34.141121 -47.816971
v 45.718060 -34.142326 -47.810432
v 45.721558 -34.145821 -47.804531
v 45.724331 -34.151264 -47.799847
v 45.726112 -34.158123 -47.796841
v 45.726723 -34.165726 -47.795803
v 45.726112 -34.173328 -47.796841
v 45.724331 -34.180187 -47.799847
v 45.721558 -34.185627 -47.804531
v 45.718060 -34.189121 -47.810432
v 45.714188 -34.190327 -47.816971
v 45.710312 -34.189121 -47.823513
v 45.706818 -34.185627 -47.829414
v 45.704041 -34.180187 -47.834095
v 45.702263 -34.173328 -47.837105
v 45.695553 -34.165726 -47.834930
v 45.696175 -34.158016 -47.833878
v 45.697979 -34.151062 -47.830830
v 45.700794 -34.145542 -47.826080
v 45.704338 -34.141998 -47.820099
v 45.708267 -34.140778 -47.813465
v 45.712196 -34.141998 -47.806831
v 45.715740 -34.145542 -47.800850
v 45.718552 -34.151062 -47.796101
v 45.720356 -34.158016 -47.793053
v 45.720982 -34.165726 -47.792000
v 45.720356 -34.173435 -47.793053
v 45.718552 -34.180389 -47.796101
v 45.715740 -34.185905 -47.800850
v 45.712196 -34.189449 -47.806831
v 45.708267 -34.190670 -47.813465
v 45.704338 -34.189449 -47.820099
v 45.700794 -34.185905 -47.826080
v 45.697979 -34.180389 -47.830830
v 45.696175 -34.173435 -47.833878
v 45.700733 -34.165726 -47.837997
v 45.701355 -34.158016 -47.836948
v 45.703159 -34.151062 -47.833897
v 45.705975 -34.145542 -47.829151
v 45.709518 -34.141998 -47.823166
v 45.713448 -34.140778 -47.816536
v 45.717377 -34.141998 -47.809902
v 45.720921 -34.145542 -47.803917
v 45.723732 -34.151062 -47.799168
v 45.725536 -34.158016 -47.796120
v 45.726162 -34.165726 -47.795071
v 45.725536 -34.173435 -47.796120
v 45.723732 -34.180389 -47.799168
v 45.720921 -34.185905 -47.803917
v 45.717377 -34.189449 -47.809902
v 45.713448 -34.190670 -47.816536
v 45.709518 -34.189449 -47.823166
v 45.705975 -34.185905 -47.829151
v 45.703159 -34.180389 -47.833897
v 45.701355 -34.173435 -47.836948
v 45.723587 -34.338860 -47.822540
v 45.720734 -34.338860 -47.826683
v 45.720860 -34.337311 -47.826469
v 45.721222 -34.335911 -47.825859
v 45.721790 -34.334801 -47.824902
v 45.722500 -34.334087 -47.823700
v 45.723293 -34.333843 -47.822365
v 45.724083 -34.334087 -47.821030
v 45.724796 -34.334801 -47.819828
v 45.725361 -34.335911 -47.818874
v 45.725723 -34.337311 -47.818260
v 45.725849 -34.338860 -47.818050
v 45.725723 -34.340412 -47.818260
v 45.725361 -34.341808 -47.818874
v 45.724796 -34.342918 -47.819828
v 45.724083 -34.343632 -47.821030
v 45.723293 -34.343880 -47.822365
v 45.722500 -34.343632 -47.823700
v 45.721790 -34.342918 -47.824902
v 45.721222 -34.341808 -47.825859
v 45.720860 -34.340412 -47.826469
v 45.717377 -34.338860 -47.830345
v 45.717625 -34.335808 -47.829929
v 45.718338 -34.333054 -47.828720
v 45.719452 -34.330868 -47.826839
v 45.720856 -34.329464 -47.824471
v 45.722412 -34.328979 -47.821846
v 45.723969 -34.329464 -47.819218
v 45.725372 -34.330868 -47.816849
v 45.726486 -34.333054 -47.814968
v 45.727200 -34.335808 -47.813759
v 45.727448 -34.338860 -47.813343
v 45.727200 -34.341915 -47.813759
v 45.726486 -34.344669 -47.814968
v 45.725372 -34.346855 -47.816849
v 45.723969 -34.348255 -47.819218
v 45.722412 -34.348740 -47.821846
v 45.720856 -34.348255 -47.824471
v 45.719452 -34.346855 -47.826839
v 45.718338 -34.344669 -47.828720
v 45.717625 -34.341915 -47.829929
v 45.713619 -34.338860 -47.833416
v 45.713978 -34.334400 -47.832809
v 45.715023 -34.330376 -47.831043
v 45.716652 -34.327179 -47.828297
v 45.718704 -34.325130 -47.824833
v 45.720978 -34.324425 -47.820995
v 45.723251 -34.325130 -47.817154
v 45.725300 -34.327179 -47.813694
v 45.726929 -34.330376 -47.810944
v 45.727974 -34.334400 -47.809181
v 45.728333 -34.338860 -47.808571
v 45.727974 -34.343323 -47.809181
v 45.726929 -34.347347 -47.810944
v 45.725300 -34.350540 -47.813694
v 45.723251 -34.352592 -47.817154
v 45.720978 -34.353298 -47.820995
v 45.718704 -34.352592 -47.824833
v 45.716652 -34.350540 -47.828297
v 45.715023 -34.347347 -47.831043
v 45.713978 -34.343323 -47.832809
v 45.709576 -34.338860 -47.835800
v 45.710037 -34.333130 -47.835018
v 45.711380 -34.327957 -47.832752
v 45.713470 -34.323853 -47.829220
v 45.716106 -34.321220 -47.824772
v 45.719028 -34.320312 -47.819839
v 45.721951 -34.321220 -47.814907
v 45.724586 -34.323853 -47.810459
v 45.726677 -34.327957 -47.806927
v 45.728020 -34.333130 -47.804661
v 45.728481 -34.338860 -47.803879
v 45.728020 -34.344593 -47.804661
v 45.726677 -34.349762 -47.806927
v 45.724586 -34.353867 -47.810459
v 45.721951 -34.356503 -47.814907
v 45.719028 -34.357410 -47.819839
v 45.716106 -34.356503 -47.824772
v 45.713470 -34.353867 -47.829220
v 45.711380 -34.349762 -47.832752
v 45.710037 -34.344593 -47.835018
v 45.705372 -34.338860 -47.837425
v 45.705921 -34.332035 -47.836494
v 45.707520 -34.325878 -47.833794
v 45.710011 -34.320992 -47.829590
v 45.713150 -34.317852 -47.824291
v 45.716629 -34.316772 -47.818420
v 45.720108 -34.317852 -47.812546
v 45.723244 -34.320992 -47.807247
v 45.725735 -34.325878 -47.803043
v 45.727337 -34.332035 -47.800343
v 45.727886 -34.338860 -47.799416
v 45.727337 -34.345688 -47.800343
v 45.725735 -34.351845 -47.803043
v 45.723244 -34.356731 -47.807247
v 45.720108 -34.359867 -47.812546
v 45.716629 -34.360950 -47.818420
v 45.713150 -34.359867 -47.824291
v 45.710011 -34.356731 -47.829590
v 45.707520 -34.351845 -47.833794
v 45.705921 -34.345688 -47.836494
v 45.701649 -34.338860 -47.838139
v 45.702263 -34.331257 -47.837105
v 45.704041 -34.324398 -47.834095
v 45.706818 -34.318958 -47.829414
v 45.710312 -34.315464 -47.823513
v 45.714188 -34.314259 -47.816971
v 45.718060 -34.315464 -47.810432
v 45.721558 -34.318958 -47.804531
v 45.724331 -34.324398 -47.799847
v 45.726112 -34.331257 -47.796841
v 45.726723 -34.338860 -47.795803
v 45.726112 -34.346462 -47.796841
v 45.724331 -34.353321 -47.799847
v 45.721558 -34.358765 -47.804531
v 45.718060 -34.362259 -47.810432
v 45.714188 -34.363464 -47.816971
v 45.710312 -34.362259 -47.823513
v 45.706818 -34.358765 -47.829414
v 45.704041 -34.353321 -47.834095
v 45.702263 -34.346462 -47.837105
v 45.695553 -34.338860 -47.834930
v 45.696175 -34.331150 -47.833878
v 45.697979 -34.324196 -47.830830
v 45.700794 -34.318680 -47.826080
v 45.704338 -34.315136 -47.820099
v 45.708267 -34.313915 -47.813465
v 45.712196 -34.315136 -47.806831
v 45.715740 -34.318680 -47.800850
v 45.718552 -34.324196 -47.796101
v 45.720356 -34.331150 -47.793053
v 45.720982 -34.338860 -47.792000
v 45.720356 -34.346569 -47.793053
v 45.718552 -34.353523 -47.796101
v 45.715740 -34.359043 -47.800850
v 45.712196 -34.362587 -47.806831
v 45.708267 -34.363808 -47.813465
v 45.704338 -34.362587 -47.820099
v 45.700794 -34.359043 -47.826080
v 45.697979 -34.353523 -47.830830
v 45.696175 -34.346569 -47.833878
v 45.700733 -34.338860 -47.837997
v 45.701355 -34.331150 -47.836948
v 45.703159 -34.324196 -47.833897
v 45.705975 -34.318680 -47.829151
v 45.709518 -34.315136 -47.823166
v 45.713448 -34.313915 -47.816536
v 45.717377 -34.315136 -47.809902
v 45.720921 -34.318680 -47.803917
v 45.723732 -34.324196 -47.799168
v 45.725536 -34.331150 -47.796120
v 45.726162 -34.338860 -47.795071
v 45.725536 -34.346569 -47.796120
v 45.723732 -34.353523 -47.799168
v 45.720921 -34.359043 -47.803917
v 45.717377 -34.362587 -47.809902
v 45.713448 -34.363808 -47.816536
v 45.709518 -34.362587 -47.823166
v 45.705975 -34.359043 -47.829151
v 45.703159 -34.353523 -47.833897
v 45.701355 -34.346569 -47.836948
v 46.558136 -34.338860 -46.452976
v 46.555283 -34.338860 -46.457119
v 46.555408 -34.337311 -46.456905
v 46.555771 -34.335911 -46.456295
v 46.556335 -34.334801 -46.455338
v 46.557049 -34.334087 -46.454136
v 46.557838 -34.333843 -46.452801
v 46.558628 -34.334087 -46.451466
v 46.559341 -34.334801 -46.450264
v 46.559906 -34.335911 -46.449310
v 46.560272 -34.337311 -46.448696
v 46.560394 -34.338860 -46.448483
v 46.560272 -34.340412 -46.448696
v 46.559906 -34.341808 -46.449310
v 46.559341 -34.342918 -46.450264
v 46.558628 -34.343632 -46.451466
v 46.557838 -34.343880 -46.452801
v 46.557049 -34.343632 -46.454136
v 46.556335 -34.342918 -46.455338
v 46.555771 -34.341808 -46.456295
v 46.555408 -34.340412 -46.456905
v 46.551926 -34.338860 -46.460781
v 46.552170 -34.335808 -46.460365
v 46.552887 -34.333054 -46.459156
v 46.554001 -34.330868 -46.457275
v 46.555405 -34.329464 -46.454906
v 46.556961 -34.328979 -46.452278
v 46.558517 -34.329464 -46.449654
v 46.559921 -34.330868 -46.447285
v 46.561035 -34.333054 -46.445404
v 46.561749 -34.335808 -46.444195
v 46.561996 -34.338860 -46.443779
v 46.561749 -34.341915 -46.444195
v 46.561035 -34.344669 -46.445404
v 46.559921 -34.346855 -46.447285
v 46.558517 -34.348255 -46.449654
v 46.556961 -34.348740 -46.452278
v 46.555405 -34.348255 -46.454906
v 46.554001 -34.346855 -46.457275
v 46.552887 -34.344669 -46.459156
v 46.552170 -34.341915 -46.460365
v 46.548164 -34.338860 -46.463852
v 46.548527 -34.334400 -46.463242
v 46.549572 -34.330376 -46.461479
v 46.551197 -34.327179 -46.458733
v 46.553249 -34.325130 -46.455269
v 46.555523 -34.324425 -46.451427
v 46.557796 -34.325130 -46.447590
v 46.559849 -34.327179 -46.444130
v 46.561478 -34.330376 -46.441380
v 46.562523 -34.334400 -46.439617
v 46.562881 -34.338860 -46.439007
v 46.562523 -34.343323 -46.439617
v 46.561478 -34.347347 -46.441380
v 46.559849 -34.350540 -46.444130
v 46.557796 -34.352592 -46.447590
v 46.555523 -34.353298 -46.451427
v 46.553249 -34.352592 -46.455269
v 46.551197 -34.350540 -46.458733
v 46.549572 -34.347347 -46.461479
v 46.548527 -34.343323 -46.463242
v 46.544121 -34.338860 -46.466236
v 46.544586 -34.333130 -46.465454
v 46.545929 -34.327957 -46.463188
v 46.548019 -34.323853 -46.459656
v 46.550655 -34.321220 -46.455208
v 46.553577 -34.320312 -46.450275
v 46.556496 -34.321220 -46.445343
v 46.559132 -34.323853 -46.440895
v 46.561226 -34.327957 -46.437363
v 46.562569 -34.333130 -46.435097
v 46.563030 -34.338860 -46.434315
v 46.562569 -34.344593 -46.435097
v 46.561226 -34.349762 -46.437363
v 46.559132 -34.353867 -46.440895
v 46.556496 -34.356503 -46.445343
v 46.553577 -34.357410 -46.450275
v 46.550655 -34.356503 -46.455208
v 46.548019 -34.353867 -46.459656
v 46.545929 -34.349762 -46.463188
v 46.544586 -34.344593 -46.465454
v 46.539917 -34.338860 -46.467857
v 46.540470 -34.332035 -46.466930
v 46.542068 -34.325878 -46.464230
v 46.544559 -34.320992 -46.460026
v 46.547699 -34.317852 -46.454727
v 46.551178 -34.316772 -46.448853
v 46.554653 -34.317852 -46.442982
v 46.557793 -34.320992 -46.437683
v 46.560284 -34.325878 -46.433479
v 46.561882 -34.332035 -46.430779
v 46.562435 -34.338860 -46.429848
v 46.561882 -34.345688 -46.430779
v 46.560284 -34.351845 -46.433479
v 46.557793 -34.356731 -46.437683
v 46.554653 -34.359867 -46.442982
v 46.551178 -34.360950 -46.448853
v 46.547699 -34.359867 -46.454727
v 46.544559 -34.356731 -46.460026
v 46.542068 -34.351845 -46.464230
v 46.540470 -34.345688 -46.466930
v 46.536194 -34.338860 -46.468575
v 46.536808 -34.331257 -46.467537
v 46.538589 -34.324398 -46.464531
v 46.541363 -34.318958 -46.459850
v 46.544861 -34.315464 -46.453949
v 46.548733 -34.314259 -46.447407
v 46.552608 -34.315464 -46.440865
v 46.556103 -34.318958 -46.434967
v 46.558876 -34.324398 -46.430283
v 46.560658 -34.331257 -46.427277
v 46.561272 -34.338860 -46.426239
v 46.560658 -34.346462 -46.427277
v 46.558876 -34.353321 -46.430283
v 46.556103 -34.358765 -46.434967
v 46.552608 -34.362259 -46.440865
v 46.548733 -34.363464 -46.447407
v 46.544861 -34.362259 -46.453949
v 46.541363 -34.358765 -46.459850
v 46.538589 -34.353321 -46.464531
v 46.536808 -34.346462 -46.467537
v 46.530098 -34.338860 -46.465363
v 46.530724 -34.331150 -46.464314
v 46.532528 -34.324196 -46.461266
v 46.535339 -34.318680 -46.456516
v 46.538883 -34.315136 -46.450535
v 46.542812 -34.313915 -46.443901
v 46.546741 -34.315136 -46.437267
v 46.550285 -34.318680 -46.431286
v 46.553101 -34.324196 -46.426537
v 46.554905 -34.331150 -46.423489
v 46.555527 -34.338860 -46.422436
v 46.554905 -34.346569 -46.423489
v 46.553101 -34.353523 -46.426537
v 46.550285 -34.359043 -46.431286
v 46.546741 -34.362587 -46.437267
v 46.542812 -34.363808 -46.443901
v 46.538883 -34.362587 -46.450535
v 46.535339 -34.359043 -46.456516
v 46.532528 -34.353523 -46.461266
v 46.530724 -34.346569 -46.464314
v 46.535278 -34.338860 -46.468433
v 46.535904 -34.331150 -46.467384
v 46.537708 -34.324196 -46.464333
v 46.540520 -34.318680 -46.459587
v 46.544064 -34.315136 -46.453602
v 46.547993 -34.313915 -46.446968
v 46.551922 -34.315136 -46.440338
v 46.555466 -34.318680 -46.434353
v 46.558281 -34.324196 -46.429604
v 46.560085 -34.331150 -46.426556
v 46.560707 -34.338860 -46.425507
v 46.560085 -34.346569 -46.426556
v 46.558281 -34.353523 -46.429604
v 46.555466 -34.359043 -46.434353
v 46.551922 -34.362587 -46.440338
v 46.547993 -34.363808 -46.446968
v 46.544064 -34.362587 -46.453602
v 46.540520 -34.359043 -46.459587
v 46.537708 -34.353523 -46.464333
v 46.535904 -34.346569 -46.467384
v 46.558136 -34.165726 -46.452976
v 46.555283 -34.165726 -46.457119
v 46.555408 -34.164173 -46.456905
v 46.555771 -34.162777 -46.456295
v 46.556335 -34.161667 -46.455338
v 46.557049 -34.160954 -46.454136
v 46.557838 -34.160706 -46.452801
v 46.558628 -34.160954 -46.451466
v 46.559341 -34.161667 -46.450264
v 46.559906 -34.162777 -46.449310
v 46.560272 -34.164173 -46.448696
v 46.560394 -34.165726 -46.448483
v 46.560272 -34.167274 -46.448696
v 46.559906 -34.168674 -46.449310
v 46.559341 -34.169785 -46.450264
v 46.558628 -34.170498 -46.451466
v 46.557838 -34.170742 -46.452801
v 46.557049 -34.170498 -46.454136
v 46.556335 -34.169785 -46.455338
v 46.555771 -34.168674 -46.456295
v 46.555408 -34.167274 -46.456905
v 46.551926 -34.165726 -46.460781
v 46.552170 -34.162670 -46.460365
v 46.552887 -34.159916 -46.459156
v 46.554001 -34.157730 -46.457275
v 46.555405 -34.156330 -46.454906
v 46.556961 -34.155846 -46.452278
v 46.558517 -34.156330 -46.449654
v 46.559921 -34.157730 -46.447285
v 46.561035 -34.159916 -46.445404
v 46.561749 -34.162670 -46.444195
v 46.561996 -34.165726 -46.443779
v 46.561749 -34.168777 -46.444195
v 46.561035 -34.171532 -46.445404
v 46.559921 -34.173717 -46.447285
v 46.558517 -34.175121 -46.449654
v 46.556961 -34.175606 -46.452278
v 46.555405 -34.175121 -46.454906
v 46.554001 -34.173717 -46.457275
v 46.552887 -34.171532 -46.459156
v 46.552170 -34.168777 -46.460365
v 46.548164 -34.165726 -46.463852
v 46.548527 -34.161263 -46.463242
v 46.549572 -34.157238 -46.461479
v 46.551197 -34.154045 -46.458733
v 46.553249 -34.151993 -46.455269
v 46.555523 -34.151287 -46.451427
v 46.557796 -34.151993 -46.447590
v 46.559849 -34.154045 -46.444130
v 46.561478 -34.157238 -46.441380
v 46.562523 -34.161263 -46.439617
v 46.562881 -34.165726 -46.439007
v 46.562523 -34.170185 -46.439617
v 46.561478 -34.174210 -46.441380
v 46.559849 -34.177406 -46.444130
v 46.557796 -34.179455 -46.447590
v 46.555523 -34.180161 -46.451427
v 46.553249 -34.179455 -46.455269
v 46.551197 -34.177406 -46.458733
v 46.549572 -34.174210 -46.461479
v 46.548527 -34.170185 -46.463242
v 46.544121 -34.165726 -46.466236
v 46.544586 -34.159992 -46.465454
v 46.545929 -34.154823 -46.463188
v 46.548019 -34.150719 -46.459656
v 46.550655 -34.148083 -46.455208
v 46.553577 -34.147175 -46.450275
v 46.556496 -34.148083 -46.445343
v 46.559132 -34.150719 -46.440895
v 46.561226 -34.154823 -46.437363
v 46.562569 -34.159992 -46.435097
v 46.563030 -34.165726 -46.434315
v 46.562569 -34.171455 -46.435097
v 46.561226 -34.176628 -46.437363
v 46.559132 -34.180733 -46.440895
v 46.556496 -34.183365 -46.445343
v 46.553577 -34.184273 -46.450275
v 46.550655 -34.183365 -46.455208
v 46.548019 -34.180733 -46.459656
v 46.545929 -34.176628 -46.463188
v 46.544586 -34.171455 -46.465454
v 46.539917 -34.165726 -46.467857
v 46.540470 -34.158897 -46.466930
v 46.542068 -34.152740 -46.464230
v 46.544559 -34.147854 -46.460026
v 46.547699 -34.144718 -46.454727
v 46.551178 -34.143635 -46.448853
v 46.554653 -34.144718 -46.442982
v 46.557793 -34.147854 -46.437683
v 46.560284 -34.152740 -46.433479
v 46.561882 -34.158897 -46.430779
v 46.562435 -34.165726 -46.429848
v 46.561882 -34.172550 -46.430779
v 46.560284 -34.178707 -46.433479
v 46.557793 -34.183594 -46.437683
v 46.554653 -34.186733 -46.442982
v 46.551178 -34.187813 -46.448853
v 46.547699 -34.186733 -46.454727
v 46.544559 -34.183594 -46.460026
v 46.542068 -34.178707 -46.464230
v 46.540470 -34.172550 -46.466930
v 46.536194 -34.165726 -46.468575
v 46.536808 -34.158123 -46.467537
v 46.538589 -34.151264 -46.464531
v 46.541363 -34.145821 -46.459850
v 46.544861 -34.142326 -46.453949
v 46.548733 -34.141121 -46.447407
v 46.552608 -34.142326 -46.440865
v 46.556103 -34.145821 -46.434967
v 46.558876 -34.151264 -46.430283
v 46.560658 -34.158123 -46.427277
v 46.561272 -34.165726 -46.426239
v 46.560658 -34.173328 -46.427277
v 46.558876 -34.180187 -46.430283
v 46.556103 -34.185627 -46.434967
v 46.552608 -34.189121 -46.440865
v 46.548733 -34.190327 -46.447407
v 46.544861 -34.189121 -46.453949
v 46.541363 -34.185627 -46.459850
v 46.538589 -34.180187 -46.464531
v 46.536808 -34.173328 -46.467537
v 46.530098 -34.165726 -46.465363
v 46.530724 -34.158016 -46.464314
v 46.532528 -34.151062 -46.461266
v 46.535339 -34.145542 -46.456516
v 46.538883 -34.141998 -46.450535
v 46.542812 -34.140778 -46.443901
v 46.546741 -34.141998 -46.437267
v 46.550285 -34.145542 -46.431286
v 46.553101 -34.151062 -46.426537
v 46.554905 -34.158016 -46.423489
v 46.555527 -34.165726 -46.422436
v 46.554905 -34.173435 -46.423489
v 46.553101 -34.180389 -46.426537
v 46.550285 -34.185905 -46.431286
v 46.546741 -34.189449 -46.437267
v 46.542812 -34.190670 -46.443901
v 46.538883 -34.189449 -46.450535
v 46.535339 -34.185905 -46.456516
v 46.532528 -34.180389 -46.461266
v 46.530724 -34.173435 -46.464314
v 46.535278 -34.165726 -46.468433
v 46.535904 -34.158016 -46.467384
v 46.537708 -34.151062 -46.464333
v 46.540520 -34.145542 -46.459587
v 46.544064 -34.141998 -46.453602
v 46.547993 -34.140778 -46.446968
v 46.551922 -34.141998 -46.440338
v 46.555466 -34.145542 -46.434353
v 46.558281 -34.151062 -46.429604
v 46.560085 -34.158016 -46.426556
v 46.560707 -34.165726 -46.425507
v 46.560085 -34.173435 -46.426556
v 46.558281 -34.180389 -46.429604
v 46.555466 -34.185905 -46.434353
v 46.551922 -34.189449 -46.440338
v 46.547993 -34.190670 -46.446968
v 46.544064 -34.189449 -46.453602
v 46.540520 -34.185905 -46.459587
v 46.537708 -34.180389 -46.464333
v 46.535904 -34.173435 -46.467384
v 46.565998 -33.744759 -46.439701
v 46.563145 -33.744759 -46.443844
v 46.563271 -33.743206 -46.443630
v 46.563633 -33.741810 -46.443016
v 46.564201 -33.740700 -46.442062
v 46.564911 -33.739986 -46.440861
v 46.565704 -33.739738 -46.439526
v 46.566494 -33.739986 -46.438190
v 46.567207 -33.740700 -46.436989
v 46.567772 -33.741810 -46.436031
v 46.568134 -33.743206 -46.435421
v 46.568260 -33.744759 -46.435207
v 46.568134 -33.746307 -46.435421
v 46.567772 -33.747707 -46.436031
v 46.567207 -33.748817 -46.436989
v 46.566494 -33.749531 -46.438190
v 46.565704 -33.749775 -46.439526
v 46.564911 -33.749531 -46.440861
v 46.564201 -33.748817 -46.442062
v 46.563633 -33.747707 -46.443016
v 46.563271 -33.746307 -46.443630
v 46.559788 -33.744759 -46.447506
v 46.560036 -33.741703 -46.447090
v 46.560749 -33.738949 -46.445881
v 46.561863 -33.736763 -46.444000
v 46.563267 -33.735363 -46.441631
v 46.564823 -33.734879 -46.439003
v 46.566380 -33.735363 -46.436378
v 46.567783 -33.736763 -46.434010
v 46.568897 -33.738949 -46.432129
v 46.569611 -33.741703 -46.430920
v 46.569859 -33.744759 -46.430504
v 46.569611 -33.747810 -46.430920
v 46.568897 -33.750565 -46.432129
v 46.567783 -33.752750 -46.434010
v 46.566380 -33.754154 -46.436378
v 46.564823 -33.754639 -46.439003
v 46.563267 -33.754154 -46.441631
v 46.561863 -33.752750 -46.444000
v 46.560749 -33.750565 -46.445881
v 46.560036 -33.747810 -46.447090
v 46.556030 -33.744759 -46.450577
v 46.556389 -33.740295 -46.449966
v 46.557434 -33.736271 -46.448204
v 46.559063 -33.733078 -46.445454
v 46.561115 -33.731026 -46.441994
v 46.563389 -33.730320 -46.438152
v 46.565662 -33.731026 -46.434315
v 46.567711 -33.733078 -46.430851
v 46.569340 -33.736271 -46.428104
v 46.570385 -33.740295 -46.426338
v 46.570747 -33.744759 -46.425732
v 46.570385 -33.749218 -46.426338
v 46.569340 -33.753242 -46.428104
v 46.567711 -33.756439 -46.430851
v 46.565662 -33.758488 -46.434315
v 46.563389 -33.759193 -46.438152
v 46.561115 -33.758488 -46.441994
v 46.559063 -33.756439 -46.445454
v 46.557434 -33.753242 -46.448204
v 46.556389 -33.749218 -46.449966
v 46.551987 -33.744759 -46.452961
v 46.552448 -33.739025 -46.452179
v 46.553791 -33.733856 -46.449913
v 46.555882 -33.729752 -46.446381
v 46.558517 -33.727116 -46.441933
v 46.561440 -33.726208 -46.437000
v 46.564362 -33.727116 -46.432068
v 46.566998 -33.729752 -46.427620
v 46.569088 -33.733856 -46.424088
v 46.570431 -33.739025 -46.421822
v 46.570892 -33.744759 -46.421040
v 46.570431 -33.750488 -46.421822
v 46.569088 -33.755661 -46.424088
v 46.566998 -33.759766 -46.427620
v 46.564362 -33.762398 -46.432068
v 46.561440 -33.763306 -46.437000
v 46.558517 -33.762398 -46.441933
v 46.555882 -33.759766 -46.446381
v 46.553791 -33.755661 -46.449913
v 46.552448 -33.750488 -46.452179
v 46.547783 -33.744759 -46.454582
v 46.548332 -33.737930 -46.453651
v 46.549934 -33.731773 -46.450954
v 46.552422 -33.726887 -46.446751
v 46.555561 -33.723751 -46.441452
v 46.559040 -33.722668 -46.435577
v 46.562519 -33.723751 -46.429707
v 46.565659 -33.726887 -46.424408
v 46.568146 -33.731773 -46.420204
v 46.569748 -33.737930 -46.417503
v 46.570297 -33.744759 -46.416573
v 46.569748 -33.751583 -46.417503
v 46.568146 -33.757740 -46.420204
v 46.565659 -33.762627 -46.424408
v 46.562519 -33.765766 -46.429707
v 46.559040 -33.766846 -46.435577
v 46.555561 -33.765766 -46.441452
v 46.552422 -33.762627 -46.446751
v 46.549934 -33.757740 -46.450954
v 46.548332 -33.751583 -46.453655
v 46.544060 -33.744759 -46.455299
v 46.544674 -33.737156 -46.454262
v 46.546455 -33.730297 -46.451256
v 46.549229 -33.724854 -46.446575
v 46.552723 -33.721359 -46.440674
v 46.556599 -33.720154 -46.434132
v 46.560471 -33.721359 -46.427589
v 46.563969 -33.724854 -46.421688
v 46.566742 -33.730297 -46.417007
v 46.568523 -33.737156 -46.414001
v 46.569138 -33.744759 -46.412964
v 46.568523 -33.752361 -46.414001
v 46.566742 -33.759220 -46.417007
v 46.563969 -33.764660 -46.421688
v 46.560471 -33.768154 -46.427589
v 46.556599 -33.769360 -46.434132
v 46.552723 -33.768154 -46.440674
v 46.549229 -33.764660 -46.446575
v 46.546455 -33.759220 -46.451256
v 46.544674 -33.752361 -46.454262
v 46.537964 -33.744759 -46.452087
v 46.538586 -33.737049 -46.451038
v 46.540390 -33.730095 -46.447990
v 46.543205 -33.724575 -46.443241
v 46.546749 -33.721031 -46.437256
v 46.550678 -33.719810 -46.430626
v 46.554607 -33.721031 -46.423992
v 46.558151 -33.724575 -46.418007
v 46.560963 -33.730095 -46.413261
v 46.562767 -33.737049 -46.410213
v 46.563393 -33.744759 -46.409161
v 46.562767 -33.752468 -46.410213
v 46.560963 -33.759422 -46.413261
v 46.558151 -33.764938 -46.418007
v 46.554607 -33.768482 -46.423992
v 46.550678 -33.769703 -46.430626
v 46.546749 -33.768482 -46.437256
v 46.543205 -33.764938 -46.443241
v 46.540390 -33.759422 -46.447990
v 46.538586 -33.752468 -46.451038
v 46.543144 -33.744759 -46.455158
v 46.543766 -33.737049 -46.454105
v 46.545570 -33.730095 -46.451057
v 46.548386 -33.724575 -46.446308
v 46.551929 -33.721031 -46.440327
v 46.555859 -33.719810 -46.433693
v 46.559788 -33.721031 -46.427059
v 46.563332 -33.724575 -46.421078
v 46.566143 -33.730095 -46.416328
v 46.567947 -33.737049 -46.413280
v 46.568573 -33.744759 -46.412231
v 46.567947 -33.752468 -46.413280
v 46.566143 -33.759422 -46.416328
v 46.563332 -33.764938 -46.421078
v 46.559788 -33.768482 -46.427059
v 46.555859 -33.769703 -46.433693
v 46.551929 -33.768482 -46.440327
v 46.548386 -33.764938 -46.446308
v 46.545570 -33.759422 -46.451057
v 46.543766 -33.752468 -46.454105
v 46.550884 -33.901535 -46.465221
v 46.548031 -33.901535 -46.469360
v 46.548157 -33.899986 -46.469151
v 46.548519 -33.898586 -46.468536
v 46.549084 -33.897476 -46.467583
v 46.549797 -33.896767 -46.466377
v 46.550587 -33.896519 -46.465046
v 46.551376 -33.896767 -46.463711
v 46.552090 -33.897476 -46.462505
v 46.552654 -33.898586 -46.461552
v 46.553020 -33.899986 -46.460938
v 46.553143 -33.901535 -46.460728
v 46.553020 -33.903088 -46.460938
v 46.552654 -33.904488 -46.461552
v 46.552090 -33.905598 -46.462505
v 46.551376 -33.906307 -46.463711
v 46.550587 -33.906555 -46.465046
v 46.549797 -33.906307 -46.466377
v 46.549084 -33.905598 -46.467583
v 46.548519 -33.904488 -46.468536
v 46.548157 -33.903088 -46.469151
v 46.544670 -33.901535 -46.473022
v 46.544918 -33.898483 -46.472607
v 46.545635 -33.895729 -46.471401
v 46.546749 -33.893543 -46.469521
v 46.548153 -33.892139 -46.467152
v 46.549706 -33.891659 -46.464523
v 46.551262 -33.892139 -46.461895
v 46.552666 -33.893543 -46.459526
v 46.553780 -33.895729 -46.457645
v 46.554497 -33.898483 -46.456440
v 46.554741 -33.901535 -46.456024
v 46.554497 -33.904591 -46.456440
v 46.553780 -33.907345 -46.457645
v 46.552666 -33.909531 -46.459526
v 46.551262 -33.910934 -46.461895
v 46.549706 -33.911415 -46.464523
v 46.548153 -33.910934 -46.467152
v 46.546749 -33.909531 -46.469521
v 46.545635 -33.907345 -46.471401
v 46.544918 -33.904591 -46.472607
v 46.540913 -33.901535 -46.476093
v 46.541275 -33.897076 -46.475487
v 46.542320 -33.893051 -46.473721
v 46.543945 -33.889858 -46.470974
v 46.545998 -33.887806 -46.467510
v 46.548271 -33.887100 -46.463673
v 46.550545 -33.887806 -46.459835
v 46.552597 -33.889858 -46.456371
v 46.554222 -33.893051 -46.453625
v 46.555267 -33.897076 -46.451859
v 46.555630 -33.901535 -46.451252
v 46.555267 -33.905998 -46.451859
v 46.554222 -33.910023 -46.453625
v 46.552597 -33.913216 -46.456371
v 46.550545 -33.915268 -46.459835
v 46.548271 -33.915974 -46.463673
v 46.545998 -33.915268 -46.467510
v 46.543945 -33.913216 -46.470974
v 46.542320 -33.910023 -46.473721
v 46.541275 -33.905998 -46.475487
v 46.536869 -33.901535 -46.478477
v 46.537331 -33.895805 -46.477699
v 46.538673 -33.890633 -46.475430
v 46.540768 -33.886532 -46.471901
v 46.543404 -33.883896 -46.467449
v 46.546322 -33.882988 -46.462521
v 46.549244 -33.883896 -46.457588
v 46.551880 -33.886532 -46.453136
v 46.553970 -33.890633 -46.449608
v 46.555313 -33.895805 -46.447342
v 46.555779 -33.901535 -46.446560
v 46.555313 -33.907269 -46.447342
v 46.553970 -33.912441 -46.449608
v 46.551880 -33.916542 -46.453136
v 46.549244 -33.919178 -46.457588
v 46.546322 -33.920086 -46.462521
v 46.543404 -33.919178 -46.467449
v 46.540768 -33.916542 -46.471901
v 46.538673 -33.912441 -46.475430
v 46.537331 -33.907269 -46.477699
v 46.532665 -33.901535 -46.480103
v 46.533218 -33.894711 -46.479172
v 46.534817 -33.888554 -46.476475
v 46.537308 -33.883667 -46.472267
v 46.540443 -33.880527 -46.466972
v 46.543922 -33.879448 -46.461098
v 46.547401 -33.880527 -46.455223
v 46.550541 -33.883667 -46.449928
v 46.553032 -33.888554 -46.445721
v 46.554630 -33.894711 -46.443024
v 46.555180 -33.901539 -46.442093
v 46.554630 -33.908363 -46.443024
v 46.553032 -33.914520 -46.445721
v 46.550541 -33.919407 -46.449928
v 46.547401 -33.922546 -46.455223
v 46.543922 -33.923626 -46.461098
v 46.540443 -33.922546 -46.466972
v 46.537308 -33.919407 -46.472267
v 46.534817 -33.914520 -46.476475
v 46.533218 -33.908363 -46.479172
v 46.528942 -33.901535 -46.480820
v 46.529556 -33.893936 -46.479782
v 46.531338 -33.887077 -46.476776
v 46.534111 -33.881634 -46.472092
v 46.537605 -33.878139 -46.466190
v 46.541481 -33.876934 -46.459652
v 46.545357 -33.878139 -46.453110
v 46.548851 -33.881634 -46.447208
v 46.551624 -33.887077 -46.442528
v 46.553406 -33.893936 -46.439518
v 46.554020 -33.901539 -46.438484
v 46.553406 -33.909138 -46.439518
v 46.551624 -33.915997 -46.442528
v 46.548851 -33.921440 -46.447208
v 46.545357 -33.924934 -46.453110
v 46.541481 -33.926140 -46.459652
v 46.537605 -33.924934 -46.466190
v 46.534111 -33.921440 -46.472092
v 46.531338 -33.915997 -46.476776
v 46.529556 -33.909138 -46.479782
v 46.522846 -33.901535 -46.477608
v 46.523468 -33.893829 -46.476559
v 46.525276 -33.886875 -46.473507
v 46.528088 -33.881355 -46.468761
v 46.531631 -33.877811 -46.462776
v 46.535561 -33.876591 -46.456142
v 46.539490 -33.877811 -46.449512
v 46.543034 -33.881355 -46.443527
v 46.545845 -33.886875 -46.438778
v 46.547653 -33.893829 -46.435730
v 46.548275 -33.901539 -46.434681
v 46.547653 -33.909245 -46.435730
v 46.545845 -33.916199 -46.438778
v 46.543034 -33.921719 -46.443527
v 46.539490 -33.925262 -46.449512
v 46.535561 -33.926483 -46.456142
v 46.531631 -33.925262 -46.462776
v 46.528088 -33.921719 -46.468761
v 46.525276 -33.916199 -46.473507
v 46.523468 -33.909245 -46.476559
v 46.528027 -33.901535 -46.480675
v 46.528648 -33.893829 -46.479626
v 46.530457 -33.886875 -46.476578
v 46.533268 -33.881355 -46.471828
v 46.536812 -33.877811 -46.465847
v 46.540741 -33.876591 -46.459213
v 46.544670 -33.877811 -46.452579
v 46.548214 -33.881355 -46.446598
v 46.551025 -33.886875 -46.441849
v 46.552834 -33.893829 -46.438801
v 46.553455 -33.901539 -46.437748
v 46.552834 -33.909245 -46.438801
v 46.551025 -33.916199 -46.441849
v 46.548214 -33.921719 -46.446598
v 46.544670 -33.925262 -46.452579
v 46.540741 -33.926483 -46.459213
v 46.536812 -33.925262 -46.465847
v 46.533268 -33.921719 -46.471828
v 46.530457 -33.916199 -46.476578
v 46.528648 -33.909245 -46.479626
v 41.558487 -34.165726 -45.474266
v 41.562981 -34.165726 -45.476528
v 41.562771 -34.164173 -45.476402
v 41.562157 -34.162777 -45.476040
v 41.561203 -34.161667 -45.475475
v 41.559998 -34.160954 -45.474762
v 41.558662 -34.160706 -45.473972
v 41.557331 -34.160954 -45.473179
v 41.556126 -34.161667 -45.472469
v 41.555172 -34.162777 -45.471901
v 41.554558 -34.164173 -45.471539
v 41.554348 -34.165726 -45.471413
v 41.554558 -34.167274 -45.471539
v 41.555172 -34.168674 -45.471901
v 41.556126 -34.169785 -45.472469
v 41.557331 -34.170498 -45.473179
v 41.558662 -34.170742 -45.473972
v 41.559998 -34.170498 -45.474762
v 41.561203 -34.169785 -45.475475
v 41.562157 -34.168674 -45.476040
v 41.562771 -34.167274 -45.476402
v 41.567684 -34.165726 -45.478127
v 41.567268 -34.162670 -45.477879
v 41.566063 -34.159916 -45.477165
v 41.564182 -34.157730 -45.476051
v 41.561813 -34.156330 -45.474648
v 41.559185 -34.155846 -45.473091
v 41.556557 -34.156330 -45.471535
v 41.554188 -34.157730 -45.470131
v 41.552307 -34.159916 -45.469017
v 41.551102 -34.162670 -45.468304
v 41.550686 -34.165726 -45.468056
v 41.551102 -34.168777 -45.468304
v 41.552307 -34.171532 -45.469017
v 41.554188 -34.173717 -45.470131
v 41.556557 -34.175121 -45.471535
v 41.559185 -34.175606 -45.473091
v 41.561813 -34.175121 -45.474648
v 41.564182 -34.173717 -45.476051
v 41.566063 -34.171532 -45.477165
v 41.567268 -34.168777 -45.477879
v 41.572456 -34.165726 -45.479012
v 41.571850 -34.161263 -45.478653
v 41.570084 -34.157238 -45.477608
v 41.567337 -34.154045 -45.475979
v 41.563873 -34.151993 -45.473930
v 41.560036 -34.151287 -45.471657
v 41.556198 -34.151993 -45.469383
v 41.552734 -34.154045 -45.467331
v 41.549988 -34.157238 -45.465702
v 41.548222 -34.161263 -45.464657
v 41.547615 -34.165726 -45.464298
v 41.548222 -34.170185 -45.464657
v 41.549988 -34.174210 -45.465702
v 41.552734 -34.177406 -45.467331
v 41.556198 -34.179455 -45.469383
v 41.560036 -34.180161 -45.471657
v 41.563873 -34.179455 -45.473930
v 41.567337 -34.177406 -45.475979
v 41.570084 -34.174210 -45.477608
v 41.571850 -34.170185 -45.478653
v 41.577148 -34.165726 -45.479160
v 41.576366 -34.159992 -45.478699
v 41.574100 -34.154823 -45.477356
v 41.570572 -34.150719 -45.475266
v 41.566120 -34.148083 -45.472630
v 41.561188 -34.147175 -45.469707
v 41.556259 -34.148083 -45.466785
v 41.551807 -34.150719 -45.464149
v 41.548279 -34.154823 -45.462059
v 41.546013 -34.159992 -45.460716
v 41.545231 -34.165726 -45.460255
v 41.546013 -34.171455 -45.460716
v 41.548279 -34.176628 -45.462059
v 41.551807 -34.180733 -45.464149
v 41.556259 -34.183365 -45.466785
v 41.561188 -34.184273 -45.469707
v 41.566120 -34.183365 -45.472630
v 41.570572 -34.180733 -45.475266
v 41.574100 -34.176628 -45.477356
v 41.576366 -34.171455 -45.478699
v 41.581615 -34.165726 -45.478565
v 41.580685 -34.158897 -45.478012
v 41.577988 -34.152740 -45.476414
v 41.573780 -34.147854 -45.473923
v 41.568485 -34.144718 -45.470787
v 41.562611 -34.143635 -45.467308
v 41.556736 -34.144718 -45.463829
v 41.551441 -34.147854 -45.460690
v 41.547234 -34.152740 -45.458199
v 41.544537 -34.158897 -45.456600
v 41.543606 -34.165726 -45.456051
v 41.544537 -34.172550 -45.456600
v 41.547234 -34.178707 -45.458199
v 41.551441 -34.183594 -45.460690
v 41.556736 -34.186733 -45.463829
v 41.562611 -34.187813 -45.467308
v 41.568485 -34.186733 -45.470787
v 41.573780 -34.183594 -45.473923
v 41.577988 -34.178707 -45.476414
v 41.580685 -34.172550 -45.478012
v 41.585224 -34.165726 -45.477402
v 41.584190 -34.158123 -45.476791
v 41.581181 -34.151264 -45.475010
v 41.576500 -34.145821 -45.472237
v 41.570599 -34.142326 -45.468739
v 41.564056 -34.141121 -45.464867
v 41.557518 -34.142326 -45.460991
v 41.551617 -34.145821 -45.457497
v 41.546932 -34.151264 -45.454720
v 41.543926 -34.158123 -45.452942
v 41.542889 -34.165726 -45.452328
v 41.543926 -34.173328 -45.452942
v 41.546932 -34.180187 -45.454720
v 41.551617 -34.185627 -45.457497
v 41.557518 -34.189121 -45.460991
v 41.564056 -34.190327 -45.464867
v 41.570599 -34.189121 -45.468739
v 41.576500 -34.185627 -45.472237
v 41.581181 -34.180187 -45.475010
v 41.584190 -34.173328 -45.476791
v 41.589027 -34.165726 -45.471657
v 41.587978 -34.158016 -45.471035
v 41.584930 -34.151062 -45.469231
v 41.580181 -34.145542 -45.466419
v 41.574196 -34.141998 -45.462875
v 41.567566 -34.140778 -45.458946
v 41.560932 -34.141998 -45.455017
v 41.554947 -34.145542 -45.451473
v 41.550201 -34.151062 -45.448658
v 41.547150 -34.158016 -45.446854
v 41.546101 -34.165726 -45.446232
v 41.547150 -34.173435 -45.446854
v 41.550201 -34.180389 -45.448658
v 41.554947 -34.185905 -45.451473
v 41.560932 -34.189449 -45.455017
v 41.567566 -34.190670 -45.458946
v 41.574196 -34.189449 -45.462875
v 41.580181 -34.185905 -45.466419
v 41.584930 -34.180389 -45.469231
v 41.587978 -34.173435 -45.471035
v 41.585960 -34.165726 -45.476841
v 41.584908 -34.158016 -45.476215
v 41.581860 -34.151062 -45.474411
v 41.577110 -34.145542 -45.471600
v 41.571129 -34.141998 -45.468056
v 41.564495 -34.140778 -45.464127
v 41.557861 -34.141998 -45.460197
v 41.551880 -34.145542 -45.456654
v 41.547131 -34.151062 -45.453838
v 41.544083 -34.158016 -45.452034
v 41.543030 -34.165726 -45.451412
v 41.544083 -34.173435 -45.452034
v 41.547131 -34.180389 -45.453838
v 41.551880 -34.185905 -45.456654
v 41.557861 -34.189449 -45.460197
v 41.564495 -34.190670 -45.464127
v 41.571129 -34.189449 -45.468056
v 41.577110 -34.185905 -45.471600
v 41.581860 -34.180389 -45.474411
v 41.584908 -34.173435 -45.476215
v 41.558487 -34.264149 -45.474266
v 41.562981 -34.264149 -45.476528
v 41.562771 -34.262600 -45.476402
v 41.562157 -34.261200 -45.476040
v 41.561203 -34.260090 -45.475475
v 41.559998 -34.259377 -45.474762
v 41.558662 -34.259132 -45.473972
v 41.557331 -34.259377 -45.473179
v 41.556126 -34.260090 -45.472469
v 41.555172 -34.261200 -45.471901
v 41.554558 -34.262600 -45.471539
v 41.554348 -34.264149 -45.471413
v 41.554558 -34.265697 -45.471539
v 41.555172 -34.267097 -45.471901
v 41.556126 -34.268208 -45.472469
v 41.557331 -34.268921 -45.473179
v 41.558662 -34.269165 -45.473972
v 41.559998 -34.268921 -45.474762
v 41.561203 -34.268208 -45.475475
v 41.562157 -34.267097 -45.476040
v 41.562771 -34.265697 -45.476402
v 41.567684 -34.264149 -45.478127
v 41.567268 -34.261097 -45.477879
v 41.566063 -34.258343 -45.477165
v 41.564182 -34.256157 -45.476051
v 41.561813 -34.254753 -45.474648
v 41.559185 -34.254269 -45.473091
v 41.556557 -34.254753 -45.471535
v 41.554188 -34.256157 -45.470131
v 41.552307 -34.258343 -45.469017
v 41.551102 -34.261097 -45.468304
v 41.550686 -34.264149 -45.468056
v 41.551102 -34.267200 -45.468304
v 41.552307 -34.269955 -45.469017
v 41.554188 -34.272141 -45.470131
v 41.556557 -34.273544 -45.471535
v 41.559185 -34.274029 -45.473091
v 41.561813 -34.273544 -45.474648
v 41.564182 -34.272141 -45.476051
v 41.566063 -34.269955 -45.477165
v 41.567268 -34.267200 -45.477879
v 41.572456 -34.264149 -45.479012
v 41.571850 -34.259686 -45.478653
v 41.570084 -34.255661 -45.477608
v 41.567337 -34.252468 -45.475979
v 41.563873 -34.250420 -45.473930
v 41.560036 -34.249710 -45.471657
v 41.556198 -34.250420 -45.469383
v 41.552734 -34.252468 -45.467331
v 41.549988 -34.255661 -45.465702
v 41.548222 -34.259686 -45.464657
v 41.547615 -34.264149 -45.464298
v 41.548222 -34.268612 -45.464657
v 41.549988 -34.272636 -45.465702
v 41.552734 -34.275829 -45.467331
v 41.556198 -34.277878 -45.469383
v 41.560036 -34.278587 -45.471657
v 41.563873 -34.277878 -45.473930
v 41.567337 -34.275829 -45.475979
v 41.570084 -34.272636 -45.477608
v 41.571850 -34.268612 -45.478653
v 41.577148 -34.264149 -45.479160
v 41.576366 -34.258415 -45.478699
v 41.574100 -34.253246 -45.477356
v 41.570572 -34.249142 -45.475266
v 41.566120 -34.246506 -45.472630
v 41.561188 -34.245598 -45.469707
v 41.556259 -34.246506 -45.466785
v 41.551807 -34.249142 -45.464149
v 41.548279 -34.253246 -45.462059
v 41.546013 -34.258415 -45.460716
v 41.545231 -34.264149 -45.460255
v 41.546013 -34.269882 -45.460716
v 41.548279 -34.275051 -45.462059
v 41.551807 -34.279156 -45.464149
v 41.556259 -34.281792 -45.466785
v 41.561188 -34.282700 -45.469707
v 41.566120 -34.281792 -45.472630
v 41.570572 -34.279156 -45.475266
v 41.574100 -34.275051 -45.477356
v 41.576366 -34.269882 -45.478699
v 41.581615 -34.264149 -45.478565
v 41.580685 -34.257324 -45.478012
v 41.577988 -34.251163 -45.476414
v 41.573780 -34.246277 -45.473923
v 41.568485 -34.243141 -45.470787
v 41.562611 -34.242062 -45.467308
v 41.556736 -34.243141 -45.463829
v 41.551441 -34.246277 -45.460690
v 41.547234 -34.251163 -45.458199
v 41.544537 -34.257324 -45.456600
v 41.543606 -34.264149 -45.456051
v 41.544537 -34.270973 -45.456600
v 41.547234 -34.277134 -45.458199
v 41.551441 -34.282021 -45.460690
v 41.556736 -34.285156 -45.463829
v 41.562611 -34.286236 -45.467308
v 41.568485 -34.285156 -45.470787
v 41.573780 -34.282021 -45.473923
v 41.577988 -34.277134 -45.476414
v 41.580685 -34.270973 -45.478012
v 41.585224 -34.264149 -45.477402
v 41.584190 -34.256546 -45.476791
v 41.581181 -34.249687 -45.475010
v 41.576500 -34.244244 -45.472237
v 41.570599 -34.240749 -45.468739
v 41.564056 -34.239548 -45.464867
v 41.557518 -34.240749 -45.460991
v 41.551617 -34.244244 -45.457497
v 41.546932 -34.249687 -45.454720
v 41.543926 -34.256546 -45.452942
v 41.542889 -34.264149 -45.452328
v 41.543926 -34.271751 -45.452942
v 41.546932 -34.278610 -45.454720
v 41.551617 -34.284054 -45.457497
v 41.557518 -34.287548 -45.460991
v 41.564056 -34.288750 -45.464867
v 41.570599 -34.287548 -45.468739
v 41.576500 -34.284054 -45.472237
v 41.581181 -34.278610 -45.475010
v 41.584190 -34.271751 -45.476791
v 41.589027 -34.264149 -45.471657
v 41.587978 -34.256439 -45.471035
v 41.584930 -34.249485 -45.469231
v 41.580181 -34.243965 -45.466419
v 41.574196 -34.240421 -45.462875
v 41.567566 -34.239201 -45.458946
v 41.560932 -34.240421 -45.455017
v 41.554947 -34.243965 -45.451473
v 41.550201 -34.249485 -45.448658
v 41.547150 -34.256439 -45.446854
v 41.546101 -34.264149 -45.446232
v 41.547150 -34.271858 -45.446854
v 41.550201 -34.278812 -45.448658
v 41.554947 -34.284332 -45.451473
v 41.560932 -34.287876 -45.455017
v 41.567566 -34.289097 -45.458946
v 41.574196 -34.287876 -45.462875
v 41.580181 -34.284332 -45.466419
v 41.584930 -34.278812 -45.469231
v 41.587978 -34.271858 -45.471035
v 41.585960 -34.264149 -45.476841
v 41.584908 -34.256439 -45.476215
v 41.581860 -34.249485 -45.474411
v 41.577110 -34.243965 -45.471600
v 41.571129 -34.240421 -45.468056
v 41.564495 -34.239201 -45.464127
v 41.557861 -34.240421 -45.460197
v 41.551880 -34.243965 -45.456654
v 41.547131 -34.249485 -45.453838
v 41.544083 -34.256439 -45.452034
v 41.543030 -34.264149 -45.451412
v 41.544083 -34.271858 -45.452034
v 41.547131 -34.278812 -45.453838
v 41.551880 -34.284332 -45.456654
v 41.557861 -34.287876 -45.460197
v 41.564495 -34.289097 -45.464127
v 41.571129 -34.287876 -45.468056
v 41.577110 -34.284332 -45.471600
v 41.581860 -34.278812 -45.474411
v 41.584908 -34.271858 -45.476215
v 41.558487 -35.096226 -45.474266
v 41.562981 -35.096226 -45.476528
v 41.562771 -35.094673 -45.476402
v 41.562157 -35.093277 -45.476040
v 41.561203 -35.092167 -45.475475
v 41.559998 -35.091454 -45.474762
v 41.558662 -35.091209 -45.473972
v 41.557331 -35.091454 -45.473179
v 41.556126 -35.092167 -45.472469
v 41.555172 -35.093277 -45.471901
v 41.554558 -35.094673 -45.471539
v 41.554348 -35.096226 -45.471413
v 41.554558 -35.097775 -45.471539
v 41.555172 -35.099174 -45.471901
v 41.556126 -35.100285 -45.472469
v 41.557331 -35.100998 -45.473179
v 41.558662 -35.101242 -45.473972
v 41.559998 -35.100998 -45.474762
v 41.561203 -35.100285 -45.475475
v 41.562157 -35.099174 -45.476040
v 41.562771 -35.097775 -45.476402
v 41.567684 -35.096226 -45.478127
v 41.567268 -35.093174 -45.477879
v 41.566063 -35.090420 -45.477165
v 41.564182 -35.088234 -45.476051
v 41.561813 -35.086830 -45.474648
v 41.559185 -35.086346 -45.473091
v 41.556557 -35.086830 -45.471535
v 41.554188 -35.088234 -45.470131
v 41.552307 -35.090420 -45.469017
v 41.551102 -35.093174 -45.468304
v 41.550686 -35.096226 -45.468056
v 41.551102 -35.099277 -45.468304
v 41.552307 -35.102032 -45.469017
v 41.554188 -35.104218 -45.470131
v 41.556557 -35.105621 -45.471535
v 41.559185 -35.106106 -45.473091
v 41.561813 -35.105621 -45.474648
v 41.564182 -35.104218 -45.476051
v 41.566063 -35.102032 -45.477165
v 41.567268 -35.099277 -45.477879
v 41.572456 -35.096226 -45.479012
v 41.571850 -35.091763 -45.478653
v 41.570084 -35.087738 -45.477608
v 41.567337 -35.084545 -45.475979
v 41.563873 -35.082493 -45.473930
v 41.560036 -35.081787 -45.471657
v 41.556198 -35.082493 -45.469383
v 41.552734 -35.084545 -45.467331
v 41.549988 -35.087738 -45.465702
v 41.548222 -35.091763 -45.464657
v 41.547615 -35.096226 -45.464298
v 41.548222 -35.100685 -45.464657
v 41.549988 -35.104710 -45.465702
v 41.552734 -35.107906 -45.467331
v 41.556198 -35.109955 -45.469383
v 41.560036 -35.110664 -45.471657
v 41.563873 -35.109955 -45.473930
v 41.567337 -35.107906 -45.475979
v 41.570084 -35.104710 -45.477608
v 41.571850 -35.100685 -45.478653
v 41.577148 -35.096226 -45.479160
v 41.576366 -35.090492 -45.478699
v 41.574100 -35.085323 -45.477356
v 41.570572 -35.081219 -45.475266
v 41.566120 -35.078583 -45.472630
v 41.561188 -35.077675 -45.469707
v 41.556259 -35.078583 -45.466785
v 41.551807 -35.081219 -45.464149
v 41.548279 -35.085323 -45.462059
v 41.546013 -35.090492 -45.460716
v 41.545231 -35.096226 -45.460255
v 41.546013 -35.101959 -45.460716
v 41.548279 -35.107128 -45.462059
v 41.551807 -35.111233 -45.464149
v 41.556259 -35.113869 -45.466785
v 41.561188 -35.114777 -45.469707
v 41.566120 -35.113869 -45.472630
v 41.570572 -35.111233 -45.475266
v 41.574100 -35.107128 -45.477356
v 41.576366 -35.101959 -45.478699
v 41.581615 -35.096226 -45.478565
v 41.580685 -35.089401 -45.478012
v 41.577988 -35.083241 -45.476414
v 41.573780 -35.078354 -45.473923
v 41.568485 -35.075218 -45.470787
v 41.562611 -35.074135 -45.467308
v 41.556736 -35.075218 -45.463829
v 41.551441 -35.078354 -45.460690
v 41.547234 -35.083241 -45.458199
v 41.544537 -35.089401 -45.456600
v 41.543606 -35.096226 -45.456051
v 41.544537 -35.103050 -45.456600
v 41.547234 -35.109207 -45.458199
v 41.551441 -35.114094 -45.460690
v 41.556736 -35.117233 -45.463829
v 41.562611 -35.118313 -45.467308
v 41.568485 -35.117233 -45.470787
v 41.573780 -35.114094 -45.473923
v 41.577988 -35.109207 -45.476414
v 41.580685 -35.103050 -45.478012
v 41.585224 -35.096226 -45.477402
v 41.584190 -35.088623 -45.476791
v 41.581181 -35.081764 -45.475010
v 41.576500 -35.076321 -45.472237
v 41.570599 -35.072826 -45.468739
v 41.564056 -35.071625 -45.464867
v 41.557518 -35.072826 -45.460991
v 41.551617 -35.076321 -45.457497
v 41.546932 -35.081764 -45.454720
v 41.543926 -35.088623 -45.452942
v 41.542889 -35.096226 -45.452328
v 41.543926 -35.103828 -45.452942
v 41.546932 -35.110687 -45.454720
v 41.551617 -35.116131 -45.457497
v 41.557518 -35.119625 -45.460991
v 41.564056 -35.120827 -45.464867
v 41.570599 -35.119625 -45.468739
v 41.576500 -35.116131 -45.472237
v 41.581181 -35.110687 -45.475010
v 41.584190 -35.103828 -45.476791
v 41.589027 -35.096226 -45.471657
v 41.587978 -35.088516 -45.471035
v 41.584930 -35.081562 -45.469231
v 41.580181 -35.076042 -45.466419
v 41.574196 -35.072498 -45.462875
v 41.567566 -35.071278 -45.458946
v 41.560932 -35.072498 -45.455017
v 41.554947 -35.076042 -45.451473
v 41.550201 -35.081562 -45.448658
v 41.547150 -35.088516 -45.446854
v 41.546101 -35.096226 -45.446232
v 41.547150 -35.103935 -45.446854
v 41.550201 -35.110889 -45.448658
v 41.554947 -35.116409 -45.451473
v 41.560932 -35.119949 -45.455017
v 41.567566 -35.121170 -45.458946
v 41.574196 -35.119949 -45.462875
v 41.580181 -35.116409 -45.466419
v 41.584930 -35.110889 -45.469231
v 41.587978 -35.103935 -45.471035
v 41.585960 -35.096226 -45.476841
v 41.584908 -35.088516 -45.476215
v 41.581860 -35.081562 -45.474411
v 41.577110 -35.076042 -45.471600
v 41.571129 -35.072498 -45.468056
v 41.564495 -35.071278 -45.464127
v 41.557861 -35.072498 -45.460197
v 41.551880 -35.076042 -45.456654
v 41.547131 -35.081562 -45.453838
v 41.544083 -35.088516 -45.452034
v 41.543030 -35.096226 -45.451412
v 41.544083 -35.103935 -45.452034
v 41.547131 -35.110889 -45.453838
v 41.551880 -35.116409 -45.456654
v 41.557861 -35.119949 -45.460197
v 41.564495 -35.121170 -45.464127
v 41.571129 -35.119949 -45.468056
v 41.577110 -35.116409 -45.471600
v 41.581860 -35.110889 -45.474411
v 41.584908 -35.103935 -45.476215
v 41.558487 -35.165703 -45.474266
v 41.562981 -35.165703 -45.476528
v 41.562771 -35.164150 -45.476402
v 41.562157 -35.162754 -45.476040
v 41.561203 -35.161644 -45.475475
v 41.559998 -35.160931 -45.474762
v 41.558662 -35.160686 -45.473972
v 41.557331 -35.160931 -45.473179
v 41.556126 -35.161644 -45.472469
v 41.555172 -35.162754 -45.471901
v 41.554558 -35.164150 -45.471539
v 41.554348 -35.165703 -45.471413
v 41.554558 -35.167252 -45.471539
v 41.555172 -35.168652 -45.471901
v 41.556126 -35.169762 -45.472469
v 41.557331 -35.170475 -45.473179
v 41.558662 -35.170719 -45.473972
v 41.559998 -35.170475 -45.474762
v 41.561203 -35.169762 -45.475475
v 41.562157 -35.168652 -45.476040
v 41.562771 -35.167252 -45.476402
v 41.567684 -35.165703 -45.478127
v 41.567268 -35.162647 -45.477879
v 41.566063 -35.159893 -45.477165
v 41.564182 -35.157707 -45.476051
v 41.561813 -35.156307 -45.474648
v 41.559185 -35.155823 -45.473091
v 41.556557 -35.156307 -45.471535
v 41.554188 -35.157707 -45.470131
v 41.552307 -35.159893 -45.469017
v 41.551102 -35.162647 -45.468304
v 41.550686 -35.165703 -45.468056
v 41.551102 -35.168755 -45.468304
v 41.552307 -35.171509 -45.469017
v 41.554188 -35.173695 -45.470131
v 41.556557 -35.175098 -45.471535
v 41.559185 -35.175583 -45.473091
v 41.561813 -35.175098 -45.474648
v 41.564182 -35.173695 -45.476051
v 41.566063 -35.171509 -45.477165
v 41.567268 -35.168755 -45.477879
v 41.572456 -35.165703 -45.479012
v 41.571850 -35.161240 -45.478653
v 41.570084 -35.157215 -45.477608
v 41.567337 -35.154022 -45.475979
v 41.563873 -35.151970 -45.473930
v 41.560036 -35.151264 -45.471657
v 41.556198 -35.151970 -45.469383
v 41.552734 -35.154022 -45.467331
v 41.549988 -35.157215 -45.465702
v 41.548222 -35.161240 -45.464657
v 41.547615 -35.165703 -45.464298
v 41.548222 -35.170162 -45.464657
v 41.549988 -35.174187 -45.465702
v 41.552734 -35.177383 -45.467331
v 41.556198 -35.179432 -45.469383
v 41.560036 -35.180138 -45.471657
v 41.563873 -35.179432 -45.473930
v 41.567337 -35.177383 -45.475979
v 41.570084 -35.174187 -45.477608
v 41.571850 -35.170162 -45.478653
v 41.577148 -35.165703 -45.479160
v 41.576366 -35.159969 -45.478699
v 41.574100 -35.154800 -45.477356
v 41.570572 -35.150696 -45.475266
v 41.566120 -35.148060 -45.472630
v 41.561188 -35.147152 -45.469707
v 41.556259 -35.148060 -45.466785
v 41.551807 -35.150696 -45.464149
v 41.548279 -35.154800 -45.462059
v 41.546013 -35.159969 -45.460716
v 41.545231 -35.165703 -45.460255
v 41.546013 -35.171432 -45.460716
v 41.548279 -35.176605 -45.462059
v 41.551807 -35.180710 -45.464149
v 41.556259 -35.183342 -45.466785
v 41.561188 -35.184250 -45.469707
v 41.566120 -35.183342 -45.472630
v 41.570572 -35.180710 -45.475266
v 41.574100 -35.176605 -45.477356
v 41.576366 -35.171432 -45.478699
v 41.581615 -35.165703 -45.478565
v 41.580685 -35.158875 -45.478012
v 41.577988 -35.152718 -45.476414
v 41.573780 -35.147831 -45.473923
v 41.568485 -35.144695 -45.470787
v 41.562611 -35.143612 -45.467308
v 41.556736 -35.144695 -45.463829
v 41.551441 -35.147831 -45.460690
v 41.547234 -35.152718 -45.458199
v 41.544537 -35.158875 -45.456600
v 41.543606 -35.165703 -45.456051
v 41.544537 -35.172527 -45.456600
v 41.547234 -35.178684 -45.458199
v 41.551441 -35.183571 -45.460690
v 41.556736 -35.186710 -45.463829
v 41.562611 -35.187790 -45.467308
v 41.568485 -35.186710 -45.470787
v 41.573780 -35.183571 -45.473927
v 41.577988 -35.178684 -45.476414
v 41.580685 -35.172527 -45.478012
v 41.585224 -35.165703 -45.477402
v 41.584190 -35.158100 -45.476791
v 41.581181 -35.151241 -45.475010
v 41.576500 -35.145798 -45.472237
v 41.570599 -35.142303 -45.468739
v 41.564056 -35.141098 -45.464867
v 41.557518 -35.142303 -45.460991
v 41.551617 -35.145798 -45.457497
v 41.546932 -35.151241 -45.454720
v 41.543926 -35.158100 -45.452942
v 41.542889 -35.165703 -45.452328
v 41.543926 -35.173306 -45.452942
v 41.546932 -35.180164 -45.454723
v 41.551617 -35.185604 -45.457497
v 41.557518 -35.189098 -45.460991
v 41.564056 -35.190304 -45.464867
v 41.570599 -35.189098 -45.468739
v 41.576500 -35.185604 -45.472237
v 41.581181 -35.180164 -45.475010
v 41.584190 -35.173306 -45.476791
v 41.589027 -35.165703 -45.471657
v 41.587978 -35.157993 -45.471035
v 41.584930 -35.151039 -45.469231
v 41.580181 -35.145519 -45.466419
v 41.574196 -35.141975 -45.462875
v 41.567566 -35.140755 -45.458946
v 41.560932 -35.141975 -45.455017
v 41.554947 -35.145519 -45.451473
v 41.550201 -35.151039 -45.448658
v 41.547150 -35.157993 -45.446854
v 41.546101 -35.165703 -45.446232
v 41.547150 -35.173412 -45.446854
v 41.550201 -35.180367 -45.448658
v 41.554947 -35.185883 -45.451473
v 41.560932 -35.189426 -45.455017
v 41.567566 -35.190647 -45.458946
v 41.574196 -35.189426 -45.462875
v 41.580181 -35.185883 -45.466419
v 41.584930 -35.180367 -45.469231
v 41.587978 -35.173412 -45.471035
v 41.585960 -35.165703 -45.476841
v 41.584908 -35.157993 -45.476215
v 41.581860 -35.151039 -45.474411
v 41.577110 -35.145519 -45.471600
v 41.571129 -35.141975 -45.468056
v 41.564495 -35.140755 -45.464127
v 41.557861 -35.141975 -45.460197
v 41.551880 -35.145519 -45.456654
v 41.547131 -35.151039 -45.453838
v 41.544083 -35.157993 -45.452034
v 41.543030 -35.165703 -45.451412
v 41.544083 -35.173412 -45.452034
v 41.547131 -35.180367 -45.453838
v 41.551880 -35.185883 -45.456654
v 41.557861 -35.189426 -45.460197
v 41.564495 -35.190647 -45.464127
v 41.571129 -35.189426 -45.468056
v 41.577110 -35.185883 -45.471600
v 41.581860 -35.180367 -45.474411
v 41.584908 -35.173412 -45.476215
v 42.485909 -35.165703 -43.908581
v 42.490051 -35.165703 -43.911434
v 42.489838 -35.164150 -43.911308
v 42.489227 -35.162754 -43.910946
v 42.488270 -35.161644 -43.910381
v 42.487068 -35.160931 -43.909668
v 42.485733 -35.160686 -43.908878
v 42.484398 -35.160931 -43.908089
v 42.483196 -35.161644 -43.907375
v 42.482239 -35.162754 -43.906811
v 42.481628 -35.164150 -43.906445
v 42.481415 -35.165703 -43.906322
v 42.481628 -35.167252 -43.906445
v 42.482239 -35.168652 -43.906811
v 42.483196 -35.169762 -43.907375
v 42.484398 -35.170475 -43.908089
v 42.485733 -35.170719 -43.908878
v 42.487068 -35.170475 -43.909668
v 42.488270 -35.169762 -43.910381
v 42.489227 -35.168652 -43.910946
v 42.489838 -35.167252 -43.911308
v 42.493713 -35.165703 -43.914791
v 42.493298 -35.162651 -43.914547
v 42.492088 -35.159897 -43.913830
v 42.490208 -35.157711 -43.912716
v 42.487839 -35.156307 -43.911312
v 42.485210 -35.155823 -43.909760
v 42.482586 -35.156307 -43.908203
v 42.480217 -35.157711 -43.906799
v 42.478333 -35.159897 -43.905685
v 42.477127 -35.162651 -43.904968
v 42.476711 -35.165703 -43.904724
v 42.477127 -35.168755 -43.904968
v 42.478333 -35.171509 -43.905685
v 42.480217 -35.173695 -43.906799
v 42.482586 -35.175098 -43.908203
v 42.485210 -35.175583 -43.909760
v 42.487839 -35.175098 -43.911312
v 42.490208 -35.173695 -43.912716
v 42.492088 -35.171509 -43.913830
v 42.493298 -35.168755 -43.914547
v 42.496784 -35.165703 -43.918552
v 42.496174 -35.161240 -43.918190
v 42.494411 -35.157215 -43.917145
v 42.491661 -35.154022 -43.915520
v 42.488201 -35.151970 -43.913467
v 42.484360 -35.151264 -43.911194
v 42.480522 -35.151970 -43.908920
v 42.477058 -35.154022 -43.906868
v 42.474312 -35.157215 -43.905243
v 42.472546 -35.161240 -43.904194
v 42.471939 -35.165703 -43.903835
v 42.472546 -35.170162 -43.904194
v 42.474312 -35.174187 -43.905243
v 42.477058 -35.177383 -43.906868
v 42.480522 -35.179432 -43.908920
v 42.484360 -35.180141 -43.911194
v 42.488201 -35.179432 -43.913467
v 42.491661 -35.177383 -43.915520
v 42.494411 -35.174187 -43.917145
v 42.496174 -35.170162 -43.918190
v 42.499168 -35.165703 -43.922596
v 42.498386 -35.159969 -43.922134
v 42.496120 -35.154800 -43.920788
v 42.492588 -35.150696 -43.918697
v 42.488140 -35.148060 -43.916061
v 42.483208 -35.147152 -43.913143
v 42.478275 -35.148060 -43.910221
v 42.473827 -35.150696 -43.907585
v 42.470295 -35.154800 -43.905495
v 42.468029 -35.159969 -43.904152
v 42.467247 -35.165703 -43.903687
v 42.468029 -35.171432 -43.904152
v 42.470295 -35.176605 -43.905495
v 42.473827 -35.180710 -43.907585
v 42.478275 -35.183342 -43.910221
v 42.483208 -35.184250 -43.913143
v 42.488140 -35.183342 -43.916061
v 42.492588 -35.180710 -43.918697
v 42.496120 -35.176605 -43.920792
v 42.498386 -35.171432 -43.922134
v 42.500790 -35.165703 -43.926800
v 42.499859 -35.158875 -43.926247
v 42.497162 -35.152718 -43.924648
v 42.492958 -35.147831 -43.922157
v 42.487659 -35.144695 -43.919022
v 42.481785 -35.143612 -43.915543
v 42.475914 -35.144695 -43.912064
v 42.470615 -35.147831 -43.908924
v 42.466412 -35.152718 -43.906433
v 42.463711 -35.158875 -43.904835
v 42.462780 -35.165703 -43.904282
v 42.463711 -35.172527 -43.904835
v 42.466412 -35.178684 -43.906433
v 42.470615 -35.183571 -43.908924
v 42.475914 -35.186710 -43.912064
v 42.481785 -35.187790 -43.915543
v 42.487659 -35.186710 -43.919022
v 42.492958 -35.183571 -43.922157
v 42.497162 -35.178684 -43.924648
v 42.499859 -35.172527 -43.926247
v 42.501507 -35.165703 -43.930523
v 42.500469 -35.158100 -43.929909
v 42.497463 -35.151241 -43.928127
v 42.492783 -35.145798 -43.925354
v 42.486881 -35.142303 -43.921860
v 42.480339 -35.141102 -43.917984
v 42.473797 -35.142303 -43.914108
v 42.467896 -35.145798 -43.910614
v 42.463215 -35.151241 -43.907841
v 42.460209 -35.158100 -43.906059
v 42.459171 -35.165703 -43.905445
v 42.460209 -35.173306 -43.906059
v 42.463215 -35.180164 -43.907841
v 42.467896 -35.185604 -43.910614
v 42.473797 -35.189102 -43.914108
v 42.480339 -35.190304 -43.917984
v 42.486881 -35.189102 -43.921860
v 42.492783 -35.185604 -43.925354
v 42.497463 -35.180164 -43.928127
v 42.500469 -35.173306 -43.929909
v 42.498295 -35.165703 -43.936619
v 42.497246 -35.157993 -43.935997
v 42.494198 -35.151039 -43.934189
v 42.489449 -35.145519 -43.931377
v 42.483463 -35.141975 -43.927834
v 42.476833 -35.140755 -43.923904
v 42.470200 -35.141975 -43.919975
v 42.464214 -35.145519 -43.916431
v 42.459469 -35.151039 -43.913620
v 42.456421 -35.157993 -43.911812
v 42.455368 -35.165703 -43.911190
v 42.456421 -35.173412 -43.911812
v 42.459469 -35.180367 -43.913620
v 42.464214 -35.185883 -43.916431
v 42.470200 -35.189426 -43.919975
v 42.476833 -35.190647 -43.923904
v 42.483463 -35.189426 -43.927834
v 42.489449 -35.185883 -43.931377
v 42.494198 -35.180367 -43.934189
v 42.497246 -35.173412 -43.935997
v 42.501366 -35.165703 -43.931438
v 42.500313 -35.157993 -43.930813
v 42.497265 -35.151039 -43.929008
v 42.492516 -35.145519 -43.926197
v 42.486534 -35.141975 -43.922653
v 42.479900 -35.140755 -43.918724
v 42.473270 -35.141975 -43.914795
v 42.467285 -35.145519 -43.911251
v 42.462536 -35.151039 -43.908436
v 42.459488 -35.157993 -43.906631
v 42.458439 -35.165703 -43.906010
v 42.459488 -35.173412 -43.906631
v 42.462536 -35.180367 -43.908436
v 42.467285 -35.185883 -43.911251
v 42.473270 -35.189426 -43.914795
v 42.479900 -35.190647 -43.918724
v 42.486534 -35.189426 -43.922653
v 42.492516 -35.185883 -43.926197
v 42.497265 -35.180367 -43.929008
v 42.500313 -35.173412 -43.930817
v 42.485909 -35.096226 -43.908581
v 42.490051 -35.096226 -43.911434
v 42.489838 -35.094673 -43.911308
v 42.489227 -35.093277 -43.910946
v 42.488270 -35.092167 -43.910381
v 42.487068 -35.091454 -43.909668
v 42.485733 -35.091209 -43.908878
v 42.484398 -35.091454 -43.908089
v 42.483196 -35.092167 -43.907375
v 42.482239 -35.093277 -43.906811
v 42.481628 -35.094673 -43.906445
v 42.481415 -35.096226 -43.906322
v 42.481628 -35.097775 -43.906445
v 42.482239 -35.099174 -43.906811
v 42.483196 -35.100285 -43.907375
v 42.484398 -35.100998 -43.908089
v 42.485733 -35.101242 -43.908878
v 42.487068 -35.100998 -43.909668
v 42.488270 -35.100285 -43.910381
v 42.489227 -35.099174 -43.910946
v 42.489838 -35.097775 -43.911308
v 42.493713 -35.096226 -43.914791
v 42.493298 -35.093174 -43.914547
v 42.492088 -35.090420 -43.913830
v 42.490208 -35.088234 -43.912716
v 42.487839 -35.086830 -43.911312
v 42.485210 -35.086346 -43.909760
v 42.482586 -35.086830 -43.908203
v 42.480217 -35.088234 -43.906799
v 42.478333 -35.090420 -43.905685
v 42.477127 -35.093174 -43.904968
v 42.476711 -35.096226 -43.904724
v 42.477127 -35.099277 -43.904968
v 42.478333 -35.102032 -43.905685
v 42.480217 -35.104218 -43.906799
v 42.482586 -35.105621 -43.908203
v 42.485210 -35.106106 -43.909760
v 42.487839 -35.105621 -43.911312
v 42.490208 -35.104218 -43.912716
v 42.492088 -35.102032 -43.913830
v 42.493298 -35.099277 -43.914547
v 42.496784 -35.096226 -43.918552
v 42.496174 -35.091763 -43.918190
v 42.494411 -35.087738 -43.917145
v 42.491661 -35.084545 -43.915520
v 42.488201 -35.082493 -43.913467
v 42.484360 -35.081787 -43.911194
v 42.480522 -35.082493 -43.908920
v 42.477058 -35.084545 -43.906868
v 42.474312 -35.087738 -43.905243
v 42.472546 -35.091763 -43.904194
v 42.471939 -35.096226 -43.903835
v 42.472546 -35.100685 -43.904194
v 42.474312 -35.104710 -43.905243
v 42.477058 -35.107906 -43.906868
v 42.480522 -35.109955 -43.908920
v 42.484360 -35.110664 -43.911194
v 42.488201 -35.109955 -43.913467
v 42.491661 -35.107906 -43.915520
v 42.494411 -35.104710 -43.917145
v 42.496174 -35.100685 -43.918190
v 42.499168 -35.096226 -43.922596
v 42.498386 -35.090492 -43.922134
v 42.496120 -35.085323 -43.920788
v 42.492588 -35.081219 -43.918697
v 42.488140 -35.078583 -43.916061
v 42.483208 -35.077675 -43.913143
v 42.478275 -35.078583 -43.910221
v 42.473827 -35.081219 -43.907585
v 42.470295 -35.085323 -43.905495
v 42.468029 -35.090492 -43.904152
v 42.467247 -35.096226 -43.903687
v 42.468029 -35.101959 -43.904152
v 42.470295 -35.107128 -43.905495
v 42.473827 -35.111233 -43.907585
v 42.478275 -35.113869 -43.910221
v 42.483208 -35.114777 -43.913143
v 42.488140 -35.113869 -43.916061
v 42.492588 -35.111233 -43.918697
v 42.496120 -35.107128 -43.920788
v 42.498386 -35.101959 -43.922134
v 42.500790 -35.096226 -43.926800
v 42.499859 -35.089401 -43.926247
v 42.497162 -35.083241 -43.924648
v 42.492958 -35.078354 -43.922157
v 42.487659 -35.075218 -43.919022
v 42.481785 -35.074135 -43.915543
v 42.475914 -35.075218 -43.912064
v 42.470615 -35.078354 -43.908924
v 42.466412 -35.083241 -43.906433
v 42.463711 -35.089401 -43.904835
v 42.462780 -35.096226 -43.904282
v 42.463711 -35.103050 -43.904835
v 42.466412 -35.109207 -43.906433
v 42.470615 -35.114098 -43.908924
v 42.475914 -35.117233 -43.912064
v 42.481785 -35.118313 -43.915543
v 42.487659 -35.117233 -43.919022
v 42.492958 -35.114098 -43.922157
v 42.497162 -35.109207 -43.924648
v 42.499859 -35.103050 -43.926247
v 42.501507 -35.096226 -43.930523
v 42.500469 -35.088623 -43.929909
v 42.497463 -35.081764 -43.928127
v 42.492783 -35.076321 -43.925354
v 42.486881 -35.072826 -43.921860
v 42.480339 -35.071625 -43.917984
v 42.473797 -35.072826 -43.914108
v 42.467896 -35.076321 -43.910614
v 42.463215 -35.081764 -43.907841
v 42.460209 -35.088623 -43.906059
v 42.459171 -35.096226 -43.905445
v 42.460209 -35.103828 -43.906059
v 42.463215 -35.110687 -43.907841
v 42.467896 -35.116131 -43.910614
v 42.473797 -35.119625 -43.914108
v 42.480339 -35.120827 -43.917984
v 42.486881 -35.119625 -43.921860
v 42.492783 -35.116131 -43.925354
v 42.497463 -35.110687 -43.928127
v 42.500469 -35.103828 -43.929909
v 42.498295 -35.096226 -43.936619
v 42.497246 -35.088516 -43.935997
v 42.494198 -35.081562 -43.934189
v 42.489449 -35.076042 -43.931377
v 42.483463 -35.072498 -43.927834
v 42.476833 -35.071278 -43.923904
v 42.470200 -35.072498 -43.919975
v 42.464214 -35.076042 -43.916431
v 42.459469 -35.081562 -43.913620
v 42.456421 -35.088516 -43.911812
v 42.455368 -35.096226 -43.911190
v 42.456421 -35.103935 -43.911812
v 42.459469 -35.110889 -43.913620
v 42.464214 -35.116409 -43.916431
v 42.470200 -35.119949 -43.919975
v 42.476833 -35.121170 -43.923904
v 42.483463 -35.119949 -43.927834
v 42.489449 -35.116409 -43.931377
v 42.494198 -35.110889 -43.934189
v 42.497246 -35.103935 -43.935997
v 42.501366 -35.096226 -43.931438
v 42.500313 -35.088516 -43.930813
v 42.497265 -35.081562 -43.929008
v 42.492516 -35.076042 -43.926197
v 42.486534 -35.072498 -43.922653
v 42.479900 -35.071278 -43.918724
v 42.473270 -35.072498 -43.914795
v 42.467285 -35.076042 -43.911251
v 42.462536 -35.081562 -43.908436
v 42.459488 -35.088516 -43.906631
v 42.458439 -35.096226 -43.906010
v 42.459488 -35.103935 -43.906631
v 42.462536 -35.110889 -43.908436
v 42.467285 -35.116409 -43.911251
v 42.473270 -35.119949 -43.914795
v 42.479900 -35.121170 -43.918724
v 42.486534 -35.119949 -43.922653
v 42.492516 -35.116409 -43.926197
v 42.497265 -35.110889 -43.929008
v 42.500313 -35.103935 -43.930813
v 42.485909 -34.165726 -43.908581
v 42.490051 -34.165726 -43.911434
v 42.489838 -34.164173 -43.911308
v 42.489227 -34.162777 -43.910946
v 42.488270 -34.161667 -43.910381
v 42.487068 -34.160954 -43.909668
v 42.485733 -34.160706 -43.908878
v 42.484398 -34.160954 -43.908089
v 42.483196 -34.161667 -43.907375
v 42.482239 -34.162777 -43.906811
v 42.481628 -34.164173 -43.906445
v 42.481415 -34.165726 -43.906322
v 42.481628 -34.167274 -43.906445
v 42.482239 -34.168674 -43.906811
v 42.483196 -34.169785 -43.907375
v 42.484398 -34.170498 -43.908089
v 42.485733 -34.170742 -43.908878
v 42.487068 -34.170498 -43.909668
v 42.488270 -34.169785 -43.910381
v 42.489227 -34.168674 -43.910946
v 42.489838 -34.167274 -43.911308
v 42.493713 -34.165726 -43.914791
v 42.493298 -34.162670 -43.914547
v 42.492088 -34.159916 -43.913830
v 42.490208 -34.157730 -43.912716
v 42.487839 -34.156330 -43.911312
v 42.485210 -34.155846 -43.909760
v 42.482586 -34.156330 -43.908203
v 42.480217 -34.157730 -43.906799
v 42.478333 -34.159916 -43.905685
v 42.477127 -34.162670 -43.904968
v 42.476711 -34.165726 -43.904724
v 42.477127 -34.168777 -43.904968
v 42.478333 -34.171532 -43.905685
v 42.480217 -34.173717 -43.906799
v 42.482586 -34.175121 -43.908203
v 42.485210 -34.175606 -43.909760
v 42.487839 -34.175121 -43.911312
v 42.490208 -34.173717 -43.912716
v 42.492088 -34.171532 -43.913830
v 42.493298 -34.168777 -43.914547
v 42.496784 -34.165726 -43.918552
v 42.496174 -34.161263 -43.918190
v 42.494411 -34.157238 -43.917145
v 42.491661 -34.154045 -43.915520
v 42.488201 -34.151993 -43.913467
v 42.484360 -34.151287 -43.911194
v 42.480522 -34.151993 -43.908920
v 42.477058 -34.154045 -43.906868
v 42.474312 -34.157238 -43.905243
v 42.472546 -34.161263 -43.904194
v 42.471939 -34.165726 -43.903835
v 42.472546 -34.170185 -43.904194
v 42.474312 -34.174210 -43.905243
v 42.477058 -34.177406 -43.906868
v 42.480522 -34.179455 -43.908920
v 42.484360 -34.180161 -43.911194
v 42.488201 -34.179455 -43.913467
v 42.491661 -34.177406 -43.915520
v 42.494411 -34.174210 -43.917145
v 42.496174 -34.170185 -43.918190
v 42.499168 -34.165726 -43.922596
v 42.498386 -34.159992 -43.922134
v 42.496120 -34.154823 -43.920788
v 42.492588 -34.150719 -43.918697
v 42.488140 -34.148083 -43.916061
v 42.483208 -34.147175 -43.913143
v 42.478275 -34.148083 -43.910221
v 42.473827 -34.150719 -43.907585
v 42.470295 -34.154823 -43.905495
v 42.468029 -34.159992 -43.904152
v 42.467247 -34.165726 -43.903687
v 42.468029 -34.171455 -43.904152
v 42.470295 -34.176628 -43.905495
v 42.473827 -34.180733 -43.907585
v 42.478275 -34.183365 -43.910221
v 42.483208 -34.184273 -43.913143
v 42.488140 -34.183365 -43.916061
v 42.492588 -34.180733 -43.918697
v 42.496120 -34.176628 -43.920788
v 42.498386 -34.171455 -43.922134
v 42.500790 -34.165726 -43.926800
v 42.499859 -34.158897 -43.926247
v 42.497162 -34.152740 -43.924648
v 42.492958 -34.147854 -43.922157
v 42.487659 -34.144718 -43.919022
v 42.481785 -34.143635 -43.915543
v 42.475914 -34.144718 -43.912064
v 42.470615 -34.147854 -43.908924
v 42.466412 -34.152740 -43.906433
v 42.463711 -34.158897 -43.904835
v 42.462780 -34.165726 -43.904282
v 42.463711 -34.172550 -43.904835
v 42.466412 -34.178707 -43.906433
v 42.470615 -34.183594 -43.908924
v 42.475914 -34.186733 -43.912064
v 42.481785 -34.187813 -43.915543
v 42.487659 -34.186733 -43.919022
v 42.492958 -34.183594 -43.922157
v 42.497162 -34.178707 -43.924648
v 42.499859 -34.172550 -43.926247
v 42.501507 -34.165726 -43.930523
v 42.500469 -34.158123 -43.929909
v 42.497463 -34.151264 -43.928127
v 42.492783 -34.145821 -43.925354
v 42.486881 -34.142326 -43.921860
v 42.480339 -34.141121 -43.917984
v 42.473797 -34.142326 -43.914108
v 42.467896 -34.145821 -43.910614
v 42.463215 -34.151264 -43.907841
v 42.460209 -34.158123 -43.906059
v 42.459171 -34.165726 -43.905445
v 42.460209 -34.173328 -43.906059
v 42.463215 -34.180187 -43.907841
v 42.467896 -34.185627 -43.910614
v 42.473797 -34.189121 -43.914108
v 42.480339 -34.190327 -43.917984
v 42.486881 -34.189121 -43.921860
v 42.492783 -34.185627 -43.925354
v 42.497463 -34.180187 -43.928127
v 42.500469 -34.173328 -43.929909
v 42.498295 -34.165726 -43.936619
v 42.497246 -34.158016 -43.935997
v 42.494198 -34.151062 -43.934189
v 42.489449 -34.145542 -43.931377
v 42.483463 -34.141998 -43.927834
v 42.476833 -34.140778 -43.923904
v 42.470200 -34.141998 -43.919975
v 42.464214 -34.145542 -43.916431
v 42.459469 -34.151062 -43.913620
v 42.456421 -34.158016 -43.911812
v 42.455368 -34.165726 -43.911190
v 42.456421 -34.173435 -43.911812
v 42.459469 -34.180389 -43.913620
v 42.464214 -34.185905 -43.916431
v 42.470200 -34.189449 -43.919975
v 42.476833 -34.190670 -43.923904
v 42.483463 -34.189449 -43.927834
v 42.489449 -34.185905 -43.931377
v 42.494198 -34.180389 -43.934189
v 42.497246 -34.173435 -43.935997
v 42.501366 -34.165726 -43.931438
v 42.500313 -34.158016 -43.930813
v 42.497265 -34.151062 -43.929008
v 42.492516 -34.145542 -43.926197
v 42.486534 -34.141998 -43.922653
v 42.479900 -34.140778 -43.918724
v 42.473270 -34.141998 -43.914795
v 42.467285 -34.145542 -43.911251
v 42.462536 -34.151062 -43.908436
v 42.459488 -34.158016 -43.906631
v 42.458439 -34.165726 -43.906010
v 42.459488 -34.173435 -43.906631
v 42.462536 -34.180389 -43.908436
v 42.467285 -34.185905 -43.911251
v 42.473270 -34.189449 -43.914795
v 42.479900 -34.190670 -43.918724
v 42.486534 -34.189449 -43.922653
v 42.492516 -34.185905 -43.926197
v 42.497265 -34.180389 -43.929008
v 42.500313 -34.173435 -43.930813
v 42.485909 -34.264149 -43.908581
v 42.490051 -34.264149 -43.911434
v 42.489838 -34.262600 -43.911308
v 42.489227 -34.261200 -43.910946
v 42.488270 -34.260090 -43.910381
v 42.487068 -34.259377 -43.909668
v 42.485733 -34.259132 -43.908878
v 42.484398 -34.259377 -43.908089
v 42.483196 -34.260090 -43.907375
v 42.482239 -34.261200 -43.906811
v 42.481628 -34.262600 -43.906445
v 42.481415 -34.264149 -43.906322
v 42.481628 -34.265697 -43.906445
v 42.482239 -34.267097 -43.906811
v 42.483196 -34.268208 -43.907375
v 42.484398 -34.268921 -43.908089
v 42.485733 -34.269165 -43.908878
v 42.487068 -34.268921 -43.909668
v 42.488270 -34.268208 -43.910381
v 42.489227 -34.267097 -43.910946
v 42.489838 -34.265697 -43.911308
v 42.493713 -34.264149 -43.914791
v 42.493298 -34.261097 -43.914547
v 42.492088 -34.258343 -43.913830
v 42.490208 -34.256157 -43.912716
v 42.487839 -34.254753 -43.911312
v 42.485210 -34.254269 -43.909760
v 42.482586 -34.254753 -43.908203
v 42.480217 -34.256157 -43.906799
v 42.478333 -34.258343 -43.905685
v 42.477127 -34.261097 -43.904968
v 42.476711 -34.264149 -43.904724
v 42.477127 -34.267200 -43.904968
v 42.478333 -34.269955 -43.905685
v 42.480217 -34.272141 -43.906799
v 42.482586 -34.273544 -43.908203
v 42.485210 -34.274029 -43.909760
v 42.487839 -34.273544 -43.911312
v 42.490208 -34.272141 -43.912716
v 42.492088 -34.269955 -43.913830
v 42.493298 -34.267200 -43.914547
v 42.496784 -34.264149 -43.918552
v 42.496174 -34.259686 -43.918190
v 42.494411 -34.255661 -43.917145
v 42.491661 -34.252468 -43.915520
v 42.488201 -34.250420 -43.913467
v 42.484360 -34.249710 -43.911194
v 42.480522 -34.250420 -43.908920
v 42.477058 -34.252468 -43.906868
v 42.474312 -34.255661 -43.905243
v 42.472546 -34.259686 -43.904194
v 42.471939 -34.264149 -43.903835
v 42.472546 -34.268612 -43.904194
v 42.474312 -34.272636 -43.905243
v 42.477058 -34.275829 -43.906868
v 42.480522 -34.277878 -43.908920
v 42.484360 -34.278587 -43.911194
v 42.488201 -34.277878 -43.913467
v 42.491661 -34.275829 -43.915520
v 42.494411 -34.272636 -43.917145
v 42.496174 -34.268612 -43.918190
v 42.499168 -34.264149 -43.922596
v 42.498386 -34.258415 -43.922134
v 42.496120 -34.253246 -43.920788
v 42.492588 -34.249142 -43.918697
v 42.488140 -34.246506 -43.916061
v 42.483208 -34.245598 -43.913143
v 42.478275 -34.246506 -43.910221
v 42.473827 -34.249142 -43.907585
v 42.470295 -34.253246 -43.905495
v 42.468029 -34.258415 -43.904152
v 42.467247 -34.264149 -43.903687
v 42.468029 -34.269882 -43.904152
v 42.470295 -34.275051 -43.905495
v 42.473827 -34.279156 -43.907585
v 42.478275 -34.281792 -43.910221
v 42.483208 -34.282700 -43.913143
v 42.488140 -34.281792 -43.916061
v 42.492588 -34.279156 -43.918697
v 42.496120 -34.275051 -43.920788
v 42.498386 -34.269882 -43.922134
v 42.500790 -34.264149 -43.926800
v 42.499859 -34.257324 -43.926247
v 42.497162 -34.251163 -43.924648
v 42.492958 -34.246277 -43.922157
v 42.487659 -34.243141 -43.919022
v 42.481785 -34.242062 -43.915543
v 42.475914 -34.243141 -43.912064
v 42.470615 -34.246277 -43.908924
v 42.466412 -34.251163 -43.906433
v 42.463711 -34.257324 -43.904835
v 42.462780 -34.264149 -43.904282
v 42.463711 -34.270973 -43.904835
v 42.466412 -34.277134 -43.906433
v 42.470615 -34.282021 -43.908924
v 42.475914 -34.285156 -43.912064
v 42.481785 -34.286236 -43.915543
v 42.487659 -34.285156 -43.919022
v 42.492958 -34.282021 -43.922157
v 42.497162 -34.277134 -43.924648
v 42.499859 -34.270973 -43.926247
v 42.501507 -34.264149 -43.930523
v 42.500469 -34.256546 -43.929909
v 42.497463 -34.249687 -43.928127
v 42.492783 -34.244244 -43.925354
v 42.486881 -34.240749 -43.921860
v 42.480339 -34.239548 -43.917984
v 42.473797 -34.240749 -43.914108
v 42.467896 -34.244244 -43.910614
v 42.463215 -34.249687 -43.907841
v 42.460209 -34.256546 -43.906059
v 42.459171 -34.264149 -43.905445
v 42.460209 -34.271751 -43.906059
v 42.463215 -34.278610 -43.907841
v 42.467896 -34.284054 -43.910614
v 42.473797 -34.287548 -43.914108
v 42.480339 -34.288750 -43.917984
v 42.486881 -34.287548 -43.921860
v 42.492783 -34.284054 -43.925354
v 42.497463 -34.278610 -43.928127
v 42.500469 -34.271751 -43.929909
v 42.498295 -34.264149 -43.936619
v 42.497246 -34.256439 -43.935997
v 42.494198 -34.249485 -43.934189
v 42.489449 -34.243965 -43.931377
v 42.483463 -34.240421 -43.927834
v 42.476833 -34.239201 -43.923904
v 42.470200 -34.240421 -43.919975
v 42.464214 -34.243965 -43.916431
v 42.459469 -34.249485 -43.913620
v 42.456421 -34.256439 -43.911812
v 42.455368 -34.264149 -43.911190
v 42.456421 -34.271858 -43.911812
v 42.459469 -34.278812 -43.913620
v 42.464214 -34.284332 -43.916431
v 42.470200 -34.287876 -43.919975
v 42.476833 -34.289097 -43.923904
v 42.483463 -34.287876 -43.927834
v 42.489449 -34.284332 -43.931377
v 42.494198 -34.278812 -43.934189
v 42.497246 -34.271858 -43.935997
v 42.501366 -34.264149 -43.931438
v 42.500313 -34.256439 -43.930813
v 42.497265 -34.249485 -43.929008
v 42.492516 -34.243965 -43.926197
v 42.486534 -34.240421 -43.922653
v 42.479900 -34.239201 -43.918724
v 42.473270 -34.240421 -43.914795
v 42.467285 -34.243965 -43.911251
v 42.462536 -34.249485 -43.908436
v 42.459488 -34.256439 -43.906631
v 42.458439 -34.264149 -43.906010
v 42.459488 -34.271858 -43.906631
v 42.462536 -34.278812 -43.908436
v 42.467285 -34.284332 -43.911251
v 42.473270 -34.287876 -43.914795
v 42.479900 -34.289097 -43.918724
v 42.486534 -34.287876 -43.922653
v 42.492516 -34.284332 -43.926197
v 42.497265 -34.278812 -43.929008
v 42.500313 -34.271858 -43.930813
v 41.521305 -34.165726 -45.333355
v 41.519043 -34.165726 -45.337849
v 41.519169 -34.164173 -45.337635
v 41.519531 -34.162777 -45.337025
v 41.520100 -34.161667 -45.336067
v 41.520813 -34.160954 -45.334866
v 41.521603 -34.160706 -45.333530
v 41.522392 -34.160954 -45.332195
v 41.523106 -34.161667 -45.330994
v 41.523670 -34.162777 -45.330040
v 41.524033 -34.164173 -45.329426
v 41.524158 -34.165726 -45.329212
v 41.524033 -34.167274 -45.329426
v 41.523670 -34.168674 -45.330040
v 41.523106 -34.169785 -45.330994
v 41.522392 -34.170498 -45.332195
v 41.521603 -34.170742 -45.333530
v 41.520813 -34.170498 -45.334866
v 41.520100 -34.169785 -45.336067
v 41.519531 -34.168674 -45.337025
v 41.519169 -34.167274 -45.337635
v 41.517445 -34.165726 -45.342552
v 41.517693 -34.162670 -45.342136
v 41.518406 -34.159916 -45.340927
v 41.519520 -34.157730 -45.339046
v 41.520924 -34.156330 -45.336678
v 41.522480 -34.155846 -45.334053
v 41.524036 -34.156330 -45.331425
v 41.525440 -34.157730 -45.329056
v 41.526554 -34.159916 -45.327175
v 41.527271 -34.162670 -45.325966
v 41.527515 -34.165726 -45.325550
v 41.527271 -34.168777 -45.325966
v 41.526554 -34.171532 -45.327175
v 41.525440 -34.173717 -45.329056
v 41.524036 -34.175121 -45.331425
v 41.522480 -34.175606 -45.334053
v 41.520924 -34.175121 -45.336678
v 41.519520 -34.173717 -45.339046
v 41.518406 -34.171532 -45.340927
v 41.517693 -34.168777 -45.342136
v 41.516560 -34.165726 -45.347324
v 41.516918 -34.161263 -45.346718
v 41.517963 -34.157238 -45.344952
v 41.519592 -34.154045 -45.342205
v 41.521645 -34.151993 -45.338741
v 41.523918 -34.151287 -45.334904
v 41.526192 -34.151993 -45.331062
v 41.528240 -34.154045 -45.327602
v 41.529869 -34.157238 -45.324852
v 41.530914 -34.161263 -45.323090
v 41.531277 -34.165726 -45.322479
v 41.530914 -34.170185 -45.323090
v 41.529869 -34.174210 -45.324852
v 41.528240 -34.177406 -45.327602
v 41.526192 -34.179455 -45.331062
v 41.523918 -34.180161 -45.334904
v 41.521645 -34.179455 -45.338741
v 41.519592 -34.177406 -45.342205
v 41.517963 -34.174210 -45.344952
v 41.516918 -34.170185 -45.346718
v 41.516411 -34.165726 -45.352016
v 41.516872 -34.159992 -45.351234
v 41.518215 -34.154823 -45.348969
v 41.520309 -34.150719 -45.345436
v 41.522942 -34.148083 -45.340988
v 41.525864 -34.147175 -45.336056
v 41.528786 -34.148083 -45.331123
v 41.531422 -34.150719 -45.326675
v 41.533512 -34.154823 -45.323143
v 41.534855 -34.159992 -45.320877
v 41.535316 -34.165726 -45.320095
v 41.534855 -34.171455 -45.320877
v 41.533512 -34.176628 -45.323143
v 41.531422 -34.180733 -45.326675
v 41.528786 -34.183365 -45.331123
v 41.525864 -34.184273 -45.336056
v 41.522942 -34.183365 -45.340988
v 41.520309 -34.180733 -45.345436
v 41.518215 -34.176628 -45.348969
v 41.516872 -34.171455 -45.351234
v 41.517006 -34.165726 -45.356483
v 41.517559 -34.158897 -45.355553
v 41.519157 -34.152740 -45.352852
v 41.521648 -34.147854 -45.348648
v 41.524784 -34.144718 -45.343349
v 41.528263 -34.143635 -45.337479
v 41.531742 -34.144718 -45.331604
v 41.534882 -34.147854 -45.326305
v 41.537373 -34.152740 -45.322102
v 41.538971 -34.158897 -45.319401
v 41.539520 -34.165726 -45.318474
v 41.538971 -34.172550 -45.319401
v 41.537373 -34.178707 -45.322102
v 41.534882 -34.183594 -45.326305
v 41.531742 -34.186733 -45.331604
v 41.528263 -34.187813 -45.337479
v 41.524784 -34.186733 -45.343349
v 41.521648 -34.183594 -45.348648
v 41.519157 -34.178707 -45.352852
v 41.517559 -34.172550 -45.355553
v 41.518169 -34.165726 -45.360092
v 41.518784 -34.158123 -45.359055
v 41.520565 -34.151264 -45.356049
v 41.523338 -34.145821 -45.351368
v 41.526833 -34.142326 -45.345467
v 41.530708 -34.141121 -45.338924
v 41.534580 -34.142326 -45.332382
v 41.538078 -34.145821 -45.326481
v 41.540852 -34.151264 -45.321800
v 41.542633 -34.158123 -45.318794
v 41.543243 -34.165726 -45.317757
v 41.542633 -34.173328 -45.318794
v 41.540852 -34.180187 -45.321800
v 41.538078 -34.185627 -45.326481
v 41.534580 -34.189121 -45.332382
v 41.530708 -34.190327 -45.338924
v 41.526833 -34.189121 -45.345467
v 41.523338 -34.185627 -45.351368
v 41.520565 -34.180187 -45.356049
v 41.518784 -34.173328 -45.359055
v 41.523914 -34.165726 -45.363895
v 41.524536 -34.158016 -45.362843
v 41.526340 -34.151062 -45.359795
v 41.529156 -34.145542 -45.355049
v 41.532700 -34.141998 -45.349064
v 41.536629 -34.140778 -45.342430
v 41.540558 -34.141998 -45.335800
v 41.544102 -34.145542 -45.329815
v 41.546913 -34.151062 -45.325066
v 41.548717 -34.158016 -45.322018
v 41.549339 -34.165726 -45.320969
v 41.548717 -34.173435 -45.322018
v 41.546913 -34.180389 -45.325066
v 41.544102 -34.185905 -45.329815
v 41.540558 -34.189449 -45.335800
v 41.536629 -34.190670 -45.342430
v 41.532700 -34.189449 -45.349064
v 41.529156 -34.185905 -45.355049
v 41.526340 -34.180389 -45.359795
v 41.524536 -34.173435 -45.362843
v 41.518734 -34.165726 -45.360825
v 41.519356 -34.158016 -45.359776
v 41.521160 -34.151062 -45.356728
v 41.523975 -34.145542 -45.351978
v 41.527519 -34.141998 -45.345997
v 41.531448 -34.140778 -45.339363
v 41.535378 -34.141998 -45.332729
v 41.538921 -34.145542 -45.326748
v 41.541733 -34.151062 -45.321999
v 41.543537 -34.158016 -45.318951
v 41.544159 -34.165726 -45.317898
v 41.543537 -34.173435 -45.318951
v 41.541733 -34.180389 -45.321999
v 41.538921 -34.185905 -45.326748
v 41.535378 -34.189449 -45.332729
v 41.531448 -34.190670 -45.339363
v 41.527519 -34.189449 -45.345997
v 41.523975 -34.185905 -45.351978
v 41.521160 -34.180389 -45.356728
v 41.519356 -34.173435 -45.359776
v 41.521305 -34.338860 -45.333355
v 41.519043 -34.338860 -45.337849
v 41.519169 -34.337311 -45.337635
v 41.519531 -34.335911 -45.337025
v 41.520100 -34.334801 -45.336067
v 41.520813 -34.334087 -45.334866
v 41.521603 -34.333843 -45.333530
v 41.522392 -34.334087 -45.332195
v 41.523106 -34.334801 -45.330994
v 41.523670 -34.335911 -45.330040
v 41.524033 -34.337311 -45.329426
v 41.524158 -34.338860 -45.329212
v 41.524033 -34.340412 -45.329426
v 41.523670 -34.341808 -45.330040
v 41.523106 -34.342918 -45.330994
v 41.522392 -34.343632 -45.332195
v 41.521603 -34.343880 -45.333530
v 41.520813 -34.343632 -45.334866
v 41.520100 -34.342918 -45.336067
v 41.519531 -34.341808 -45.337025
v 41.519169 -34.340412 -45.337635
v 41.517445 -34.338860 -45.342552
v 41.517693 -34.335808 -45.342136
v 41.518406 -34.333054 -45.340927
v 41.519520 -34.330868 -45.339046
v 41.520924 -34.329464 -45.336678
v 41.522480 -34.328979 -45.334053
v 41.524036 -34.329464 -45.331425
v 41.525440 -34.330868 -45.329056
v 41.526554 -34.333054 -45.327175
v 41.527271 -34.335808 -45.325966
v 41.527515 -34.338860 -45.325550
v 41.527271 -34.341915 -45.325966
v 41.526554 -34.344669 -45.327175
v 41.525440 -34.346855 -45.329056
v 41.524036 -34.348255 -45.331425
v 41.522480 -34.348740 -45.334053
v 41.520924 -34.348255 -45.336678
v 41.519520 -34.346855 -45.339046
v 41.518406 -34.344669 -45.340927
v 41.517693 -34.341915 -45.342136
v 41.516560 -34.338860 -45.347324
v 41.516918 -34.334400 -45.346718
v 41.517963 -34.330376 -45.344952
v 41.519592 -34.327179 -45.342205
v 41.521645 -34.325130 -45.338741
v 41.523918 -34.324425 -45.334904
v 41.526192 -34.325130 -45.331062
v 41.528240 -34.327179 -45.327602
v 41.529869 -34.330376 -45.324852
v 41.530914 -34.334400 -45.323090
v 41.531277 -34.338860 -45.322479
v 41.530914 -34.343323 -45.323090
v 41.529869 -34.347347 -45.324852
v 41.528240 -34.350540 -45.327602
v 41.526192 -34.352592 -45.331062
v 41.523918 -34.353298 -45.334904
v 41.521645 -34.352592 -45.338741
v 41.519592 -34.350540 -45.342205
v 41.517963 -34.347347 -45.344952
v 41.516918 -34.343323 -45.346718
v 41.516411 -34.338860 -45.352016
v 41.516872 -34.333130 -45.351234
v 41.518215 -34.327957 -45.348969
v 41.520309 -34.323853 -45.345436
v 41.522942 -34.321220 -45.340988
v 41.525864 -34.320312 -45.336056
v 41.528786 -34.321220 -45.331123
v 41.531422 -34.323853 -45.326675
v 41.533512 -34.327957 -45.323143
v 41.534855 -34.333130 -45.320877
v 41.535316 -34.338860 -45.320095
v 41.534855 -34.344593 -45.320877
v 41.533512 -34.349762 -45.323143
v 41.531422 -34.353867 -45.326675
v 41.528786 -34.356503 -45.331123
v 41.525864 -34.357410 -45.336056
v 41.522942 -34.356503 -45.340988
v 41.520309 -34.353867 -45.345436
v 41.518215 -34.349762 -45.348969
v 41.516872 -34.344593 -45.351234
v 41.517006 -34.338860 -45.356483
v 41.517559 -34.332035 -45.355553
v 41.519157 -34.325878 -45.352852
v 41.521648 -34.320992 -45.348648
v 41.524784 -34.317852 -45.343349
v 41.528263 -34.316772 -45.337479
v 41.531742 -34.317852 -45.331604
v 41.534882 -34.320992 -45.326305
v 41.537373 -34.325878 -45.322102
v 41.538971 -34.332035 -45.319401
v 41.539520 -34.338860 -45.318474
v 41.538971 -34.345688 -45.319401
v 41.537373 -34.351845 -45.322102
v 41.534882 -34.356731 -45.326305
v 41.531742 -34.359867 -45.331604
v 41.528263 -34.360950 -45.337479
v 41.524784 -34.359867 -45.343349
v 41.521648 -34.356731 -45.348648
v 41.519157 -34.351845 -45.352852
v 41.517559 -34.345688 -45.355553
v 41.518169 -34.338860 -45.360092
v 41.518784 -34.331257 -45.359055
v 41.520565 -34.324398 -45.356049
v 41.523338 -34.318958 -45.351368
v 41.526833 -34.315464 -45.345467
v 41.530708 -34.314259 -45.338924
v 41.534580 -34.315464 -45.332382
v 41.538078 -34.318958 -45.326481
v 41.540852 -34.324398 -45.321800
v 41.542633 -34.331257 -45.318794
v 41.543243 -34.338860 -45.317757
v 41.542633 -34.346462 -45.318794
v 41.540852 -34.353321 -45.321800
v 41.538078 -34.358765 -45.326481
v 41.534580 -34.362259 -45.332382
v 41.530708 -34.363464 -45.338924
v 41.526833 -34.362259 -45.345467
v 41.523338 -34.358765 -45.351368
v 41.520565 -34.353321 -45.356049
v 41.518784 -34.346462 -45.359055
v 41.523914 -34.338860 -45.363895
v 41.524536 -34.331150 -45.362843
v 41.526340 -34.324196 -45.359795
v 41.529156 -34.318680 -45.355049
v 41.532700 -34.315136 -45.349064
v 41.536629 -34.313915 -45.342430
v 41.540558 -34.315136 -45.335800
v 41.544102 -34.318680 -45.329815
v 41.546913 -34.324196 -45.325066
v 41.548717 -34.331150 -45.322018
v 41.549339 -34.338860 -45.320969
v 41.548717 -34.346569 -45.322018
v 41.546913 -34.353523 -45.325066
v 41.544102 -34.359043 -45.329815
v 41.540558 -34.362587 -45.335800
v 41.536629 -34.363808 -45.342430
v 41.532700 -34.362587 -45.349064
v 41.529156 -34.359043 -45.355049
v 41.526340 -34.353523 -45.359795
v 41.524536 -34.346569 -45.362843
v 41.518734 -34.338860 -45.360825
v 41.519356 -34.331150 -45.359776
v 41.521160 -34.324196 -45.356728
v 41.523975 -34.318680 -45.351978
v 41.527519 -34.315136 -45.345997
v 41.531448 -34.313915 -45.339363
v 41.535378 -34.315136 -45.332729
v 41.538921 -34.318680 -45.326748
v 41.541733 -34.324196 -45.321999
v 41.543537 -34.331150 -45.318951
v 41.544159 -34.338860 -45.317898
v 41.543537 -34.346569 -45.318951
v 41.541733 -34.353523 -45.321999
v 41.538921 -34.359043 -45.326748
v 41.535378 -34.362587 -45.332729
v 41.531448 -34.363808 -45.339363
v 41.527519 -34.362587 -45.345997
v 41.523975 -34.359043 -45.351978
v 41.521160 -34.353523 -45.356728
v 41.519356 -34.346569 -45.359776
v 42.321358 -34.338860 -43.943359
v 42.319099 -34.338860 -43.947853
v 42.319225 -34.337311 -43.947639
v 42.319588 -34.335911 -43.947025
v 42.320152 -34.334801 -43.946072
v 42.320866 -34.334087 -43.944870
v 42.321655 -34.333843 -43.943535
v 42.322445 -34.334087 -43.942200
v 42.323158 -34.334801 -43.940998
v 42.323723 -34.335911 -43.940041
v 42.324089 -34.337311 -43.939430
v 42.324211 -34.338860 -43.939217
v 42.324089 -34.340412 -43.939430
v 42.323723 -34.341808 -43.940041
v 42.323158 -34.342918 -43.940998
v 42.322445 -34.343632 -43.942200
v 42.321655 -34.343880 -43.943535
v 42.320866 -34.343632 -43.944870
v 42.320152 -34.342918 -43.946072
v 42.319588 -34.341808 -43.947025
v 42.319225 -34.340412 -43.947639
v 42.317501 -34.338860 -43.952557
v 42.317745 -34.335808 -43.952141
v 42.318462 -34.333054 -43.950932
v 42.319576 -34.330868 -43.949051
v 42.320980 -34.329464 -43.946682
v 42.322536 -34.328979 -43.944054
v 42.324093 -34.329464 -43.941429
v 42.325497 -34.330868 -43.939060
v 42.326611 -34.333054 -43.937180
v 42.327324 -34.335808 -43.935970
v 42.327572 -34.338860 -43.935555
v 42.327324 -34.341915 -43.935970
v 42.326611 -34.344669 -43.937180
v 42.325497 -34.346855 -43.939060
v 42.324093 -34.348255 -43.941429
v 42.322536 -34.348740 -43.944054
v 42.320980 -34.348255 -43.946682
v 42.319576 -34.346855 -43.949051
v 42.318462 -34.344669 -43.950932
v 42.317745 -34.341915 -43.952141
v 42.316612 -34.338860 -43.957329
v 42.316975 -34.334400 -43.956718
v 42.318020 -34.330376 -43.954956
v 42.319645 -34.327179 -43.952206
v 42.321697 -34.325130 -43.948746
v 42.323971 -34.324425 -43.944904
v 42.326244 -34.325130 -43.941067
v 42.328297 -34.327179 -43.937603
v 42.329926 -34.330376 -43.934856
v 42.330971 -34.334400 -43.933090
v 42.331329 -34.338860 -43.932484
v 42.330971 -34.343323 -43.933090
v 42.329926 -34.347347 -43.934856
v 42.328297 -34.350540 -43.937603
v 42.326244 -34.352592 -43.941067
v 42.323971 -34.353298 -43.944904
v 42.321697 -34.352592 -43.948746
v 42.319645 -34.350540 -43.952206
v 42.318020 -34.347347 -43.954956
v 42.316975 -34.343323 -43.956718
v 42.316467 -34.338860 -43.962021
v 42.316929 -34.333130 -43.961239
v 42.318272 -34.327957 -43.958973
v 42.320362 -34.323853 -43.955441
v 42.322998 -34.321220 -43.950993
v 42.325920 -34.320312 -43.946060
v 42.328842 -34.321220 -43.941128
v 42.331474 -34.323853 -43.936680
v 42.333569 -34.327957 -43.933147
v 42.334911 -34.333130 -43.930882
v 42.335373 -34.338860 -43.930099
v 42.334911 -34.344593 -43.930882
v 42.333569 -34.349762 -43.933147
v 42.331474 -34.353867 -43.936680
v 42.328842 -34.356503 -43.941128
v 42.325920 -34.357410 -43.946060
v 42.322998 -34.356503 -43.950993
v 42.320362 -34.353867 -43.955441
v 42.318272 -34.349762 -43.958973
v 42.316929 -34.344593 -43.961239
v 42.317062 -34.338860 -43.966488
v 42.317612 -34.332035 -43.965557
v 42.319210 -34.325878 -43.962856
v 42.321701 -34.320992 -43.958652
v 42.324841 -34.317852 -43.953354
v 42.328320 -34.316772 -43.947479
v 42.331799 -34.317852 -43.941608
v 42.334934 -34.320992 -43.936310
v 42.337425 -34.325878 -43.932106
v 42.339024 -34.332035 -43.929405
v 42.339577 -34.338860 -43.928474
v 42.339024 -34.345688 -43.929405
v 42.337425 -34.351845 -43.932106
v 42.334934 -34.356731 -43.936310
v 42.331799 -34.359867 -43.941608
v 42.328320 -34.360950 -43.947479
v 42.324841 -34.359867 -43.953354
v 42.321701 -34.356731 -43.958652
v 42.319210 -34.351845 -43.962856
v 42.317612 -34.345688 -43.965557
v 42.318222 -34.338860 -43.970097
v 42.318836 -34.331257 -43.969059
v 42.320618 -34.324398 -43.966053
v 42.323391 -34.318958 -43.961369
v 42.326885 -34.315464 -43.955471
v 42.330761 -34.314259 -43.948929
v 42.334637 -34.315464 -43.942387
v 42.338131 -34.318958 -43.936485
v 42.340904 -34.324398 -43.931805
v 42.342686 -34.331257 -43.928795
v 42.343300 -34.338860 -43.927761
v 42.342686 -34.346462 -43.928795
v 42.340904 -34.353321 -43.931805
v 42.338131 -34.358765 -43.936485
v 42.334637 -34.362259 -43.942387
v 42.330761 -34.363464 -43.948929
v 42.326885 -34.362259 -43.955471
v 42.323391 -34.358765 -43.961369
v 42.320618 -34.353321 -43.966053
v 42.318836 -34.346462 -43.969059
v 42.323967 -34.338860 -43.973900
v 42.324589 -34.331150 -43.972847
v 42.326397 -34.324196 -43.969799
v 42.329208 -34.318680 -43.965050
v 42.332752 -34.315136 -43.959068
v 42.336681 -34.313915 -43.952435
v 42.340611 -34.315136 -43.945801
v 42.344154 -34.318680 -43.939819
v 42.346966 -34.324196 -43.935070
v 42.348774 -34.331150 -43.932022
v 42.349396 -34.338860 -43.930969
v 42.348774 -34.346569 -43.932022
v 42.346966 -34.353523 -43.935070
v 42.344154 -34.359043 -43.939819
v 42.340611 -34.362587 -43.945801
v 42.336681 -34.363808 -43.952435
v 42.332752 -34.362587 -43.959068
v 42.329208 -34.359043 -43.965050
v 42.326397 -34.353523 -43.969799
v 42.324589 -34.346569 -43.972847
v 42.318787 -34.338860 -43.970829
v 42.319408 -34.331150 -43.969780
v 42.321217 -34.324196 -43.966732
v 42.324028 -34.318680 -43.961983
v 42.327572 -34.315136 -43.955997
v 42.331501 -34.313915 -43.949368
v 42.335430 -34.315136 -43.942734
v 42.338974 -34.318680 -43.936749
v 42.341785 -34.324196 -43.932003
v 42.343594 -34.331150 -43.928955
v 42.344215 -34.338860 -43.927902
v 42.343594 -34.346569 -43.928955
v 42.341785 -34.353523 -43.932003
v 42.338974 -34.359043 -43.936749
v 42.335430 -34.362587 -43.942734
v 42.331501 -34.363808 -43.949368
v 42.327572 -34.362587 -43.955997
v 42.324028 -34.359043 -43.961983
v 42.321217 -34.353523 -43.966732
v 42.319408 -34.346569 -43.969780
v 42.321358 -34.165726 -43.943359
v 42.319099 -34.165726 -43.947853
v 42.319225 -34.164173 -43.947639
v 42.319588 -34.162777 -43.947025
v 42.320152 -34.161667 -43.946072
v 42.320866 -34.160954 -43.944870
v 42.321655 -34.160706 -43.943535
v 42.322445 -34.160954 -43.942200
v 42.323158 -34.161667 -43.940998
v 42.323723 -34.162777 -43.940041
v 42.324089 -34.164173 -43.939430
v 42.324211 -34.165726 -43.939217
v 42.324089 -34.167274 -43.939430
v 42.323723 -34.168674 -43.940041
v 42.323158 -34.169785 -43.940998
v 42.322445 -34.170498 -43.942200
v 42.321655 -34.170742 -43.943535
v 42.320866 -34.170498 -43.944870
v 42.320152 -34.169785 -43.946072
v 42.319588 -34.168674 -43.947025
v 42.319225 -34.167274 -43.947639
v 42.317501 -34.165726 -43.952557
v 42.317745 -34.162670 -43.952141
v 42.318462 -34.159916 -43.950932
v 42.319576 -34.157730 -43.949051
v 42.320980 -34.156330 -43.946682
v 42.322536 -34.155846 -43.944054
v 42.324093 -34.156330 -43.941429
v 42.325497 -34.157730 -43.939060
v 42.326611 -34.159916 -43.937180
v 42.327324 -34.162670 -43.935970
v 42.327572 -34.165726 -43.935555
v 42.327324 -34.168777 -43.935970
v 42.326611 -34.171532 -43.937180
v 42.325497 -34.173717 -43.939060
v 42.324093 -34.175121 -43.941429
v 42.322536 -34.175606 -43.944054
v 42.320980 -34.175121 -43.946682
v 42.319576 -34.173717 -43.949051
v 42.318462 -34.171532 -43.950932
v 42.317745 -34.168777 -43.952141
v 42.316612 -34.165726 -43.957329
v 42.316975 -34.161263 -43.956718
v 42.318020 -34.157238 -43.954956
v 42.319645 -34.154045 -43.952206
v 42.321697 -34.151993 -43.948746
v 42.323971 -34.151287 -43.944904
v 42.326244 -34.151993 -43.941067
v 42.328297 -34.154045 -43.937603
v 42.329926 -34.157238 -43.934856
v 42.330971 -34.161263 -43.933090
v 42.331329 -34.165726 -43.932484
v 42.330971 -34.170185 -43.933090
v 42.329926 -34.174210 -43.934856
v 42.328297 -34.177406 -43.937603
v 42.326244 -34.179455 -43.941067
v 42.323971 -34.180161 -43.944904
v 42.321697 -34.179455 -43.948746
v 42.319645 -34.177406 -43.952206
v 42.318020 -34.174210 -43.954956
v 42.316975 -34.170185 -43.956718
v 42.316467 -34.165726 -43.962021
v 42.316929 -34.159992 -43.961239
v 42.318272 -34.154823 -43.958973
v 42.320362 -34.150719 -43.955441
v 42.322998 -34.148083 -43.950993
v 42.325920 -34.147175 -43.946060
v 42.328842 -34.148083 -43.941128
v 42.331474 -34.150719 -43.936680
v 42.333569 -34.154823 -43.933147
v 42.334911 -34.159992 -43.930882
v 42.335373 -34.165726 -43.930099
v 42.334911 -34.171455 -43.930882
v 42.333569 -34.176628 -43.933147
v 42.331474 -34.180733 -43.936680
v 42.328842 -34.183365 -43.941128
v 42.325920 -34.184273 -43.946060
v 42.322998 -34.183365 -43.950993
v 42.320362 -34.180733 -43.955441
v 42.318272 -34.176628 -43.958973
v 42.316929 -34.171455 -43.961239
v 42.317062 -34.165726 -43.966488
v 42.317612 -34.158897 -43.965557
v 42.319210 -34.152740 -43.962856
v 42.321701 -34.147854 -43.958652
v 42.324841 -34.144718 -43.953354
v 42.328320 -34.143635 -43.947479
v 42.331799 -34.144718 -43.941608
v 42.334934 -34.147854 -43.936310
v 42.337425 -34.152740 -43.932106
v 42.339024 -34.158897 -43.929405
v 42.339577 -34.165726 -43.928474
v 42.339024 -34.172550 -43.929405
v 42.337425 -34.178707 -43.932106
v 42.334934 -34.183594 -43.936310
v 42.331799 -34.186733 -43.941608
v 42.328320 -34.187813 -43.947479
v 42.324841 -34.186733 -43.953354
v 42.321701 -34.183594 -43.958652
v 42.319210 -34.178707 -43.962856
v 42.317612 -34.172550 -43.965557
v 42.318222 -34.165726 -43.970097
v 42.318836 -34.158123 -43.969059
v 42.320618 -34.151264 -43.966053
v 42.323391 -34.145821 -43.961369
v 42.326885 -34.142326 -43.955471
v 42.330761 -34.141121 -43.948929
v 42.334637 -34.142326 -43.942387
v 42.338131 -34.145821 -43.936485
v 42.340904 -34.151264 -43.931805
v 42.342686 -34.158123 -43.928795
v 42.343300 -34.165726 -43.927761
v 42.342686 -34.173328 -43.928795
v 42.340904 -34.180187 -43.931805
v 42.338131 -34.185627 -43.936485
v 42.334637 -34.189121 -43.942387
v 42.330761 -34.190327 -43.948929
v 42.326885 -34.189121 -43.955471
v 42.323391 -34.185627 -43.961369
v 42.320618 -34.180187 -43.966053
v 42.318836 -34.173328 -43.969059
v 42.323967 -34.165726 -43.973900
v 42.324589 -34.158016 -43.972847
v 42.326397 -34.151062 -43.969799
v 42.329208 -34.145542 -43.965050
v 42.332752 -34.141998 -43.959068
v 42.336681 -34.140778 -43.952435
v 42.340611 -34.141998 -43.945801
v 42.344154 -34.145542 -43.939819
v 42.346966 -34.151062 -43.935070
v 42.348774 -34.158016 -43.932022
v 42.349396 -34.165726 -43.930969
v 42.348774 -34.173435 -43.932022
v 42.346966 -34.180389 -43.935070
v 42.344154 -34.185905 -43.939819
v 42.340611 -34.189449 -43.945801
v 42.336681 -34.190670 -43.952435
v 42.332752 -34.189449 -43.959068
v 42.329208 -34.185905 -43.965050
v 42.326397 -34.180389 -43.969799
v 42.324589 -34.173435 -43.972847
v 42.318787 -34.165726 -43.970829
v 42.319408 -34.158016 -43.969780
v 42.321217 -34.151062 -43.966732
v 42.324028 -34.145542 -43.961983
v 42.327572 -34.141998 -43.955997
v 42.331501 -34.140778 -43.949368
v 42.335430 -34.141998 -43.942734
v 42.338974 -34.145542 -43.936749
v 42.341785 -34.151062 -43.932003
v 42.343594 -34.158016 -43.928955
v 42.344215 -34.165726 -43.927902
v 42.343594 -34.173435 -43.928955
v 42.341785 -34.180389 -43.932003
v 42.338974 -34.185905 -43.936749
v 42.335430 -34.189449 -43.942734
v 42.331501 -34.190670 -43.949368
v 42.327572 -34.189449 -43.955997
v 42.324028 -34.185905 -43.961983
v 42.321217 -34.180389 -43.966732
v 42.319408 -34.173435 -43.969780
v 42.329224 -33.744759 -43.930084
v 42.326962 -33.744759 -43.934574
v 42.327087 -33.743206 -43.934364
v 42.327450 -33.741810 -43.933750
v 42.328018 -33.740700 -43.932796
v 42.328728 -33.739986 -43.931591
v 42.329521 -33.739738 -43.930260
v 42.330311 -33.739986 -43.928925
v 42.331024 -33.740700 -43.927723
v 42.331589 -33.741810 -43.926765
v 42.331951 -33.743206 -43.926155
v 42.332077 -33.744759 -43.925941
v 42.331951 -33.746307 -43.926155
v 42.331589 -33.747707 -43.926765
v 42.331024 -33.748817 -43.927723
v 42.330311 -33.749531 -43.928925
v 42.329521 -33.749775 -43.930260
v 42.328728 -33.749531 -43.931591
v 42.328018 -33.748817 -43.932796
v 42.327450 -33.747707 -43.933750
v 42.327087 -33.746307 -43.934364
v 42.325363 -33.744759 -43.939281
v 42.325611 -33.741703 -43.938866
v 42.326324 -33.738949 -43.937656
v 42.327438 -33.736763 -43.935776
v 42.328842 -33.735363 -43.933407
v 42.330399 -33.734879 -43.930779
v 42.331955 -33.735363 -43.928154
v 42.333359 -33.736763 -43.925785
v 42.334473 -33.738949 -43.923904
v 42.335190 -33.741703 -43.922695
v 42.335434 -33.744759 -43.922279
v 42.335190 -33.747810 -43.922695
v 42.334473 -33.750565 -43.923904
v 42.333359 -33.752750 -43.925785
v 42.331955 -33.754154 -43.928154
v 42.330399 -33.754639 -43.930779
v 42.328842 -33.754154 -43.933407
v 42.327438 -33.752750 -43.935776
v 42.326324 -33.750565 -43.937656
v 42.325611 -33.747810 -43.938866
v 42.324478 -33.744759 -43.944054
v 42.324837 -33.740295 -43.943443
v 42.325882 -33.736271 -43.941681
v 42.327511 -33.733078 -43.938931
v 42.329563 -33.731026 -43.935471
v 42.331837 -33.730320 -43.931629
v 42.334110 -33.731026 -43.927792
v 42.336159 -33.733078 -43.924328
v 42.337788 -33.736271 -43.921581
v 42.338833 -33.740295 -43.919815
v 42.339191 -33.744759 -43.919209
v 42.338833 -33.749218 -43.919815
v 42.337788 -33.753242 -43.921581
v 42.336159 -33.756439 -43.924328
v 42.334110 -33.758488 -43.927792
v 42.331837 -33.759193 -43.931629
v 42.329563 -33.758488 -43.935471
v 42.327511 -33.756439 -43.938931
v 42.325882 -33.753242 -43.941681
v 42.324837 -33.749218 -43.943443
v 42.324329 -33.744759 -43.948746
v 42.324791 -33.739025 -43.947964
v 42.326134 -33.733856 -43.945694
v 42.328228 -33.729752 -43.942165
v 42.330860 -33.727116 -43.937717
v 42.333782 -33.726208 -43.932785
v 42.336704 -33.727116 -43.927853
v 42.339340 -33.729752 -43.923405
v 42.341431 -33.733856 -43.919872
v 42.342773 -33.739025 -43.917606
v 42.343235 -33.744759 -43.916824
v 42.342773 -33.750488 -43.917606
v 42.341431 -33.755661 -43.919872
v 42.339340 -33.759766 -43.923405
v 42.336704 -33.762398 -43.927853
v 42.333782 -33.763306 -43.932785
v 42.330860 -33.762398 -43.937717
v 42.328228 -33.759766 -43.942165
v 42.326134 -33.755661 -43.945694
v 42.324791 -33.750488 -43.947964
v 42.324924 -33.744759 -43.953209
v 42.325478 -33.737930 -43.952282
v 42.327076 -33.731773 -43.949581
v 42.329567 -33.726887 -43.945377
v 42.332703 -33.723751 -43.940079
v 42.336182 -33.722668 -43.934204
v 42.339661 -33.723751 -43.928333
v 42.342800 -33.726887 -43.923035
v 42.345291 -33.731773 -43.918831
v 42.346889 -33.737930 -43.916130
v 42.347439 -33.744759 -43.915199
v 42.346889 -33.751583 -43.916130
v 42.345291 -33.757740 -43.918831
v 42.342800 -33.762627 -43.923035
v 42.339661 -33.765766 -43.928333
v 42.336182 -33.766846 -43.934204
v 42.332703 -33.765766 -43.940079
v 42.329567 -33.762627 -43.945377
v 42.327076 -33.757740 -43.949581
v 42.325478 -33.751583 -43.952282
v 42.326088 -33.744759 -43.956821
v 42.326702 -33.737156 -43.955784
v 42.328480 -33.730297 -43.952778
v 42.331257 -33.724854 -43.948093
v 42.334751 -33.721359 -43.942192
v 42.338623 -33.720154 -43.935654
v 42.342499 -33.721359 -43.929111
v 42.345993 -33.724854 -43.923210
v 42.348770 -33.730297 -43.918526
v 42.350548 -33.737156 -43.915520
v 42.351162 -33.744759 -43.914486
v 42.350548 -33.752361 -43.915520
v 42.348770 -33.759220 -43.918526
v 42.345993 -33.764660 -43.923210
v 42.342499 -33.768154 -43.929111
v 42.338623 -33.769360 -43.935654
v 42.334751 -33.768154 -43.942192
v 42.331257 -33.764660 -43.948093
v 42.328480 -33.759220 -43.952778
v 42.326702 -33.752361 -43.955784
v 42.331833 -33.744759 -43.960625
v 42.332455 -33.737049 -43.959572
v 42.334259 -33.730095 -43.956524
v 42.337074 -33.724575 -43.951775
v 42.340618 -33.721031 -43.945793
v 42.344543 -33.719810 -43.939159
v 42.348473 -33.721031 -43.932526
v 42.352020 -33.724575 -43.926544
v 42.354832 -33.730095 -43.921795
v 42.356636 -33.737049 -43.918747
v 42.357258 -33.744759 -43.917694
v 42.356636 -33.752468 -43.918747
v 42.354832 -33.759422 -43.921795
v 42.352020 -33.764938 -43.926544
v 42.348473 -33.768482 -43.932526
v 42.344543 -33.769703 -43.939159
v 42.340618 -33.768482 -43.945793
v 42.337074 -33.764938 -43.951775
v 42.334259 -33.759422 -43.956524
v 42.332455 -33.752468 -43.959572
v 42.326653 -33.744759 -43.957554
v 42.327274 -33.737049 -43.956505
v 42.329079 -33.730095 -43.953453
v 42.331890 -33.724575 -43.948708
v 42.335438 -33.721031 -43.942722
v 42.339363 -33.719810 -43.936092
v 42.343292 -33.721031 -43.929459
v 42.346836 -33.724575 -43.923473
v 42.349651 -33.730095 -43.918728
v 42.351456 -33.737049 -43.915676
v 42.352077 -33.744759 -43.914627
v 42.351456 -33.752468 -43.915676
v 42.349651 -33.759422 -43.918728
v 42.346836 -33.764938 -43.923473
v 42.343292 -33.768482 -43.929459
v 42.339363 -33.769703 -43.936092
v 42.335438 -33.768482 -43.942722
v 42.331890 -33.764938 -43.948708
v 42.329079 -33.759422 -43.953453
v 42.327274 -33.752468 -43.956505
v 42.314106 -33.901535 -43.955601
v 42.311848 -33.901535 -43.960094
v 42.311970 -33.899986 -43.959885
v 42.312336 -33.898586 -43.959270
v 42.312901 -33.897476 -43.958317
v 42.313614 -33.896767 -43.957111
v 42.314404 -33.896519 -43.955776
v 42.315193 -33.896767 -43.954445
v 42.315907 -33.897476 -43.953239
v 42.316471 -33.898586 -43.952286
v 42.316833 -33.899986 -43.951672
v 42.316959 -33.901535 -43.951462
v 42.316833 -33.903088 -43.951672
v 42.316471 -33.904488 -43.952286
v 42.315907 -33.905598 -43.953239
v 42.315193 -33.906307 -43.954445
v 42.314404 -33.906555 -43.955776
v 42.313614 -33.906307 -43.957111
v 42.312901 -33.905598 -43.958317
v 42.312336 -33.904488 -43.959270
v 42.311970 -33.903088 -43.959885
v 42.310249 -33.901535 -43.964798
v 42.310493 -33.898483 -43.964382
v 42.311211 -33.895729 -43.963177
v 42.312325 -33.893543 -43.961296
v 42.313728 -33.892139 -43.958927
v 42.315285 -33.891659 -43.956299
v 42.316841 -33.892139 -43.953671
v 42.318241 -33.893543 -43.951302
v 42.319355 -33.895729 -43.949421
v 42.320072 -33.898483 -43.948215
v 42.320320 -33.901535 -43.947800
v 42.320072 -33.904591 -43.948215
v 42.319355 -33.907345 -43.949421
v 42.318241 -33.909531 -43.951302
v 42.316841 -33.910934 -43.953671
v 42.315285 -33.911415 -43.956299
v 42.313728 -33.910934 -43.958927
v 42.312325 -33.909531 -43.961296
v 42.311211 -33.907345 -43.963177
v 42.310493 -33.904591 -43.964382
v 42.309361 -33.901535 -43.969570
v 42.309723 -33.897076 -43.968964
v 42.310768 -33.893051 -43.967197
v 42.312393 -33.889858 -43.964451
v 42.314445 -33.887806 -43.960987
v 42.316719 -33.887100 -43.957150
v 42.318993 -33.887806 -43.953312
v 42.321045 -33.889858 -43.949848
v 42.322670 -33.893051 -43.947102
v 42.323715 -33.897076 -43.945335
v 42.324078 -33.901535 -43.944729
v 42.323715 -33.905998 -43.945335
v 42.322670 -33.910023 -43.947102
v 42.321045 -33.913216 -43.949848
v 42.318993 -33.915268 -43.953312
v 42.316719 -33.915974 -43.957150
v 42.314445 -33.915268 -43.960987
v 42.312393 -33.913216 -43.964451
v 42.310768 -33.910023 -43.967197
v 42.309723 -33.905998 -43.968964
v 42.309212 -33.901535 -43.974262
v 42.309677 -33.895805 -43.973480
v 42.311020 -33.890633 -43.971214
v 42.313110 -33.886532 -43.967686
v 42.315746 -33.883896 -43.963234
v 42.318668 -33.882988 -43.958302
v 42.321587 -33.883896 -43.953373
v 42.324223 -33.886532 -43.948921
v 42.326317 -33.890633 -43.945393
v 42.327660 -33.895805 -43.943123
v 42.328121 -33.901535 -43.942345
v 42.327660 -33.907269 -43.943123
v 42.326317 -33.912441 -43.945393
v 42.324223 -33.916542 -43.948921
v 42.321587 -33.919178 -43.953373
v 42.318668 -33.920086 -43.958302
v 42.315746 -33.919178 -43.963234
v 42.313110 -33.916542 -43.967686
v 42.311020 -33.912441 -43.971214
v 42.309677 -33.907269 -43.973480
v 42.309811 -33.901535 -43.978729
v 42.310360 -33.894711 -43.977798
v 42.311958 -33.888554 -43.975101
v 42.314449 -33.883667 -43.970894
v 42.317589 -33.880527 -43.965599
v 42.321068 -33.879448 -43.959724
v 42.324547 -33.880527 -43.953854
v 42.327682 -33.883667 -43.948555
v 42.330173 -33.888554 -43.944351
v 42.331772 -33.894711 -43.941650
v 42.332325 -33.901535 -43.940720
v 42.331772 -33.908363 -43.941650
v 42.330173 -33.914520 -43.944351
v 42.327682 -33.919407 -43.948555
v 42.324547 -33.922546 -43.953854
v 42.321068 -33.923626 -43.959724
v 42.317589 -33.922546 -43.965599
v 42.314449 -33.919407 -43.970894
v 42.311958 -33.914520 -43.975101
v 42.310360 -33.908363 -43.977798
v 42.310970 -33.901535 -43.982338
v 42.311584 -33.893936 -43.981304
v 42.313366 -33.887077 -43.978298
v 42.316139 -33.881634 -43.973614
v 42.319633 -33.878139 -43.967712
v 42.323509 -33.876934 -43.961170
v 42.327385 -33.878139 -43.954632
v 42.330879 -33.881634 -43.948730
v 42.333652 -33.887077 -43.944046
v 42.335434 -33.893936 -43.941040
v 42.336048 -33.901535 -43.940002
v 42.335434 -33.909138 -43.941040
v 42.333652 -33.915997 -43.944046
v 42.330879 -33.921440 -43.948730
v 42.327385 -33.924934 -43.954632
v 42.323509 -33.926140 -43.961170
v 42.319633 -33.924934 -43.967712
v 42.316139 -33.921440 -43.973614
v 42.313366 -33.915997 -43.978298
v 42.311584 -33.909138 -43.981304
v 42.316715 -33.901535 -43.986141
v 42.317337 -33.893829 -43.985092
v 42.319145 -33.886875 -43.982044
v 42.321957 -33.881355 -43.977295
v 42.325500 -33.877811 -43.971310
v 42.329430 -33.876591 -43.964680
v 42.333359 -33.877811 -43.958046
v 42.336903 -33.881355 -43.952061
v 42.339714 -33.886875 -43.947315
v 42.341522 -33.893829 -43.944263
v 42.342144 -33.901535 -43.943214
v 42.341522 -33.909245 -43.944263
v 42.339714 -33.916199 -43.947315
v 42.336903 -33.921719 -43.952061
v 42.333359 -33.925262 -43.958046
v 42.329430 -33.926483 -43.964680
v 42.325500 -33.925262 -43.971310
v 42.321957 -33.921719 -43.977295
v 42.319145 -33.916199 -43.982044
v 42.317337 -33.909245 -43.985092
v 42.311535 -33.901535 -43.983074
v 42.312157 -33.893829 -43.982021
v 42.313965 -33.886875 -43.978973
v 42.316776 -33.881355 -43.974228
v 42.320320 -33.877811 -43.968243
v 42.324249 -33.876591 -43.961609
v 42.328178 -33.877811 -43.954979
v 42.331722 -33.881355 -43.948994
v 42.334534 -33.886875 -43.944244
v 42.336342 -33.893829 -43.941196
v 42.336964 -33.901535 -43.940147
v 42.336342 -33.909245 -43.941196
v 42.334534 -33.916199 -43.944244
v 42.331722 -33.921719 -43.948994
v 42.328178 -33.925262 -43.954979
v 42.324249 -33.926483 -43.961609
v 42.320320 -33.925262 -43.968243
v 42.316776 -33.921719 -43.974228
v 42.313965 -33.916199 -43.978973
v 42.312157 -33.909245 -43.982021
v 43.581051 -34.165726 -46.635284
v 43.585545 -34.165726 -46.637547
v 43.585331 -34.164173 -46.637421
v 43.584717 -34.162777 -46.637058
v 43.583763 -34.161667 -46.636494
v 43.582561 -34.160954 -46.635780
v 43.581226 -34.160706 -46.634991
v 43.579891 -34.160954 -46.634201
v 43.578690 -34.161667 -46.633488
v 43.577732 -34.162777 -46.632919
v 43.577122 -34.164173 -46.632557
v 43.576908 -34.165726 -46.632431
v 43.577122 -34.167274 -46.632557
v 43.577732 -34.168674 -46.632919
v 43.578690 -34.169785 -46.633488
v 43.579891 -34.170498 -46.634201
v 43.581226 -34.170742 -46.634991
v 43.582561 -34.170498 -46.635780
v 43.583763 -34.169785 -46.636494
v 43.584717 -34.168674 -46.637058
v 43.585331 -34.167274 -46.637421
v 43.590248 -34.165726 -46.639145
v 43.589832 -34.162670 -46.638897
v 43.588623 -34.159916 -46.638184
v 43.586742 -34.157730 -46.637070
v 43.584373 -34.156330 -46.635666
v 43.581749 -34.155846 -46.634109
v 43.579121 -34.156330 -46.632553
v 43.576752 -34.157730 -46.631149
v 43.574871 -34.159916 -46.630035
v 43.573662 -34.162670 -46.629322
v 43.573246 -34.165726 -46.629074
v 43.573662 -34.168777 -46.629322
v 43.574871 -34.171532 -46.630035
v 43.576752 -34.173717 -46.631149
v 43.579121 -34.175121 -46.632553
v 43.581749 -34.175606 -46.634109
v 43.584373 -34.175121 -46.635666
v 43.586742 -34.173717 -46.637070
v 43.588623 -34.171532 -46.638184
v 43.589832 -34.168777 -46.638897
v 43.595020 -34.165726 -46.640034
v 43.594410 -34.161263 -46.639671
v 43.592648 -34.157238 -46.638626
v 43.589901 -34.154045 -46.637001
v 43.586437 -34.151993 -46.634949
v 43.582596 -34.151287 -46.632675
v 43.578758 -34.151993 -46.630402
v 43.575294 -34.154045 -46.628349
v 43.572548 -34.157238 -46.626720
v 43.570786 -34.161263 -46.625675
v 43.570175 -34.165726 -46.625317
v 43.570786 -34.170185 -46.625675
v 43.572548 -34.174210 -46.626720
v 43.575294 -34.177406 -46.628349
v 43.578758 -34.179455 -46.630402
v 43.582596 -34.180161 -46.632675
v 43.586437 -34.179455 -46.634949
v 43.589901 -34.177406 -46.637001
v 43.592648 -34.174210 -46.638626
v 43.594410 -34.170185 -46.639671
v 43.599712 -34.165726 -46.640179
v 43.598930 -34.159992 -46.639717
v 43.596664 -34.154823 -46.638374
v 43.593132 -34.150719 -46.636284
v 43.588684 -34.148083 -46.633648
v 43.583752 -34.147175 -46.630726
v 43.578819 -34.148083 -46.627804
v 43.574371 -34.150719 -46.625168
v 43.570839 -34.154823 -46.623077
v 43.568573 -34.159992 -46.621735
v 43.567791 -34.165726 -46.621273
v 43.568573 -34.171455 -46.621735
v 43.570839 -34.176628 -46.623077
v 43.574371 -34.180733 -46.625168
v 43.578819 -34.183365 -46.627804
v 43.583752 -34.184273 -46.630726
v 43.588684 -34.183365 -46.633648
v 43.593132 -34.180733 -46.636284
v 43.596664 -34.176628 -46.638374
v 43.598930 -34.171455 -46.639717
v 43.604179 -34.165726 -46.639584
v 43.603249 -34.158897 -46.639034
v 43.600548 -34.152740 -46.637436
v 43.596344 -34.147854 -46.634945
v 43.591045 -34.144718 -46.631805
v 43.585175 -34.143635 -46.628326
v 43.579300 -34.144718 -46.624847
v 43.574001 -34.147854 -46.621708
v 43.569798 -34.152740 -46.619221
v 43.567097 -34.158897 -46.617619
v 43.566170 -34.165726 -46.617069
v 43.567097 -34.172550 -46.617619
v 43.569798 -34.178707 -46.619221
v 43.574001 -34.183594 -46.621708
v 43.579300 -34.186733 -46.624847
v 43.585175 -34.187813 -46.628326
v 43.591045 -34.186733 -46.631805
v 43.596344 -34.183594 -46.634945
v 43.600548 -34.178707 -46.637436
v 43.603249 -34.172550 -46.639034
v 43.607788 -34.165726 -46.638424
v 43.606750 -34.158123 -46.637810
v 43.603745 -34.151264 -46.636028
v 43.599060 -34.145821 -46.633255
v 43.593163 -34.142326 -46.629757
v 43.586620 -34.141121 -46.625885
v 43.580078 -34.142326 -46.622009
v 43.574177 -34.145821 -46.618515
v 43.569496 -34.151264 -46.615742
v 43.566486 -34.158123 -46.613960
v 43.565453 -34.165726 -46.613346
v 43.566490 -34.173328 -46.613960
v 43.569496 -34.180187 -46.615742
v 43.574177 -34.185627 -46.618515
v 43.580078 -34.189121 -46.622009
v 43.586620 -34.190327 -46.625885
v 43.593163 -34.189121 -46.629757
v 43.599060 -34.185627 -46.633255
v 43.603745 -34.180187 -46.636028
v 43.606750 -34.173328 -46.637810
v 43.611591 -34.165726 -46.632679
v 43.610538 -34.158016 -46.632057
v 43.607491 -34.151062 -46.630249
v 43.602741 -34.145542 -46.627438
v 43.596760 -34.141998 -46.623894
v 43.590126 -34.140778 -46.619965
v 43.583492 -34.141998 -46.616035
v 43.577511 -34.145542 -46.612492
v 43.572762 -34.151062 -46.609676
v 43.569714 -34.158016 -46.607872
v 43.568665 -34.165726 -46.607250
v 43.569714 -34.173435 -46.607872
v 43.572762 -34.180389 -46.609676
v 43.577511 -34.185905 -46.612492
v 43.583492 -34.189449 -46.616035
v 43.590126 -34.190670 -46.619965
v 43.596760 -34.189449 -46.623894
v 43.602741 -34.185905 -46.627438
v 43.607491 -34.180389 -46.630249
v 43.610538 -34.173435 -46.632057
v 43.608521 -34.165726 -46.637859
v 43.607471 -34.158016 -46.637238
v 43.604424 -34.151062 -46.635429
v 43.599674 -34.145542 -46.632618
v 43.593689 -34.141998 -46.629074
v 43.587059 -34.140778 -46.625145
v 43.580425 -34.141998 -46.621216
v 43.574440 -34.145542 -46.617672
v 43.569695 -34.151062 -46.614861
v 43.566643 -34.158016 -46.613052
v 43.565594 -34.165726 -46.612431
v 43.566643 -34.173435 -46.613052
v 43.569695 -34.180389 -46.614861
v 43.574440 -34.185905 -46.617672
v 43.580425 -34.189449 -46.621216
v 43.587059 -34.190670 -46.625145
v 43.593689 -34.189449 -46.629074
v 43.599674 -34.185905 -46.632618
v 43.604424 -34.180389 -46.635429
v 43.607471 -34.173435 -46.637238
v 43.581051 -34.264149 -46.635284
v 43.585545 -34.264149 -46.637547
v 43.585331 -34.262600 -46.637421
v 43.584717 -34.261200 -46.637058
v 43.583763 -34.260090 -46.636494
v 43.582561 -34.259377 -46.635780
v 43.581226 -34.259132 -46.634991
v 43.579891 -34.259377 -46.634201
v 43.578690 -34.260090 -46.633488
v 43.577732 -34.261200 -46.632919
v 43.577122 -34.262600 -46.632557
v 43.576908 -34.264149 -46.632431
v 43.577122 -34.265697 -46.632557
v 43.577732 -34.267097 -46.632919
v 43.578690 -34.268208 -46.633488
v 43.579891 -34.268921 -46.634201
v 43.581226 -34.269165 -46.634991
v 43.582561 -34.268921 -46.635780
v 43.583763 -34.268208 -46.636494
v 43.584717 -34.267097 -46.637058
v 43.585331 -34.265697 -46.637421
v 43.590248 -34.264149 -46.639145
v 43.589832 -34.261097 -46.638897
v 43.588623 -34.258343 -46.638184
v 43.586742 -34.256157 -46.637070
v 43.584373 -34.254753 -46.635666
v 43.581749 -34.254269 -46.634109
v 43.579121 -34.254753 -46.632553
v 43.576752 -34.256157 -46.631149
v 43.574871 -34.258343 -46.630035
v 43.573662 -34.261097 -46.629322
v 43.573246 -34.264149 -46.629074
v 43.573662 -34.267200 -46.629322
v 43.574871 -34.269955 -46.630035
v 43.576752 -34.272141 -46.631149
v 43.579121 -34.273544 -46.632553
v 43.581749 -34.274029 -46.634109
v 43.584373 -34.273544 -46.635666
v 43.586742 -34.272141 -46.637070
v 43.588623 -34.269955 -46.638184
v 43.589832 -34.267200 -46.638897
v 43.595020 -34.264149 -46.640034
v 43.594410 -34.259686 -46.639671
v 43.592648 -34.255661 -46.638626
v 43.589901 -34.252468 -46.637001
v 43.586437 -34.250420 -46.634949
v 43.582596 -34.249710 -46.632675
v 43.578758 -34.250420 -46.630402
v 43.575294 -34.252468 -46.628349
v 43.572548 -34.255661 -46.626720
v 43.570786 -34.259686 -46.625675
v 43.570175 -34.264149 -46.625317
v 43.570786 -34.268612 -46.625675
v 43.572548 -34.272636 -46.626720
v 43.575294 -34.275829 -46.628349
v 43.578758 -34.277878 -46.630402
v 43.582596 -34.278587 -46.632675
v 43.586437 -34.277878 -46.634949
v 43.589901 -34.275829 -46.637001
v 43.592648 -34.272636 -46.638626
v 43.594410 -34.268612 -46.639671
v 43.599712 -34.264149 -46.640179
v 43.598930 -34.258415 -46.639717
v 43.596664 -34.253246 -46.638374
v 43.593132 -34.249142 -46.636284
v 43.588684 -34.246506 -46.633648
v 43.583752 -34.245598 -46.630726
v 43.578819 -34.246506 -46.627804
v 43.574371 -34.249142 -46.625168
v 43.570839 -34.253246 -46.623077
v 43.568573 -34.258415 -46.621735
v 43.567791 -34.264149 -46.621273
v 43.568573 -34.269882 -46.621735
v 43.570839 -34.275051 -46.623077
v 43.574371 -34.279156 -46.625168
v 43.578819 -34.281792 -46.627804
v 43.583752 -34.282700 -46.630726
v 43.588684 -34.281792 -46.633648
v 43.593132 -34.279156 -46.636284
v 43.596664 -34.275051 -46.638374
v 43.598930 -34.269882 -46.639717
v 43.604179 -34.264149 -46.639584
v 43.603249 -34.257324 -46.639034
v 43.600548 -34.251163 -46.637436
v 43.596344 -34.246277 -46.634945
v 43.591045 -34.243141 -46.631805
v 43.585175 -34.242062 -46.628326
v 43.579300 -34.243141 -46.624847
v 43.574001 -34.246277 -46.621708
v 43.569798 -34.251163 -46.619221
v 43.567097 -34.257324 -46.617619
v 43.566170 -34.264149 -46.617069
v 43.567097 -34.270973 -46.617619
v 43.569798 -34.277134 -46.619221
v 43.574001 -34.282021 -46.621708
v 43.579300 -34.285156 -46.624847
v 43.585175 -34.286236 -46.628326
v 43.591045 -34.285156 -46.631805
v 43.596344 -34.282021 -46.634945
v 43.600548 -34.277134 -46.637436
v 43.603249 -34.270973 -46.639034
v 43.607788 -34.264149 -46.638424
v 43.606750 -34.256546 -46.637810
v 43.603745 -34.249687 -46.636028
v 43.599060 -34.244244 -46.633255
v 43.593163 -34.240749 -46.629757
v 43.586620 -34.239548 -46.625885
v 43.580078 -34.240749 -46.622009
v 43.574177 -34.244244 -46.618515
v 43.569496 -34.249687 -46.615742
v 43.566486 -34.256546 -46.613960
v 43.565453 -34.264149 -46.613346
v 43.566490 -34.271751 -46.613960
v 43.569496 -34.278610 -46.615742
v 43.574177 -34.284054 -46.618515
v 43.580078 -34.287548 -46.622009
v 43.586620 -34.288750 -46.625885
v 43.593163 -34.287548 -46.629757
v 43.599060 -34.284054 -46.633255
v 43.603745 -34.278610 -46.636028
v 43.606750 -34.271751 -46.637810
v 43.611591 -34.264149 -46.632679
v 43.610538 -34.256439 -46.632057
v 43.607491 -34.249485 -46.630249
v 43.602741 -34.243965 -46.627438
v 43.596760 -34.240421 -46.623894
v 43.590126 -34.239201 -46.619965
v 43.583492 -34.240421 -46.616035
v 43.577511 -34.243965 -46.612492
v 43.572762 -34.249485 -46.609676
v 43.569714 -34.256439 -46.607872
v 43.568665 -34.264149 -46.607250
v 43.569714 -34.271858 -46.607872
v 43.572762 -34.278812 -46.609676
v 43.577511 -34.284332 -46.612492
v 43.583492 -34.287876 -46.616035
v 43.590126 -34.289097 -46.619965
v 43.596760 -34.287876 -46.623894
v 43.602741 -34.284332 -46.627438
v 43.607491 -34.278812 -46.630249
v 43.610538 -34.271858 -46.632057
v 43.608521 -34.264149 -46.637859
v 43.607471 -34.256439 -46.637238
v 43.604424 -34.249485 -46.635429
v 43.599674 -34.243965 -46.632618
v 43.593689 -34.240421 -46.629074
v 43.587059 -34.239201 -46.625145
v 43.580425 -34.240421 -46.621216
v 43.574440 -34.243965 -46.617672
v 43.569695 -34.249485 -46.614861
v 43.566643 -34.256439 -46.613052
v 43.565594 -34.264149 -46.612431
v 43.566643 -34.271858 -46.613052
v 43.569695 -34.278812 -46.614861
v 43.574440 -34.284332 -46.617672
v 43.580425 -34.287876 -46.621216
v 43.587059 -34.289097 -46.625145
v 43.593689 -34.287876 -46.629074
v 43.599674 -34.284332 -46.632618
v 43.604424 -34.278812 -46.635429
v 43.607471 -34.271858 -46.637238
v 44.470867 -34.165726 -45.133083
v 44.475010 -34.165726 -45.135937
v 44.474796 -34.164173 -45.135811
v 44.474186 -34.162777 -45.135448
v 44.473228 -34.161667 -45.134884
v 44.472027 -34.160954 -45.134171
v 44.470692 -34.160706 -45.133381
v 44.469357 -34.160954 -45.132587
v 44.468155 -34.161667 -45.131878
v 44.467201 -34.162777 -45.131310
v 44.466587 -34.164173 -45.130947
v 44.466373 -34.165726 -45.130821
v 44.466587 -34.167274 -45.130947
v 44.467201 -34.168674 -45.131310
v 44.468155 -34.169785 -45.131878
v 44.469357 -34.170498 -45.132587
v 44.470692 -34.170742 -45.133381
v 44.472027 -34.170498 -45.134171
v 44.473228 -34.169785 -45.134884
v 44.474186 -34.168674 -45.135448
v 44.474796 -34.167274 -45.135811
v 44.478672 -34.165726 -45.139294
v 44.478256 -34.162670 -45.139046
v 44.477047 -34.159916 -45.138332
v 44.475166 -34.157730 -45.137218
v 44.472797 -34.156326 -45.135815
v 44.470173 -34.155846 -45.134258
v 44.467545 -34.156326 -45.132702
v 44.465176 -34.157730 -45.131298
v 44.463295 -34.159916 -45.130184
v 44.462086 -34.162670 -45.129471
v 44.461670 -34.165726 -45.129223
v 44.462086 -34.168777 -45.129471
v 44.463295 -34.171532 -45.130184
v 44.465176 -34.173717 -45.131298
v 44.467545 -34.175121 -45.132702
v 44.470173 -34.175606 -45.134258
v 44.472797 -34.175121 -45.135815
v 44.475166 -34.173717 -45.137218
v 44.477047 -34.171532 -45.138332
v 44.478256 -34.168777 -45.139046
v 44.481743 -34.165726 -45.143051
v 44.481136 -34.161263 -45.142693
v 44.479370 -34.157238 -45.141647
v 44.476624 -34.154045 -45.140018
v 44.473160 -34.151993 -45.137970
v 44.469322 -34.151287 -45.135696
v 44.465481 -34.151993 -45.133419
v 44.462021 -34.154045 -45.131371
v 44.459270 -34.157238 -45.129742
v 44.457508 -34.161263 -45.128696
v 44.456898 -34.165726 -45.128338
v 44.457508 -34.170185 -45.128696
v 44.459270 -34.174210 -45.129742
v 44.462021 -34.177406 -45.131371
v 44.465481 -34.179455 -45.133419
v 44.469322 -34.180161 -45.135696
v 44.473160 -34.179455 -45.137970
v 44.476624 -34.177406 -45.140018
v 44.479370 -34.174210 -45.141647
v 44.481136 -34.170185 -45.142693
v 44.484127 -34.165726 -45.147095
v 44.483345 -34.159992 -45.146633
v 44.481079 -34.154819 -45.145290
v 44.477547 -34.150719 -45.143200
v 44.473099 -34.148083 -45.140564
v 44.468166 -34.147175 -45.137642
v 44.463234 -34.148083 -45.134720
v 44.458786 -34.150719 -45.132084
v 44.455254 -34.154819 -45.129993
v 44.452988 -34.159992 -45.128651
v 44.452206 -34.165726 -45.128189
v 44.452988 -34.171455 -45.128651
v 44.455254 -34.176628 -45.129993
v 44.458786 -34.180733 -45.132084
v 44.463234 -34.183365 -45.134720
v 44.468166 -34.184273 -45.137642
v 44.473099 -34.183365 -45.140564
v 44.477547 -34.180733 -45.143200
v 44.481079 -34.176628 -45.145290
v 44.483345 -34.171455 -45.146633
v 44.485752 -34.165726 -45.151299
v 44.484821 -34.158897 -45.150749
v 44.482121 -34.152740 -45.149151
v 44.477917 -34.147854 -45.146660
v 44.472618 -34.144718 -45.143520
v 44.466743 -34.143635 -45.140041
v 44.460873 -34.144718 -45.136562
v 44.455574 -34.147854 -45.133427
v 44.451370 -34.152740 -45.130936
v 44.448669 -34.158897 -45.129337
v 44.447739 -34.165726 -45.128784
v 44.448669 -34.172550 -45.129337
v 44.451370 -34.178707 -45.130936
v 44.455574 -34.183594 -45.133427
v 44.460873 -34.186733 -45.136562
v 44.466743 -34.187813 -45.140041
v 44.472618 -34.186733 -45.143520
v 44.477917 -34.183594 -45.146660
v 44.482121 -34.178707 -45.149151
v 44.484821 -34.172550 -45.150749
v 44.486465 -34.165726 -45.155022
v 44.485432 -34.158123 -45.154408
v 44.482422 -34.151264 -45.152630
v 44.477741 -34.145821 -45.149853
v 44.471840 -34.142326 -45.146358
v 44.465298 -34.141121 -45.142487
v 44.458759 -34.142326 -45.138611
v 44.452858 -34.145821 -45.135117
v 44.448174 -34.151264 -45.132339
v 44.445168 -34.158123 -45.130562
v 44.444130 -34.165726 -45.129948
v 44.445168 -34.173328 -45.130562
v 44.448174 -34.180183 -45.132339
v 44.452858 -34.185627 -45.135117
v 44.458759 -34.189121 -45.138611
v 44.465298 -34.190327 -45.142487
v 44.471840 -34.189121 -45.146358
v 44.477741 -34.185627 -45.149853
v 44.482422 -34.180183 -45.152630
v 44.485432 -34.173328 -45.154408
v 44.483257 -34.165726 -45.161118
v 44.482204 -34.158016 -45.160496
v 44.479156 -34.151062 -45.158691
v 44.474407 -34.145542 -45.155876
v 44.468426 -34.141998 -45.152332
v 44.461792 -34.140778 -45.148403
v 44.455158 -34.141998 -45.144478
v 44.449177 -34.145542 -45.140930
v 44.444427 -34.151062 -45.138119
v 44.441380 -34.158016 -45.136314
v 44.440327 -34.165726 -45.135693
v 44.441380 -34.173435 -45.136314
v 44.444427 -34.180389 -45.138119
v 44.449177 -34.185905 -45.140930
v 44.455158 -34.189449 -45.144478
v 44.461792 -34.190670 -45.148403
v 44.468426 -34.189449 -45.152332
v 44.474407 -34.185905 -45.155876
v 44.479156 -34.180389 -45.158691
v 44.482204 -34.173435 -45.160496
v 44.486324 -34.165726 -45.155937
v 44.485275 -34.158016 -45.155315
v 44.482224 -34.151062 -45.153511
v 44.477478 -34.145542 -45.150696
v 44.471493 -34.141998 -45.147152
v 44.464859 -34.140778 -45.143223
v 44.458229 -34.141998 -45.139294
v 44.452244 -34.145542 -45.135750
v 44.447495 -34.151062 -45.132938
v 44.444447 -34.158016 -45.131134
v 44.443398 -34.165726 -45.130508
v 44.444447 -34.173435 -45.131134
v 44.447495 -34.180389 -45.132938
v 44.452244 -34.185905 -45.135750
v 44.458229 -34.189449 -45.139294
v 44.464859 -34.190670 -45.143223
v 44.471493 -34.189449 -45.147152
v 44.477478 -34.185905 -45.150696
v 44.482224 -34.180389 -45.153511
v 44.485275 -34.173435 -45.155315
v 44.470867 -34.264149 -45.133083
v 44.475010 -34.264149 -45.135937
v 44.474796 -34.262600 -45.135811
v 44.474186 -34.261200 -45.135448
v 44.473228 -34.260090 -45.134884
v 44.472027 -34.259377 -45.134171
v 44.470692 -34.259132 -45.133381
v 44.469357 -34.259377 -45.132587
v 44.468155 -34.260090 -45.131878
v 44.467201 -34.261200 -45.131310
v 44.466587 -34.262600 -45.130947
v 44.466373 -34.264149 -45.130821
v 44.466587 -34.265697 -45.130947
v 44.467201 -34.267097 -45.131310
v 44.468155 -34.268208 -45.131878
v 44.469357 -34.268921 -45.132587
v 44.470692 -34.269165 -45.133381
v 44.472027 -34.268921 -45.134171
v 44.473228 -34.268208 -45.134884
v 44.474186 -34.267097 -45.135448
v 44.474796 -34.265697 -45.135811
v 44.478672 -34.264149 -45.139294
v 44.478256 -34.261097 -45.139046
v 44.477047 -34.258343 -45.138332
v 44.475166 -34.256157 -45.137218
v 44.472797 -34.254753 -45.135815
v 44.470173 -34.254269 -45.134258
v 44.467545 -34.254753 -45.132702
v 44.465176 -34.256157 -45.131298
v 44.463295 -34.258343 -45.130184
v 44.462086 -34.261097 -45.129471
v 44.461670 -34.264149 -45.129223
v 44.462086 -34.267200 -45.129471
v 44.463295 -34.269955 -45.130184
v 44.465176 -34.272141 -45.131298
v 44.467545 -34.273544 -45.132702
v 44.470173 -34.274029 -45.134258
v 44.472797 -34.273544 -45.135815
v 44.475166 -34.272141 -45.137218
v 44.477047 -34.269955 -45.138332
v 44.478256 -34.267200 -45.139046
v 44.481743 -34.264149 -45.143051
v 44.481136 -34.259686 -45.142693
v 44.479370 -34.255661 -45.141647
v 44.476624 -34.252468 -45.140018
v 44.473160 -34.250420 -45.137970
v 44.469322 -34.249710 -45.135696
v 44.465481 -34.250420 -45.133419
v 44.462021 -34.252468 -45.131371
v 44.459270 -34.255661 -45.129742
v 44.457508 -34.259686 -45.128696
v 44.456898 -34.264149 -45.128338
v 44.457508 -34.268612 -45.128696
v 44.459270 -34.272636 -45.129742
v 44.462021 -34.275829 -45.131371
v 44.465481 -34.277878 -45.133419
v 44.469322 -34.278587 -45.135696
v 44.473160 -34.277878 -45.137970
v 44.476624 -34.275829 -45.140018
v 44.479370 -34.272636 -45.141647
v 44.481136 -34.268612 -45.142693
v 44.484127 -34.264149 -45.147095
v 44.483345 -34.258415 -45.146633
v 44.481079 -34.253246 -45.145290
v 44.477547 -34.249142 -45.143200
v 44.473099 -34.246506 -45.140564
v 44.468166 -34.245598 -45.137642
v 44.463234 -34.246506 -45.134720
v 44.458786 -34.249142 -45.132084
v 44.455254 -34.253246 -45.129993
v 44.452988 -34.258415 -45.128651
v 44.452206 -34.264149 -45.128189
v 44.452988 -34.269882 -45.128651
v 44.455254 -34.275051 -45.129993
v 44.458786 -34.279156 -45.132084
v 44.463234 -34.281792 -45.134720
v 44.468166 -34.282700 -45.137642
v 44.473099 -34.281792 -45.140564
v 44.477547 -34.279156 -45.143200
v 44.481079 -34.275051 -45.145290
v 44.483345 -34.269882 -45.146633
v 44.485752 -34.264149 -45.151299
v 44.484821 -34.257324 -45.150749
v 44.482121 -34.251163 -45.149151
v 44.477917 -34.246277 -45.146660
v 44.472618 -34.243141 -45.143520
v 44.466743 -34.242062 -45.140041
v 44.460873 -34.243141 -45.136562
v 44.455574 -34.246277 -45.133427
v 44.451370 -34.251163 -45.130936
v 44.448669 -34.257324 -45.129337
v 44.447739 -34.264149 -45.128784
v 44.448669 -34.270973 -45.129337
v 44.451370 -34.277134 -45.130936
v 44.455574 -34.282021 -45.133427
v 44.460873 -34.285156 -45.136562
v 44.466743 -34.286236 -45.140041
v 44.472618 -34.285156 -45.143520
v 44.477917 -34.282021 -45.146660
v 44.482121 -34.277134 -45.149151
v 44.484821 -34.270973 -45.150749
v 44.486465 -34.264149 -45.155022
v 44.485432 -34.256546 -45.154411
v 44.482422 -34.249687 -45.152630
v 44.477741 -34.244244 -45.149853
v 44.471840 -34.240749 -45.146358
v 44.465298 -34.239548 -45.142487
v 44.458759 -34.240749 -45.138611
v 44.452858 -34.244244 -45.135117
v 44.448174 -34.249687 -45.132339
v 44.445168 -34.256546 -45.130562
v 44.444130 -34.264149 -45.129948
v 44.445168 -34.271751 -45.130562
v 44.448174 -34.278610 -45.132339
v 44.452858 -34.284054 -45.135117
v 44.458759 -34.287548 -45.138611
v 44.465298 -34.288750 -45.142487
v 44.471840 -34.287548 -45.146358
v 44.477741 -34.284054 -45.149853
v 44.482422 -34.278610 -45.152630
v 44.485432 -34.271751 -45.154411
v 44.483257 -34.264149 -45.161118
v 44.482204 -34.256439 -45.160496
v 44.479156 -34.249485 -45.158691
v 44.474407 -34.243965 -45.155876
v 44.468426 -34.240421 -45.152332
v 44.461792 -34.239201 -45.148403
v 44.455158 -34.240421 -45.144478
v 44.449177 -34.243965 -45.140930
v 44.444427 -34.249485 -45.138119
v 44.441380 -34.256439 -45.136314
v 44.440327 -34.264149 -45.135693
v 44.441380 -34.271858 -45.136314
v 44.444427 -34.278812 -45.138119
v 44.449177 -34.284332 -45.140930
v 44.455158 -34.287876 -45.144478
v 44.461792 -34.289097 -45.148403
v 44.468426 -34.287876 -45.152332
v 44.474407 -34.284332 -45.155876
v 44.479156 -34.278812 -45.158691
v 44.482204 -34.271858 -45.160496
v 44.486324 -34.264149 -45.155937
v 44.485275 -34.256439 -45.155315
v 44.482224 -34.249485 -45.153511
v 44.477478 -34.243965 -45.150696
v 44.471493 -34.240421 -45.147152
v 44.464859 -34.239201 -45.143223
v 44.458229 -34.240421 -45.139294
v 44.452244 -34.243965 -45.135750
v 44.447495 -34.249485 -45.132938
v 44.444447 -34.256439 -45.131134
v 44.443398 -34.264149 -45.130508
v 44.444447 -34.271858 -45.131134
v 44.447495 -34.278812 -45.132938
v 44.452244 -34.284332 -45.135750
v 44.458229 -34.287876 -45.139294
v 44.464859 -34.289097 -45.143223
v 44.471493 -34.287876 -45.147152
v 44.477478 -34.284332 -45.150696
v 44.482224 -34.278812 -45.153511
v 44.485275 -34.271858 -45.155315
vn -0.5096 -0.0000 -0.8604
vn -0.8604 -0.0000 0.5096
vn 0.5096 -0.0000 0.8604
vn 0.8604 -0.0000 -0.5096
vn -0.4996 0.1980 -0.8433
vn 0.4996 -0.1980 0.8433
vn -0.5071 0.1000 -0.8561
vn 0.5071 -0.1000 0.8561
vn -0.9637 -0.0000 -0.2668
vn 0.2291 -0.0000 -0.9734
vn -0.2291 -0.0000 0.9734
vn 0.9637 -0.0000 0.2668
vn 0.2340 0.1431 -0.9617
vn -0.9558 0.1431 -0.2569
vn -0.2340 -0.1430 0.9617
vn 0.9558 -0.1430 0.2569
vn 0.2315 0.0743 -0.9700
vn -0.9619 0.0743 -0.2631
vn 0.9622 -0.0698 0.2632
vn -0.2316 -0.0698 0.9703
vn -0.2653 -0.2099 -0.9411
vn -0.1266 -0.2788 -0.9520
vn -0.7740 -0.2788 -0.5685
vn -0.6978 -0.2099 -0.6848
vn 0.0232 0.9990 0.0392
vn 0.0213 0.9991 0.0360
vn -0.8080 -0.3996 0.4329
vn -0.7889 -0.3871 0.4773
vn -0.9868 -0.0855 0.1373
vn -0.9829 -0.1202 0.1393
vn -0.9685 -0.1893 0.1620
vn -0.9462 -0.2548 0.1997
vn -0.9178 -0.3104 0.2476
vn -0.8844 -0.3542 0.3039
vn -0.8474 -0.3843 0.3665
vn 0.2769 -0.9223 -0.2696
vn 0.3380 -0.9244 -0.1767
vn -0.3173 -0.9244 0.2115
vn -0.3695 -0.9223 0.1133
vn 0.7977 -0.3871 -0.4624
vn 0.7679 -0.3996 -0.5006
vn 0.7286 -0.3843 -0.5670
vn 0.6915 -0.3542 -0.6296
vn 0.6581 -0.3104 -0.6859
vn 0.6298 -0.2547 -0.7338
vn 0.6075 -0.1893 -0.7715
vn 0.5945 -0.1202 -0.7951
vn 0.5946 -0.0855 -0.7995
vn -0.0420 -0.5880 -0.8078
vn 0.0235 -0.7164 -0.6973
vn -0.6228 -0.7164 -0.3145
vn -0.6883 -0.5880 -0.4250
vn -0.0934 -0.4369 -0.8946
vn -0.7397 -0.4369 -0.5118
vn 0.1005 -0.8174 -0.5673
vn 0.1860 -0.8869 -0.4229
vn -0.4602 -0.8869 -0.0401
vn -0.5458 -0.8174 -0.1845
vn -0.0000 1.0000 -0.0000
vn 0.0097 0.9998 0.0164
vn -0.7949 -0.3826 0.4709
vn -0.7923 -0.3780 0.4789
vn 0.3293 -0.9239 -0.1951
vn -0.3293 -0.9239 0.1951
vn -0.3205 -0.9229 0.2136
vn 0.3413 -0.9229 -0.1784
vn 0.7949 -0.3826 -0.4709
vn 0.8007 -0.3780 -0.4647
vn 0.0001 1.0000 0.0001
vn -0.8229 -0.3509 0.4468
vn -0.8110 -0.3756 0.4484
vn 0.2936 -0.9141 -0.2797
vn -0.3864 -0.9141 0.1231
vn -0.3643 -0.9206 0.1407
vn 0.2985 -0.9206 -0.2519
vn 0.7873 -0.3509 -0.5070
vn 0.7830 -0.3756 -0.4958
vn -0.8005 -0.3784 0.4648
vn -0.3407 -0.9230 0.1788
vn 0.3206 -0.9230 -0.2129
vn 0.7923 -0.3783 -0.4786
vn -0.5919 0.7064 0.3881
vn 0.6084 0.7071 -0.3603
vn -0.5947 0.7066 0.3835
vn 0.6248 0.7064 -0.3326
vn -0.6083 0.7071 0.3605
vn -0.6084 0.7071 0.3604
vn 0.6084 0.7071 -0.3604
vn 0.6221 0.7066 -0.3372
vn -0.3901 0.6434 -0.6587
vn 0.5524 0.3200 -0.7697
vn -0.9405 0.3200 0.1146
vn -0.0000 -1.0000 -0.0000
vn -0.6084 -0.7071 0.3604
vn 0.6084 -0.7071 -0.3604
vn -0.9688 -0.0000 -0.2480
vn 0.2480 -0.0000 -0.9688
vn -0.2480 -0.0000 0.9688
vn 0.9688 -0.0000 0.2480
vn -0.0062 0.9999 -0.0104
vn 0.0062 0.9999 0.0104
vn -0.0736 0.9895 -0.1243
vn -0.0675 0.9912 -0.1140
vn -0.0553 0.9941 -0.0933
vn -0.0430 0.9964 -0.0727
vn -0.0308 0.9982 -0.0519
vn -0.0185 0.9993 -0.0312
vn 0.0736 0.9895 0.1243
vn 0.0675 0.9912 0.1140
vn 0.0553 0.9941 0.0934
vn 0.0430 0.9964 0.0727
vn 0.0308 0.9982 0.0519
vn 0.0185 0.9993 0.0312
vn -0.5563 0.6998 0.4482
vn 0.5563 0.6998 -0.4482
vn -0.5652 0.7018 0.4337
vn -0.5738 0.7037 0.4191
vn -0.5824 0.7052 0.4044
vn -0.5911 0.7062 0.3898
vn -0.5997 0.7068 0.3751
vn -0.6171 0.7068 0.3457
vn -0.6258 0.7062 0.3311
vn -0.6345 0.7052 0.3164
vn -0.6432 0.7037 0.3018
vn -0.6519 0.7018 0.2873
vn -0.6604 0.6998 0.2725
vn 0.5652 0.7018 -0.4337
vn 0.5738 0.7037 -0.4191
vn 0.5824 0.7052 -0.4044
vn 0.5911 0.7062 -0.3898
vn 0.5997 0.7068 -0.3751
vn 0.6084 0.7070 -0.3604
vn 0.6171 0.7069 -0.3457
vn 0.6258 0.7062 -0.3311
vn 0.6345 0.7051 -0.3164
vn 0.6432 0.7037 -0.3018
vn 0.6519 0.7018 -0.2873
vn 0.6604 0.6998 -0.2725
vn 0.9638 -0.0000 0.2668
vn 0.9622 -0.0698 0.2631
vn -0.9462 -0.2547 0.1997
vn 0.6915 -0.3541 -0.6296
vn 0.6298 -0.2548 -0.7338
vn -0.0934 -0.4369 -0.8947
vn -0.6519 0.7018 0.2872
vn 0.6171 0.7068 -0.3457
vn 0.6345 0.7052 -0.3164
vn 0.6519 0.7018 -0.2872
vn -0.0624 0.9925 -0.1054
vn 0.0624 -0.9925 0.1054
vn -0.5058 -0.1225 -0.8539
vn 0.5058 0.1225 0.8539
vn -0.4018 0.6152 -0.6783
vn 0.3135 0.7884 0.5293
vn 0.4018 -0.6152 0.6783
vn -0.3135 -0.7884 -0.5293
vn -0.6525 0.7018 0.2858
vn 0.5642 0.7018 -0.4349
vn 0.6525 -0.7018 -0.2858
vn -0.5642 -0.7018 0.4349
vn 0.2507 -0.0866 -0.9642
vn -0.9660 -0.0866 -0.2435
vn -0.2507 0.0866 0.9642
vn 0.9660 0.0866 0.2434
vn 0.3243 0.4350 -0.8400
vn -0.8925 0.4350 -0.1193
vn 0.8301 0.5575 0.0139
vn -0.3866 0.5575 0.7346
vn 0.3867 -0.5575 -0.7346
vn -0.8301 -0.5575 -0.0139
vn 0.8925 -0.4350 0.1193
vn -0.3242 -0.4350 0.8400
vn -0.4976 -0.2164 -0.8400
vn -0.5019 0.1736 -0.8473
vn 0.5019 -0.1736 0.8473
vn 0.4298 -0.5373 0.7256
vn 0.1103 -0.9763 0.1862
vn -0.2738 -0.8434 -0.4623
vn -0.9901 -0.0187 0.1394
vn -0.6131 -0.1491 0.7758
vn -0.6923 -0.0413 0.7204
vn -0.9635 0.0525 0.2626
vn 0.0856 0.9848 0.1511
vn 0.0914 0.9848 0.1477
vn 0.6933 0.0525 -0.7187
vn 0.9645 -0.0413 -0.2609
vn 0.9750 -0.1491 -0.1648
vn 0.5980 -0.0187 -0.8013
vn -0.8069 0.1227 -0.5778
vn -0.7900 0.1629 -0.5911
vn -0.5290 -0.2346 -0.8155
vn -0.5944 -0.2193 -0.7737
vn -0.6545 -0.1894 -0.7319
vn -0.7071 -0.1459 -0.6919
vn -0.7501 -0.0906 -0.6551
vn -0.7818 -0.0257 -0.6230
vn -0.8010 0.0464 -0.5968
vn -0.3274 -0.1894 -0.9257
vn -0.3929 -0.2193 -0.8931
vn -0.4610 -0.2346 -0.8558
vn -0.1387 0.1629 -0.9768
vn -0.1189 0.1227 -0.9853
vn -0.1385 0.0464 -0.9893
vn -0.1707 -0.0257 -0.9850
vn -0.2141 -0.0906 -0.9726
vn -0.2670 -0.1459 -0.9526
vn 0.2647 -0.5074 0.8200
vn 0.3249 -0.5374 0.7783
vn 0.3902 -0.5526 0.7364
vn 0.1391 -0.1585 0.9775
vn 0.1124 -0.1954 0.9743
vn 0.1182 -0.2716 0.9551
vn 0.1375 -0.3437 0.9290
vn 0.1692 -0.4087 0.8969
vn 0.2122 -0.4640 0.8601
vn 0.8004 -0.1954 0.5667
vn 0.7904 -0.1585 0.5917
vn 0.4583 -0.5527 0.6961
vn 0.5264 -0.5374 0.6589
vn 0.5919 -0.5074 0.6262
vn 0.6523 -0.4640 0.5993
vn 0.7052 -0.4087 0.5793
vn 0.7486 -0.3437 0.5669
vn 0.7808 -0.2716 0.5627
vn 0.0283 -0.9735 0.2269
vn -0.3486 -0.8431 -0.4095
vn -0.1916 -0.8431 -0.5025
vn 0.1854 -0.9735 0.1339
vn 0.0311 0.9826 0.1829
vn 0.0340 0.9828 0.1813
vn 0.0398 0.9832 0.1780
vn 0.0455 0.9836 0.1746
vn 0.0512 0.9839 0.1713
vn 0.0570 0.9841 0.1679
vn 0.0627 0.9844 0.1646
vn 0.0685 0.9845 0.1612
vn 0.0742 0.9847 0.1579
vn 0.0799 0.9848 0.1545
vn 0.1455 0.9826 0.1152
vn 0.1426 0.9828 0.1169
vn 0.1370 0.9832 0.1204
vn 0.1313 0.9836 0.1238
vn 0.1256 0.9839 0.1272
vn 0.1199 0.9841 0.1307
vn 0.1142 0.9844 0.1341
vn 0.1085 0.9845 0.1375
vn 0.1028 0.9847 0.1409
vn 0.0971 0.9848 0.1443
vn 0.2561 -0.6385 -0.7258
vn 0.3782 -0.5109 -0.7719
vn 0.7552 -0.6414 -0.1355
vn 0.6331 -0.7689 -0.0894
vn -0.3826 -0.7689 0.5122
vn -0.4818 -0.6414 0.5971
vn -0.8587 -0.5109 -0.0393
vn -0.7595 -0.6385 -0.1241
vn -0.0344 -0.8078 -0.5884
vn 0.1168 -0.7388 -0.6638
vn 0.4937 -0.8692 -0.0274
vn 0.3425 -0.9383 0.0480
vn -0.1225 -0.9383 0.3235
vn -0.2613 -0.8692 0.4198
vn -0.6382 -0.7388 -0.2166
vn -0.4995 -0.8078 -0.3129
vn 0.4783 -0.3610 -0.8005
vn 0.5526 -0.1946 -0.8104
vn 0.9296 -0.3250 -0.1740
vn 0.8553 -0.4914 -0.1641
vn -0.5549 -0.4914 0.6712
vn -0.5993 -0.3250 0.7316
vn -0.9763 -0.1946 0.0952
vn -0.9319 -0.3610 0.0348
vn -0.2520 0.8177 -0.5176
vn 0.3769 0.5721 0.7285
vn -0.2561 0.8179 -0.5152
vn -0.2601 0.8182 -0.5128
vn -0.2641 0.8184 -0.5104
vn -0.2681 0.8186 -0.5080
vn -0.2721 0.8188 -0.5055
vn -0.2762 0.8189 -0.5031
vn -0.2802 0.8190 -0.5007
vn -0.2842 0.8191 -0.4983
vn -0.2883 0.8191 -0.4959
vn -0.2923 0.8192 -0.4935
vn -0.2964 0.8191 -0.4911
vn -0.3004 0.8191 -0.4887
vn -0.3045 0.8190 -0.4863
vn -0.3085 0.8189 -0.4840
vn -0.3126 0.8188 -0.4816
vn -0.3166 0.8186 -0.4792
vn -0.3207 0.8184 -0.4769
vn -0.3248 0.8182 -0.4745
vn -0.3288 0.8179 -0.4721
vn -0.3328 0.8177 -0.4697
vn 0.3810 0.5723 0.7261
vn 0.3850 0.5726 0.7238
vn 0.3891 0.5728 0.7214
vn 0.3932 0.5730 0.7191
vn 0.3972 0.5732 0.7167
vn 0.4013 0.5733 0.7143
vn 0.4053 0.5734 0.7120
vn 0.4094 0.5735 0.7096
vn 0.4134 0.5736 0.7072
vn 0.4175 0.5736 0.7048
vn 0.4215 0.5736 0.7024
vn 0.4256 0.5735 0.7000
vn 0.4296 0.5734 0.6976
vn 0.4336 0.5733 0.6952
vn 0.4377 0.5732 0.6928
vn 0.4417 0.5730 0.6903
vn 0.4457 0.5728 0.6879
vn 0.4497 0.5726 0.6855
vn 0.4537 0.5723 0.6830
vn 0.4577 0.5721 0.6806
vn -0.5212 0.7211 0.4565
vn 0.6508 0.7211 -0.2377
vn -0.0715 0.5353 -0.8417
vn -0.7038 0.5353 -0.4671
vn 0.7737 0.2428 0.5852
vn 0.1414 0.2428 0.9597
vn 0.5005 -0.1888 0.8449
vn -0.5005 0.1888 -0.8449
vn -0.0772 -0.9884 -0.1304
vn 0.0772 0.9884 0.1304
vn 0.4164 0.5764 0.7031
vn 0.2938 -0.8171 0.4960
vn -0.4165 -0.5764 -0.7031
vn -0.2938 0.8171 -0.4960
vn 0.4998 -0.1959 0.8437
vn -0.4998 0.1959 -0.8437
vn -0.8564 0.0365 0.5150
vn 0.8632 0.0365 -0.5036
vn -0.9587 0.1642 -0.2324
vn 0.2569 0.1642 -0.9524
vn 0.9641 -0.1127 0.2406
vn -0.2523 -0.1127 0.9611
vn 0.4998 -0.1961 0.8437
vn -0.4998 0.1961 -0.8437
vn -0.0999 -0.9806 -0.1687
vn 0.0999 0.9806 0.1687
vn 0.4240 0.5548 0.7158
vn 0.2827 -0.8320 0.4773
vn -0.4240 -0.5548 -0.7159
vn -0.2827 0.8320 -0.4773
vn -0.0364 0.9974 -0.0615
vn 0.0364 -0.9974 0.0615
vn -0.5083 -0.0715 -0.8582
vn 0.5083 0.0715 0.8582
vn -0.3852 0.6548 -0.6503
vn 0.3337 0.7558 0.5634
vn 0.3852 -0.6548 0.6503
vn -0.3337 -0.7558 -0.5634
vn -0.6341 0.7053 0.3169
vn 0.5826 0.7053 -0.4038
vn 0.6341 -0.7053 -0.3169
vn -0.5826 -0.7053 0.4038
vn 0.2489 -0.0505 -0.9672
vn -0.9678 -0.0505 -0.2465
vn -0.2489 0.0505 0.9672
vn 0.9678 0.0505 0.2465
vn 0.3360 0.4630 -0.8202
vn -0.8808 0.4630 -0.0995
vn 0.8443 0.5345 0.0380
vn -0.3724 0.5345 0.7587
vn 0.3724 -0.5345 -0.7587
vn -0.8443 -0.5345 -0.0380
vn 0.8808 -0.4630 0.0995
vn -0.3360 -0.4630 0.8202
vn -0.3604 0.7071 -0.6084
vn 0.3604 0.7071 0.6084
vn 0.3604 -0.7071 0.6084
vn -0.3604 -0.7071 -0.6084
vn -0.9687 -0.0000 -0.2480
vn 0.3536 0.5000 -0.7906
vn -0.8632 0.5000 -0.0698
vn 0.8632 0.5000 0.0698
vn -0.3535 0.5000 0.7906
vn 0.3535 -0.5000 -0.7906
vn -0.8632 -0.5000 -0.0698
vn 0.8632 -0.5000 0.0698
vn -0.3535 -0.5000 0.7906
vn 0.0198 0.9992 0.0335
vn -0.0198 -0.9992 -0.0335
vn -0.5093 0.0389 -0.8597
vn 0.5093 -0.0389 0.8597
vn -0.3461 0.7341 -0.5843
vn 0.3741 0.6791 0.6316
vn 0.3461 -0.7341 0.5843
vn -0.3741 -0.6791 -0.6316
vn -0.5943 0.7066 0.3840
vn 0.6224 0.7066 -0.3367
vn 0.5944 -0.7066 -0.3840
vn -0.6224 -0.7066 0.3367
vn 0.2483 0.0275 -0.9683
vn -0.9685 0.0275 -0.2476
vn -0.2482 -0.0275 0.9683
vn 0.9685 -0.0275 0.2476
vn 0.3637 0.5191 -0.7735
vn -0.8531 0.5191 -0.0528
vn 0.8729 0.4802 0.0862
vn -0.3438 0.4802 0.8070
vn 0.3438 -0.4802 -0.8070
vn -0.8729 -0.4802 -0.0863
vn 0.8531 -0.5191 0.0528
vn -0.3636 -0.5191 0.7735
vn 0.0458 0.9960 0.0773
vn -0.0458 -0.9960 -0.0773
vn -0.5076 0.0899 -0.8569
vn 0.5076 -0.0899 0.8569
vn -0.3265 0.7678 -0.5512
vn 0.3913 0.6407 0.6606
vn 0.3265 -0.7678 0.5512
vn -0.3913 -0.6407 -0.6606
vn -0.5760 0.7043 0.4150
vn 0.6408 0.7043 -0.3057
vn 0.5760 -0.7043 -0.4150
vn -0.6408 -0.7043 0.3057
vn 0.2495 0.0635 -0.9663
vn -0.9673 0.0636 -0.2456
vn -0.2494 -0.0636 0.9663
vn 0.9673 -0.0635 0.2456
vn 0.3775 0.5429 -0.7502
vn -0.8393 0.5429 -0.0294
vn 0.8851 0.4530 0.1068
vn -0.3316 0.4531 0.8275
vn 0.3317 -0.4530 -0.8275
vn -0.8851 -0.4531 -0.1068
vn 0.8393 -0.5429 0.0294
vn -0.3775 -0.5429 0.7502
vn 0.0669 0.9913 0.1130
vn -0.0669 -0.9913 -0.1130
vn -0.5052 0.1313 -0.8529
vn 0.5052 -0.1313 0.8529
vn -0.3099 0.7938 -0.5232
vn 0.4046 0.6082 0.6830
vn 0.3099 -0.7938 0.5232
vn -0.4046 -0.6081 -0.6830
vn -0.5611 0.7010 0.4402
vn 0.6557 0.7010 -0.2805
vn 0.5611 -0.7010 -0.4402
vn -0.6557 -0.7010 0.2805
vn 0.2511 0.0928 -0.9635
vn -0.9656 0.0928 -0.2428
vn -0.2511 -0.0928 0.9635
vn 0.9656 -0.0928 0.2427
vn 0.3892 0.5613 -0.7304
vn -0.8275 0.5613 -0.0096
vn 0.8945 0.4300 0.1226
vn -0.3223 0.4300 0.8433
vn 0.3223 -0.4300 -0.8433
vn -0.8945 -0.4300 -0.1226
vn 0.8275 -0.5613 0.0096
vn -0.3892 -0.5613 0.7304
vn 0.5096 0.0014 0.8604
vn -0.5096 -0.0010 -0.8604
vn -0.0015 -1.0000 -0.0025
vn -0.0004 1.0000 -0.0006
vn 0.3558 0.7159 0.6007
vn 0.3648 -0.6982 0.6159
vn -0.3558 -0.7159 -0.6007
vn -0.3648 0.6982 -0.6159
vn -0.5824 0.7051 0.4044
vn -0.6345 0.7051 0.3164
vn 0.5824 0.7051 -0.4044
vn -0.6284 -0.0000 -0.7779
vn -0.6223 0.0446 -0.7815
vn -0.6047 0.0848 -0.7919
vn -0.5772 0.1167 -0.8082
vn -0.5427 0.1372 -0.8287
vn -0.5043 0.1442 -0.8514
vn -0.4660 0.1372 -0.8741
vn -0.4314 0.1167 -0.8946
vn -0.4039 0.0848 -0.9109
vn -0.3863 0.0446 -0.9213
vn -0.3802 -0.0000 -0.9249
vn -0.3863 -0.0446 -0.9213
vn -0.4039 -0.0848 -0.9109
vn -0.4314 -0.1167 -0.8946
vn -0.4660 -0.1372 -0.8741
vn -0.5043 -0.1442 -0.8514
vn -0.5427 -0.1372 -0.8287
vn -0.5772 -0.1167 -0.8082
vn -0.6047 -0.0848 -0.7919
vn -0.6223 -0.0446 -0.7815
vn -0.7198 0.0872 -0.6887
vn -0.7317 -0.0000 -0.6817
vn -0.6853 0.1658 -0.7091
vn -0.6316 0.2282 -0.7409
vn -0.5639 0.2683 -0.7810
vn -0.4889 0.2821 -0.8254
vn -0.4139 0.2683 -0.8699
vn -0.3463 0.2282 -0.9099
vn -0.2926 0.1658 -0.9418
vn -0.2581 0.0872 -0.9622
vn -0.2462 -0.0000 -0.9692
vn -0.2581 -0.0872 -0.9622
vn -0.2926 -0.1658 -0.9418
vn -0.3463 -0.2282 -0.9099
vn -0.4139 -0.2683 -0.8699
vn -0.4889 -0.2821 -0.8254
vn -0.5639 -0.2683 -0.7810
vn -0.6316 -0.2282 -0.7409
vn -0.6853 -0.1658 -0.7091
vn -0.7198 -0.0872 -0.6887
vn -0.8065 0.1299 -0.5768
vn -0.8242 -0.0000 -0.5663
vn -0.7551 0.2472 -0.6072
vn -0.6751 0.3402 -0.6546
vn -0.5742 0.3999 -0.7144
vn -0.4624 0.4205 -0.7806
vn -0.3506 0.3999 -0.8468
vn -0.2497 0.3402 -0.9066
vn -0.1697 0.2472 -0.9540
vn -0.1183 0.1299 -0.9844
vn -0.1006 -0.0000 -0.9949
vn -0.1183 -0.1299 -0.9844
vn -0.1697 -0.2472 -0.9540
vn -0.2497 -0.3402 -0.9066
vn -0.3506 -0.3999 -0.8468
vn -0.4624 -0.4205 -0.7806
vn -0.5742 -0.3999 -0.7144
vn -0.6751 -0.3402 -0.6546
vn -0.7551 -0.2472 -0.6072
vn -0.8065 -0.1299 -0.5768
vn -0.8796 0.1725 -0.4434
vn -0.9031 -0.0000 -0.4295
vn -0.8114 0.3280 -0.4838
vn -0.7051 0.4515 -0.5467
vn -0.5713 0.5308 -0.6260
vn -0.4229 0.5581 -0.7139
vn -0.2745 0.5308 -0.8018
vn -0.1406 0.4515 -0.8811
vn -0.0344 0.3280 -0.9440
vn 0.0338 0.1725 -0.9844
vn 0.0573 -0.0000 -0.9984
vn 0.0338 -0.1725 -0.9844
vn -0.0344 -0.3280 -0.9440
vn -0.1406 -0.4515 -0.8811
vn -0.2745 -0.5308 -0.8018
vn -0.4229 -0.5581 -0.7139
vn -0.5713 -0.5308 -0.6260
vn -0.7051 -0.4515 -0.5467
vn -0.8114 -0.3280 -0.4838
vn -0.8796 -0.1725 -0.4434
vn -0.9339 0.2136 -0.2867
vn -0.9630 -0.0000 -0.2695
vn -0.8494 0.4063 -0.3367
vn -0.7179 0.5592 -0.4147
vn -0.5521 0.6574 -0.5129
vn -0.3683 0.6912 -0.6218
vn -0.1845 0.6574 -0.7306
vn -0.0187 0.5592 -0.8288
vn 0.1128 0.4063 -0.9067
vn 0.1973 0.2136 -0.9568
vn 0.2264 -0.0000 -0.9740
vn 0.1973 -0.2136 -0.9568
vn 0.1128 -0.4063 -0.9067
vn -0.0187 -0.5592 -0.8288
vn -0.1845 -0.6574 -0.7306
vn -0.3683 -0.6912 -0.6218
vn -0.5521 -0.6574 -0.5129
vn -0.7179 -0.5592 -0.4147
vn -0.8494 -0.4063 -0.3368
vn -0.9339 -0.2136 -0.2867
vn -0.9505 0.2314 -0.2074
vn -0.9820 -0.0000 -0.1887
vn -0.8590 0.4401 -0.2616
vn -0.7165 0.6058 -0.3460
vn -0.5369 0.7121 -0.4524
vn -0.3378 0.7487 -0.5703
vn -0.1388 0.7121 -0.6882
vn 0.0408 0.6058 -0.7946
vn 0.1834 0.4401 -0.8790
vn 0.2749 0.2314 -0.9332
vn 0.3064 -0.0000 -0.9519
vn 0.2748 -0.2314 -0.9332
vn 0.1833 -0.4401 -0.8790
vn 0.0408 -0.6057 -0.7946
vn -0.1388 -0.7121 -0.6882
vn -0.3378 -0.7487 -0.5703
vn -0.5369 -0.7121 -0.4524
vn -0.7165 -0.6057 -0.3460
vn -0.8590 -0.4401 -0.2616
vn -0.9505 -0.2314 -0.2074
vn -0.8183 0.3090 0.4847
vn -0.6961 0.5878 0.4123
vn -0.5057 0.8090 0.2996
vn -0.2659 0.9511 0.1575
vn 0.2659 0.9511 -0.1575
vn 0.5057 0.8090 -0.2996
vn 0.6961 0.5878 -0.4123
vn 0.8183 0.3090 -0.4847
vn 0.8183 -0.3090 -0.4847
vn 0.6961 -0.5878 -0.4123
vn 0.5057 -0.8090 -0.2996
vn 0.2659 -0.9511 -0.1575
vn -0.2659 -0.9511 0.1575
vn -0.5057 -0.8090 0.2996
vn -0.6961 -0.5878 0.4123
vn -0.8183 -0.3090 0.4847
vn -0.9777 0.1455 0.1515
vn -0.9003 0.4221 0.1057
vn -0.7532 0.6575 0.0185
vn -0.5507 0.8285 -0.1015
vn -0.3127 0.9184 -0.2425
vn -0.0624 0.9184 -0.3908
vn 0.1756 0.8285 -0.5318
vn 0.3782 0.6575 -0.6517
vn 0.5253 0.4222 -0.7388
vn 0.6026 0.1455 -0.7846
vn 0.6026 -0.1455 -0.7846
vn 0.5253 -0.4222 -0.7388
vn 0.3782 -0.6575 -0.6517
vn 0.1757 -0.8285 -0.5317
vn -0.0624 -0.9184 -0.3907
vn -0.3127 -0.9184 -0.2425
vn -0.5508 -0.8285 -0.1015
vn -0.7532 -0.6575 0.0186
vn -0.9004 -0.4221 0.1057
vn -0.9777 -0.1455 0.1515
vn -0.5773 -0.1167 -0.8082
vn -0.5640 0.2683 -0.7810
vn -0.6750 -0.3402 -0.6546
vn -0.1407 0.4515 -0.8811
vn -0.7051 -0.4515 -0.5468
vn 0.1129 0.4063 -0.9067
vn -0.8494 -0.4063 -0.3367
vn 0.0408 0.6057 -0.7946
vn 0.2749 -0.2314 -0.9332
vn 0.1834 -0.4401 -0.8790
vn 0.0408 -0.6058 -0.7946
vn -0.9777 0.1454 0.1515
vn -0.9004 0.4221 0.1056
vn -0.3127 0.9184 -0.2424
vn -0.0624 0.9184 -0.3907
vn 0.1757 0.8285 -0.5317
vn 0.1756 -0.8285 -0.5318
vn -0.3127 -0.9184 -0.2424
vn -0.5507 -0.8285 -0.1014
vn -0.7532 -0.6575 0.0185
vn -0.9003 -0.4222 0.1056
vn -0.5507 0.8285 -0.1014
vn 0.5252 0.4222 -0.7389
vn -0.3463 -0.2282 -0.9100
vn -0.3126 -0.9184 -0.2424
vn -0.9004 -0.4222 0.1056
vn 0.3863 0.0446 0.9213
vn 0.3802 -0.0000 0.9249
vn 0.4039 0.0848 0.9109
vn 0.4314 0.1167 0.8946
vn 0.4660 0.1372 0.8741
vn 0.5043 0.1442 0.8514
vn 0.5427 0.1372 0.8287
vn 0.5772 0.1167 0.8082
vn 0.6047 0.0848 0.7919
vn 0.6223 0.0446 0.7815
vn 0.6284 -0.0000 0.7779
vn 0.6223 -0.0446 0.7815
vn 0.6047 -0.0848 0.7919
vn 0.5773 -0.1167 0.8082
vn 0.5427 -0.1372 0.8287
vn 0.5043 -0.1442 0.8514
vn 0.4660 -0.1372 0.8741
vn 0.4314 -0.1167 0.8946
vn 0.4039 -0.0848 0.9109
vn 0.3863 -0.0446 0.9213
vn 0.2581 0.0872 0.9622
vn 0.2462 -0.0000 0.9692
vn 0.2926 0.1658 0.9418
vn 0.3463 0.2282 0.9099
vn 0.4139 0.2683 0.8699
vn 0.4889 0.2821 0.8254
vn 0.5639 0.2683 0.7810
vn 0.6316 0.2282 0.7409
vn 0.6853 0.1658 0.7091
vn 0.7198 0.0872 0.6887
vn 0.7317 -0.0000 0.6817
vn 0.7198 -0.0872 0.6887
vn 0.6853 -0.1658 0.7091
vn 0.6316 -0.2283 0.7409
vn 0.5639 -0.2683 0.7810
vn 0.4889 -0.2821 0.8254
vn 0.4139 -0.2683 0.8699
vn 0.3463 -0.2282 0.9099
vn 0.2926 -0.1658 0.9418
vn 0.2581 -0.0872 0.9622
vn 0.1183 0.1300 0.9844
vn 0.1006 -0.0000 0.9949
vn 0.1697 0.2472 0.9540
vn 0.2497 0.3402 0.9066
vn 0.3506 0.4000 0.8468
vn 0.4624 0.4205 0.7806
vn 0.5742 0.4000 0.7144
vn 0.6751 0.3402 0.6546
vn 0.7551 0.2472 0.6072
vn 0.8065 0.1300 0.5768
vn 0.8242 -0.0000 0.5663
vn 0.8065 -0.1300 0.5768
vn 0.7551 -0.2472 0.6072
vn 0.6751 -0.3402 0.6546
vn 0.5742 -0.4000 0.7144
vn 0.4624 -0.4205 0.7806
vn 0.3506 -0.4000 0.8468
vn 0.2497 -0.3402 0.9066
vn 0.1697 -0.2472 0.9540
vn 0.1183 -0.1300 0.9844
vn -0.0338 0.1725 0.9844
vn -0.0573 -0.0000 0.9984
vn 0.0344 0.3280 0.9440
vn 0.1407 0.4515 0.8811
vn 0.2745 0.5308 0.8018
vn 0.4229 0.5581 0.7139
vn 0.5713 0.5308 0.6260
vn 0.7051 0.4515 0.5467
vn 0.8114 0.3280 0.4838
vn 0.8796 0.1725 0.4434
vn 0.9031 -0.0000 0.4295
vn 0.8796 -0.1725 0.4434
vn 0.8114 -0.3280 0.4838
vn 0.7051 -0.4515 0.5468
vn 0.5713 -0.5308 0.6260
vn 0.4229 -0.5581 0.7139
vn 0.2745 -0.5308 0.8018
vn 0.1407 -0.4515 0.8811
vn 0.0344 -0.3280 0.9440
vn -0.0338 -0.1725 0.9844
vn -0.1973 0.2136 0.9568
vn -0.2264 -0.0000 0.9740
vn -0.1129 0.4063 0.9067
vn 0.0187 0.5592 0.8288
vn 0.1845 0.6574 0.7306
vn 0.3683 0.6912 0.6218
vn 0.5521 0.6574 0.5129
vn 0.7179 0.5592 0.4147
vn 0.8494 0.4063 0.3367
vn 0.9339 0.2136 0.2867
vn 0.9630 -0.0000 0.2695
vn 0.9339 -0.2136 0.2867
vn 0.8494 -0.4063 0.3368
vn 0.7178 -0.5592 0.4147
vn 0.5521 -0.6574 0.5129
vn 0.3683 -0.6912 0.6218
vn 0.1845 -0.6574 0.7306
vn 0.0187 -0.5592 0.8288
vn -0.1129 -0.4063 0.9067
vn -0.1973 -0.2136 0.9568
vn -0.2749 0.2314 0.9332
vn -0.3064 -0.0000 0.9519
vn -0.1834 0.4401 0.8790
vn -0.0409 0.6058 0.7946
vn 0.1387 0.7121 0.6882
vn 0.3378 0.7488 0.5703
vn 0.5369 0.7121 0.4524
vn 0.7165 0.6058 0.3460
vn 0.8590 0.4401 0.2616
vn 0.9505 0.2314 0.2074
vn 0.9820 -0.0000 0.1887
vn 0.9505 -0.2314 0.2074
vn 0.8590 -0.4401 0.2616
vn 0.7165 -0.6058 0.3460
vn 0.5369 -0.7121 0.4524
vn 0.3378 -0.7488 0.5703
vn 0.1387 -0.7121 0.6882
vn -0.0409 -0.6058 0.7946
vn -0.1834 -0.4401 0.8790
vn -0.2749 -0.2314 0.9332
vn -0.6026 0.1455 0.7847
vn -0.5252 0.4221 0.7389
vn -0.3782 0.6575 0.6517
vn -0.1757 0.8285 0.5317
vn 0.0624 0.9184 0.3908
vn 0.3127 0.9184 0.2425
vn 0.5507 0.8285 0.1015
vn 0.7533 0.6575 -0.0185
vn 0.9004 0.4221 -0.1056
vn 0.9777 0.1455 -0.1514
vn 0.9777 -0.1455 -0.1514
vn 0.9003 -0.4222 -0.1056
vn 0.7532 -0.6575 -0.0184
vn 0.5508 -0.8285 0.1016
vn 0.3127 -0.9184 0.2424
vn 0.0623 -0.9184 0.3906
vn -0.1757 -0.8285 0.5317
vn -0.3782 -0.6575 0.6516
vn -0.5253 -0.4221 0.7389
vn -0.6026 -0.1455 0.7847
vn 0.5772 -0.1167 0.8082
vn 0.5640 -0.2683 0.7810
vn 0.3506 0.3999 0.8468
vn 0.3506 -0.3999 0.8468
vn 0.7051 0.4515 0.5468
vn 0.3378 -0.7487 0.5703
vn -0.5253 0.4221 0.7388
vn -0.3781 0.6575 0.6517
vn 0.0624 0.9184 0.3907
vn 0.3127 0.9184 0.2424
vn 0.7533 0.6574 -0.0184
vn 0.9003 0.4222 -0.1057
vn 0.7532 -0.6575 -0.0185
vn 0.5507 -0.8285 0.1015
vn -0.3782 -0.6575 0.6517
vn -0.5253 -0.4221 0.7388
vn -0.6026 -0.1455 0.7846
vn 0.5773 0.1167 0.8082
vn 0.3463 0.2282 0.9100
vn 0.3462 -0.2282 0.9100
vn 0.8065 0.1299 0.5768
vn 0.3683 0.6912 0.6217
vn 0.7532 0.6575 -0.0184
vn 0.9003 0.4222 -0.1056
vn 0.3127 -0.9184 0.2425
vn 0.0624 -0.9184 0.3907
vn 0.7179 -0.5592 0.4147
vn -0.0408 -0.6058 0.7946
vn 0.7779 -0.0000 -0.6284
vn 0.7815 0.0446 -0.6223
vn 0.7919 0.0848 -0.6047
vn 0.8082 0.1167 -0.5773
vn 0.8287 0.1371 -0.5427
vn 0.8514 0.1442 -0.5043
vn 0.8741 0.1371 -0.4660
vn 0.8946 0.1167 -0.4314
vn 0.9109 0.0847 -0.4039
vn 0.9213 0.0445 -0.3863
vn 0.9249 -0.0000 -0.3802
vn 0.9213 -0.0446 -0.3863
vn 0.9109 -0.0848 -0.4039
vn 0.8946 -0.1167 -0.4314
vn 0.8741 -0.1371 -0.4660
vn 0.8514 -0.1442 -0.5043
vn 0.8287 -0.1371 -0.5427
vn 0.8082 -0.1167 -0.5773
vn 0.7919 -0.0847 -0.6047
vn 0.7815 -0.0445 -0.6223
vn 0.6887 0.0872 -0.7198
vn 0.6816 -0.0000 -0.7317
vn 0.7091 0.1658 -0.6853
vn 0.7409 0.2283 -0.6316
vn 0.7810 0.2683 -0.5640
vn 0.8254 0.2821 -0.4889
vn 0.8699 0.2683 -0.4139
vn 0.9099 0.2283 -0.3463
vn 0.9418 0.1658 -0.2926
vn 0.9622 0.0872 -0.2581
vn 0.9692 -0.0000 -0.2462
vn 0.9622 -0.0872 -0.2581
vn 0.9418 -0.1658 -0.2926
vn 0.9099 -0.2283 -0.3463
vn 0.8699 -0.2683 -0.4139
vn 0.8254 -0.2821 -0.4889
vn 0.7810 -0.2683 -0.5640
vn 0.7409 -0.2283 -0.6316
vn 0.7091 -0.1658 -0.6853
vn 0.6887 -0.0872 -0.7198
vn 0.5768 0.1299 -0.8065
vn 0.5663 -0.0000 -0.8242
vn 0.6072 0.2472 -0.7551
vn 0.6546 0.3402 -0.6751
vn 0.7144 0.4000 -0.5742
vn 0.7806 0.4205 -0.4624
vn 0.8468 0.4000 -0.3506
vn 0.9066 0.3402 -0.2497
vn 0.9540 0.2472 -0.1697
vn 0.9844 0.1300 -0.1183
vn 0.9949 -0.0000 -0.1006
vn 0.9844 -0.1299 -0.1183
vn 0.9540 -0.2472 -0.1697
vn 0.9066 -0.3402 -0.2497
vn 0.8468 -0.4000 -0.3506
vn 0.7806 -0.4205 -0.4624
vn 0.7144 -0.4000 -0.5742
vn 0.6546 -0.3402 -0.6751
vn 0.6072 -0.2472 -0.7551
vn 0.5768 -0.1300 -0.8065
vn 0.4434 0.1725 -0.8796
vn 0.4295 -0.0000 -0.9031
vn 0.4838 0.3280 -0.8114
vn 0.5468 0.4515 -0.7051
vn 0.6260 0.5308 -0.5713
vn 0.7139 0.5581 -0.4229
vn 0.8018 0.5308 -0.2745
vn 0.8811 0.4515 -0.1406
vn 0.9440 0.3280 -0.0344
vn 0.9844 0.1725 0.0338
vn 0.9984 -0.0000 0.0573
vn 0.9844 -0.1725 0.0338
vn 0.9440 -0.3280 -0.0344
vn 0.8811 -0.4515 -0.1406
vn 0.8018 -0.5308 -0.2745
vn 0.7139 -0.5581 -0.4229
vn 0.6260 -0.5308 -0.5713
vn 0.5468 -0.4515 -0.7051
vn 0.4838 -0.3280 -0.8114
vn 0.4434 -0.1725 -0.8796
vn 0.2867 0.2136 -0.9339
vn 0.2695 -0.0000 -0.9630
vn 0.3368 0.4063 -0.8494
vn 0.4147 0.5592 -0.7179
vn 0.5129 0.6574 -0.5521
vn 0.6218 0.6912 -0.3683
vn 0.7306 0.6574 -0.1845
vn 0.8288 0.5592 -0.0187
vn 0.9067 0.4063 0.1128
vn 0.9568 0.2136 0.1973
vn 0.9740 -0.0000 0.2264
vn 0.9568 -0.2136 0.1973
vn 0.9067 -0.4063 0.1128
vn 0.8288 -0.5592 -0.0187
vn 0.7306 -0.6574 -0.1845
vn 0.6218 -0.6912 -0.3683
vn 0.5129 -0.6574 -0.5521
vn 0.4147 -0.5592 -0.7179
vn 0.3368 -0.4063 -0.8494
vn 0.2867 -0.2136 -0.9339
vn 0.2074 0.2314 -0.9505
vn 0.1887 -0.0000 -0.9820
vn 0.2616 0.4401 -0.8590
vn 0.3460 0.6058 -0.7165
vn 0.4524 0.7121 -0.5369
vn 0.5703 0.7487 -0.3378
vn 0.6883 0.7121 -0.1388
vn 0.7946 0.6057 0.0408
vn 0.8790 0.4401 0.1833
vn 0.9332 0.2314 0.2748
vn 0.9519 -0.0000 0.3064
vn 0.9332 -0.2314 0.2748
vn 0.8790 -0.4401 0.1833
vn 0.7946 -0.6057 0.0408
vn 0.6883 -0.7121 -0.1388
vn 0.5703 -0.7487 -0.3378
vn 0.4524 -0.7121 -0.5369
vn 0.3460 -0.6057 -0.7165
vn 0.2616 -0.4401 -0.8590
vn 0.2074 -0.2314 -0.9505
vn -0.4847 0.3090 -0.8183
vn -0.4123 0.5878 -0.6961
vn -0.2996 0.8090 -0.5057
vn -0.1575 0.9511 -0.2659
vn 0.1575 0.9511 0.2659
vn 0.2996 0.8090 0.5057
vn 0.4123 0.5878 0.6961
vn 0.4847 0.3090 0.8183
vn 0.4847 -0.3090 0.8183
vn 0.4123 -0.5878 0.6961
vn 0.2996 -0.8090 0.5057
vn 0.1575 -0.9511 0.2659
vn -0.1575 -0.9511 -0.2659
vn -0.2996 -0.8090 -0.5057
vn -0.4123 -0.5878 -0.6961
vn -0.4847 -0.3090 -0.8183
vn -0.1516 0.1455 -0.9777
vn -0.1058 0.4222 -0.9003
vn -0.0185 0.6577 -0.7531
vn 0.1014 0.8285 -0.5508
vn 0.2424 0.9184 -0.3126
vn 0.3907 0.9184 -0.0624
vn 0.5318 0.8284 0.1757
vn 0.6516 0.6576 0.3781
vn 0.7388 0.4221 0.5253
vn 0.7846 0.1455 0.6026
vn 0.7847 -0.1455 0.6026
vn 0.7388 -0.4221 0.5254
vn 0.6516 -0.6576 0.3781
vn 0.5318 -0.8284 0.1757
vn 0.3907 -0.9184 -0.0624
vn 0.2425 -0.9184 -0.3127
vn 0.1015 -0.8284 -0.5508
vn -0.0185 -0.6576 -0.7531
vn -0.1058 -0.4222 -0.9003
vn -0.1515 -0.1455 -0.9777
vn 0.3460 0.6057 -0.7165
vn -0.1515 0.1455 -0.9777
vn -0.1057 0.4221 -0.9004
vn 0.3907 0.9184 -0.0623
vn 0.5318 0.8285 0.1757
vn 0.6516 0.6576 0.3782
vn 0.7847 0.1455 0.6026
vn 0.7388 -0.4221 0.5253
vn 0.6515 -0.6577 0.3781
vn 0.5317 -0.8285 0.1757
vn 0.2424 -0.9184 -0.3126
vn -0.0185 -0.6576 -0.7532
vn -0.1057 -0.4222 -0.9003
vn 0.7815 0.0445 -0.6223
vn 0.8946 0.1166 -0.4314
vn 0.9109 0.0848 -0.4039
vn 0.9213 0.0446 -0.3863
vn 0.8946 -0.1166 -0.4314
vn 0.7919 -0.0848 -0.6047
vn 0.7815 -0.0446 -0.6223
vn 0.9418 0.1659 -0.2926
vn 0.9418 -0.1659 -0.2926
vn 0.7091 -0.1659 -0.6853
vn 0.7806 0.4206 -0.4624
vn 0.9844 -0.1300 -0.1183
vn 0.7806 -0.4206 -0.4624
vn 0.3367 0.4063 -0.8494
vn 0.9068 0.4063 0.1129
vn 0.9068 -0.4063 0.1129
vn 0.6217 -0.6912 -0.3683
vn 0.3367 -0.4063 -0.8494
vn 0.6882 0.7121 -0.1387
vn 0.8790 0.4401 0.1834
vn 0.9332 0.2314 0.2749
vn 0.9332 -0.2314 0.2749
vn 0.8790 -0.4401 0.1834
vn 0.6882 -0.7121 -0.1387
vn 0.3460 -0.6058 -0.7165
vn -0.1514 0.1454 -0.9777
vn -0.1055 0.4221 -0.9004
vn -0.0185 0.6575 -0.7532
vn 0.1014 0.8285 -0.5507
vn 0.2424 0.9184 -0.3127
vn 0.6517 0.6575 0.3781
vn 0.7388 0.4222 0.5253
vn 0.6517 -0.6575 0.3781
vn 0.5318 -0.8285 0.1756
vn 0.2424 -0.9184 -0.3127
vn -0.0185 -0.6575 -0.7532
vn -0.1056 -0.4221 -0.9004
vn -0.1514 -0.1454 -0.9777
vn 0.7810 0.2683 -0.5639
vn 0.4434 0.1724 -0.8796
vn 0.6217 0.6912 -0.3683
vn 0.9067 0.4063 0.1129
vn 0.9067 -0.4063 0.1129
vn 0.5703 0.7488 -0.3378
vn 0.5703 -0.7488 -0.3378
vn -0.0184 0.6575 -0.7532
vn 0.2425 0.9184 -0.3127
vn 0.5318 -0.8285 0.1757
vn 0.1015 -0.8285 -0.5508
vn -0.0184 -0.6575 -0.7532
vn -0.1055 -0.4221 -0.9004
vn 0.8082 0.1166 -0.5773
vn 0.8741 -0.1372 -0.4660
vn 0.8287 -0.1372 -0.5427
vn 0.8082 -0.1166 -0.5773
vn 0.7810 -0.2683 -0.5639
vn 0.9844 -0.1724 0.0338
vn 0.9068 -0.4063 0.1128
vn 0.2073 -0.2314 -0.9505
vn -0.1514 0.1455 -0.9777
vn -0.0185 0.6576 -0.7531
vn 0.1015 0.8285 -0.5507
vn 0.5317 0.8285 0.1756
vn 0.7847 0.1454 0.6025
vn 0.5317 -0.8285 0.1756
vn 0.1015 -0.8285 -0.5507
vn -0.1514 -0.1455 -0.9777
vn 0.8082 -0.1167 -0.5772
vn 0.9100 0.2282 -0.3463
vn -0.1513 0.1454 -0.9777
vn -0.1056 0.4221 -0.9004
vn 0.5317 0.8285 0.1757
vn 0.6517 0.6574 0.3782
vn 0.6517 -0.6574 0.3782
vn 0.1014 -0.8285 -0.5508
vn -0.5773 0.1167 -0.8082
vn -0.5640 -0.2683 -0.7810
vn -0.8065 0.1300 -0.5768
vn -0.8065 -0.1300 -0.5768
vn 0.1129 0.4063 -0.9068
vn 0.1129 -0.4063 -0.9068
vn 0.2748 0.2313 -0.9333
vn 0.3063 -0.0000 -0.9519
vn 0.1833 0.4401 -0.8790
vn -0.7165 -0.6058 -0.3460
vn -0.1387 -0.7121 -0.6882
vn 0.2748 -0.2313 -0.9333
vn 0.6029 0.1454 -0.7845
vn 0.5255 0.4222 -0.7386
vn 0.3781 0.6574 -0.6518
vn -0.5508 0.8285 -0.1016
vn -0.7533 0.6574 0.0183
vn -0.9004 0.4221 0.1054
vn -0.9777 0.1454 0.1513
vn -0.9777 -0.1454 0.1513
vn -0.9004 -0.4221 0.1054
vn -0.7533 -0.6574 0.0182
vn -0.5508 -0.8285 -0.1016
vn -0.0624 -0.9184 -0.3908
vn 0.1756 -0.8284 -0.5319
vn 0.3781 -0.6574 -0.6518
vn 0.5255 -0.4222 -0.7386
vn 0.6029 -0.1454 -0.7845
vn -0.2925 -0.1658 -0.9418
vn -0.1183 0.1300 -0.9844
vn -0.1387 0.7121 -0.6882
vn 0.0409 -0.6058 -0.7946
vn 0.5255 0.4222 -0.7387
vn 0.3780 0.6574 -0.6518
vn -0.7533 0.6574 0.0182
vn -0.9004 -0.4222 0.1053
vn 0.3780 -0.6574 -0.6518
vn 0.5255 -0.4222 -0.7387
vn -0.1183 -0.1300 -0.9844
vn 0.1129 -0.4063 -0.9067
vn -0.9004 0.4221 0.1053
vn 0.5254 -0.4222 -0.7387
vn -0.3378 0.7488 -0.5703
vn 0.1756 0.8284 -0.5318
vn -0.5508 0.8285 -0.1015
vn -0.9004 -0.4221 0.1053
vn -0.0623 -0.9184 -0.3906
vn 0.6029 -0.1454 -0.7844
vn 0.6316 0.2283 0.7409
vn 0.5640 0.2683 0.7810
vn 0.3463 -0.2283 0.9099
vn 0.1406 0.4515 0.8811
vn 0.7051 -0.4515 0.5467
vn 0.8494 0.4063 0.3368
vn 0.3683 -0.6912 0.6217
vn 0.8494 -0.4063 0.3367
vn 0.9777 0.1455 -0.1518
vn 0.9003 0.4222 -0.1059
vn 0.7533 0.6574 -0.0183
vn 0.5508 0.8284 0.1016
vn -0.1756 0.8285 0.5318
vn -0.3780 0.6574 0.6519
vn -0.5250 0.4221 0.7390
vn -0.6025 0.1455 0.7847
vn -0.6025 -0.1454 0.7847
vn -0.5251 -0.4221 0.7390
vn -0.3779 -0.6574 0.6519
vn -0.1756 -0.8285 0.5318
vn 0.5508 -0.8285 0.1015
vn 0.7533 -0.6574 -0.0183
vn 0.9003 -0.4222 -0.1059
vn 0.9777 -0.1455 -0.1518
vn 0.9777 0.1454 -0.1517
vn 0.5508 0.8285 0.1015
vn 0.0623 0.9184 0.3907
vn -0.3779 0.6574 0.6519
vn -0.5251 0.4221 0.7390
vn -0.6025 0.1455 0.7848
vn -0.3780 -0.6574 0.6519
vn 0.9777 -0.1455 -0.1517
vn 0.7317 -0.0000 0.6816
vn 0.1005 -0.0000 0.9949
vn 0.5508 0.8285 0.1016
vn -0.9213 0.0446 0.3863
vn -0.9249 -0.0000 0.3802
vn -0.9109 0.0848 0.4039
vn -0.8946 0.1167 0.4314
vn -0.8741 0.1372 0.4660
vn -0.8514 0.1443 0.5043
vn -0.8287 0.1372 0.5427
vn -0.8082 0.1167 0.5773
vn -0.7919 0.0848 0.6047
vn -0.7815 0.0446 0.6223
vn -0.7779 -0.0000 0.6284
vn -0.7815 -0.0446 0.6224
vn -0.7919 -0.0848 0.6047
vn -0.8082 -0.1167 0.5773
vn -0.8287 -0.1372 0.5427
vn -0.8514 -0.1443 0.5043
vn -0.8741 -0.1372 0.4660
vn -0.8946 -0.1167 0.4314
vn -0.9109 -0.0848 0.4039
vn -0.9213 -0.0446 0.3863
vn -0.9622 0.0872 0.2581
vn -0.9692 -0.0000 0.2462
vn -0.9418 0.1658 0.2925
vn -0.9099 0.2283 0.3462
vn -0.8699 0.2683 0.4139
vn -0.8254 0.2822 0.4889
vn -0.7810 0.2683 0.5640
vn -0.7409 0.2283 0.6316
vn -0.7091 0.1658 0.6853
vn -0.6887 0.0872 0.7198
vn -0.6816 -0.0000 0.7317
vn -0.6887 -0.0872 0.7198
vn -0.7091 -0.1658 0.6853
vn -0.7409 -0.2283 0.6316
vn -0.7810 -0.2684 0.5639
vn -0.8254 -0.2822 0.4889
vn -0.8699 -0.2683 0.4139
vn -0.9099 -0.2283 0.3462
vn -0.9418 -0.1658 0.2925
vn -0.9622 -0.0872 0.2581
vn -0.9844 0.1300 0.1183
vn -0.9949 -0.0000 0.1006
vn -0.9540 0.2472 0.1697
vn -0.9066 0.3402 0.2497
vn -0.8468 0.3999 0.3506
vn -0.7806 0.4205 0.4624
vn -0.7144 0.3999 0.5742
vn -0.6547 0.3402 0.6751
vn -0.6073 0.2472 0.7551
vn -0.5768 0.1299 0.8065
vn -0.5663 -0.0000 0.8242
vn -0.5768 -0.1299 0.8065
vn -0.6073 -0.2472 0.7551
vn -0.6547 -0.3402 0.6750
vn -0.7144 -0.3999 0.5742
vn -0.7806 -0.4205 0.4624
vn -0.8469 -0.3999 0.3506
vn -0.9066 -0.3402 0.2497
vn -0.9540 -0.2472 0.1697
vn -0.9844 -0.1299 0.1183
vn -0.9844 0.1725 -0.0338
vn -0.9984 -0.0000 -0.0573
vn -0.9440 0.3280 0.0344
vn -0.8811 0.4515 0.1407
vn -0.8018 0.5308 0.2745
vn -0.7139 0.5581 0.4229
vn -0.6261 0.5308 0.5713
vn -0.5468 0.4515 0.7051
vn -0.4838 0.3280 0.8114
vn -0.4434 0.1724 0.8796
vn -0.4295 -0.0000 0.9031
vn -0.4435 -0.1725 0.8796
vn -0.4838 -0.3280 0.8114
vn -0.5468 -0.4515 0.7051
vn -0.6261 -0.5308 0.5713
vn -0.7139 -0.5581 0.4229
vn -0.8018 -0.5308 0.2745
vn -0.8811 -0.4515 0.1407
vn -0.9440 -0.3280 0.0344
vn -0.9844 -0.1724 -0.0338
vn -0.9568 0.2136 -0.1973
vn -0.9740 -0.0000 -0.2264
vn -0.9067 0.4063 -0.1129
vn -0.8288 0.5592 0.0187
vn -0.7306 0.6574 0.1845
vn -0.6217 0.6912 0.3683
vn -0.5129 0.6574 0.5521
vn -0.4147 0.5592 0.7179
vn -0.3367 0.4063 0.8494
vn -0.2867 0.2136 0.9339
vn -0.2695 -0.0000 0.9630
vn -0.2867 -0.2136 0.9339
vn -0.3367 -0.4063 0.8494
vn -0.4147 -0.5592 0.7179
vn -0.5129 -0.6574 0.5521
vn -0.6217 -0.6912 0.3683
vn -0.7306 -0.6574 0.1845
vn -0.8288 -0.5592 0.0187
vn -0.9067 -0.4063 -0.1129
vn -0.9568 -0.2136 -0.1973
vn -0.9332 0.2314 -0.2749
vn -0.9519 -0.0000 -0.3064
vn -0.8790 0.4401 -0.1834
vn -0.7946 0.6058 -0.0409
vn -0.6882 0.7121 0.1387
vn -0.5703 0.7487 0.3378
vn -0.4524 0.7121 0.5369
vn -0.3460 0.6058 0.7165
vn -0.2616 0.4401 0.8590
vn -0.2074 0.2314 0.9505
vn -0.1887 -0.0000 0.9820
vn -0.2074 -0.2314 0.9505
vn -0.2616 -0.4401 0.8590
vn -0.3460 -0.6058 0.7165
vn -0.4524 -0.7121 0.5369
vn -0.5703 -0.7488 0.3378
vn -0.6882 -0.7121 0.1387
vn -0.7946 -0.6058 -0.0409
vn -0.8790 -0.4401 -0.1834
vn -0.9332 -0.2314 -0.2749
vn -0.7846 0.1455 -0.6027
vn -0.7387 0.4221 -0.5255
vn -0.6516 0.6576 -0.3782
vn -0.5318 0.8285 -0.1757
vn -0.3907 0.9184 0.0623
vn -0.2424 0.9184 0.3126
vn -0.1014 0.8285 0.5508
vn 0.0185 0.6576 0.7532
vn 0.1058 0.4221 0.9003
vn 0.1516 0.1455 0.9777
vn 0.1516 -0.1455 0.9777
vn 0.1058 -0.4221 0.9003
vn 0.0185 -0.6576 0.7532
vn -0.1014 -0.8285 0.5508
vn -0.2424 -0.9184 0.3126
vn -0.3907 -0.9184 0.0624
vn -0.5317 -0.8285 -0.1757
vn -0.6516 -0.6576 -0.3782
vn -0.7387 -0.4221 -0.5255
vn -0.7846 -0.1455 -0.6027
vn -0.7815 0.0446 0.6224
vn -0.9100 -0.2283 0.3462
vn -0.9418 -0.1659 0.2925
vn -0.6073 0.2471 0.7551
vn -0.5768 -0.1300 0.8065
vn -0.5703 0.7488 0.3378
vn -0.7388 0.4221 -0.5253
vn -0.5317 0.8285 -0.1757
vn -0.1013 0.8285 0.5507
vn 0.0186 0.6576 0.7532
vn 0.1515 0.1455 0.9777
vn 0.1515 -0.1455 0.9777
vn 0.0186 -0.6576 0.7531
vn -0.2424 -0.9184 0.3127
vn -0.3906 -0.9184 0.0623
vn -0.7388 -0.4221 -0.5254
vn -0.9418 0.1658 0.2926
vn -0.9099 0.2282 0.3463
vn -0.8254 0.2821 0.4889
vn -0.7409 0.2282 0.6316
vn -0.6817 -0.0000 0.7317
vn -0.7409 -0.2282 0.6316
vn -0.7810 -0.2683 0.5640
vn -0.8254 -0.2821 0.4889
vn -0.9099 -0.2282 0.3463
vn -0.9418 -0.1658 0.2926
vn -0.6546 0.3402 0.6751
vn -0.6072 0.2472 0.7551
vn -0.5768 0.1300 0.8065
vn -0.6072 -0.2472 0.7551
vn -0.6546 -0.3402 0.6751
vn -0.8468 -0.3999 0.3506
vn -0.9440 0.3281 0.0344
vn -0.8811 0.4515 0.1406
vn -0.6260 0.5308 0.5713
vn -0.5467 0.4515 0.7051
vn -0.4434 0.1725 0.8796
vn -0.4434 -0.1725 0.8796
vn -0.5467 -0.4515 0.7051
vn -0.6260 -0.5308 0.5713
vn -0.8811 -0.4515 0.1406
vn -0.9440 -0.3281 0.0344
vn -0.9844 -0.1725 -0.0338
vn -0.9067 0.4063 -0.1128
vn -0.6218 0.6912 0.3683
vn -0.3368 0.4063 0.8494
vn -0.3368 -0.4063 0.8494
vn -0.6218 -0.6912 0.3683
vn -0.9068 -0.4063 -0.1128
vn -0.9332 0.2314 -0.2748
vn -0.8790 0.4401 -0.1833
vn -0.7946 0.6057 -0.0408
vn -0.6883 0.7121 0.1388
vn -0.3460 0.6057 0.7165
vn -0.3460 -0.6057 0.7165
vn -0.5703 -0.7487 0.3378
vn -0.6882 -0.7121 0.1388
vn -0.7946 -0.6057 -0.0408
vn -0.8790 -0.4401 -0.1833
vn -0.9332 -0.2314 -0.2748
vn -0.6517 0.6575 -0.3783
vn -0.5316 0.8286 -0.1757
vn -0.3906 0.9185 0.0623
vn -0.2423 0.9185 0.3126
vn -0.1014 0.8286 0.5506
vn 0.0186 0.6575 0.7533
vn 0.0186 -0.6575 0.7532
vn -0.1014 -0.8285 0.5507
vn -0.2423 -0.9185 0.3126
vn -0.3905 -0.9185 0.0623
vn -0.5316 -0.8286 -0.1757
vn -0.6517 -0.6575 -0.3782
vn -0.7388 -0.4221 -0.5253
vn -0.7846 -0.1454 -0.6027
vn -0.9100 0.2282 0.3463
vn -0.7810 0.2683 0.5639
vn -0.9844 0.1299 0.1183
vn -0.4838 0.3281 0.8114
vn -0.6517 0.6574 -0.3782
vn 0.0186 -0.6575 0.7533
vn -0.1014 -0.8286 0.5506
vn -0.3906 -0.9185 0.0623
vn -0.6517 -0.6574 -0.3782
vn -0.7389 -0.4221 -0.5253
vn -0.8514 -0.1442 0.5043
vn -0.4838 -0.3281 0.8114
vn -0.6882 0.7121 0.1388
vn -0.7387 0.4221 -0.5254
vn -0.6516 0.6575 -0.3783
vn 0.0187 0.6575 0.7532
vn 0.0187 -0.6575 0.7532
vn -0.1013 -0.8286 0.5506
vn -0.6516 -0.6575 -0.3783
vn -0.9067 -0.4063 -0.1128
vn -0.3461 0.6057 0.7165
vn -0.7388 0.4221 -0.5254
vn -0.1013 0.8286 0.5506
vn -0.7165 0.6057 -0.3460
vn 0.6026 0.1455 -0.7847
vn 0.5253 0.4221 -0.7389
vn -0.9004 0.4222 0.1056
vn -0.9777 0.1455 0.1514
vn -0.9777 -0.1455 0.1514
vn -0.9004 -0.4221 0.1055
vn -0.5507 -0.8285 -0.1015
vn -0.0624 -0.9183 -0.3908
vn 0.3781 -0.6575 -0.6517
vn 0.5253 -0.4221 -0.7389
vn 0.6026 -0.1455 -0.7847
vn -0.3463 0.2282 -0.9100
vn -0.1407 -0.4515 -0.8811
vn 0.5252 0.4221 -0.7389
vn -0.9777 -0.1455 0.1513
vn -0.5508 -0.8285 -0.1014
vn 0.5252 -0.4221 -0.7389
vn 0.5426 0.1372 0.8287
vn 0.6316 -0.2282 0.7409
vn 0.5742 0.3999 0.7144
vn 0.1183 0.1299 0.9844
vn 0.5742 -0.3999 0.7144
vn 0.1406 -0.4515 0.8811
vn 0.7165 0.6057 0.3460
vn 0.3378 0.7487 0.5703
vn 0.1388 0.7121 0.6882
vn -0.0408 0.6057 0.7946
vn -0.0408 -0.6057 0.7946
vn 0.1388 -0.7121 0.6882
vn 0.7165 -0.6057 0.3460
vn 0.9777 0.1454 -0.1514
vn 0.9004 0.4221 -0.1055
vn 0.7533 0.6575 -0.0184
vn 0.5507 0.8285 0.1014
vn -0.6026 0.1454 0.7847
vn -0.5252 -0.4221 0.7389
vn 0.9004 -0.4221 -0.1056
vn 0.1183 -0.1299 0.9844
vt 0.280617 0.199761
vt 0.298209 0.199761
vt 0.298215 0.345319
vt 0.280612 0.345319
vt 0.299541 0.199761
vt 0.317155 0.199761
vt 0.317085 0.345319
vt 0.299551 0.345319
vt 0.242613 0.199761
vt 0.260260 0.199761
vt 0.260396 0.345319
vt 0.242767 0.345319
vt 0.261661 0.199761
vt 0.279282 0.199761
vt 0.279276 0.345319
vt 0.261742 0.345319
vt 0.280614 0.346918
vt 0.298211 0.346918
vt 0.297686 0.496715
vt 0.279838 0.496715
vt 0.299571 0.346918
vt 0.316982 0.346918
vt 0.316624 0.496715
vt 0.299274 0.496715
vt 0.242771 0.346918
vt 0.260416 0.346918
vt 0.259461 0.496715
vt 0.241817 0.496715
vt 0.261829 0.346918
vt 0.279257 0.346918
vt 0.278244 0.496715
vt 0.260860 0.496715
vt 0.318543 0.199761
vt 0.318445 0.345319
vt 0.318389 0.346918
vt 0.318013 0.496715
vt 0.287131 0.582780
vt 0.287131 0.594231
vt 0.269519 0.594231
vt 0.269519 0.582780
vt 0.309983 0.788500
vt 0.309518 0.753460
vt 0.327424 0.753346
vt 0.326985 0.788465
vt 0.290902 0.775761
vt 0.290985 0.753444
vt 0.308059 0.753435
vt 0.309251 0.787160
vt 0.308631 0.787646
vt 0.298815 0.785484
vt 0.296792 0.784632
vt 0.294935 0.783386
vt 0.293425 0.781874
vt 0.292179 0.780008
vt 0.291335 0.777967
vt 0.287154 0.608522
vt 0.287255 0.630847
vt 0.269643 0.630932
vt 0.269542 0.608593
vt 0.327664 0.787052
vt 0.328878 0.753380
vt 0.345870 0.753158
vt 0.345998 0.775559
vt 0.345575 0.777791
vt 0.344733 0.779841
vt 0.343487 0.781711
vt 0.341976 0.783224
vt 0.340120 0.784471
vt 0.338100 0.785327
vt 0.328289 0.787523
vt 0.287131 0.599025
vt 0.287133 0.601330
vt 0.269522 0.601355
vt 0.269519 0.599033
vt 0.287131 0.596612
vt 0.269519 0.596611
vt 0.287138 0.603740
vt 0.287145 0.606112
vt 0.269533 0.606168
vt 0.269526 0.603780
vt 0.308878 0.686322
vt 0.326608 0.686285
vt 0.326691 0.720092
vt 0.308868 0.720206
vt 0.293273 0.686383
vt 0.307551 0.686325
vt 0.307480 0.720201
vt 0.293242 0.720207
vt 0.287624 0.697917
vt 0.270013 0.698022
vt 0.269818 0.664202
vt 0.287429 0.664105
vt 0.327959 0.686247
vt 0.342272 0.686269
vt 0.342340 0.720008
vt 0.328067 0.720160
vt 0.308908 0.597883
vt 0.326511 0.597850
vt 0.326552 0.618622
vt 0.308917 0.618654
vt 0.290414 0.602423
vt 0.307709 0.598104
vt 0.307670 0.618871
vt 0.292144 0.622597
vt 0.288140 0.781651
vt 0.270529 0.781760
vt 0.270403 0.761544
vt 0.288014 0.761435
vt 0.327806 0.618816
vt 0.327741 0.598051
vt 0.345064 0.602357
vt 0.343342 0.622526
vt 0.326600 0.652451
vt 0.308920 0.652479
vt 0.307611 0.652487
vt 0.293252 0.652527
vt 0.270218 0.731839
vt 0.287830 0.731731
vt 0.342249 0.652442
vt 0.327904 0.652425
vt 0.327347 0.789064
vt 0.338511 0.786519
vt 0.298413 0.786677
vt 0.309618 0.789116
vt 0.289655 0.775875
vt 0.289731 0.753449
vt 0.347241 0.775644
vt 0.347121 0.753164
vt 0.342779 0.784187
vt 0.344461 0.782500
vt 0.292454 0.782666
vt 0.294134 0.784350
vt 0.340730 0.785568
vt 0.296186 0.785731
vt 0.345844 0.780422
vt 0.346779 0.778133
vt 0.290135 0.778326
vt 0.291072 0.780596
vt 0.291997 0.720210
vt 0.343574 0.720029
vt 0.290884 0.622810
vt 0.289368 0.602623
vt 0.344605 0.622734
vt 0.346116 0.602552
vt 0.292008 0.686377
vt 0.291914 0.652530
vt 0.343550 0.686246
vt 0.343581 0.652436
vt 0.052039 0.173416
vt 0.069830 0.173416
vt 0.069830 0.335141
vt 0.052039 0.335141
vt 0.071227 0.173416
vt 0.084264 0.173416
vt 0.084264 0.335141
vt 0.071227 0.335141
vt 0.018418 0.173416
vt 0.036208 0.173416
vt 0.036208 0.335141
vt 0.018417 0.335141
vt 0.037605 0.173416
vt 0.050642 0.173416
vt 0.050642 0.335141
vt 0.037605 0.335141
vt 0.085661 0.173416
vt 0.085661 0.335141
vt 0.471038 0.242573
vt 0.487477 0.242573
vt 0.487477 0.449819
vt 0.471038 0.449819
vt 0.488769 0.242573
vt 0.505208 0.242573
vt 0.505208 0.449819
vt 0.488769 0.449819
vt 0.435575 0.242573
vt 0.452015 0.242573
vt 0.452015 0.449819
vt 0.435575 0.449819
vt 0.453307 0.242573
vt 0.469746 0.242573
vt 0.469746 0.449819
vt 0.453307 0.449819
vt 0.506500 0.242573
vt 0.506500 0.449819
vt 0.421166 0.752245
vt 0.403867 0.752322
vt 0.403895 0.740357
vt 0.421152 0.740583
vt 0.369744 0.752163
vt 0.357072 0.752161
vt 0.357103 0.740282
vt 0.369774 0.740283
vt 0.388377 0.752273
vt 0.371127 0.752175
vt 0.371155 0.740289
vt 0.388404 0.740329
vt 0.402459 0.752311
vt 0.389756 0.752294
vt 0.389782 0.740338
vt 0.402485 0.740347
vt 0.425482 0.822569
vt 0.408430 0.823956
vt 0.407270 0.812115
vt 0.424433 0.810760
vt 0.406197 0.800218
vt 0.423383 0.798997
vt 0.405277 0.788271
vt 0.422473 0.787270
vt 0.404545 0.776299
vt 0.421746 0.775573
vt 0.404054 0.764306
vt 0.421179 0.763907
vt 0.409050 0.668926
vt 0.426100 0.670413
vt 0.424965 0.682216
vt 0.407841 0.680746
vt 0.423766 0.693955
vt 0.406582 0.692587
vt 0.422707 0.705638
vt 0.405505 0.704482
vt 0.421889 0.717288
vt 0.404655 0.716419
vt 0.421375 0.728931
vt 0.404152 0.728386
vt 0.369119 0.823374
vt 0.350355 0.823072
vt 0.352164 0.811325
vt 0.369202 0.811505
vt 0.353743 0.799542
vt 0.369336 0.799639
vt 0.355045 0.787729
vt 0.369475 0.787775
vt 0.356041 0.775891
vt 0.369593 0.775910
vt 0.356718 0.764034
vt 0.369683 0.764039
vt 0.350754 0.669306
vt 0.369553 0.669000
vt 0.369593 0.680872
vt 0.352537 0.681057
vt 0.369650 0.692750
vt 0.354053 0.692850
vt 0.369706 0.704632
vt 0.355278 0.704678
vt 0.369749 0.716515
vt 0.356201 0.716532
vt 0.369774 0.728400
vt 0.356811 0.728402
vt 0.387421 0.823660
vt 0.370342 0.823398
vt 0.370498 0.811525
vt 0.387657 0.811788
vt 0.370678 0.799658
vt 0.387893 0.799916
vt 0.370846 0.787795
vt 0.388099 0.788034
vt 0.370972 0.775930
vt 0.388220 0.776134
vt 0.371066 0.764056
vt 0.388315 0.764211
vt 0.370845 0.668971
vt 0.388024 0.668801
vt 0.388121 0.680687
vt 0.370925 0.680849
vt 0.388221 0.692591
vt 0.371002 0.692733
vt 0.388299 0.704512
vt 0.371070 0.704620
vt 0.388357 0.716444
vt 0.371121 0.716510
vt 0.388395 0.728384
vt 0.371151 0.728401
vt 0.407277 0.823925
vt 0.388623 0.823664
vt 0.388944 0.811798
vt 0.405945 0.812094
vt 0.389245 0.799931
vt 0.404836 0.800192
vt 0.389501 0.788076
vt 0.403931 0.788218
vt 0.389599 0.776188
vt 0.403173 0.776236
vt 0.389693 0.764246
vt 0.402684 0.764276
vt 0.389358 0.668771
vt 0.407985 0.669002
vt 0.406505 0.680791
vt 0.389445 0.680655
vt 0.405185 0.692621
vt 0.389569 0.692563
vt 0.404105 0.704505
vt 0.389658 0.704490
vt 0.403264 0.716431
vt 0.389720 0.716432
vt 0.402755 0.728386
vt 0.389766 0.728383
vt 0.427433 0.670643
vt 0.426303 0.682437
vt 0.425107 0.694149
vt 0.424050 0.705799
vt 0.423235 0.717410
vt 0.422724 0.729008
vt 0.422520 0.740614
vt 0.422577 0.752242
vt 0.422450 0.763855
vt 0.423093 0.775462
vt 0.423818 0.787118
vt 0.424725 0.798810
vt 0.425773 0.810547
vt 0.426818 0.822349
vt 0.200838 0.201645
vt 0.218429 0.201645
vt 0.218435 0.347203
vt 0.200832 0.347203
vt 0.219762 0.201645
vt 0.237375 0.201645
vt 0.237306 0.347203
vt 0.219771 0.347203
vt 0.162834 0.201645
vt 0.180480 0.201645
vt 0.180617 0.347203
vt 0.162988 0.347203
vt 0.181881 0.201645
vt 0.199503 0.201645
vt 0.199496 0.347203
vt 0.181962 0.347203
vt 0.200835 0.348802
vt 0.218432 0.348802
vt 0.217906 0.498599
vt 0.200058 0.498599
vt 0.219791 0.348802
vt 0.237203 0.348802
vt 0.236845 0.498599
vt 0.219495 0.498599
vt 0.162992 0.348802
vt 0.180637 0.348802
vt 0.179682 0.498599
vt 0.162037 0.498599
vt 0.182050 0.348802
vt 0.199478 0.348802
vt 0.198465 0.498599
vt 0.181080 0.498599
vt 0.238763 0.201645
vt 0.238665 0.347203
vt 0.238610 0.348802
vt 0.238233 0.498599
vt 0.287657 0.783204
vt 0.287657 0.794655
vt 0.270045 0.794655
vt 0.270045 0.783204
vt 0.310267 0.981655
vt 0.309802 0.946615
vt 0.327708 0.946501
vt 0.327269 0.981620
vt 0.291186 0.968916
vt 0.291270 0.946599
vt 0.308343 0.946590
vt 0.309536 0.980315
vt 0.308915 0.980801
vt 0.299099 0.978639
vt 0.297077 0.977787
vt 0.295219 0.976541
vt 0.293709 0.975029
vt 0.292464 0.973163
vt 0.291620 0.971123
vt 0.287680 0.808946
vt 0.287781 0.831271
vt 0.270170 0.831356
vt 0.270069 0.809017
vt 0.327949 0.980207
vt 0.329163 0.946535
vt 0.346154 0.946313
vt 0.346283 0.968714
vt 0.345860 0.970946
vt 0.345018 0.972996
vt 0.343771 0.974866
vt 0.342260 0.976379
vt 0.340404 0.977626
vt 0.338385 0.978482
vt 0.328574 0.980678
vt 0.287657 0.799449
vt 0.287660 0.801754
vt 0.270048 0.801778
vt 0.270046 0.799457
vt 0.287657 0.797036
vt 0.270046 0.797036
vt 0.287664 0.804164
vt 0.287671 0.806536
vt 0.270060 0.806592
vt 0.270053 0.804204
vt 0.309162 0.879477
vt 0.326892 0.879440
vt 0.326975 0.913247
vt 0.309153 0.913361
vt 0.293557 0.879538
vt 0.307835 0.879480
vt 0.307764 0.913356
vt 0.293526 0.913362
vt 0.288151 0.898342
vt 0.270539 0.898446
vt 0.270344 0.864626
vt 0.287956 0.864529
vt 0.328243 0.879402
vt 0.342556 0.879424
vt 0.342625 0.913163
vt 0.328351 0.913315
vt 0.309193 0.791039
vt 0.326795 0.791005
vt 0.326836 0.811777
vt 0.309202 0.811809
vt 0.290699 0.795578
vt 0.307993 0.791259
vt 0.307955 0.812025
vt 0.292428 0.815752
vt 0.288667 0.982075
vt 0.271055 0.982184
vt 0.270929 0.961968
vt 0.288541 0.961859
vt 0.328091 0.811971
vt 0.328025 0.791206
vt 0.345349 0.795512
vt 0.343627 0.815681
vt 0.326884 0.845606
vt 0.309205 0.845634
vt 0.307896 0.845642
vt 0.293536 0.845682
vt 0.270745 0.932263
vt 0.288356 0.932156
vt 0.342533 0.845597
vt 0.328189 0.845580
vt 0.327632 0.982219
vt 0.338795 0.979675
vt 0.298697 0.979832
vt 0.309902 0.982271
vt 0.289940 0.969030
vt 0.290015 0.946604
vt 0.347525 0.968799
vt 0.347405 0.946319
vt 0.343064 0.977342
vt 0.344745 0.975656
vt 0.292738 0.975822
vt 0.294418 0.977505
vt 0.341014 0.978723
vt 0.296470 0.978886
vt 0.346128 0.973577
vt 0.347064 0.971288
vt 0.290419 0.971481
vt 0.291356 0.973751
vt 0.292281 0.913365
vt 0.343858 0.913184
vt 0.291168 0.815965
vt 0.289652 0.795778
vt 0.344889 0.815889
vt 0.346400 0.795708
vt 0.292292 0.879532
vt 0.292198 0.845685
vt 0.343834 0.879401
vt 0.343866 0.845591
vt 0.052218 0.337223
vt 0.070009 0.337223
vt 0.070009 0.498948
vt 0.052218 0.498948
vt 0.071406 0.337223
vt 0.084443 0.337223
vt 0.084443 0.498948
vt 0.071406 0.498948
vt 0.018597 0.337223
vt 0.036387 0.337223
vt 0.036387 0.498948
vt 0.018596 0.498948
vt 0.037784 0.337223
vt 0.050821 0.337223
vt 0.050821 0.498948
vt 0.037784 0.498948
vt 0.085840 0.337223
vt 0.085840 0.498948
vt 0.123250 0.291814
vt 0.139690 0.291814
vt 0.139690 0.499060
vt 0.123250 0.499060
vt 0.140981 0.291814
vt 0.157421 0.291814
vt 0.157421 0.499060
vt 0.140981 0.499060
vt 0.087788 0.291814
vt 0.104227 0.291814
vt 0.104227 0.499060
vt 0.087788 0.499060
vt 0.105519 0.291814
vt 0.121959 0.291814
vt 0.121959 0.499060
vt 0.105519 0.499060
vt 0.158713 0.291814
vt 0.158713 0.499060
vt 0.423169 0.910674
vt 0.405869 0.910751
vt 0.405898 0.898786
vt 0.423155 0.899013
vt 0.371747 0.910593
vt 0.359075 0.910591
vt 0.359106 0.898711
vt 0.371776 0.898712
vt 0.390380 0.910702
vt 0.373130 0.910604
vt 0.373158 0.898719
vt 0.390407 0.898758
vt 0.404462 0.910740
vt 0.391759 0.910723
vt 0.391784 0.898767
vt 0.404488 0.898776
vt 0.427485 0.980998
vt 0.410433 0.982385
vt 0.409273 0.970544
vt 0.426436 0.969189
vt 0.408200 0.958647
vt 0.425386 0.957426
vt 0.407280 0.946701
vt 0.424476 0.945699
vt 0.406548 0.934728
vt 0.423749 0.934003
vt 0.406057 0.922735
vt 0.423182 0.922336
vt 0.411053 0.827356
vt 0.428102 0.828842
vt 0.426968 0.840645
vt 0.409844 0.839175
vt 0.425769 0.852385
vt 0.408585 0.851016
vt 0.424709 0.864067
vt 0.407508 0.862911
vt 0.423892 0.875717
vt 0.406658 0.874848
vt 0.423378 0.887360
vt 0.406155 0.886815
vt 0.371122 0.981804
vt 0.352358 0.981501
vt 0.354167 0.969754
vt 0.371205 0.969934
vt 0.355746 0.957971
vt 0.371339 0.958068
vt 0.357048 0.946158
vt 0.371478 0.946205
vt 0.358043 0.934321
vt 0.371596 0.934339
vt 0.358721 0.922463
vt 0.371686 0.922469
vt 0.352757 0.827735
vt 0.371556 0.827429
vt 0.371596 0.839302
vt 0.354540 0.839486
vt 0.371653 0.851180
vt 0.356055 0.851280
vt 0.371709 0.863061
vt 0.357281 0.863108
vt 0.371752 0.874944
vt 0.358204 0.874961
vt 0.371777 0.886829
vt 0.358814 0.886832
vt 0.389424 0.982089
vt 0.372344 0.981827
vt 0.372501 0.969954
vt 0.389659 0.970217
vt 0.372681 0.958087
vt 0.389895 0.958345
vt 0.372849 0.946225
vt 0.390101 0.946464
vt 0.372975 0.934359
vt 0.390223 0.934563
vt 0.373068 0.922485
vt 0.390317 0.922640
vt 0.372848 0.827400
vt 0.390027 0.827230
vt 0.390124 0.839116
vt 0.372928 0.839279
vt 0.390223 0.851021
vt 0.373005 0.851162
vt 0.390302 0.862941
vt 0.373073 0.863049
vt 0.390360 0.874874
vt 0.373124 0.874939
vt 0.390397 0.886814
vt 0.373154 0.886830
vt 0.409280 0.982354
vt 0.390626 0.982093
vt 0.390946 0.970227
vt 0.407948 0.970523
vt 0.391248 0.958360
vt 0.406839 0.958621
vt 0.391503 0.946505
vt 0.405934 0.946647
vt 0.391602 0.934617
vt 0.405176 0.934665
vt 0.391696 0.922675
vt 0.404686 0.922705
vt 0.391360 0.827201
vt 0.409988 0.827432
vt 0.408508 0.839221
vt 0.391447 0.839085
vt 0.407188 0.851051
vt 0.391572 0.850992
vt 0.406108 0.862934
vt 0.391661 0.862919
vt 0.405266 0.874861
vt 0.391723 0.874861
vt 0.404758 0.886815
vt 0.391768 0.886812
vt 0.429436 0.829072
vt 0.428306 0.840866
vt 0.427109 0.852579
vt 0.426053 0.864228
vt 0.425238 0.875839
vt 0.424727 0.887438
vt 0.424523 0.899044
vt 0.424580 0.910671
vt 0.424453 0.922284
vt 0.425096 0.933891
vt 0.425820 0.945547
vt 0.426728 0.957239
vt 0.427776 0.968976
vt 0.428821 0.980778
vt 0.466551 0.982171
vt 0.466549 0.455026
vt 0.490706 0.455026
vt 0.490708 0.982171
vt 0.456365 0.982170
vt 0.432208 0.982170
vt 0.432206 0.455026
vt 0.456363 0.455026
vt 0.465027 0.982170
vt 0.457889 0.982170
vt 0.457887 0.455026
vt 0.465025 0.455026
vt 0.182647 0.080125
vt 0.163925 0.080125
vt 0.161944 0.078144
vt 0.161943 0.011168
vt 0.163924 0.009187
vt 0.182647 0.009187
vt 0.184628 0.011168
vt 0.184628 0.078144
vt 0.492230 0.455026
vt 0.499369 0.455027
vt 0.499371 0.982171
vt 0.492232 0.982171
vt 0.153664 0.080501
vt 0.134942 0.080501
vt 0.132961 0.078520
vt 0.132960 0.011545
vt 0.134941 0.009563
vt 0.153664 0.009563
vt 0.155645 0.011545
vt 0.155645 0.078520
vt 0.500895 0.982171
vt 0.500893 0.455027
vt 0.160110 0.010409
vt 0.160111 0.078903
vt 0.131127 0.010785
vt 0.131128 0.079279
vt 0.157478 0.079279
vt 0.157478 0.010785
vt 0.186462 0.078903
vt 0.186461 0.010409
vt 0.134183 0.082334
vt 0.154424 0.082334
vt 0.183406 0.007354
vt 0.163165 0.007354
vt 0.183407 0.081958
vt 0.163166 0.081958
vt 0.154423 0.007730
vt 0.134182 0.007730
vt 0.977997 0.728053
vt 0.955961 0.727714
vt 0.956369 0.702812
vt 0.978402 0.703162
vt 0.931780 0.727532
vt 0.909739 0.727190
vt 0.910197 0.702365
vt 0.932231 0.702676
vt 0.895211 0.695430
vt 0.873768 0.695412
vt 0.873780 0.669765
vt 0.895223 0.669770
vt 0.872809 0.958790
vt 0.894252 0.958790
vt 0.894252 0.978845
vt 0.872809 0.978845
vt 0.933796 0.702619
vt 0.954813 0.702845
vt 0.954393 0.727745
vt 0.933359 0.727497
vt 0.873788 0.386341
vt 0.895231 0.386341
vt 0.895231 0.406396
vt 0.873788 0.406396
vt 0.972384 0.975157
vt 0.954276 0.975832
vt 0.953092 0.974694
vt 0.953484 0.952102
vt 0.982900 0.950896
vt 0.983472 0.963117
vt 0.983083 0.965635
vt 0.982140 0.968223
vt 0.980812 0.970407
vt 0.979439 0.971899
vt 0.977373 0.973406
vt 0.974870 0.974562
vt 0.953742 0.927218
vt 0.981685 0.926073
vt 0.953932 0.902298
vt 0.980550 0.901272
vt 0.954073 0.877366
vt 0.979524 0.876483
vt 0.954139 0.852433
vt 0.978584 0.851713
vt 0.954094 0.827487
vt 0.977709 0.826990
vt 0.954011 0.802456
vt 0.977034 0.802383
vt 0.954842 0.777477
vt 0.977334 0.777728
vt 0.955463 0.752599
vt 0.977649 0.752915
vt 0.984428 0.462282
vt 0.985361 0.464872
vt 0.985739 0.467390
vt 0.985101 0.479601
vt 0.955691 0.478290
vt 0.955418 0.455697
vt 0.956592 0.454545
vt 0.974697 0.455307
vt 0.977184 0.455912
vt 0.979683 0.457078
vt 0.981743 0.458594
vt 0.983109 0.460092
vt 0.983753 0.504398
vt 0.955818 0.503175
vt 0.982492 0.529153
vt 0.955886 0.528109
vt 0.981390 0.553849
vt 0.955957 0.553117
vt 0.980852 0.578608
vt 0.956285 0.578101
vt 0.980378 0.603483
vt 0.956731 0.603023
vt 0.979902 0.628395
vt 0.956982 0.627976
vt 0.979372 0.653323
vt 0.956826 0.652939
vt 0.978861 0.678250
vt 0.956677 0.677886
vt 0.900966 0.967589
vt 0.900066 0.964987
vt 0.899718 0.962465
vt 0.900502 0.950260
vt 0.929895 0.951935
vt 0.929896 0.974529
vt 0.928706 0.975664
vt 0.910611 0.974682
vt 0.908132 0.974047
vt 0.905648 0.972850
vt 0.903606 0.971309
vt 0.902258 0.969795
vt 0.902144 0.925476
vt 0.930065 0.927054
vt 0.903701 0.900726
vt 0.930297 0.902134
vt 0.905126 0.876006
vt 0.930552 0.877184
vt 0.906399 0.851352
vt 0.930802 0.852149
vt 0.907064 0.826625
vt 0.930684 0.827131
vt 0.907817 0.801777
vt 0.930774 0.802199
vt 0.908568 0.776909
vt 0.931177 0.777290
vt 0.909209 0.752042
vt 0.931414 0.752404
vt 0.912937 0.455582
vt 0.931035 0.454684
vt 0.932225 0.455815
vt 0.932109 0.478410
vt 0.902711 0.479970
vt 0.901992 0.467755
vt 0.902351 0.465231
vt 0.903263 0.462632
vt 0.904565 0.460432
vt 0.905919 0.458924
vt 0.907968 0.457392
vt 0.910457 0.456206
vt 0.932156 0.503294
vt 0.904230 0.504779
vt 0.932280 0.528211
vt 0.905678 0.529565
vt 0.932465 0.553135
vt 0.907028 0.554335
vt 0.932738 0.578054
vt 0.908294 0.579080
vt 0.933092 0.602969
vt 0.909452 0.603778
vt 0.933372 0.627895
vt 0.910390 0.628415
vt 0.933486 0.652889
vt 0.910966 0.652967
vt 0.932776 0.677829
vt 0.910598 0.677588
vt 0.894277 0.939059
vt 0.872834 0.938982
vt 0.872888 0.926253
vt 0.894330 0.926349
vt 0.873014 0.900594
vt 0.894456 0.900702
vt 0.873150 0.874938
vt 0.894592 0.875051
vt 0.873286 0.849287
vt 0.894728 0.849396
vt 0.873414 0.823638
vt 0.894857 0.823738
vt 0.873527 0.797992
vt 0.894969 0.798078
vt 0.873620 0.772348
vt 0.895062 0.772416
vt 0.873690 0.746703
vt 0.895133 0.746753
vt 0.873739 0.721058
vt 0.895182 0.721091
vt 0.873784 0.426163
vt 0.895227 0.426169
vt 0.895222 0.438889
vt 0.873780 0.438881
vt 0.895212 0.464543
vt 0.873769 0.464535
vt 0.895203 0.490195
vt 0.873760 0.490190
vt 0.895197 0.515847
vt 0.873754 0.515845
vt 0.895197 0.541499
vt 0.873754 0.541500
vt 0.895201 0.567151
vt 0.873758 0.567155
vt 0.895208 0.592803
vt 0.873765 0.592810
vt 0.895217 0.618457
vt 0.873774 0.618463
vt 0.895223 0.644113
vt 0.873781 0.644115
vt 0.933469 0.454513
vt 0.954153 0.454423
vt 0.954290 0.478244
vt 0.933511 0.478336
vt 0.954393 0.503159
vt 0.933588 0.503250
vt 0.954486 0.528091
vt 0.933699 0.528179
vt 0.954607 0.553039
vt 0.933858 0.553129
vt 0.954838 0.577983
vt 0.934119 0.578091
vt 0.955308 0.602934
vt 0.934503 0.603028
vt 0.955600 0.627927
vt 0.934773 0.627932
vt 0.955430 0.652942
vt 0.934815 0.652834
vt 0.955187 0.677921
vt 0.934269 0.677733
vt 0.951835 0.975987
vt 0.931146 0.975822
vt 0.931299 0.952001
vt 0.952081 0.952162
vt 0.931497 0.927089
vt 0.952307 0.927248
vt 0.931712 0.902164
vt 0.952508 0.902321
vt 0.931921 0.877215
vt 0.952680 0.877370
vt 0.932084 0.852248
vt 0.952782 0.852396
vt 0.932031 0.827264
vt 0.952753 0.827420
vt 0.932112 0.802248
vt 0.952713 0.802484
vt 0.932664 0.777281
vt 0.953424 0.777563
vt 0.932963 0.752382
vt 0.953940 0.752639
vt 0.873787 0.417429
vt 0.873788 0.415132
vt 0.895230 0.415132
vt 0.895230 0.417430
vt 0.894255 0.947762
vt 0.894254 0.950054
vt 0.872811 0.950054
vt 0.872812 0.947751
vt 0.873786 0.423320
vt 0.873787 0.420272
vt 0.895229 0.420275
vt 0.895229 0.423325
vt 0.894267 0.941892
vt 0.894259 0.944930
vt 0.872816 0.944896
vt 0.872824 0.941836
vt 0.873788 0.412289
vt 0.873788 0.409240
vt 0.895231 0.409239
vt 0.895231 0.412289
vt 0.894253 0.952897
vt 0.894252 0.955946
vt 0.872810 0.955947
vt 0.872810 0.952897
vt 0.987154 0.467309
vt 0.986519 0.479648
vt 0.972574 0.976557
vt 0.953040 0.977178
vt 0.955344 0.453209
vt 0.974891 0.453907
vt 0.912731 0.454184
vt 0.932262 0.453328
vt 0.929937 0.977018
vt 0.910400 0.976080
vt 0.898302 0.962527
vt 0.899085 0.950195
vt 0.985169 0.504444
vt 0.983909 0.529193
vt 0.982805 0.553913
vt 0.982267 0.578683
vt 0.981793 0.603532
vt 0.981317 0.628432
vt 0.980788 0.653352
vt 0.980276 0.678270
vt 0.979818 0.703175
vt 0.979413 0.728058
vt 0.979065 0.752904
vt 0.978751 0.777681
vt 0.978448 0.802355
vt 0.979126 0.826993
vt 0.979999 0.851689
vt 0.980940 0.876442
vt 0.981965 0.901224
vt 0.983101 0.926024
vt 0.984317 0.950851
vt 0.984885 0.963201
vt 0.900729 0.925410
vt 0.902286 0.900664
vt 0.903710 0.875957
vt 0.904985 0.851276
vt 0.905650 0.826535
vt 0.906403 0.801721
vt 0.907152 0.776870
vt 0.907793 0.752017
vt 0.908323 0.727177
vt 0.908781 0.702370
vt 0.909182 0.677632
vt 0.909553 0.653001
vt 0.908975 0.628421
vt 0.908037 0.603802
vt 0.906878 0.579122
vt 0.905613 0.554391
vt 0.904264 0.529630
vt 0.902816 0.504845
vt 0.901295 0.480033
vt 0.900578 0.467688
vt 0.984244 0.459246
vt 0.982690 0.457542
vt 0.980381 0.972955
vt 0.981942 0.971258
vt 0.904965 0.457879
vt 0.903425 0.459594
vt 0.901114 0.970628
vt 0.902646 0.972350
vt 0.980405 0.455861
vt 0.977652 0.454576
vt 0.975333 0.975899
vt 0.978089 0.974626
vt 0.909979 0.454874
vt 0.907237 0.456180
vt 0.898690 0.965322
vt 0.899681 0.968183
vt 0.986732 0.464521
vt 0.985706 0.461672
vt 0.983415 0.968838
vt 0.984453 0.965992
vt 0.901981 0.462033
vt 0.900977 0.464891
vt 0.904911 0.974059
vt 0.907647 0.975377
vt 0.894252 0.980418
vt 0.872809 0.980418
vt 0.895231 0.384768
vt 0.873788 0.384768
vt 0.217031 0.982768
vt 0.189630 0.982768
vt 0.189630 0.505626
vt 0.217031 0.505626
vt 0.229140 0.982768
vt 0.229140 0.505625
vt 0.256541 0.505625
vt 0.256541 0.982768
vt 0.218268 0.982768
vt 0.218268 0.505626
vt 0.227949 0.505626
vt 0.227949 0.982768
vt 0.267459 0.505625
vt 0.267459 0.982767
vt 0.257778 0.982767
vt 0.257778 0.505625
vt 0.188438 0.982768
vt 0.188438 0.505626
vt 0.661885 0.167580
vt 0.664452 0.302648
vt 0.652197 0.303336
vt 0.639613 0.168832
vt 0.671495 0.167083
vt 0.692025 0.167452
vt 0.684575 0.302736
vt 0.674079 0.302547
vt 0.700675 0.168191
vt 0.693254 0.303109
vt 0.686770 0.302790
vt 0.694218 0.167577
vt 0.665393 0.302609
vt 0.662823 0.167511
vt 0.669298 0.167129
vt 0.671884 0.302523
vt 0.694193 0.303182
vt 0.701611 0.168294
vt 0.324532 0.301716
vt 0.371713 0.301716
vt 0.371713 0.496785
vt 0.324532 0.496785
vt 0.424957 0.301716
vt 0.424957 0.496785
vt 0.377776 0.496785
vt 0.377776 0.301716
vt 0.429659 0.301716
vt 0.429659 0.496785
vt 0.426317 0.496785
vt 0.426317 0.301716
vt 0.373073 0.496785
vt 0.373073 0.301716
vt 0.376416 0.301716
vt 0.376416 0.496785
vt 0.323172 0.496785
vt 0.323172 0.301716
vt 0.538386 0.981638
vt 0.538384 0.454494
vt 0.562541 0.454494
vt 0.562543 0.981639
vt 0.528200 0.981638
vt 0.504043 0.981638
vt 0.504041 0.454493
vt 0.528198 0.454493
vt 0.536862 0.981638
vt 0.529723 0.981638
vt 0.529721 0.454493
vt 0.536860 0.454493
vt 0.123900 0.081516
vt 0.105178 0.081516
vt 0.103196 0.079535
vt 0.103195 0.012559
vt 0.105177 0.010578
vt 0.123899 0.010578
vt 0.125880 0.012559
vt 0.125881 0.079535
vt 0.564065 0.454494
vt 0.571204 0.454494
vt 0.571206 0.981639
vt 0.564067 0.981639
vt 0.094917 0.081892
vt 0.076194 0.081892
vt 0.074213 0.079911
vt 0.074213 0.012935
vt 0.076194 0.010954
vt 0.094916 0.010954
vt 0.096898 0.012935
vt 0.096898 0.079911
vt 0.572729 0.981639
vt 0.572727 0.454494
vt 0.101363 0.011800
vt 0.101363 0.080294
vt 0.072380 0.012176
vt 0.072380 0.080670
vt 0.098731 0.080670
vt 0.098730 0.012176
vt 0.127714 0.080294
vt 0.127713 0.011800
vt 0.075435 0.083725
vt 0.095676 0.083725
vt 0.124658 0.008745
vt 0.104418 0.008745
vt 0.124659 0.083349
vt 0.104418 0.083349
vt 0.095675 0.009121
vt 0.075434 0.009121
vt 0.831930 0.981605
vt 0.831928 0.454461
vt 0.856085 0.454461
vt 0.856087 0.981606
vt 0.821744 0.981605
vt 0.797587 0.981605
vt 0.797585 0.454460
vt 0.821742 0.454460
vt 0.830406 0.981605
vt 0.823267 0.981605
vt 0.823266 0.454460
vt 0.830404 0.454461
vt 0.062931 0.080626
vt 0.044209 0.080627
vt 0.042227 0.078646
vt 0.042227 0.011670
vt 0.044208 0.009689
vt 0.062930 0.009688
vt 0.064911 0.011670
vt 0.064912 0.078645
vt 0.857609 0.454461
vt 0.864748 0.454461
vt 0.864750 0.981606
vt 0.857611 0.981606
vt 0.033948 0.081003
vt 0.015226 0.081003
vt 0.013245 0.079022
vt 0.013244 0.012046
vt 0.015225 0.010065
vt 0.033947 0.010065
vt 0.035929 0.012046
vt 0.035929 0.079022
vt 0.866274 0.981606
vt 0.866272 0.454461
vt 0.040394 0.010911
vt 0.040394 0.079405
vt 0.011411 0.011287
vt 0.011412 0.079781
vt 0.037762 0.079781
vt 0.037761 0.011287
vt 0.066745 0.079405
vt 0.066745 0.010911
vt 0.014466 0.082836
vt 0.034707 0.082836
vt 0.063690 0.007855
vt 0.043449 0.007856
vt 0.063690 0.082459
vt 0.043450 0.082460
vt 0.034707 0.008232
vt 0.014466 0.008232
vt 0.610068 0.981259
vt 0.610066 0.454114
vt 0.634223 0.454114
vt 0.634225 0.981259
vt 0.599881 0.981258
vt 0.575725 0.981258
vt 0.575723 0.454114
vt 0.599880 0.454114
vt 0.608544 0.981259
vt 0.601405 0.981259
vt 0.601403 0.454114
vt 0.608542 0.454114
vt 0.182811 0.157984
vt 0.164089 0.157984
vt 0.162108 0.156003
vt 0.162107 0.089028
vt 0.164088 0.087046
vt 0.182810 0.087046
vt 0.184792 0.089027
vt 0.184792 0.156003
vt 0.635747 0.454115
vt 0.642886 0.454115
vt 0.642887 0.981259
vt 0.635749 0.981259
vt 0.153828 0.158361
vt 0.135106 0.158361
vt 0.133125 0.156379
vt 0.133124 0.089404
vt 0.135105 0.087423
vt 0.153827 0.087423
vt 0.155809 0.089404
vt 0.155809 0.156379
vt 0.644411 0.981259
vt 0.644409 0.454115
vt 0.160274 0.088268
vt 0.160274 0.156763
vt 0.131291 0.088645
vt 0.131292 0.157139
vt 0.157642 0.157139
vt 0.157641 0.088644
vt 0.186625 0.156762
vt 0.186625 0.088268
vt 0.134346 0.160194
vt 0.154587 0.160194
vt 0.183570 0.085213
vt 0.163329 0.085213
vt 0.183570 0.159817
vt 0.163330 0.159817
vt 0.154587 0.085590
vt 0.134346 0.085590
vt 0.682282 0.981032
vt 0.682280 0.453888
vt 0.706437 0.453888
vt 0.706439 0.981032
vt 0.672096 0.981032
vt 0.647939 0.981032
vt 0.647937 0.453887
vt 0.672094 0.453887
vt 0.680758 0.981032
vt 0.673620 0.981032
vt 0.673618 0.453887
vt 0.680756 0.453887
vt 0.123975 0.158503
vt 0.105253 0.158504
vt 0.103272 0.156522
vt 0.103271 0.089547
vt 0.105252 0.087566
vt 0.123974 0.087565
vt 0.125955 0.089547
vt 0.125956 0.156522
vt 0.707961 0.453888
vt 0.715100 0.453888
vt 0.715102 0.981033
vt 0.707963 0.981033
vt 0.094992 0.158880
vt 0.076270 0.158880
vt 0.074289 0.156899
vt 0.074288 0.089923
vt 0.076269 0.087942
vt 0.094991 0.087942
vt 0.096973 0.089923
vt 0.096973 0.156899
vt 0.716626 0.981033
vt 0.716624 0.453888
vt 0.101438 0.088788
vt 0.101438 0.157282
vt 0.072455 0.089164
vt 0.072456 0.157658
vt 0.098806 0.157658
vt 0.098805 0.089164
vt 0.127789 0.157282
vt 0.127789 0.088787
vt 0.075510 0.160713
vt 0.095751 0.160713
vt 0.124734 0.085732
vt 0.104493 0.085733
vt 0.124734 0.160336
vt 0.104494 0.160337
vt 0.095751 0.086109
vt 0.075510 0.086109
vt 0.756323 0.976222
vt 0.756321 0.454461
vt 0.782561 0.454461
vt 0.782563 0.976222
vt 0.745260 0.976222
vt 0.719020 0.976222
vt 0.719018 0.454461
vt 0.745258 0.454461
vt 0.754669 0.976222
vt 0.746915 0.976222
vt 0.746913 0.454461
vt 0.754667 0.454461
vt 0.061978 0.159092
vt 0.043252 0.159092
vt 0.041325 0.157165
vt 0.041325 0.089939
vt 0.043251 0.088012
vt 0.061978 0.088012
vt 0.063905 0.089939
vt 0.063905 0.157165
vt 0.784216 0.454461
vt 0.791970 0.454461
vt 0.791972 0.976223
vt 0.784218 0.976223
vt 0.036100 0.159428
vt 0.017373 0.159428
vt 0.015446 0.157501
vt 0.015446 0.090275
vt 0.017373 0.088348
vt 0.036099 0.088348
vt 0.038026 0.090275
vt 0.038027 0.157501
vt 0.793627 0.976223
vt 0.793625 0.454461
vt 0.038886 0.088929
vt 0.038886 0.158175
vt 0.013007 0.089265
vt 0.013008 0.158512
vt 0.040465 0.158511
vt 0.040465 0.089265
vt 0.066344 0.158175
vt 0.066344 0.088929
vt 0.016363 0.161867
vt 0.037110 0.161867
vt 0.062988 0.085573
vt 0.042242 0.085573
vt 0.062989 0.161530
vt 0.042242 0.161530
vt 0.037110 0.085910
vt 0.016363 0.085910
vt 0.536282 0.311079
vt 0.538848 0.446146
vt 0.526594 0.446835
vt 0.514009 0.312330
vt 0.545892 0.310582
vt 0.566421 0.310951
vt 0.558972 0.446235
vt 0.548476 0.446046
vt 0.575072 0.311690
vt 0.567651 0.446608
vt 0.561167 0.446289
vt 0.568615 0.311076
vt 0.539790 0.446107
vt 0.537220 0.311010
vt 0.543695 0.310628
vt 0.546281 0.446021
vt 0.568590 0.446681
vt 0.576007 0.311793
vt 0.664571 0.311482
vt 0.667137 0.446550
vt 0.654883 0.447238
vt 0.642298 0.312734
vt 0.674181 0.310985
vt 0.694710 0.311354
vt 0.687261 0.446638
vt 0.676765 0.446450
vt 0.703361 0.312093
vt 0.695940 0.447012
vt 0.689456 0.446693
vt 0.696904 0.311479
vt 0.668079 0.446511
vt 0.665508 0.311413
vt 0.671984 0.311031
vt 0.674570 0.446425
vt 0.696879 0.447084
vt 0.704296 0.312196
vt 0.530593 0.169325
vt 0.533160 0.304393
vt 0.520905 0.305081
vt 0.508321 0.170577
vt 0.540203 0.168828
vt 0.560733 0.169197
vt 0.553284 0.304481
vt 0.542787 0.304293
vt 0.569383 0.169936
vt 0.561963 0.304854
vt 0.555479 0.304535
vt 0.562926 0.169322
vt 0.534101 0.304354
vt 0.531531 0.169256
vt 0.538006 0.168874
vt 0.540592 0.304268
vt 0.562901 0.304927
vt 0.570319 0.170039
vt 0.130182 0.982768
vt 0.102782 0.982768
vt 0.102782 0.505626
vt 0.130182 0.505626
vt 0.142292 0.982768
vt 0.142292 0.505625
vt 0.169693 0.505625
vt 0.169693 0.982768
vt 0.131420 0.982768
vt 0.131420 0.505626
vt 0.141100 0.505626
vt 0.141100 0.982768
vt 0.180611 0.505625
vt 0.180611 0.982767
vt 0.170930 0.982767
vt 0.170930 0.505625
vt 0.101590 0.982768
vt 0.101590 0.505626
vt 0.047263 0.983546
vt 0.019862 0.983546
vt 0.019862 0.506404
vt 0.047263 0.506404
vt 0.059373 0.983546
vt 0.059373 0.506403
vt 0.086773 0.506403
vt 0.086773 0.983546
vt 0.048500 0.983546
vt 0.048500 0.506404
vt 0.058181 0.506403
vt 0.058181 0.983546
vt 0.097691 0.506403
vt 0.097691 0.983545
vt 0.088011 0.983545
vt 0.088011 0.506403
vt 0.018671 0.983546
vt 0.018671 0.506404
vt 0.420670 0.593815
vt 0.403304 0.593893
vt 0.403333 0.581882
vt 0.420656 0.582109
vt 0.369050 0.593734
vt 0.356329 0.593732
vt 0.356360 0.581806
vt 0.369079 0.581808
vt 0.387755 0.593843
vt 0.370438 0.593745
vt 0.370466 0.581814
vt 0.387781 0.581854
vt 0.401891 0.593882
vt 0.389139 0.593864
vt 0.389164 0.581863
vt 0.401917 0.581871
vt 0.425003 0.664410
vt 0.407885 0.665803
vt 0.406720 0.653916
vt 0.423950 0.652556
vt 0.405643 0.641974
vt 0.422896 0.640747
vt 0.404720 0.629981
vt 0.421982 0.628975
vt 0.403985 0.617963
vt 0.421252 0.617234
vt 0.403492 0.605923
vt 0.420683 0.605522
vt 0.408507 0.510176
vt 0.425623 0.511668
vt 0.424484 0.523517
vt 0.407294 0.522041
vt 0.423280 0.535301
vt 0.406030 0.533927
vt 0.422216 0.547029
vt 0.404949 0.545868
vt 0.421395 0.558724
vt 0.404095 0.557852
vt 0.420880 0.570412
vt 0.403591 0.569864
vt 0.368422 0.665219
vt 0.349586 0.664916
vt 0.351402 0.653123
vt 0.368506 0.653304
vt 0.352987 0.641294
vt 0.368640 0.641392
vt 0.354294 0.629436
vt 0.368780 0.629483
vt 0.355294 0.617553
vt 0.368898 0.617572
vt 0.355973 0.605650
vt 0.368989 0.605655
vt 0.349987 0.510556
vt 0.368858 0.510249
vt 0.368898 0.522168
vt 0.351777 0.522353
vt 0.368955 0.534092
vt 0.353298 0.534192
vt 0.369011 0.546019
vt 0.354528 0.546066
vt 0.369055 0.557948
vt 0.355454 0.557965
vt 0.369080 0.569878
vt 0.356067 0.569881
vt 0.386795 0.665506
vt 0.369650 0.665243
vt 0.369807 0.653324
vt 0.387031 0.653588
vt 0.369988 0.641411
vt 0.387268 0.641670
vt 0.370156 0.629503
vt 0.387475 0.629743
vt 0.370283 0.617592
vt 0.387597 0.617796
vt 0.370376 0.605672
vt 0.387692 0.605827
vt 0.370155 0.510220
vt 0.387401 0.510050
vt 0.387497 0.521982
vt 0.370235 0.522145
vt 0.387598 0.533932
vt 0.370312 0.534074
vt 0.387677 0.545899
vt 0.370380 0.546007
vt 0.387735 0.557877
vt 0.370432 0.557943
vt 0.387772 0.569863
vt 0.370463 0.569880
vt 0.406727 0.665772
vt 0.388001 0.665510
vt 0.388323 0.653598
vt 0.405390 0.653895
vt 0.388626 0.641685
vt 0.404277 0.641947
vt 0.388882 0.629785
vt 0.403369 0.629927
vt 0.388982 0.617850
vt 0.402607 0.617899
vt 0.389076 0.605863
vt 0.402116 0.605893
vt 0.388739 0.510020
vt 0.407438 0.510252
vt 0.405953 0.522087
vt 0.388826 0.521950
vt 0.404627 0.533962
vt 0.388952 0.533904
vt 0.403543 0.545892
vt 0.389040 0.545876
vt 0.402699 0.557864
vt 0.389103 0.557864
vt 0.402188 0.569865
vt 0.389148 0.569862
vt 0.426961 0.511899
vt 0.425827 0.523738
vt 0.424626 0.535496
vt 0.423565 0.547191
vt 0.422747 0.558846
vt 0.422234 0.570489
vt 0.422029 0.582140
vt 0.422086 0.593813
vt 0.421959 0.605470
vt 0.422604 0.617122
vt 0.423332 0.628823
vt 0.424243 0.640560
vt 0.425294 0.652342
vt 0.426343 0.664190
vt 0.600926 0.311317
vt 0.603492 0.446384
vt 0.591237 0.447072
vt 0.578653 0.312568
vt 0.610535 0.310819
vt 0.631065 0.311188
vt 0.623616 0.446473
vt 0.613119 0.446284
vt 0.639715 0.311928
vt 0.632295 0.446846
vt 0.625811 0.446527
vt 0.633258 0.311313
vt 0.604433 0.446345
vt 0.601863 0.311247
vt 0.608339 0.310866
vt 0.610924 0.446259
vt 0.633233 0.446918
vt 0.640651 0.312030
vt 0.597764 0.167982
vt 0.600330 0.303049
vt 0.588075 0.303738
vt 0.575491 0.169233
vt 0.607373 0.167484
vt 0.627903 0.167853
vt 0.620454 0.303138
vt 0.609957 0.302949
vt 0.636554 0.168593
vt 0.629133 0.303511
vt 0.622649 0.303192
vt 0.630096 0.167978
vt 0.601271 0.303010
vt 0.598701 0.167912
vt 0.605177 0.167531
vt 0.607762 0.302924
vt 0.630071 0.303583
vt 0.637489 0.168695
vt 0.728655 0.312070
vt 0.731221 0.447137
vt 0.718967 0.447826
vt 0.706382 0.313321
vt 0.738265 0.311572
vt 0.758795 0.311941
vt 0.751345 0.447226
vt 0.740848 0.447037
vt 0.767445 0.312681
vt 0.760024 0.447599
vt 0.753540 0.447280
vt 0.760988 0.312066
vt 0.732163 0.447098
vt 0.729593 0.312000
vt 0.736068 0.311618
vt 0.738653 0.447012
vt 0.760963 0.447671
vt 0.768380 0.312783
vt 0.792229 0.313179
vt 0.794795 0.448247
vt 0.782541 0.448935
vt 0.769957 0.314431
vt 0.801839 0.312682
vt 0.822369 0.313051
vt 0.814919 0.448335
vt 0.804423 0.448147
vt 0.831019 0.313790
vt 0.823598 0.448708
vt 0.817114 0.448389
vt 0.824562 0.313176
vt 0.795737 0.448208
vt 0.793167 0.313110
vt 0.799642 0.312728
vt 0.802228 0.448122
vt 0.824537 0.448781
vt 0.831955 0.313893
vt 0.738752 0.038086
vt 0.741582 0.037649
vt 0.741578 0.038550
vt 0.741296 0.039404
vt 0.740765 0.040127
vt 0.740039 0.040648
vt 0.739189 0.040920
vt 0.738297 0.040917
vt 0.737448 0.040639
vt 0.736724 0.040110
vt 0.736197 0.039381
vt 0.735921 0.038523
vt 0.735925 0.037621
vt 0.736208 0.036767
vt 0.736739 0.036045
vt 0.737464 0.035523
vt 0.738314 0.035252
vt 0.739206 0.035254
vt 0.740056 0.035533
vt 0.740780 0.036061
vt 0.741307 0.036791
vt 0.744514 0.039002
vt 0.744517 0.037196
vt 0.743952 0.040725
vt 0.742881 0.042201
vt 0.741396 0.043279
vt 0.739640 0.043842
vt 0.737796 0.043835
vt 0.736056 0.043255
vt 0.734589 0.042171
vt 0.733534 0.040697
vt 0.732986 0.038976
vt 0.732990 0.037170
vt 0.733551 0.035447
vt 0.734622 0.033971
vt 0.736107 0.032893
vt 0.737863 0.032329
vt 0.739707 0.032337
vt 0.741448 0.032917
vt 0.742914 0.034001
vt 0.743969 0.035475
vt 0.747390 0.039478
vt 0.747402 0.036750
vt 0.746534 0.042073
vt 0.744916 0.044279
vt 0.742693 0.045879
vt 0.740083 0.046712
vt 0.737344 0.046704
vt 0.734742 0.045849
vt 0.732534 0.044234
vt 0.730936 0.042018
vt 0.730102 0.039421
vt 0.730114 0.036694
vt 0.730969 0.034098
vt 0.732588 0.031893
vt 0.734811 0.030293
vt 0.737420 0.029460
vt 0.740159 0.029467
vt 0.742762 0.030322
vt 0.744969 0.031937
vt 0.746568 0.034154
vt 0.750204 0.039941
vt 0.750222 0.036315
vt 0.749067 0.043384
vt 0.746921 0.046307
vt 0.743975 0.048426
vt 0.740519 0.049532
vt 0.736890 0.049519
vt 0.733442 0.048388
vt 0.730514 0.046248
vt 0.728392 0.043308
vt 0.727281 0.039856
vt 0.727299 0.036231
vt 0.728436 0.032788
vt 0.730583 0.029864
vt 0.733529 0.027746
vt 0.736985 0.026640
vt 0.740614 0.026652
vt 0.744061 0.027784
vt 0.746990 0.029924
vt 0.749112 0.032864
vt 0.752980 0.040393
vt 0.753000 0.035886
vt 0.751567 0.044673
vt 0.748900 0.048306
vt 0.745241 0.050939
vt 0.740948 0.052313
vt 0.736440 0.052297
vt 0.732158 0.050891
vt 0.728519 0.048231
vt 0.725881 0.044576
vt 0.724503 0.040285
vt 0.724523 0.035778
vt 0.725936 0.031499
vt 0.728603 0.027865
vt 0.732263 0.025233
vt 0.736556 0.023859
vt 0.741063 0.023875
vt 0.745346 0.025281
vt 0.748985 0.027941
vt 0.751622 0.031595
vt 0.755376 0.040783
vt 0.755398 0.035516
vt 0.753725 0.045785
vt 0.750609 0.050031
vt 0.746334 0.053107
vt 0.741319 0.054713
vt 0.736052 0.054694
vt 0.731048 0.053050
vt 0.726797 0.049942
vt 0.723715 0.045671
vt 0.722105 0.040655
vt 0.722128 0.035388
vt 0.723779 0.030387
vt 0.726894 0.026141
vt 0.731169 0.023065
vt 0.736185 0.021458
vt 0.741452 0.021477
vt 0.746455 0.023121
vt 0.750706 0.026230
vt 0.753788 0.030501
vt 0.760477 0.041613
vt 0.755740 0.040842
vt 0.755763 0.035460
vt 0.760505 0.034728
vt 0.758321 0.048152
vt 0.754054 0.045954
vt 0.754249 0.053702
vt 0.750870 0.050294
vt 0.748662 0.057724
vt 0.746501 0.053438
vt 0.742107 0.059824
vt 0.741375 0.055080
vt 0.735225 0.059798
vt 0.735992 0.055060
vt 0.728685 0.057649
vt 0.730879 0.053380
vt 0.723129 0.053584
vt 0.726535 0.050202
vt 0.719101 0.048000
vt 0.723385 0.045837
vt 0.716998 0.041444
vt 0.721741 0.040712
vt 0.717027 0.034559
vt 0.721763 0.035329
vt 0.719183 0.028020
vt 0.723450 0.030218
vt 0.723255 0.022469
vt 0.726633 0.025878
vt 0.728841 0.018448
vt 0.731002 0.022734
vt 0.735396 0.016348
vt 0.736129 0.021092
vt 0.742279 0.016373
vt 0.741511 0.021111
vt 0.748818 0.018523
vt 0.746625 0.022792
vt 0.754374 0.022588
vt 0.750969 0.025970
vt 0.758402 0.028171
vt 0.754118 0.030335
vt 0.738752 0.083407
vt 0.741582 0.082970
vt 0.741578 0.083872
vt 0.741296 0.084726
vt 0.740765 0.085448
vt 0.740039 0.085970
vt 0.739189 0.086241
vt 0.738297 0.086239
vt 0.737448 0.085960
vt 0.736724 0.085432
vt 0.736197 0.084702
vt 0.735921 0.083844
vt 0.735925 0.082943
vt 0.736208 0.082088
vt 0.736739 0.081366
vt 0.737464 0.080845
vt 0.738314 0.080573
vt 0.739206 0.080576
vt 0.740056 0.080854
vt 0.740780 0.081383
vt 0.741307 0.082112
vt 0.744514 0.084323
vt 0.744517 0.082517
vt 0.743952 0.086046
vt 0.742881 0.087522
vt 0.741396 0.088600
vt 0.739640 0.089164
vt 0.737796 0.089156
vt 0.736056 0.088576
vt 0.734589 0.087492
vt 0.733534 0.086018
vt 0.732986 0.084297
vt 0.732990 0.082491
vt 0.733551 0.080768
vt 0.734622 0.079292
vt 0.736107 0.078214
vt 0.737863 0.077650
vt 0.739707 0.077658
vt 0.741448 0.078238
vt 0.742914 0.079322
vt 0.743969 0.080796
vt 0.747390 0.084799
vt 0.747402 0.082072
vt 0.746534 0.087394
vt 0.744916 0.089600
vt 0.742693 0.091200
vt 0.740083 0.092033
vt 0.737344 0.092026
vt 0.734742 0.091171
vt 0.732534 0.089555
vt 0.730936 0.087339
vt 0.730102 0.084742
vt 0.730114 0.082015
vt 0.730969 0.079420
vt 0.732588 0.077214
vt 0.734811 0.075614
vt 0.737420 0.074781
vt 0.740159 0.074789
vt 0.742762 0.075644
vt 0.744969 0.077259
vt 0.746568 0.079475
vt 0.750204 0.085262
vt 0.750222 0.081636
vt 0.749067 0.088705
vt 0.746921 0.091628
vt 0.743975 0.093747
vt 0.740519 0.094853
vt 0.736890 0.094841
vt 0.733442 0.093709
vt 0.730514 0.091569
vt 0.728392 0.088629
vt 0.727281 0.085178
vt 0.727299 0.081552
vt 0.728436 0.078109
vt 0.730583 0.075186
vt 0.733529 0.073067
vt 0.736985 0.071961
vt 0.740614 0.071973
vt 0.744061 0.073105
vt 0.746990 0.075245
vt 0.749112 0.078185
vt 0.752980 0.085714
vt 0.753000 0.081207
vt 0.751567 0.089994
vt 0.748900 0.093628
vt 0.745241 0.096260
vt 0.740948 0.097634
vt 0.736440 0.097618
vt 0.732158 0.096212
vt 0.728519 0.093552
vt 0.725881 0.089898
vt 0.724503 0.085607
vt 0.724523 0.081100
vt 0.725936 0.076820
vt 0.728603 0.073187
vt 0.732263 0.070554
vt 0.736556 0.069180
vt 0.741063 0.069196
vt 0.745346 0.070602
vt 0.748985 0.073262
vt 0.751622 0.076916
vt 0.755376 0.086104
vt 0.755398 0.080837
vt 0.753725 0.091106
vt 0.750609 0.095352
vt 0.746334 0.098428
vt 0.741319 0.100035
vt 0.736052 0.100015
vt 0.731048 0.098372
vt 0.726797 0.095263
vt 0.723715 0.090992
vt 0.722105 0.085977
vt 0.722128 0.080710
vt 0.723779 0.075708
vt 0.726894 0.071462
vt 0.731169 0.068386
vt 0.736185 0.066779
vt 0.741452 0.066799
vt 0.746455 0.068442
vt 0.750706 0.071551
vt 0.753788 0.075822
vt 0.760477 0.086934
vt 0.755740 0.086163
vt 0.755763 0.080781
vt 0.760505 0.080049
vt 0.758321 0.093473
vt 0.754054 0.091275
vt 0.754249 0.099024
vt 0.750870 0.095615
vt 0.748662 0.103045
vt 0.746501 0.098759
vt 0.742107 0.105145
vt 0.741375 0.100401
vt 0.735225 0.105119
vt 0.735992 0.100381
vt 0.728685 0.102970
vt 0.730879 0.098701
vt 0.723129 0.098905
vt 0.726535 0.095523
vt 0.719101 0.093321
vt 0.723385 0.091158
vt 0.716998 0.086765
vt 0.721741 0.086033
vt 0.717027 0.079880
vt 0.721763 0.080651
vt 0.719183 0.073341
vt 0.723450 0.075539
vt 0.723255 0.067790
vt 0.726633 0.071199
vt 0.728841 0.063769
vt 0.731002 0.068055
vt 0.735396 0.061669
vt 0.736129 0.066413
vt 0.742279 0.061695
vt 0.741511 0.066433
vt 0.748818 0.063844
vt 0.746625 0.068113
vt 0.754374 0.067909
vt 0.750969 0.071291
vt 0.758402 0.073493
vt 0.754118 0.075656
vt 0.784104 0.038086
vt 0.786935 0.037649
vt 0.786931 0.038550
vt 0.786649 0.039404
vt 0.786118 0.040127
vt 0.785392 0.040648
vt 0.784542 0.040920
vt 0.783650 0.040917
vt 0.782800 0.040639
vt 0.782076 0.040110
vt 0.781550 0.039381
vt 0.781274 0.038523
vt 0.781278 0.037621
vt 0.781560 0.036767
vt 0.782091 0.036045
vt 0.782817 0.035523
vt 0.783667 0.035252
vt 0.784559 0.035254
vt 0.785408 0.035533
vt 0.786133 0.036061
vt 0.786659 0.036791
vt 0.789866 0.039002
vt 0.789870 0.037196
vt 0.789305 0.040725
vt 0.788234 0.042201
vt 0.786749 0.043279
vt 0.784993 0.043842
vt 0.783149 0.043835
vt 0.781408 0.043255
vt 0.779941 0.042171
vt 0.778887 0.040697
vt 0.778339 0.038976
vt 0.778342 0.037170
vt 0.778904 0.035447
vt 0.779975 0.033971
vt 0.781460 0.032893
vt 0.783216 0.032329
vt 0.785060 0.032337
vt 0.786801 0.032917
vt 0.788267 0.034001
vt 0.789322 0.035475
vt 0.792742 0.039478
vt 0.792754 0.036750
vt 0.791887 0.042073
vt 0.790268 0.044279
vt 0.788045 0.045879
vt 0.785436 0.046712
vt 0.782697 0.046704
vt 0.780095 0.045849
vt 0.777887 0.044234
vt 0.776288 0.042018
vt 0.775454 0.039421
vt 0.775466 0.036694
vt 0.776322 0.034098
vt 0.777940 0.031893
vt 0.780163 0.030293
vt 0.782773 0.029460
vt 0.785512 0.029467
vt 0.788114 0.030322
vt 0.790322 0.031937
vt 0.791920 0.034154
vt 0.795557 0.039941
vt 0.795575 0.036315
vt 0.794420 0.043384
vt 0.792273 0.046307
vt 0.789327 0.048426
vt 0.785871 0.049532
vt 0.782242 0.049519
vt 0.778795 0.048388
vt 0.775866 0.046248
vt 0.773745 0.043308
vt 0.772634 0.039856
vt 0.772652 0.036231
vt 0.773789 0.032788
vt 0.775936 0.029864
vt 0.778881 0.027746
vt 0.782337 0.026640
vt 0.785966 0.026652
vt 0.789414 0.027784
vt 0.792342 0.029924
vt 0.794464 0.032864
vt 0.798333 0.040393
vt 0.798353 0.035886
vt 0.796920 0.044673
vt 0.794253 0.048306
vt 0.790594 0.050939
vt 0.786301 0.052313
vt 0.781793 0.052297
vt 0.777510 0.050891
vt 0.773872 0.048231
vt 0.771234 0.044576
vt 0.769856 0.040285
vt 0.769876 0.035778
vt 0.771289 0.031499
vt 0.773956 0.027865
vt 0.777615 0.025233
vt 0.781908 0.023859
vt 0.786416 0.023875
vt 0.790698 0.025281
vt 0.794337 0.027941
vt 0.796975 0.031595
vt 0.800728 0.040783
vt 0.800751 0.035516
vt 0.799078 0.045785
vt 0.795962 0.050031
vt 0.791687 0.053107
vt 0.786671 0.054713
vt 0.781404 0.054694
vt 0.776401 0.053050
vt 0.772150 0.049942
vt 0.769068 0.045671
vt 0.767458 0.040655
vt 0.767480 0.035388
vt 0.769131 0.030387
vt 0.772247 0.026141
vt 0.776522 0.023065
vt 0.781538 0.021458
vt 0.786804 0.021477
vt 0.791808 0.023121
vt 0.796059 0.026230
vt 0.799141 0.030501
vt 0.805830 0.041613
vt 0.801093 0.040842
vt 0.801115 0.035460
vt 0.805858 0.034728
vt 0.803673 0.048152
vt 0.799406 0.045954
vt 0.799601 0.053702
vt 0.796223 0.050294
vt 0.794015 0.057724
vt 0.791854 0.053438
vt 0.787460 0.059824
vt 0.786728 0.055080
vt 0.780577 0.059798
vt 0.781345 0.055060
vt 0.774038 0.057649
vt 0.776231 0.053380
vt 0.768482 0.053584
vt 0.771887 0.050202
vt 0.764454 0.048000
vt 0.768738 0.045837
vt 0.762351 0.041444
vt 0.767093 0.040712
vt 0.762379 0.034559
vt 0.767116 0.035329
vt 0.764536 0.028020
vt 0.768802 0.030218
vt 0.768607 0.022469
vt 0.771986 0.025878
vt 0.774194 0.018448
vt 0.776355 0.022734
vt 0.780749 0.016348
vt 0.781481 0.021092
vt 0.787632 0.016373
vt 0.786864 0.021111
vt 0.794171 0.018523
vt 0.791977 0.022792
vt 0.799727 0.022588
vt 0.796322 0.025970
vt 0.803755 0.028171
vt 0.799471 0.030335
vt 0.738752 0.128728
vt 0.741582 0.128291
vt 0.741578 0.129193
vt 0.741296 0.130047
vt 0.740765 0.130769
vt 0.740039 0.131291
vt 0.739189 0.131563
vt 0.738297 0.131560
vt 0.737448 0.131282
vt 0.736724 0.130753
vt 0.736197 0.130024
vt 0.735921 0.129165
vt 0.735925 0.128264
vt 0.736208 0.127410
vt 0.736739 0.126687
vt 0.737464 0.126166
vt 0.738314 0.125894
vt 0.739206 0.125897
vt 0.740056 0.126175
vt 0.740780 0.126704
vt 0.741307 0.127433
vt 0.744514 0.129645
vt 0.744517 0.127838
vt 0.743952 0.131368
vt 0.742881 0.132844
vt 0.741396 0.133922
vt 0.739640 0.134485
vt 0.737796 0.134477
vt 0.736056 0.133897
vt 0.734589 0.132813
vt 0.733534 0.131339
vt 0.732986 0.129618
vt 0.732990 0.127812
vt 0.733551 0.126089
vt 0.734622 0.124613
vt 0.736107 0.123535
vt 0.737863 0.122972
vt 0.739707 0.122979
vt 0.741448 0.123559
vt 0.742914 0.124644
vt 0.743969 0.126117
vt 0.747390 0.130120
vt 0.747402 0.127393
vt 0.746534 0.132716
vt 0.744916 0.134921
vt 0.742693 0.136521
vt 0.740083 0.137354
vt 0.737344 0.137347
vt 0.734742 0.136492
vt 0.732534 0.134877
vt 0.730936 0.132660
vt 0.730102 0.130064
vt 0.730114 0.127336
vt 0.730969 0.124741
vt 0.732588 0.122535
vt 0.734811 0.120935
vt 0.737420 0.120102
vt 0.740159 0.120110
vt 0.742762 0.120965
vt 0.744969 0.122580
vt 0.746568 0.124796
vt 0.750204 0.130584
vt 0.750222 0.126958
vt 0.749067 0.134026
vt 0.746921 0.136950
vt 0.743975 0.139068
vt 0.740519 0.140174
vt 0.736890 0.140162
vt 0.733442 0.139030
vt 0.730514 0.136890
vt 0.728392 0.133951
vt 0.727281 0.130499
vt 0.727299 0.126873
vt 0.728436 0.123431
vt 0.730583 0.120507
vt 0.733529 0.118388
vt 0.736985 0.117282
vt 0.740614 0.117295
vt 0.744061 0.118426
vt 0.746990 0.120567
vt 0.749112 0.123506
vt 0.752980 0.131036
vt 0.753000 0.126529
vt 0.751567 0.135315
vt 0.748900 0.138949
vt 0.745241 0.141581
vt 0.740948 0.142956
vt 0.736440 0.142940
vt 0.732158 0.141533
vt 0.728519 0.138873
vt 0.725881 0.135219
vt 0.724503 0.130928
vt 0.724523 0.126421
vt 0.725936 0.122141
vt 0.728603 0.118508
vt 0.732263 0.115876
vt 0.736556 0.114501
vt 0.741063 0.114517
vt 0.745346 0.115923
vt 0.748985 0.118583
vt 0.751622 0.122238
vt 0.755376 0.131426
vt 0.755398 0.126159
vt 0.753725 0.136427
vt 0.750609 0.140673
vt 0.746334 0.143750
vt 0.741319 0.145356
vt 0.736052 0.145337
vt 0.731048 0.143693
vt 0.726797 0.140584
vt 0.723715 0.136313
vt 0.722105 0.131298
vt 0.722128 0.126031
vt 0.723779 0.121029
vt 0.726894 0.116783
vt 0.731169 0.113707
vt 0.736185 0.112101
vt 0.741452 0.112120
vt 0.746455 0.113764
vt 0.750706 0.116873
vt 0.753788 0.121144
vt 0.760477 0.132256
vt 0.755740 0.131485
vt 0.755763 0.126102
vt 0.760505 0.125370
vt 0.758321 0.138794
vt 0.754054 0.136596
vt 0.754249 0.144345
vt 0.750870 0.140936
vt 0.748662 0.148366
vt 0.746501 0.144080
vt 0.742107 0.150466
vt 0.741375 0.145723
vt 0.735225 0.150441
vt 0.735992 0.145703
vt 0.728685 0.148291
vt 0.730879 0.144022
vt 0.723129 0.144226
vt 0.726535 0.140844
vt 0.719101 0.138643
vt 0.723385 0.136479
vt 0.716998 0.132086
vt 0.721741 0.131354
vt 0.717027 0.125201
vt 0.721763 0.125972
vt 0.719183 0.118663
vt 0.723450 0.120860
vt 0.723255 0.113112
vt 0.726633 0.116520
vt 0.728841 0.109090
vt 0.731002 0.113376
vt 0.735396 0.106990
vt 0.736129 0.111734
vt 0.742279 0.107016
vt 0.741511 0.111754
vt 0.748818 0.109165
vt 0.746625 0.113434
vt 0.754374 0.113230
vt 0.750969 0.116612
vt 0.758402 0.118814
vt 0.754118 0.120977
vt 0.784104 0.083407
vt 0.786931 0.083872
vt 0.786935 0.082970
vt 0.786649 0.084726
vt 0.786118 0.085448
vt 0.785392 0.085970
vt 0.784542 0.086241
vt 0.783650 0.086239
vt 0.782800 0.085960
vt 0.782076 0.085432
vt 0.781550 0.084702
vt 0.781274 0.083844
vt 0.781278 0.082943
vt 0.781560 0.082088
vt 0.782091 0.081366
vt 0.782817 0.080845
vt 0.783667 0.080573
vt 0.784559 0.080576
vt 0.785408 0.080854
vt 0.786133 0.081383
vt 0.786659 0.082112
vt 0.789866 0.084323
vt 0.789870 0.082517
vt 0.789305 0.086046
vt 0.788234 0.087522
vt 0.786749 0.088600
vt 0.784993 0.089164
vt 0.783149 0.089156
vt 0.781408 0.088576
vt 0.779941 0.087492
vt 0.778887 0.086018
vt 0.778339 0.084297
vt 0.778342 0.082491
vt 0.778904 0.080768
vt 0.779975 0.079292
vt 0.781460 0.078214
vt 0.783216 0.077650
vt 0.785060 0.077658
vt 0.786801 0.078238
vt 0.788267 0.079322
vt 0.789322 0.080796
vt 0.792742 0.084799
vt 0.792754 0.082072
vt 0.791887 0.087394
vt 0.790268 0.089600
vt 0.788045 0.091200
vt 0.785436 0.092033
vt 0.782697 0.092026
vt 0.780095 0.091171
vt 0.777887 0.089555
vt 0.776288 0.087339
vt 0.775454 0.084742
vt 0.775466 0.082015
vt 0.776322 0.079420
vt 0.777940 0.077214
vt 0.780163 0.075614
vt 0.782773 0.074781
vt 0.785512 0.074789
vt 0.788114 0.075644
vt 0.790322 0.077259
vt 0.791920 0.079475
vt 0.795557 0.085262
vt 0.795575 0.081636
vt 0.794420 0.088705
vt 0.792273 0.091628
vt 0.789327 0.093747
vt 0.785871 0.094853
vt 0.782242 0.094841
vt 0.778795 0.093709
vt 0.775866 0.091569
vt 0.773745 0.088629
vt 0.772634 0.085178
vt 0.772652 0.081552
vt 0.773789 0.078109
vt 0.775936 0.075186
vt 0.778881 0.073067
vt 0.782337 0.071961
vt 0.785966 0.071973
vt 0.789414 0.073105
vt 0.792342 0.075245
vt 0.794464 0.078185
vt 0.798333 0.085714
vt 0.798353 0.081207
vt 0.796920 0.089994
vt 0.794253 0.093628
vt 0.790594 0.096260
vt 0.786301 0.097634
vt 0.781793 0.097618
vt 0.777510 0.096212
vt 0.773872 0.093552
vt 0.771234 0.089898
vt 0.769856 0.085607
vt 0.769876 0.081100
vt 0.771289 0.076820
vt 0.773956 0.073187
vt 0.777615 0.070554
vt 0.781908 0.069180
vt 0.786416 0.069196
vt 0.790698 0.070602
vt 0.794337 0.073262
vt 0.796975 0.076916
vt 0.800728 0.086104
vt 0.800751 0.080837
vt 0.799078 0.091106
vt 0.795962 0.095352
vt 0.791687 0.098428
vt 0.786671 0.100035
vt 0.781404 0.100015
vt 0.776401 0.098372
vt 0.772150 0.095263
vt 0.769068 0.090992
vt 0.767458 0.085977
vt 0.767480 0.080710
vt 0.769131 0.075708
vt 0.772247 0.071462
vt 0.776522 0.068386
vt 0.781538 0.066779
vt 0.786804 0.066799
vt 0.791808 0.068442
vt 0.796059 0.071551
vt 0.799141 0.075822
vt 0.805830 0.086934
vt 0.805858 0.080049
vt 0.801115 0.080781
vt 0.801093 0.086163
vt 0.803673 0.093473
vt 0.799406 0.091275
vt 0.799601 0.099024
vt 0.796223 0.095615
vt 0.794015 0.103045
vt 0.791854 0.098759
vt 0.787460 0.105145
vt 0.786728 0.100401
vt 0.780577 0.105119
vt 0.781345 0.100381
vt 0.774038 0.102970
vt 0.776231 0.098701
vt 0.768482 0.098905
vt 0.771887 0.095523
vt 0.764454 0.093321
vt 0.768738 0.091158
vt 0.762351 0.086765
vt 0.767093 0.086033
vt 0.762379 0.079880
vt 0.767116 0.080651
vt 0.764536 0.073341
vt 0.768802 0.075539
vt 0.768607 0.067790
vt 0.771986 0.071199
vt 0.774194 0.063769
vt 0.776355 0.068055
vt 0.780749 0.061669
vt 0.781481 0.066413
vt 0.787632 0.061695
vt 0.786864 0.066433
vt 0.794171 0.063844
vt 0.791977 0.068113
vt 0.799727 0.067909
vt 0.796322 0.071291
vt 0.803755 0.073493
vt 0.799471 0.075656
vt 0.829457 0.038086
vt 0.832283 0.038550
vt 0.832287 0.037649
vt 0.832001 0.039404
vt 0.831470 0.040127
vt 0.830744 0.040648
vt 0.829894 0.040920
vt 0.829002 0.040917
vt 0.828153 0.040639
vt 0.827429 0.040110
vt 0.826902 0.039381
vt 0.826627 0.038523
vt 0.826630 0.037621
vt 0.826913 0.036767
vt 0.827444 0.036045
vt 0.828170 0.035523
vt 0.829019 0.035252
vt 0.829912 0.035254
vt 0.830761 0.035533
vt 0.831485 0.036061
vt 0.832012 0.036791
vt 0.835219 0.039002
vt 0.835222 0.037196
vt 0.834658 0.040725
vt 0.833586 0.042201
vt 0.832102 0.043279
vt 0.830346 0.043842
vt 0.828501 0.043835
vt 0.826761 0.043255
vt 0.825294 0.042171
vt 0.824239 0.040697
vt 0.823691 0.038976
vt 0.823695 0.037170
vt 0.824256 0.035447
vt 0.825327 0.033971
vt 0.826812 0.032893
vt 0.828568 0.032329
vt 0.830412 0.032337
vt 0.832153 0.032917
vt 0.833620 0.034001
vt 0.834674 0.035475
vt 0.838095 0.039478
vt 0.838107 0.036750
vt 0.837239 0.042073
vt 0.835621 0.044279
vt 0.833398 0.045879
vt 0.830789 0.046712
vt 0.828049 0.046704
vt 0.825447 0.045849
vt 0.823239 0.044234
vt 0.821641 0.042018
vt 0.820807 0.039421
vt 0.820819 0.036694
vt 0.821675 0.034098
vt 0.823293 0.031893
vt 0.825516 0.030293
vt 0.828125 0.029460
vt 0.830864 0.029467
vt 0.833467 0.030322
vt 0.835674 0.031937
vt 0.837273 0.034154
vt 0.840909 0.039941
vt 0.840928 0.036315
vt 0.839772 0.043384
vt 0.837626 0.046307
vt 0.834680 0.048426
vt 0.831224 0.049532
vt 0.827595 0.049519
vt 0.824148 0.048388
vt 0.821219 0.046248
vt 0.819097 0.043308
vt 0.817986 0.039856
vt 0.818005 0.036231
vt 0.819141 0.032788
vt 0.821288 0.029864
vt 0.824234 0.027746
vt 0.827690 0.026640
vt 0.831319 0.026652
vt 0.834766 0.027784
vt 0.837695 0.029924
vt 0.839817 0.032864
vt 0.843685 0.040393
vt 0.843705 0.035886
vt 0.842272 0.044673
vt 0.839605 0.048306
vt 0.835946 0.050939
vt 0.831653 0.052313
vt 0.827145 0.052297
vt 0.822863 0.050891
vt 0.819224 0.048231
vt 0.816587 0.044576
vt 0.815208 0.040285
vt 0.815228 0.035778
vt 0.816641 0.031499
vt 0.819309 0.027865
vt 0.822968 0.025233
vt 0.827261 0.023859
vt 0.831768 0.023875
vt 0.836051 0.025281
vt 0.839690 0.027941
vt 0.842327 0.031595
vt 0.846081 0.040783
vt 0.846103 0.035516
vt 0.844430 0.045785
vt 0.841314 0.050031
vt 0.837039 0.053107
vt 0.832024 0.054713
vt 0.826757 0.054694
vt 0.821754 0.053050
vt 0.817502 0.049942
vt 0.814420 0.045671
vt 0.812810 0.040655
vt 0.812833 0.035388
vt 0.814484 0.030387
vt 0.817600 0.026141
vt 0.821875 0.023065
vt 0.826890 0.021458
vt 0.832157 0.021477
vt 0.837160 0.023121
vt 0.841412 0.026230
vt 0.844493 0.030501
vt 0.851182 0.041613
vt 0.851211 0.034728
vt 0.846468 0.035460
vt 0.846445 0.040842
vt 0.849026 0.048152
vt 0.844759 0.045954
vt 0.844954 0.053702
vt 0.841575 0.050294
vt 0.839367 0.057724
vt 0.837206 0.053438
vt 0.832813 0.059824
vt 0.832080 0.055080
vt 0.825930 0.059798
vt 0.826698 0.055060
vt 0.819390 0.057649
vt 0.821584 0.053380
vt 0.813834 0.053584
vt 0.817240 0.050202
vt 0.809807 0.048000
vt 0.814090 0.045837
vt 0.807703 0.041444
vt 0.812446 0.040712
vt 0.807732 0.034559
vt 0.812468 0.035329
vt 0.809888 0.028020
vt 0.814155 0.030218
vt 0.813960 0.022469
vt 0.817339 0.025878
vt 0.819547 0.018448
vt 0.821707 0.022734
vt 0.826101 0.016348
vt 0.826834 0.021092
vt 0.832984 0.016373
vt 0.832216 0.021111
vt 0.839523 0.018523
vt 0.837330 0.022792
vt 0.845079 0.022588
vt 0.841674 0.025970
vt 0.849107 0.028171
vt 0.844823 0.030335
vt 0.738752 0.174050
vt 0.741578 0.174514
vt 0.741582 0.173613
vt 0.741296 0.175368
vt 0.740765 0.176091
vt 0.740039 0.176612
vt 0.739189 0.176884
vt 0.738297 0.176881
vt 0.737448 0.176603
vt 0.736724 0.176074
vt 0.736197 0.175345
vt 0.735921 0.174486
vt 0.735925 0.173585
vt 0.736208 0.172731
vt 0.736739 0.172008
vt 0.737464 0.171487
vt 0.738314 0.171215
vt 0.739206 0.171218
vt 0.740056 0.171496
vt 0.740780 0.172025
vt 0.741307 0.172754
vt 0.744514 0.174966
vt 0.744517 0.173160
vt 0.743952 0.176689
vt 0.742881 0.178165
vt 0.741396 0.179243
vt 0.739640 0.179806
vt 0.737796 0.179799
vt 0.736056 0.179219
vt 0.734589 0.178134
vt 0.733534 0.176661
vt 0.732986 0.174939
vt 0.732990 0.173133
vt 0.733551 0.171410
vt 0.734622 0.169934
vt 0.736107 0.168856
vt 0.737863 0.168293
vt 0.739707 0.168300
vt 0.741448 0.168881
vt 0.742914 0.169965
vt 0.743969 0.171439
vt 0.747390 0.175442
vt 0.747402 0.172714
vt 0.746534 0.178037
vt 0.744916 0.180242
vt 0.742693 0.181842
vt 0.740083 0.182675
vt 0.737344 0.182668
vt 0.734742 0.181813
vt 0.732534 0.180198
vt 0.730936 0.177982
vt 0.730102 0.175385
vt 0.730114 0.172657
vt 0.730969 0.170062
vt 0.732588 0.167857
vt 0.734811 0.166257
vt 0.737420 0.165424
vt 0.740159 0.165431
vt 0.742762 0.166286
vt 0.744969 0.167901
vt 0.746568 0.170117
vt 0.750204 0.175905
vt 0.750222 0.172279
vt 0.749067 0.179347
vt 0.746921 0.182271
vt 0.743975 0.184390
vt 0.740519 0.185495
vt 0.736890 0.185483
vt 0.733442 0.184352
vt 0.730514 0.182211
vt 0.728392 0.179272
vt 0.727281 0.175820
vt 0.727299 0.172194
vt 0.728436 0.168752
vt 0.730583 0.165828
vt 0.733529 0.163710
vt 0.736985 0.162604
vt 0.740614 0.162616
vt 0.744061 0.163748
vt 0.746990 0.165888
vt 0.749112 0.168827
vt 0.752980 0.176357
vt 0.753000 0.171850
vt 0.751567 0.180637
vt 0.748900 0.184270
vt 0.745241 0.186902
vt 0.740948 0.188277
vt 0.736440 0.188261
vt 0.732158 0.186855
vt 0.728519 0.184195
vt 0.725881 0.180540
vt 0.724503 0.176249
vt 0.724523 0.171742
vt 0.725936 0.167462
vt 0.728603 0.163829
vt 0.732263 0.161197
vt 0.736556 0.159822
vt 0.741063 0.159838
vt 0.745346 0.161245
vt 0.748985 0.163905
vt 0.751622 0.167559
vt 0.755376 0.176747
vt 0.755398 0.171480
vt 0.753725 0.181749
vt 0.750609 0.185995
vt 0.746334 0.189071
vt 0.741319 0.190677
vt 0.736052 0.190658
vt 0.731048 0.189014
vt 0.726797 0.185905
vt 0.723715 0.181634
vt 0.722105 0.176619
vt 0.722128 0.171352
vt 0.723779 0.166351
vt 0.726894 0.162104
vt 0.731169 0.159028
vt 0.736185 0.157422
vt 0.741452 0.157441
vt 0.746455 0.159085
vt 0.750706 0.162194
vt 0.753788 0.166465
vt 0.760477 0.177577
vt 0.760505 0.170691
vt 0.755763 0.171424
vt 0.755740 0.176806
vt 0.758321 0.184115
vt 0.754054 0.181918
vt 0.754249 0.189666
vt 0.750870 0.186257
vt 0.748662 0.193688
vt 0.746501 0.189402
vt 0.742107 0.195788
vt 0.741375 0.191044
vt 0.735225 0.195762
vt 0.735992 0.191024
vt 0.728685 0.193612
vt 0.730879 0.189343
vt 0.723129 0.189548
vt 0.726535 0.186166
vt 0.719101 0.183964
vt 0.723385 0.181801
vt 0.716998 0.177408
vt 0.721741 0.176675
vt 0.717027 0.170522
vt 0.721763 0.171293
vt 0.719183 0.163984
vt 0.723450 0.166182
vt 0.723255 0.158433
vt 0.726633 0.161842
vt 0.728841 0.154412
vt 0.731002 0.158697
vt 0.735396 0.152312
vt 0.736129 0.157055
vt 0.742279 0.152337
vt 0.741511 0.157075
vt 0.748818 0.154487
vt 0.746625 0.158756
vt 0.754374 0.158551
vt 0.750969 0.161934
vt 0.758402 0.164135
vt 0.754118 0.166299
vt 0.784104 0.128728
vt 0.786931 0.129193
vt 0.786935 0.128291
vt 0.786649 0.130047
vt 0.786118 0.130769
vt 0.785392 0.131291
vt 0.784542 0.131563
vt 0.783650 0.131560
vt 0.782800 0.131282
vt 0.782076 0.130753
vt 0.781550 0.130024
vt 0.781274 0.129165
vt 0.781278 0.128264
vt 0.781560 0.127410
vt 0.782091 0.126687
vt 0.782817 0.126166
vt 0.783667 0.125894
vt 0.784559 0.125897
vt 0.785408 0.126175
vt 0.786133 0.126704
vt 0.786659 0.127433
vt 0.789866 0.129645
vt 0.789870 0.127838
vt 0.789305 0.131368
vt 0.788234 0.132844
vt 0.786749 0.133922
vt 0.784993 0.134485
vt 0.783149 0.134477
vt 0.781408 0.133897
vt 0.779941 0.132813
vt 0.778887 0.131339
vt 0.778339 0.129618
vt 0.778342 0.127812
vt 0.778904 0.126089
vt 0.779975 0.124613
vt 0.781460 0.123535
vt 0.783216 0.122972
vt 0.785060 0.122979
vt 0.786801 0.123559
vt 0.788267 0.124644
vt 0.789322 0.126117
vt 0.792742 0.130120
vt 0.792754 0.127393
vt 0.791887 0.132716
vt 0.790268 0.134921
vt 0.788045 0.136521
vt 0.785436 0.137354
vt 0.782697 0.137347
vt 0.780095 0.136492
vt 0.777887 0.134877
vt 0.776288 0.132660
vt 0.775454 0.130064
vt 0.775466 0.127336
vt 0.776322 0.124741
vt 0.777940 0.122535
vt 0.780163 0.120935
vt 0.782773 0.120102
vt 0.785512 0.120110
vt 0.788114 0.120965
vt 0.790322 0.122580
vt 0.791920 0.124796
vt 0.795557 0.130584
vt 0.795575 0.126958
vt 0.794420 0.134026
vt 0.792273 0.136950
vt 0.789327 0.139068
vt 0.785871 0.140174
vt 0.782242 0.140162
vt 0.778795 0.139030
vt 0.775866 0.136890
vt 0.773745 0.133951
vt 0.772634 0.130499
vt 0.772652 0.126873
vt 0.773789 0.123431
vt 0.775936 0.120507
vt 0.778881 0.118388
vt 0.782337 0.117282
vt 0.785966 0.117295
vt 0.789414 0.118426
vt 0.792342 0.120567
vt 0.794464 0.123506
vt 0.798333 0.131036
vt 0.798353 0.126529
vt 0.796920 0.135315
vt 0.794253 0.138949
vt 0.790594 0.141581
vt 0.786301 0.142956
vt 0.781793 0.142940
vt 0.777510 0.141533
vt 0.773872 0.138873
vt 0.771234 0.135219
vt 0.769856 0.130928
vt 0.769876 0.126421
vt 0.771289 0.122141
vt 0.773956 0.118508
vt 0.777615 0.115876
vt 0.781908 0.114501
vt 0.786416 0.114517
vt 0.790698 0.115923
vt 0.794337 0.118583
vt 0.796975 0.122238
vt 0.800728 0.131426
vt 0.800751 0.126159
vt 0.799078 0.136427
vt 0.795962 0.140673
vt 0.791687 0.143750
vt 0.786671 0.145356
vt 0.781404 0.145337
vt 0.776401 0.143693
vt 0.772150 0.140584
vt 0.769068 0.136313
vt 0.767458 0.131298
vt 0.767480 0.126031
vt 0.769131 0.121029
vt 0.772247 0.116783
vt 0.776522 0.113707
vt 0.781538 0.112101
vt 0.786804 0.112120
vt 0.791808 0.113764
vt 0.796059 0.116873
vt 0.799141 0.121144
vt 0.805830 0.132256
vt 0.805858 0.125370
vt 0.801115 0.126102
vt 0.801093 0.131485
vt 0.803673 0.138794
vt 0.799406 0.136596
vt 0.799601 0.144345
vt 0.796223 0.140936
vt 0.794015 0.148366
vt 0.791854 0.144080
vt 0.787460 0.150466
vt 0.786728 0.145723
vt 0.780577 0.150441
vt 0.781345 0.145703
vt 0.774038 0.148291
vt 0.776231 0.144022
vt 0.768482 0.144226
vt 0.771887 0.140844
vt 0.764454 0.138643
vt 0.768738 0.136479
vt 0.762351 0.132086
vt 0.767093 0.131354
vt 0.762379 0.125201
vt 0.767116 0.125972
vt 0.764536 0.118663
vt 0.768802 0.120860
vt 0.768607 0.113112
vt 0.771986 0.116520
vt 0.774194 0.109090
vt 0.776355 0.113376
vt 0.780749 0.106990
vt 0.781481 0.111734
vt 0.787632 0.107016
vt 0.786864 0.111754
vt 0.794171 0.109165
vt 0.791977 0.113434
vt 0.799727 0.113230
vt 0.796322 0.116612
vt 0.803755 0.118814
vt 0.799471 0.120977
vt 0.829457 0.083407
vt 0.832287 0.082970
vt 0.832283 0.083872
vt 0.832001 0.084726
vt 0.831470 0.085448
vt 0.830744 0.085970
vt 0.829894 0.086241
vt 0.829002 0.086239
vt 0.828153 0.085960
vt 0.827429 0.085432
vt 0.826902 0.084702
vt 0.826627 0.083844
vt 0.826630 0.082943
vt 0.826913 0.082088
vt 0.827444 0.081366
vt 0.828170 0.080845
vt 0.829019 0.080573
vt 0.829912 0.080576
vt 0.830761 0.080854
vt 0.831485 0.081383
vt 0.832012 0.082112
vt 0.835219 0.084323
vt 0.835222 0.082517
vt 0.834658 0.086046
vt 0.833586 0.087522
vt 0.832102 0.088600
vt 0.830346 0.089164
vt 0.828501 0.089156
vt 0.826761 0.088576
vt 0.825294 0.087492
vt 0.824239 0.086018
vt 0.823691 0.084297
vt 0.823695 0.082491
vt 0.824256 0.080768
vt 0.825327 0.079292
vt 0.826812 0.078214
vt 0.828568 0.077650
vt 0.830412 0.077658
vt 0.832153 0.078238
vt 0.833620 0.079322
vt 0.834674 0.080796
vt 0.838095 0.084799
vt 0.838107 0.082072
vt 0.837239 0.087394
vt 0.835621 0.089600
vt 0.833398 0.091200
vt 0.830789 0.092033
vt 0.828049 0.092026
vt 0.825447 0.091171
vt 0.823239 0.089555
vt 0.821641 0.087339
vt 0.820807 0.084742
vt 0.820819 0.082015
vt 0.821675 0.079420
vt 0.823293 0.077214
vt 0.825516 0.075614
vt 0.828125 0.074781
vt 0.830864 0.074789
vt 0.833467 0.075644
vt 0.835674 0.077259
vt 0.837273 0.079475
vt 0.840909 0.085262
vt 0.840928 0.081636
vt 0.839772 0.088705
vt 0.837626 0.091628
vt 0.834680 0.093747
vt 0.831224 0.094853
vt 0.827595 0.094841
vt 0.824148 0.093709
vt 0.821219 0.091569
vt 0.819097 0.088629
vt 0.817986 0.085178
vt 0.818005 0.081552
vt 0.819141 0.078109
vt 0.821288 0.075186
vt 0.824234 0.073067
vt 0.827690 0.071961
vt 0.831319 0.071973
vt 0.834766 0.073105
vt 0.837695 0.075245
vt 0.839817 0.078185
vt 0.843685 0.085714
vt 0.843705 0.081207
vt 0.842272 0.089994
vt 0.839605 0.093628
vt 0.835946 0.096260
vt 0.831653 0.097634
vt 0.827145 0.097618
vt 0.822863 0.096212
vt 0.819224 0.093552
vt 0.816587 0.089898
vt 0.815208 0.085607
vt 0.815228 0.081100
vt 0.816641 0.076820
vt 0.819309 0.073187
vt 0.822968 0.070554
vt 0.827261 0.069180
vt 0.831768 0.069196
vt 0.836051 0.070602
vt 0.839690 0.073262
vt 0.842327 0.076916
vt 0.846081 0.086104
vt 0.846103 0.080837
vt 0.844430 0.091106
vt 0.841314 0.095352
vt 0.837039 0.098428
vt 0.832024 0.100035
vt 0.826757 0.100015
vt 0.821754 0.098372
vt 0.817502 0.095263
vt 0.814420 0.090992
vt 0.812810 0.085977
vt 0.812833 0.080710
vt 0.814484 0.075708
vt 0.817600 0.071462
vt 0.821875 0.068386
vt 0.826890 0.066779
vt 0.832157 0.066799
vt 0.837160 0.068442
vt 0.841412 0.071551
vt 0.844493 0.075822
vt 0.851182 0.086934
vt 0.846445 0.086163
vt 0.846468 0.080781
vt 0.851211 0.080049
vt 0.849026 0.093473
vt 0.844759 0.091275
vt 0.844954 0.099024
vt 0.841575 0.095615
vt 0.839367 0.103045
vt 0.837206 0.098759
vt 0.832813 0.105145
vt 0.832080 0.100401
vt 0.825930 0.105119
vt 0.826698 0.100381
vt 0.819390 0.102970
vt 0.821584 0.098701
vt 0.813834 0.098905
vt 0.817240 0.095523
vt 0.809807 0.093321
vt 0.814090 0.091158
vt 0.807703 0.086765
vt 0.812446 0.086033
vt 0.807732 0.079880
vt 0.812468 0.080651
vt 0.809888 0.073341
vt 0.814155 0.075539
vt 0.813960 0.067790
vt 0.817339 0.071199
vt 0.819547 0.063769
vt 0.821707 0.068055
vt 0.826101 0.061669
vt 0.826834 0.066413
vt 0.832984 0.061695
vt 0.832216 0.066433
vt 0.839523 0.063844
vt 0.837330 0.068113
vt 0.845079 0.067909
vt 0.841674 0.071291
vt 0.849107 0.073493
vt 0.844823 0.075656
vt 0.874809 0.038086
vt 0.877640 0.037649
vt 0.877636 0.038550
vt 0.877354 0.039404
vt 0.876823 0.040127
vt 0.876097 0.040648
vt 0.875247 0.040920
vt 0.874355 0.040917
vt 0.873506 0.040639
vt 0.872781 0.040110
vt 0.872255 0.039381
vt 0.871979 0.038523
vt 0.871983 0.037621
vt 0.872265 0.036767
vt 0.872796 0.036045
vt 0.873522 0.035523
vt 0.874372 0.035252
vt 0.875264 0.035254
vt 0.876114 0.035533
vt 0.876838 0.036061
vt 0.877364 0.036791
vt 0.880572 0.039002
vt 0.880575 0.037196
vt 0.880010 0.040725
vt 0.878939 0.042201
vt 0.877454 0.043279
vt 0.875698 0.043842
vt 0.873854 0.043835
vt 0.872113 0.043255
vt 0.870647 0.042171
vt 0.869592 0.040697
vt 0.869044 0.038976
vt 0.869048 0.037170
vt 0.869609 0.035447
vt 0.870680 0.033971
vt 0.872165 0.032893
vt 0.873921 0.032329
vt 0.875765 0.032337
vt 0.877506 0.032917
vt 0.878972 0.034001
vt 0.880027 0.035475
vt 0.883448 0.039478
vt 0.883460 0.036750
vt 0.882592 0.042073
vt 0.880974 0.044279
vt 0.878751 0.045879
vt 0.876141 0.046712
vt 0.873402 0.046704
vt 0.870800 0.045849
vt 0.868592 0.044234
vt 0.866993 0.042018
vt 0.866159 0.039421
vt 0.866171 0.036694
vt 0.867027 0.034098
vt 0.868645 0.031893
vt 0.870868 0.030293
vt 0.873478 0.029460
vt 0.876217 0.029467
vt 0.878819 0.030322
vt 0.881027 0.031937
vt 0.882626 0.034154
vt 0.886262 0.039941
vt 0.886280 0.036315
vt 0.885125 0.043384
vt 0.882978 0.046307
vt 0.880032 0.048426
vt 0.876576 0.049532
vt 0.872948 0.049519
vt 0.869500 0.048388
vt 0.866572 0.046248
vt 0.864450 0.043308
vt 0.863339 0.039856
vt 0.863357 0.036231
vt 0.864494 0.032788
vt 0.866641 0.029864
vt 0.869586 0.027746
vt 0.873043 0.026640
vt 0.876671 0.026652
vt 0.880119 0.027784
vt 0.883047 0.029924
vt 0.885169 0.032864
vt 0.889038 0.040393
vt 0.889058 0.035886
vt 0.887625 0.044673
vt 0.884958 0.048306
vt 0.881299 0.050939
vt 0.877006 0.052313
vt 0.872498 0.052297
vt 0.868216 0.050891
vt 0.864577 0.048231
vt 0.861939 0.044576
vt 0.860561 0.040285
vt 0.860581 0.035778
vt 0.861994 0.031499
vt 0.864661 0.027865
vt 0.868320 0.025233
vt 0.872613 0.023859
vt 0.877121 0.023875
vt 0.881403 0.025281
vt 0.885042 0.027941
vt 0.887680 0.031595
vt 0.891433 0.040783
vt 0.891456 0.035516
vt 0.889783 0.045785
vt 0.886667 0.050031
vt 0.882392 0.053107
vt 0.877376 0.054713
vt 0.872110 0.054694
vt 0.867106 0.053050
vt 0.862855 0.049942
vt 0.859773 0.045671
vt 0.858163 0.040655
vt 0.858186 0.035388
vt 0.859836 0.030387
vt 0.862952 0.026141
vt 0.867227 0.023065
vt 0.872243 0.021458
vt 0.877509 0.021477
vt 0.882513 0.023121
vt 0.886764 0.026230
vt 0.889846 0.030501
vt 0.896535 0.041613
vt 0.891798 0.040842
vt 0.891821 0.035460
vt 0.896563 0.034728
vt 0.894378 0.048152
vt 0.890112 0.045954
vt 0.890307 0.053702
vt 0.886928 0.050294
vt 0.884720 0.057724
vt 0.882559 0.053438
vt 0.878165 0.059824
vt 0.877433 0.055080
vt 0.871282 0.059798
vt 0.872050 0.055060
vt 0.864743 0.057649
vt 0.866937 0.053380
vt 0.859187 0.053584
vt 0.862592 0.050202
vt 0.855159 0.048000
vt 0.859443 0.045837
vt 0.853056 0.041444
vt 0.857799 0.040712
vt 0.853084 0.034559
vt 0.857821 0.035329
vt 0.855241 0.028020
vt 0.859507 0.030218
vt 0.859312 0.022469
vt 0.862691 0.025878
vt 0.864899 0.018448
vt 0.867060 0.022734
vt 0.871454 0.016348
vt 0.872186 0.021092
vt 0.878337 0.016373
vt 0.877569 0.021111
vt 0.884876 0.018523
vt 0.882682 0.022792
vt 0.890432 0.022588
vt 0.887027 0.025970
vt 0.894460 0.028171
vt 0.890176 0.030335
vt 0.738752 0.219371
vt 0.741582 0.218934
vt 0.741578 0.219835
vt 0.741296 0.220690
vt 0.740765 0.221412
vt 0.740039 0.221933
vt 0.739189 0.222205
vt 0.738297 0.222202
vt 0.737448 0.221924
vt 0.736724 0.221395
vt 0.736197 0.220666
vt 0.735921 0.219808
vt 0.735925 0.218906
vt 0.736208 0.218052
vt 0.736739 0.217330
vt 0.737464 0.216808
vt 0.738314 0.216537
vt 0.739206 0.216539
vt 0.740056 0.216818
vt 0.740780 0.217346
vt 0.741307 0.218076
vt 0.744514 0.220287
vt 0.744517 0.218481
vt 0.743952 0.222010
vt 0.742881 0.223486
vt 0.741396 0.224564
vt 0.739640 0.225127
vt 0.737796 0.225120
vt 0.736056 0.224540
vt 0.734589 0.223456
vt 0.733534 0.221982
vt 0.732986 0.220261
vt 0.732990 0.218455
vt 0.733551 0.216732
vt 0.734622 0.215256
vt 0.736107 0.214178
vt 0.737863 0.213614
vt 0.739707 0.213622
vt 0.741448 0.214202
vt 0.742914 0.215286
vt 0.743969 0.216760
vt 0.747390 0.220763
vt 0.747402 0.218035
vt 0.746534 0.223358
vt 0.744916 0.225564
vt 0.742693 0.227164
vt 0.740083 0.227997
vt 0.737344 0.227989
vt 0.734742 0.227134
vt 0.732534 0.225519
vt 0.730936 0.223303
vt 0.730102 0.220706
vt 0.730114 0.217979
vt 0.730969 0.215383
vt 0.732588 0.213178
vt 0.734811 0.211578
vt 0.737420 0.210745
vt 0.740159 0.210752
vt 0.742762 0.211607
vt 0.744969 0.213222
vt 0.746568 0.215439
vt 0.750204 0.221226
vt 0.750222 0.217600
vt 0.749067 0.224669
vt 0.746921 0.227592
vt 0.743975 0.229711
vt 0.740519 0.230817
vt 0.736890 0.230804
vt 0.733442 0.229673
vt 0.730514 0.227533
vt 0.728392 0.224593
vt 0.727281 0.221141
vt 0.727299 0.217516
vt 0.728436 0.214073
vt 0.730583 0.211149
vt 0.733529 0.209031
vt 0.736985 0.207925
vt 0.740614 0.207937
vt 0.744061 0.209069
vt 0.746990 0.211209
vt 0.749112 0.214149
vt 0.752980 0.221678
vt 0.753000 0.217171
vt 0.751567 0.225958
vt 0.748900 0.229591
vt 0.745241 0.232224
vt 0.740948 0.233598
vt 0.736440 0.233582
vt 0.732158 0.232176
vt 0.728519 0.229516
vt 0.725881 0.225861
vt 0.724503 0.221570
vt 0.724523 0.217063
vt 0.725936 0.212784
vt 0.728603 0.209150
vt 0.732263 0.206518
vt 0.736556 0.205144
vt 0.741063 0.205160
vt 0.745346 0.206566
vt 0.748985 0.209226
vt 0.751622 0.212880
vt 0.755376 0.222068
vt 0.755398 0.216801
vt 0.753725 0.227070
vt 0.750609 0.231316
vt 0.746334 0.234392
vt 0.741319 0.235998
vt 0.736052 0.235979
vt 0.731048 0.234335
vt 0.726797 0.231227
vt 0.723715 0.226956
vt 0.722105 0.221940
vt 0.722128 0.216673
vt 0.723779 0.211672
vt 0.726894 0.207426
vt 0.731169 0.204350
vt 0.736185 0.202743
vt 0.741452 0.202762
vt 0.746455 0.204406
vt 0.750706 0.207515
vt 0.753788 0.211786
vt 0.760477 0.222898
vt 0.755740 0.222127
vt 0.755763 0.216745
vt 0.760505 0.216013
vt 0.758321 0.229437
vt 0.754054 0.227239
vt 0.754249 0.234988
vt 0.750870 0.231579
vt 0.748662 0.239009
vt 0.746501 0.234723
vt 0.742107 0.241109
vt 0.741375 0.236365
vt 0.735225 0.241083
vt 0.735992 0.236345
vt 0.728685 0.238934
vt 0.730879 0.234665
vt 0.723129 0.234869
vt 0.726535 0.231487
vt 0.719101 0.229285
vt 0.723385 0.227122
vt 0.716998 0.222729
vt 0.721741 0.221997
vt 0.717027 0.215844
vt 0.721763 0.216614
vt 0.719183 0.209305
vt 0.723450 0.211503
vt 0.723255 0.203754
vt 0.726633 0.207163
vt 0.728841 0.199733
vt 0.731002 0.204019
vt 0.735396 0.197633
vt 0.736129 0.202377
vt 0.742279 0.197658
vt 0.741511 0.202397
vt 0.748818 0.199808
vt 0.746625 0.204077
vt 0.754374 0.203873
vt 0.750969 0.207255
vt 0.758402 0.209457
vt 0.754118 0.211620
vt 0.784104 0.174050
vt 0.786935 0.173613
vt 0.786931 0.174514
vt 0.786649 0.175368
vt 0.786118 0.176091
vt 0.785392 0.176612
vt 0.784542 0.176884
vt 0.783650 0.176881
vt 0.782800 0.176603
vt 0.782076 0.176074
vt 0.781550 0.175345
vt 0.781274 0.174486
vt 0.781278 0.173585
vt 0.781560 0.172731
vt 0.782091 0.172008
vt 0.782817 0.171487
vt 0.783667 0.171215
vt 0.784559 0.171218
vt 0.785408 0.171496
vt 0.786133 0.172025
vt 0.786659 0.172754
vt 0.789866 0.174966
vt 0.789870 0.173160
vt 0.789305 0.176689
vt 0.788234 0.178165
vt 0.786749 0.179243
vt 0.784993 0.179806
vt 0.783149 0.179799
vt 0.781408 0.179219
vt 0.779941 0.178134
vt 0.778887 0.176661
vt 0.778339 0.174939
vt 0.778342 0.173133
vt 0.778904 0.171410
vt 0.779975 0.169934
vt 0.781460 0.168856
vt 0.783216 0.168293
vt 0.785060 0.168300
vt 0.786801 0.168881
vt 0.788267 0.169965
vt 0.789322 0.171439
vt 0.792742 0.175442
vt 0.792754 0.172714
vt 0.791887 0.178037
vt 0.790268 0.180242
vt 0.788045 0.181842
vt 0.785436 0.182675
vt 0.782697 0.182668
vt 0.780095 0.181813
vt 0.777887 0.180198
vt 0.776288 0.177982
vt 0.775454 0.175385
vt 0.775466 0.172657
vt 0.776322 0.170062
vt 0.777940 0.167857
vt 0.780163 0.166257
vt 0.782773 0.165424
vt 0.785512 0.165431
vt 0.788114 0.166286
vt 0.790322 0.167901
vt 0.791920 0.170117
vt 0.795557 0.175905
vt 0.795575 0.172279
vt 0.794420 0.179347
vt 0.792273 0.182271
vt 0.789327 0.184390
vt 0.785871 0.185495
vt 0.782242 0.185483
vt 0.778795 0.184352
vt 0.775866 0.182211
vt 0.773745 0.179272
vt 0.772634 0.175820
vt 0.772652 0.172194
vt 0.773789 0.168752
vt 0.775936 0.165828
vt 0.778881 0.163710
vt 0.782337 0.162604
vt 0.785966 0.162616
vt 0.789414 0.163748
vt 0.792342 0.165888
vt 0.794464 0.168827
vt 0.798333 0.176357
vt 0.798353 0.171850
vt 0.796920 0.180637
vt 0.794253 0.184270
vt 0.790594 0.186902
vt 0.786301 0.188277
vt 0.781793 0.188261
vt 0.777510 0.186855
vt 0.773872 0.184195
vt 0.771234 0.180540
vt 0.769856 0.176249
vt 0.769876 0.171742
vt 0.771289 0.167462
vt 0.773956 0.163829
vt 0.777615 0.161197
vt 0.781908 0.159822
vt 0.786416 0.159838
vt 0.790698 0.161245
vt 0.794337 0.163905
vt 0.796975 0.167559
vt 0.800728 0.176747
vt 0.800751 0.171480
vt 0.799078 0.181749
vt 0.795962 0.185995
vt 0.791687 0.189071
vt 0.786671 0.190677
vt 0.781404 0.190658
vt 0.776401 0.189014
vt 0.772150 0.185905
vt 0.769068 0.181634
vt 0.767458 0.176619
vt 0.767480 0.171352
vt 0.769131 0.166351
vt 0.772247 0.162104
vt 0.776522 0.159028
vt 0.781538 0.157422
vt 0.786804 0.157441
vt 0.791808 0.159085
vt 0.796059 0.162194
vt 0.799141 0.166465
vt 0.805830 0.177577
vt 0.801093 0.176806
vt 0.801115 0.171424
vt 0.805858 0.170691
vt 0.803673 0.184115
vt 0.799406 0.181918
vt 0.799601 0.189666
vt 0.796223 0.186257
vt 0.794015 0.193688
vt 0.791854 0.189402
vt 0.787460 0.195788
vt 0.786728 0.191044
vt 0.780577 0.195762
vt 0.781345 0.191024
vt 0.774038 0.193612
vt 0.776231 0.189343
vt 0.768482 0.189548
vt 0.771887 0.186166
vt 0.764454 0.183964
vt 0.768738 0.181801
vt 0.762351 0.177408
vt 0.767093 0.176675
vt 0.762379 0.170522
vt 0.767116 0.171293
vt 0.764536 0.163984
vt 0.768802 0.166182
vt 0.768607 0.158433
vt 0.771986 0.161842
vt 0.774194 0.154412
vt 0.776355 0.158697
vt 0.780749 0.152312
vt 0.781481 0.157055
vt 0.787632 0.152337
vt 0.786864 0.157075
vt 0.794171 0.154487
vt 0.791977 0.158756
vt 0.799727 0.158551
vt 0.796322 0.161934
vt 0.803755 0.164135
vt 0.799471 0.166299
vt 0.829457 0.128728
vt 0.832287 0.128291
vt 0.832283 0.129193
vt 0.832001 0.130047
vt 0.831470 0.130769
vt 0.830744 0.131291
vt 0.829894 0.131563
vt 0.829002 0.131560
vt 0.828153 0.131282
vt 0.827429 0.130753
vt 0.826902 0.130024
vt 0.826627 0.129165
vt 0.826630 0.128264
vt 0.826913 0.127410
vt 0.827444 0.126687
vt 0.828170 0.126166
vt 0.829019 0.125894
vt 0.829912 0.125897
vt 0.830761 0.126175
vt 0.831485 0.126704
vt 0.832012 0.127433
vt 0.835219 0.129645
vt 0.835222 0.127838
vt 0.834658 0.131368
vt 0.833586 0.132844
vt 0.832102 0.133922
vt 0.830346 0.134485
vt 0.828501 0.134477
vt 0.826761 0.133897
vt 0.825294 0.132813
vt 0.824239 0.131339
vt 0.823691 0.129618
vt 0.823695 0.127812
vt 0.824256 0.126089
vt 0.825327 0.124613
vt 0.826812 0.123535
vt 0.828568 0.122972
vt 0.830412 0.122979
vt 0.832153 0.123559
vt 0.833620 0.124644
vt 0.834674 0.126117
vt 0.838095 0.130120
vt 0.838107 0.127393
vt 0.837239 0.132716
vt 0.835621 0.134921
vt 0.833398 0.136521
vt 0.830789 0.137354
vt 0.828049 0.137347
vt 0.825447 0.136492
vt 0.823239 0.134877
vt 0.821641 0.132660
vt 0.820807 0.130064
vt 0.820819 0.127336
vt 0.821675 0.124741
vt 0.823293 0.122535
vt 0.825516 0.120935
vt 0.828125 0.120102
vt 0.830864 0.120110
vt 0.833467 0.120965
vt 0.835674 0.122580
vt 0.837273 0.124796
vt 0.840909 0.130584
vt 0.840928 0.126958
vt 0.839772 0.134026
vt 0.837626 0.136950
vt 0.834680 0.139068
vt 0.831224 0.140174
vt 0.827595 0.140162
vt 0.824148 0.139030
vt 0.821219 0.136890
vt 0.819097 0.133951
vt 0.817986 0.130499
vt 0.818005 0.126873
vt 0.819141 0.123431
vt 0.821288 0.120507
vt 0.824234 0.118388
vt 0.827690 0.117282
vt 0.831319 0.117295
vt 0.834766 0.118426
vt 0.837695 0.120567
vt 0.839817 0.123506
vt 0.843685 0.131036
vt 0.843705 0.126529
vt 0.842272 0.135315
vt 0.839605 0.138949
vt 0.835946 0.141581
vt 0.831653 0.142956
vt 0.827145 0.142940
vt 0.822863 0.141533
vt 0.819224 0.138873
vt 0.816587 0.135219
vt 0.815208 0.130928
vt 0.815228 0.126421
vt 0.816641 0.122141
vt 0.819309 0.118508
vt 0.822968 0.115876
vt 0.827261 0.114501
vt 0.831768 0.114517
vt 0.836051 0.115923
vt 0.839690 0.118583
vt 0.842327 0.122238
vt 0.846081 0.131426
vt 0.846103 0.126159
vt 0.844430 0.136427
vt 0.841314 0.140673
vt 0.837039 0.143750
vt 0.832024 0.145356
vt 0.826757 0.145337
vt 0.821754 0.143693
vt 0.817502 0.140584
vt 0.814420 0.136313
vt 0.812810 0.131298
vt 0.812833 0.126031
vt 0.814484 0.121029
vt 0.817600 0.116783
vt 0.821875 0.113707
vt 0.826890 0.112101
vt 0.832157 0.112120
vt 0.837160 0.113764
vt 0.841412 0.116873
vt 0.844493 0.121144
vt 0.851182 0.132256
vt 0.846445 0.131485
vt 0.846468 0.126102
vt 0.851211 0.125370
vt 0.849026 0.138794
vt 0.844759 0.136596
vt 0.844954 0.144345
vt 0.841575 0.140936
vt 0.839367 0.148366
vt 0.837206 0.144080
vt 0.832813 0.150466
vt 0.832080 0.145723
vt 0.825930 0.150441
vt 0.826698 0.145703
vt 0.819390 0.148291
vt 0.821584 0.144022
vt 0.813834 0.144226
vt 0.817240 0.140844
vt 0.809807 0.138643
vt 0.814090 0.136479
vt 0.807703 0.132086
vt 0.812446 0.131354
vt 0.807732 0.125201
vt 0.812468 0.125972
vt 0.809888 0.118663
vt 0.814155 0.120860
vt 0.813960 0.113112
vt 0.817339 0.116520
vt 0.819547 0.109090
vt 0.821707 0.113376
vt 0.826101 0.106990
vt 0.826834 0.111734
vt 0.832984 0.107016
vt 0.832216 0.111754
vt 0.839523 0.109165
vt 0.837330 0.113434
vt 0.845079 0.113230
vt 0.841674 0.116612
vt 0.849107 0.118814
vt 0.844823 0.120977
vt 0.874809 0.083407
vt 0.877640 0.082970
vt 0.877636 0.083872
vt 0.877354 0.084726
vt 0.876823 0.085448
vt 0.876097 0.085970
vt 0.875247 0.086241
vt 0.874355 0.086239
vt 0.873506 0.085960
vt 0.872781 0.085432
vt 0.872255 0.084702
vt 0.871979 0.083844
vt 0.871983 0.082943
vt 0.872265 0.082088
vt 0.872796 0.081366
vt 0.873522 0.080845
vt 0.874372 0.080573
vt 0.875264 0.080576
vt 0.876114 0.080854
vt 0.876838 0.081383
vt 0.877364 0.082112
vt 0.880572 0.084323
vt 0.880575 0.082517
vt 0.880010 0.086046
vt 0.878939 0.087522
vt 0.877454 0.088600
vt 0.875698 0.089164
vt 0.873854 0.089156
vt 0.872113 0.088576
vt 0.870647 0.087492
vt 0.869592 0.086018
vt 0.869044 0.084297
vt 0.869048 0.082491
vt 0.869609 0.080768
vt 0.870680 0.079292
vt 0.872165 0.078214
vt 0.873921 0.077650
vt 0.875765 0.077658
vt 0.877506 0.078238
vt 0.878972 0.079322
vt 0.880027 0.080796
vt 0.883448 0.084799
vt 0.883460 0.082072
vt 0.882592 0.087394
vt 0.880974 0.089600
vt 0.878751 0.091200
vt 0.876141 0.092033
vt 0.873402 0.092026
vt 0.870800 0.091171
vt 0.868592 0.089555
vt 0.866993 0.087339
vt 0.866159 0.084742
vt 0.866171 0.082015
vt 0.867027 0.079420
vt 0.868645 0.077214
vt 0.870868 0.075614
vt 0.873478 0.074781
vt 0.876217 0.074789
vt 0.878819 0.075644
vt 0.881027 0.077259
vt 0.882626 0.079475
vt 0.886262 0.085262
vt 0.886280 0.081636
vt 0.885125 0.088705
vt 0.882978 0.091628
vt 0.880032 0.093747
vt 0.876576 0.094853
vt 0.872948 0.094841
vt 0.869500 0.093709
vt 0.866572 0.091569
vt 0.864450 0.088629
vt 0.863339 0.085178
vt 0.863357 0.081552
vt 0.864494 0.078109
vt 0.866641 0.075186
vt 0.869586 0.073067
vt 0.873043 0.071961
vt 0.876671 0.071973
vt 0.880119 0.073105
vt 0.883047 0.075245
vt 0.885169 0.078185
vt 0.889038 0.085714
vt 0.889058 0.081207
vt 0.887625 0.089994
vt 0.884958 0.093628
vt 0.881299 0.096260
vt 0.877006 0.097634
vt 0.872498 0.097618
vt 0.868216 0.096212
vt 0.864577 0.093552
vt 0.861939 0.089898
vt 0.860561 0.085607
vt 0.860581 0.081100
vt 0.861994 0.076820
vt 0.864661 0.073187
vt 0.868320 0.070554
vt 0.872613 0.069180
vt 0.877121 0.069196
vt 0.881403 0.070602
vt 0.885042 0.073262
vt 0.887680 0.076916
vt 0.891433 0.086104
vt 0.891456 0.080837
vt 0.889783 0.091106
vt 0.886667 0.095352
vt 0.882392 0.098428
vt 0.877376 0.100035
vt 0.872110 0.100015
vt 0.867106 0.098372
vt 0.862855 0.095263
vt 0.859773 0.090992
vt 0.858163 0.085977
vt 0.858186 0.080710
vt 0.859836 0.075708
vt 0.862952 0.071462
vt 0.867227 0.068386
vt 0.872243 0.066779
vt 0.877509 0.066799
vt 0.882513 0.068442
vt 0.886764 0.071551
vt 0.889846 0.075822
vt 0.896535 0.086934
vt 0.891798 0.086163
vt 0.891821 0.080781
vt 0.896563 0.080049
vt 0.894378 0.093473
vt 0.890112 0.091275
vt 0.890307 0.099024
vt 0.886928 0.095615
vt 0.884720 0.103045
vt 0.882559 0.098759
vt 0.878165 0.105145
vt 0.877433 0.100401
vt 0.871282 0.105119
vt 0.872050 0.100381
vt 0.864743 0.102970
vt 0.866937 0.098701
vt 0.859187 0.098905
vt 0.862592 0.095523
vt 0.855159 0.093321
vt 0.859443 0.091158
vt 0.853056 0.086765
vt 0.857799 0.086033
vt 0.853084 0.079880
vt 0.857821 0.080651
vt 0.855241 0.073341
vt 0.859507 0.075539
vt 0.859312 0.067790
vt 0.862691 0.071199
vt 0.864899 0.063769
vt 0.867060 0.068055
vt 0.871454 0.061669
vt 0.872186 0.066413
vt 0.878337 0.061695
vt 0.877569 0.066433
vt 0.884876 0.063844
vt 0.882682 0.068113
vt 0.890432 0.067909
vt 0.887027 0.071291
vt 0.894460 0.073493
vt 0.890176 0.075656
vt 0.920162 0.038086
vt 0.922989 0.038550
vt 0.922992 0.037649
vt 0.922706 0.039404
vt 0.922175 0.040127
vt 0.921450 0.040648
vt 0.920600 0.040920
vt 0.919707 0.040917
vt 0.918858 0.040639
vt 0.918134 0.040110
vt 0.917607 0.039381
vt 0.917332 0.038523
vt 0.917336 0.037621
vt 0.917618 0.036767
vt 0.918149 0.036045
vt 0.918875 0.035523
vt 0.919725 0.035252
vt 0.920617 0.035254
vt 0.921466 0.035533
vt 0.922190 0.036061
vt 0.922717 0.036791
vt 0.925924 0.039002
vt 0.925928 0.037196
vt 0.925363 0.040725
vt 0.924292 0.042201
vt 0.922807 0.043279
vt 0.921051 0.043842
vt 0.919207 0.043835
vt 0.917466 0.043255
vt 0.915999 0.042171
vt 0.914945 0.040697
vt 0.914397 0.038976
vt 0.914400 0.037170
vt 0.914961 0.035447
vt 0.916033 0.033971
vt 0.917518 0.032893
vt 0.919274 0.032329
vt 0.921118 0.032337
vt 0.922858 0.032917
vt 0.924325 0.034001
vt 0.925380 0.035475
vt 0.928800 0.039478
vt 0.928812 0.036750
vt 0.927944 0.042073
vt 0.926326 0.044279
vt 0.924103 0.045879
vt 0.921494 0.046712
vt 0.918755 0.046704
vt 0.916152 0.045849
vt 0.913944 0.044234
vt 0.912346 0.042018
vt 0.911512 0.039421
vt 0.911524 0.036694
vt 0.912380 0.034098
vt 0.913998 0.031893
vt 0.916221 0.030293
vt 0.918831 0.029460
vt 0.921570 0.029467
vt 0.924172 0.030322
vt 0.926380 0.031937
vt 0.927978 0.034154
vt 0.931614 0.039941
vt 0.931633 0.036315
vt 0.930478 0.043384
vt 0.928331 0.046307
vt 0.925385 0.048426
vt 0.921929 0.049532
vt 0.918300 0.049519
vt 0.914853 0.048388
vt 0.911924 0.046248
vt 0.909802 0.043308
vt 0.908691 0.039856
vt 0.908710 0.036231
vt 0.909846 0.032788
vt 0.911993 0.029864
vt 0.914939 0.027746
vt 0.918395 0.026640
vt 0.922024 0.026652
vt 0.925471 0.027784
vt 0.928400 0.029924
vt 0.930522 0.032864
vt 0.934390 0.040393
vt 0.934411 0.035886
vt 0.932978 0.044673
vt 0.930310 0.048306
vt 0.926651 0.050939
vt 0.922358 0.052313
vt 0.917851 0.052297
vt 0.913568 0.050891
vt 0.909929 0.048231
vt 0.907292 0.044576
vt 0.905914 0.040285
vt 0.905934 0.035778
vt 0.907347 0.031499
vt 0.910014 0.027865
vt 0.913673 0.025233
vt 0.917966 0.023859
vt 0.922473 0.023875
vt 0.926756 0.025281
vt 0.930395 0.027941
vt 0.933032 0.031595
vt 0.936786 0.040783
vt 0.936809 0.035516
vt 0.935135 0.045785
vt 0.932019 0.050031
vt 0.927744 0.053107
vt 0.922729 0.054713
vt 0.917462 0.054694
vt 0.912459 0.053050
vt 0.908207 0.049942
vt 0.905125 0.045671
vt 0.903516 0.040655
vt 0.903538 0.035388
vt 0.905189 0.030387
vt 0.908305 0.026141
vt 0.912580 0.023065
vt 0.917595 0.021458
vt 0.922862 0.021477
vt 0.927865 0.023121
vt 0.932117 0.026230
vt 0.935199 0.030501
vt 0.941887 0.041613
vt 0.941916 0.034728
vt 0.937173 0.035460
vt 0.937151 0.040842
vt 0.939731 0.048152
vt 0.935464 0.045954
vt 0.935659 0.053702
vt 0.932280 0.050294
vt 0.930072 0.057724
vt 0.927911 0.053438
vt 0.923518 0.059824
vt 0.922785 0.055080
vt 0.916635 0.059798
vt 0.917403 0.055060
vt 0.910096 0.057649
vt 0.912289 0.053380
vt 0.904540 0.053584
vt 0.907945 0.050202
vt 0.900512 0.048000
vt 0.904796 0.045837
vt 0.898408 0.041444
vt 0.903151 0.040712
vt 0.898437 0.034559
vt 0.903174 0.035329
vt 0.900593 0.028020
vt 0.904860 0.030218
vt 0.904665 0.022469
vt 0.908044 0.025878
vt 0.910252 0.018448
vt 0.912413 0.022734
vt 0.916806 0.016348
vt 0.917539 0.021092
vt 0.923690 0.016373
vt 0.922921 0.021111
vt 0.930229 0.018523
vt 0.928035 0.022792
vt 0.935785 0.022588
vt 0.932379 0.025970
vt 0.939812 0.028171
vt 0.935529 0.030335
vt 0.738752 0.264692
vt 0.741578 0.265157
vt 0.741582 0.264255
vt 0.741296 0.266011
vt 0.740765 0.266733
vt 0.740039 0.267255
vt 0.739189 0.267526
vt 0.738297 0.267524
vt 0.737448 0.267245
vt 0.736724 0.266717
vt 0.736197 0.265987
vt 0.735921 0.265129
vt 0.735925 0.264228
vt 0.736208 0.263373
vt 0.736739 0.262651
vt 0.737464 0.262130
vt 0.738314 0.261858
vt 0.739206 0.261861
vt 0.740056 0.262139
vt 0.740780 0.262668
vt 0.741307 0.263397
vt 0.744514 0.265608
vt 0.744517 0.263802
vt 0.743952 0.267331
vt 0.742881 0.268807
vt 0.741396 0.269885
vt 0.739640 0.270449
vt 0.737796 0.270441
vt 0.736056 0.269861
vt 0.734589 0.268777
vt 0.733534 0.267303
vt 0.732986 0.265582
vt 0.732990 0.263776
vt 0.733551 0.262053
vt 0.734622 0.260577
vt 0.736107 0.259499
vt 0.737863 0.258936
vt 0.739707 0.258943
vt 0.741448 0.259523
vt 0.742914 0.260607
vt 0.743969 0.262081
vt 0.747390 0.266084
vt 0.747402 0.263357
vt 0.746534 0.268679
vt 0.744916 0.270885
vt 0.742693 0.272485
vt 0.740083 0.273318
vt 0.737344 0.273311
vt 0.734742 0.272456
vt 0.732534 0.270840
vt 0.730936 0.268624
vt 0.730102 0.266027
vt 0.730114 0.263300
vt 0.730969 0.260705
vt 0.732588 0.258499
vt 0.734811 0.256899
vt 0.737420 0.256066
vt 0.740159 0.256074
vt 0.742762 0.256929
vt 0.744969 0.258544
vt 0.746568 0.260760
vt 0.750204 0.266547
vt 0.750222 0.262921
vt 0.749067 0.269990
vt 0.746921 0.272914
vt 0.743975 0.275032
vt 0.740519 0.276138
vt 0.736890 0.276126
vt 0.733442 0.274994
vt 0.730514 0.272854
vt 0.728392 0.269914
vt 0.727281 0.266463
vt 0.727299 0.262837
vt 0.728436 0.259394
vt 0.730583 0.256471
vt 0.733529 0.254352
vt 0.736985 0.253246
vt 0.740614 0.253259
vt 0.744061 0.254390
vt 0.746990 0.256530
vt 0.749112 0.259470
vt 0.752980 0.267000
vt 0.753000 0.262493
vt 0.751567 0.271279
vt 0.748900 0.274913
vt 0.745241 0.277545
vt 0.740948 0.278919
vt 0.736440 0.278903
vt 0.732158 0.277497
vt 0.728519 0.274837
vt 0.725881 0.271183
vt 0.724503 0.266892
vt 0.724523 0.262385
vt 0.725936 0.258105
vt 0.728603 0.254472
vt 0.732263 0.251839
vt 0.736556 0.250465
vt 0.741063 0.250481
vt 0.745346 0.251887
vt 0.748985 0.254547
vt 0.751622 0.258202
vt 0.755376 0.267390
vt 0.755398 0.262122
vt 0.753725 0.272391
vt 0.750609 0.276637
vt 0.746334 0.279713
vt 0.741319 0.281320
vt 0.736052 0.281301
vt 0.731048 0.279657
vt 0.726797 0.276548
vt 0.723715 0.272277
vt 0.722105 0.267262
vt 0.722128 0.261995
vt 0.723779 0.256993
vt 0.726894 0.252747
vt 0.731169 0.249671
vt 0.736185 0.248064
vt 0.741452 0.248084
vt 0.746455 0.249728
vt 0.750706 0.252836
vt 0.753788 0.257107
vt 0.760477 0.268219
vt 0.760505 0.261334
vt 0.755763 0.262066
vt 0.755740 0.267449
vt 0.758321 0.274758
vt 0.754054 0.272560
vt 0.754249 0.280309
vt 0.750870 0.276900
vt 0.748662 0.284330
vt 0.746501 0.280044
vt 0.742107 0.286430
vt 0.741375 0.281686
vt 0.735225 0.286404
vt 0.735992 0.281666
vt 0.728685 0.284255
vt 0.730879 0.279986
vt 0.723129 0.280190
vt 0.726535 0.276808
vt 0.719101 0.274606
vt 0.723385 0.272443
vt 0.716998 0.268050
vt 0.721741 0.267318
vt 0.717027 0.261165
vt 0.721763 0.261936
vt 0.719183 0.254626
vt 0.723450 0.256824
vt 0.723255 0.249075
vt 0.726633 0.252484
vt 0.728841 0.245054
vt 0.731002 0.249340
vt 0.735396 0.242954
vt 0.736129 0.247698
vt 0.742279 0.242980
vt 0.741511 0.247718
vt 0.748818 0.245129
vt 0.746625 0.249398
vt 0.754374 0.249194
vt 0.750969 0.252576
vt 0.758402 0.254778
vt 0.754118 0.256941
vt 0.784104 0.219371
vt 0.786931 0.219835
vt 0.786935 0.218934
vt 0.786649 0.220690
vt 0.786118 0.221412
vt 0.785392 0.221933
vt 0.784542 0.222205
vt 0.783650 0.222202
vt 0.782800 0.221924
vt 0.782076 0.221395
vt 0.781550 0.220666
vt 0.781274 0.219808
vt 0.781278 0.218906
vt 0.781560 0.218052
vt 0.782091 0.217330
vt 0.782817 0.216808
vt 0.783667 0.216537
vt 0.784559 0.216539
vt 0.785408 0.216818
vt 0.786133 0.217346
vt 0.786659 0.218076
vt 0.789866 0.220287
vt 0.789870 0.218481
vt 0.789305 0.222010
vt 0.788234 0.223486
vt 0.786749 0.224564
vt 0.784993 0.225127
vt 0.783149 0.225120
vt 0.781408 0.224540
vt 0.779941 0.223456
vt 0.778887 0.221982
vt 0.778339 0.220261
vt 0.778342 0.218455
vt 0.778904 0.216732
vt 0.779975 0.215256
vt 0.781460 0.214178
vt 0.783216 0.213614
vt 0.785060 0.213622
vt 0.786801 0.214202
vt 0.788267 0.215286
vt 0.789322 0.216760
vt 0.792742 0.220763
vt 0.792754 0.218035
vt 0.791887 0.223358
vt 0.790268 0.225564
vt 0.788045 0.227164
vt 0.785436 0.227997
vt 0.782697 0.227989
vt 0.780095 0.227134
vt 0.777887 0.225519
vt 0.776288 0.223303
vt 0.775454 0.220706
vt 0.775466 0.217979
vt 0.776322 0.215383
vt 0.777940 0.213178
vt 0.780163 0.211578
vt 0.782773 0.210745
vt 0.785512 0.210752
vt 0.788114 0.211607
vt 0.790322 0.213222
vt 0.791920 0.215439
vt 0.795557 0.221226
vt 0.795575 0.217600
vt 0.794420 0.224669
vt 0.792273 0.227592
vt 0.789327 0.229711
vt 0.785871 0.230817
vt 0.782242 0.230804
vt 0.778795 0.229673
vt 0.775866 0.227533
vt 0.773745 0.224593
vt 0.772634 0.221141
vt 0.772652 0.217516
vt 0.773789 0.214073
vt 0.775936 0.211149
vt 0.778881 0.209031
vt 0.782337 0.207925
vt 0.785966 0.207937
vt 0.789414 0.209069
vt 0.792342 0.211209
vt 0.794464 0.214149
vt 0.798333 0.221678
vt 0.798353 0.217171
vt 0.796920 0.225958
vt 0.794253 0.229591
vt 0.790594 0.232224
vt 0.786301 0.233598
vt 0.781793 0.233582
vt 0.777510 0.232176
vt 0.773872 0.229516
vt 0.771234 0.225861
vt 0.769856 0.221570
vt 0.769876 0.217063
vt 0.771289 0.212784
vt 0.773956 0.209150
vt 0.777615 0.206518
vt 0.781908 0.205144
vt 0.786416 0.205160
vt 0.790698 0.206566
vt 0.794337 0.209226
vt 0.796975 0.212880
vt 0.800728 0.222068
vt 0.800751 0.216801
vt 0.799078 0.227070
vt 0.795962 0.231316
vt 0.791687 0.234392
vt 0.786671 0.235998
vt 0.781404 0.235979
vt 0.776401 0.234335
vt 0.772150 0.231227
vt 0.769068 0.226956
vt 0.767458 0.221940
vt 0.767480 0.216673
vt 0.769131 0.211672
vt 0.772247 0.207426
vt 0.776522 0.204350
vt 0.781538 0.202743
vt 0.786804 0.202762
vt 0.791808 0.204406
vt 0.796059 0.207515
vt 0.799141 0.211786
vt 0.805830 0.222898
vt 0.805858 0.216013
vt 0.801115 0.216745
vt 0.801093 0.222127
vt 0.803673 0.229437
vt 0.799406 0.227239
vt 0.799601 0.234988
vt 0.796223 0.231579
vt 0.794015 0.239009
vt 0.791854 0.234723
vt 0.787460 0.241109
vt 0.786728 0.236365
vt 0.780577 0.241083
vt 0.781345 0.236345
vt 0.774038 0.238934
vt 0.776231 0.234665
vt 0.768482 0.234869
vt 0.771887 0.231487
vt 0.764454 0.229285
vt 0.768738 0.227122
vt 0.762351 0.222729
vt 0.767093 0.221997
vt 0.762379 0.215844
vt 0.767116 0.216614
vt 0.764536 0.209305
vt 0.768802 0.211503
vt 0.768607 0.203754
vt 0.771986 0.207163
vt 0.774194 0.199733
vt 0.776355 0.204019
vt 0.780749 0.197633
vt 0.781481 0.202377
vt 0.787632 0.197658
vt 0.786864 0.202397
vt 0.794171 0.199808
vt 0.791977 0.204077
vt 0.799727 0.203873
vt 0.796322 0.207255
vt 0.803755 0.209457
vt 0.799471 0.211620
vt 0.829457 0.174050
vt 0.832283 0.174514
vt 0.832287 0.173613
vt 0.832001 0.175368
vt 0.831470 0.176091
vt 0.830744 0.176612
vt 0.829894 0.176884
vt 0.829002 0.176881
vt 0.828153 0.176603
vt 0.827429 0.176074
vt 0.826902 0.175345
vt 0.826627 0.174486
vt 0.826630 0.173585
vt 0.826913 0.172731
vt 0.827444 0.172008
vt 0.828170 0.171487
vt 0.829019 0.171215
vt 0.829912 0.171218
vt 0.830761 0.171496
vt 0.831485 0.172025
vt 0.832012 0.172754
vt 0.835219 0.174966
vt 0.835222 0.173160
vt 0.834658 0.176689
vt 0.833586 0.178165
vt 0.832102 0.179243
vt 0.830346 0.179806
vt 0.828501 0.179799
vt 0.826761 0.179219
vt 0.825294 0.178134
vt 0.824239 0.176661
vt 0.823691 0.174939
vt 0.823695 0.173133
vt 0.824256 0.171410
vt 0.825327 0.169934
vt 0.826812 0.168856
vt 0.828568 0.168293
vt 0.830412 0.168300
vt 0.832153 0.168881
vt 0.833620 0.169965
vt 0.834674 0.171439
vt 0.838095 0.175442
vt 0.838107 0.172714
vt 0.837239 0.178037
vt 0.835621 0.180242
vt 0.833398 0.181842
vt 0.830789 0.182675
vt 0.828049 0.182668
vt 0.825447 0.181813
vt 0.823239 0.180198
vt 0.821641 0.177982
vt 0.820807 0.175385
vt 0.820819 0.172657
vt 0.821675 0.170062
vt 0.823293 0.167857
vt 0.825516 0.166257
vt 0.828125 0.165424
vt 0.830864 0.165431
vt 0.833467 0.166286
vt 0.835674 0.167901
vt 0.837273 0.170117
vt 0.840909 0.175905
vt 0.840928 0.172279
vt 0.839772 0.179347
vt 0.837626 0.182271
vt 0.834680 0.184390
vt 0.831224 0.185495
vt 0.827595 0.185483
vt 0.824148 0.184352
vt 0.821219 0.182211
vt 0.819097 0.179272
vt 0.817986 0.175820
vt 0.818005 0.172194
vt 0.819141 0.168752
vt 0.821288 0.165828
vt 0.824234 0.163710
vt 0.827690 0.162604
vt 0.831319 0.162616
vt 0.834766 0.163748
vt 0.837695 0.165888
vt 0.839817 0.168827
vt 0.843685 0.176357
vt 0.843705 0.171850
vt 0.842272 0.180637
vt 0.839605 0.184270
vt 0.835946 0.186902
vt 0.831653 0.188277
vt 0.827145 0.188261
vt 0.822863 0.186855
vt 0.819224 0.184195
vt 0.816587 0.180540
vt 0.815208 0.176249
vt 0.815228 0.171742
vt 0.816641 0.167462
vt 0.819309 0.163829
vt 0.822968 0.161197
vt 0.827261 0.159822
vt 0.831768 0.159838
vt 0.836051 0.161245
vt 0.839690 0.163905
vt 0.842327 0.167559
vt 0.846081 0.176747
vt 0.846103 0.171480
vt 0.844430 0.181749
vt 0.841314 0.185995
vt 0.837039 0.189071
vt 0.832024 0.190677
vt 0.826757 0.190658
vt 0.821754 0.189014
vt 0.817502 0.185905
vt 0.814420 0.181634
vt 0.812810 0.176619
vt 0.812833 0.171352
vt 0.814484 0.166351
vt 0.817600 0.162104
vt 0.821875 0.159028
vt 0.826890 0.157422
vt 0.832157 0.157441
vt 0.837160 0.159085
vt 0.841412 0.162194
vt 0.844493 0.166465
vt 0.851182 0.177577
vt 0.851211 0.170691
vt 0.846468 0.171424
vt 0.846445 0.176806
vt 0.849026 0.184115
vt 0.844759 0.181918
vt 0.844954 0.189666
vt 0.841575 0.186257
vt 0.839367 0.193688
vt 0.837206 0.189402
vt 0.832813 0.195788
vt 0.832080 0.191044
vt 0.825930 0.195762
vt 0.826698 0.191024
vt 0.819390 0.193612
vt 0.821584 0.189343
vt 0.813834 0.189548
vt 0.817240 0.186166
vt 0.809807 0.183964
vt 0.814090 0.181801
vt 0.807703 0.177408
vt 0.812446 0.176675
vt 0.807732 0.170522
vt 0.812468 0.171293
vt 0.809888 0.163984
vt 0.814155 0.166182
vt 0.813960 0.158433
vt 0.817339 0.161842
vt 0.819547 0.154412
vt 0.821707 0.158697
vt 0.826101 0.152312
vt 0.826834 0.157055
vt 0.832984 0.152337
vt 0.832216 0.157075
vt 0.839523 0.154487
vt 0.837330 0.158756
vt 0.845079 0.158551
vt 0.841674 0.161934
vt 0.849107 0.164135
vt 0.844823 0.166299
vt 0.874809 0.128728
vt 0.877640 0.128291
vt 0.877636 0.129193
vt 0.877354 0.130047
vt 0.876823 0.130769
vt 0.876097 0.131291
vt 0.875247 0.131563
vt 0.874355 0.131560
vt 0.873506 0.131282
vt 0.872781 0.130753
vt 0.872255 0.130024
vt 0.871979 0.129165
vt 0.871983 0.128264
vt 0.872265 0.127410
vt 0.872796 0.126687
vt 0.873522 0.126166
vt 0.874372 0.125894
vt 0.875264 0.125897
vt 0.876114 0.126175
vt 0.876838 0.126704
vt 0.877364 0.127433
vt 0.880572 0.129645
vt 0.880575 0.127838
vt 0.880010 0.131368
vt 0.878939 0.132844
vt 0.877454 0.133922
vt 0.875698 0.134485
vt 0.873854 0.134477
vt 0.872113 0.133897
vt 0.870647 0.132813
vt 0.869592 0.131339
vt 0.869044 0.129618
vt 0.869048 0.127812
vt 0.869609 0.126089
vt 0.870680 0.124613
vt 0.872165 0.123535
vt 0.873921 0.122972
vt 0.875765 0.122979
vt 0.877506 0.123559
vt 0.878972 0.124644
vt 0.880027 0.126117
vt 0.883448 0.130120
vt 0.883460 0.127393
vt 0.882592 0.132716
vt 0.880974 0.134921
vt 0.878751 0.136521
vt 0.876141 0.137354
vt 0.873402 0.137347
vt 0.870800 0.136492
vt 0.868592 0.134877
vt 0.866993 0.132660
vt 0.866159 0.130064
vt 0.866171 0.127336
vt 0.867027 0.124741
vt 0.868645 0.122535
vt 0.870868 0.120935
vt 0.873478 0.120102
vt 0.876217 0.120110
vt 0.878819 0.120965
vt 0.881027 0.122580
vt 0.882626 0.124796
vt 0.886262 0.130584
vt 0.886280 0.126958
vt 0.885125 0.134026
vt 0.882978 0.136950
vt 0.880032 0.139068
vt 0.876576 0.140174
vt 0.872948 0.140162
vt 0.869500 0.139030
vt 0.866572 0.136890
vt 0.864450 0.133951
vt 0.863339 0.130499
vt 0.863357 0.126873
vt 0.864494 0.123431
vt 0.866641 0.120507
vt 0.869586 0.118388
vt 0.873043 0.117282
vt 0.876671 0.117295
vt 0.880119 0.118426
vt 0.883047 0.120567
vt 0.885169 0.123506
vt 0.889038 0.131036
vt 0.889058 0.126529
vt 0.887625 0.135315
vt 0.884958 0.138949
vt 0.881299 0.141581
vt 0.877006 0.142956
vt 0.872498 0.142940
vt 0.868216 0.141533
vt 0.864577 0.138873
vt 0.861939 0.135219
vt 0.860561 0.130928
vt 0.860581 0.126421
vt 0.861994 0.122141
vt 0.864661 0.118508
vt 0.868320 0.115876
vt 0.872613 0.114501
vt 0.877121 0.114517
vt 0.881403 0.115923
vt 0.885042 0.118583
vt 0.887680 0.122238
vt 0.891433 0.131426
vt 0.891456 0.126159
vt 0.889783 0.136427
vt 0.886667 0.140673
vt 0.882392 0.143750
vt 0.877376 0.145356
vt 0.872110 0.145337
vt 0.867106 0.143693
vt 0.862855 0.140584
vt 0.859773 0.136313
vt 0.858163 0.131298
vt 0.858186 0.126031
vt 0.859836 0.121029
vt 0.862952 0.116783
vt 0.867227 0.113707
vt 0.872243 0.112101
vt 0.877509 0.112120
vt 0.882513 0.113764
vt 0.886764 0.116873
vt 0.889846 0.121144
vt 0.896535 0.132256
vt 0.891798 0.131485
vt 0.891821 0.126102
vt 0.896563 0.125370
vt 0.894378 0.138794
vt 0.890112 0.136596
vt 0.890307 0.144345
vt 0.886928 0.140936
vt 0.884720 0.148366
vt 0.882559 0.144080
vt 0.878165 0.150466
vt 0.877433 0.145723
vt 0.871282 0.150441
vt 0.872050 0.145703
vt 0.864743 0.148291
vt 0.866937 0.144022
vt 0.859187 0.144226
vt 0.862592 0.140844
vt 0.855159 0.138643
vt 0.859443 0.136479
vt 0.853056 0.132086
vt 0.857799 0.131354
vt 0.853084 0.125201
vt 0.857821 0.125972
vt 0.855241 0.118663
vt 0.859507 0.120860
vt 0.859312 0.113112
vt 0.862691 0.116520
vt 0.864899 0.109090
vt 0.867060 0.113376
vt 0.871454 0.106990
vt 0.872186 0.111734
vt 0.878337 0.107016
vt 0.877569 0.111754
vt 0.884876 0.109165
vt 0.882682 0.113434
vt 0.890432 0.113230
vt 0.887027 0.116612
vt 0.894460 0.118814
vt 0.890176 0.120977
vt 0.920162 0.083407
vt 0.922992 0.082970
vt 0.922989 0.083872
vt 0.922706 0.084726
vt 0.922175 0.085448
vt 0.921450 0.085970
vt 0.920600 0.086241
vt 0.919707 0.086239
vt 0.918858 0.085960
vt 0.918134 0.085432
vt 0.917607 0.084702
vt 0.917332 0.083844
vt 0.917336 0.082943
vt 0.917618 0.082088
vt 0.918149 0.081366
vt 0.918875 0.080845
vt 0.919725 0.080573
vt 0.920617 0.080576
vt 0.921466 0.080854
vt 0.922190 0.081383
vt 0.922717 0.082112
vt 0.925924 0.084323
vt 0.925928 0.082517
vt 0.925363 0.086046
vt 0.924292 0.087522
vt 0.922807 0.088600
vt 0.921051 0.089164
vt 0.919207 0.089156
vt 0.917466 0.088576
vt 0.915999 0.087492
vt 0.914945 0.086018
vt 0.914397 0.084297
vt 0.914400 0.082491
vt 0.914961 0.080768
vt 0.916033 0.079292
vt 0.917518 0.078214
vt 0.919274 0.077650
vt 0.921118 0.077658
vt 0.922858 0.078238
vt 0.924325 0.079322
vt 0.925380 0.080796
vt 0.928800 0.084799
vt 0.928812 0.082072
vt 0.927944 0.087394
vt 0.926326 0.089600
vt 0.924103 0.091200
vt 0.921494 0.092033
vt 0.918755 0.092026
vt 0.916152 0.091171
vt 0.913944 0.089555
vt 0.912346 0.087339
vt 0.911512 0.084742
vt 0.911524 0.082015
vt 0.912380 0.079420
vt 0.913998 0.077214
vt 0.916221 0.075614
vt 0.918831 0.074781
vt 0.921570 0.074789
vt 0.924172 0.075644
vt 0.926380 0.077259
vt 0.927978 0.079475
vt 0.931614 0.085262
vt 0.931633 0.081636
vt 0.930478 0.088705
vt 0.928331 0.091628
vt 0.925385 0.093747
vt 0.921929 0.094853
vt 0.918300 0.094841
vt 0.914853 0.093709
vt 0.911924 0.091569
vt 0.909802 0.088629
vt 0.908691 0.085178
vt 0.908710 0.081552
vt 0.909846 0.078109
vt 0.911993 0.075186
vt 0.914939 0.073067
vt 0.918395 0.071961
vt 0.922024 0.071973
vt 0.925471 0.073105
vt 0.928400 0.075245
vt 0.930522 0.078185
vt 0.934390 0.085714
vt 0.934411 0.081207
vt 0.932978 0.089994
vt 0.930310 0.093628
vt 0.926651 0.096260
vt 0.922358 0.097634
vt 0.917851 0.097618
vt 0.913568 0.096212
vt 0.909929 0.093552
vt 0.907292 0.089898
vt 0.905914 0.085607
vt 0.905934 0.081100
vt 0.907347 0.076820
vt 0.910014 0.073187
vt 0.913673 0.070554
vt 0.917966 0.069180
vt 0.922473 0.069196
vt 0.926756 0.070602
vt 0.930395 0.073262
vt 0.933032 0.076916
vt 0.936786 0.086104
vt 0.936809 0.080837
vt 0.935135 0.091106
vt 0.932019 0.095352
vt 0.927744 0.098428
vt 0.922729 0.100035
vt 0.917462 0.100015
vt 0.912459 0.098372
vt 0.908207 0.095263
vt 0.905125 0.090992
vt 0.903516 0.085977
vt 0.903538 0.080710
vt 0.905189 0.075708
vt 0.908305 0.071462
vt 0.912580 0.068386
vt 0.917595 0.066779
vt 0.922862 0.066799
vt 0.927865 0.068442
vt 0.932117 0.071551
vt 0.935199 0.075822
vt 0.941887 0.086934
vt 0.937151 0.086163
vt 0.937173 0.080781
vt 0.941916 0.080049
vt 0.939731 0.093473
vt 0.935464 0.091275
vt 0.935659 0.099024
vt 0.932280 0.095615
vt 0.930072 0.103045
vt 0.927911 0.098759
vt 0.923518 0.105145
vt 0.922785 0.100401
vt 0.916635 0.105119
vt 0.917403 0.100381
vt 0.910096 0.102970
vt 0.912289 0.098701
vt 0.904540 0.098905
vt 0.907945 0.095523
vt 0.900512 0.093321
vt 0.904796 0.091158
vt 0.898408 0.086765
vt 0.903151 0.086033
vt 0.898437 0.079880
vt 0.903174 0.080651
vt 0.900593 0.073341
vt 0.904860 0.075539
vt 0.904665 0.067790
vt 0.908044 0.071199
vt 0.910252 0.063769
vt 0.912413 0.068055
vt 0.916806 0.061669
vt 0.917539 0.066413
vt 0.923690 0.061695
vt 0.922921 0.066433
vt 0.930229 0.063844
vt 0.928035 0.068113
vt 0.935785 0.067909
vt 0.932379 0.071291
vt 0.939812 0.073493
vt 0.935529 0.075656
vt 0.965515 0.038086
vt 0.968345 0.037649
vt 0.968341 0.038550
vt 0.968059 0.039404
vt 0.967528 0.040127
vt 0.966802 0.040648
vt 0.965952 0.040920
vt 0.965060 0.040917
vt 0.964211 0.040639
vt 0.963487 0.040110
vt 0.962960 0.039381
vt 0.962684 0.038523
vt 0.962688 0.037621
vt 0.962970 0.036767
vt 0.963501 0.036045
vt 0.964227 0.035523
vt 0.965077 0.035252
vt 0.965969 0.035254
vt 0.966819 0.035533
vt 0.967543 0.036061
vt 0.968069 0.036791
vt 0.971276 0.039002
vt 0.971280 0.037196
vt 0.970715 0.040725
vt 0.969644 0.042201
vt 0.968159 0.043279
vt 0.966403 0.043842
vt 0.964559 0.043835
vt 0.962818 0.043255
vt 0.961352 0.042171
vt 0.960297 0.040697
vt 0.959749 0.038976
vt 0.959753 0.037170
vt 0.960314 0.035447
vt 0.961385 0.033971
vt 0.962870 0.032893
vt 0.964626 0.032329
vt 0.966470 0.032337
vt 0.968211 0.032917
vt 0.969677 0.034001
vt 0.970732 0.035475
vt 0.974153 0.039478
vt 0.974165 0.036750
vt 0.973297 0.042073
vt 0.971679 0.044279
vt 0.969456 0.045879
vt 0.966846 0.046712
vt 0.964107 0.046704
vt 0.961505 0.045849
vt 0.959297 0.044234
vt 0.957699 0.042018
vt 0.956865 0.039421
vt 0.956876 0.036694
vt 0.957732 0.034098
vt 0.959351 0.031893
vt 0.961574 0.030293
vt 0.964183 0.029460
vt 0.966922 0.029467
vt 0.969525 0.030322
vt 0.971732 0.031937
vt 0.973331 0.034154
vt 0.976967 0.039941
vt 0.976985 0.036315
vt 0.975830 0.043384
vt 0.973684 0.046307
vt 0.970738 0.048426
vt 0.967282 0.049532
vt 0.963653 0.049519
vt 0.960205 0.048388
vt 0.957277 0.046248
vt 0.955155 0.043308
vt 0.954044 0.039856
vt 0.954062 0.036231
vt 0.955199 0.032788
vt 0.957346 0.029864
vt 0.960292 0.027746
vt 0.963748 0.026640
vt 0.967377 0.026652
vt 0.970824 0.027784
vt 0.973752 0.029924
vt 0.975874 0.032864
vt 0.979743 0.040393
vt 0.979763 0.035886
vt 0.978330 0.044673
vt 0.975663 0.048306
vt 0.972004 0.050939
vt 0.967711 0.052313
vt 0.963203 0.052297
vt 0.958921 0.050891
vt 0.955282 0.048231
vt 0.952644 0.044576
vt 0.951266 0.040285
vt 0.951286 0.035778
vt 0.952699 0.031499
vt 0.955366 0.027865
vt 0.959025 0.025233
vt 0.963319 0.023859
vt 0.967826 0.023875
vt 0.972109 0.025281
vt 0.975747 0.027941
vt 0.978385 0.031595
vt 0.982138 0.040783
vt 0.982161 0.035516
vt 0.980488 0.045785
vt 0.977372 0.050031
vt 0.973097 0.053107
vt 0.968081 0.054713
vt 0.962815 0.054694
vt 0.957811 0.053050
vt 0.953560 0.049942
vt 0.950478 0.045671
vt 0.948868 0.040655
vt 0.948891 0.035388
vt 0.950541 0.030387
vt 0.953657 0.026141
vt 0.957932 0.023065
vt 0.962948 0.021458
vt 0.968214 0.021477
vt 0.973218 0.023121
vt 0.977469 0.026230
vt 0.980551 0.030501
vt 0.987240 0.041613
vt 0.982503 0.040842
vt 0.982526 0.035460
vt 0.987268 0.034728
vt 0.985083 0.048152
vt 0.980817 0.045954
vt 0.981012 0.053702
vt 0.977633 0.050294
vt 0.975425 0.057724
vt 0.973264 0.053438
vt 0.968870 0.059824
vt 0.968138 0.055080
vt 0.961987 0.059798
vt 0.962755 0.055060
vt 0.955448 0.057649
vt 0.957642 0.053380
vt 0.949892 0.053584
vt 0.953297 0.050202
vt 0.945864 0.048000
vt 0.950148 0.045837
vt 0.943761 0.041444
vt 0.948504 0.040712
vt 0.943789 0.034559
vt 0.948526 0.035329
vt 0.945946 0.028020
vt 0.950212 0.030218
vt 0.950018 0.022469
vt 0.953396 0.025878
vt 0.955604 0.018448
vt 0.957765 0.022734
vt 0.962159 0.016348
vt 0.962891 0.021092
vt 0.969042 0.016373
vt 0.968274 0.021111
vt 0.975581 0.018523
vt 0.973387 0.022792
vt 0.981137 0.022588
vt 0.977732 0.025970
vt 0.985165 0.028171
vt 0.980881 0.030335
vt 0.784104 0.264692
vt 0.786935 0.264255
vt 0.786931 0.265157
vt 0.786649 0.266011
vt 0.786118 0.266733
vt 0.785392 0.267255
vt 0.784542 0.267526
vt 0.783650 0.267524
vt 0.782800 0.267245
vt 0.782076 0.266717
vt 0.781550 0.265987
vt 0.781274 0.265129
vt 0.781278 0.264228
vt 0.781560 0.263373
vt 0.782091 0.262651
vt 0.782817 0.262130
vt 0.783667 0.261858
vt 0.784559 0.261861
vt 0.785408 0.262139
vt 0.786133 0.262668
vt 0.786659 0.263397
vt 0.789866 0.265608
vt 0.789870 0.263802
vt 0.789305 0.267331
vt 0.788234 0.268807
vt 0.786749 0.269885
vt 0.784993 0.270449
vt 0.783149 0.270441
vt 0.781408 0.269861
vt 0.779941 0.268777
vt 0.778887 0.267303
vt 0.778339 0.265582
vt 0.778342 0.263776
vt 0.778904 0.262053
vt 0.779975 0.260577
vt 0.781460 0.259499
vt 0.783216 0.258936
vt 0.785060 0.258943
vt 0.786801 0.259523
vt 0.788267 0.260607
vt 0.789322 0.262081
vt 0.792742 0.266084
vt 0.792754 0.263357
vt 0.791887 0.268679
vt 0.790268 0.270885
vt 0.788045 0.272485
vt 0.785436 0.273318
vt 0.782697 0.273311
vt 0.780095 0.272456
vt 0.777887 0.270840
vt 0.776288 0.268624
vt 0.775454 0.266027
vt 0.775466 0.263300
vt 0.776322 0.260705
vt 0.777940 0.258499
vt 0.780163 0.256899
vt 0.782773 0.256066
vt 0.785512 0.256074
vt 0.788114 0.256929
vt 0.790322 0.258544
vt 0.791920 0.260760
vt 0.795557 0.266547
vt 0.795575 0.262921
vt 0.794420 0.269990
vt 0.792273 0.272914
vt 0.789327 0.275032
vt 0.785871 0.276138
vt 0.782242 0.276126
vt 0.778795 0.274994
vt 0.775866 0.272854
vt 0.773745 0.269914
vt 0.772634 0.266463
vt 0.772652 0.262837
vt 0.773789 0.259394
vt 0.775936 0.256471
vt 0.778881 0.254352
vt 0.782337 0.253246
vt 0.785966 0.253259
vt 0.789414 0.254390
vt 0.792342 0.256530
vt 0.794464 0.259470
vt 0.798333 0.267000
vt 0.798353 0.262493
vt 0.796920 0.271279
vt 0.794253 0.274913
vt 0.790594 0.277545
vt 0.786301 0.278919
vt 0.781793 0.278903
vt 0.777510 0.277497
vt 0.773872 0.274837
vt 0.771234 0.271183
vt 0.769856 0.266892
vt 0.769876 0.262385
vt 0.771289 0.258105
vt 0.773956 0.254472
vt 0.777615 0.251839
vt 0.781908 0.250465
vt 0.786416 0.250481
vt 0.790698 0.251887
vt 0.794337 0.254547
vt 0.796975 0.258202
vt 0.800728 0.267390
vt 0.800751 0.262122
vt 0.799078 0.272391
vt 0.795962 0.276637
vt 0.791687 0.279713
vt 0.786671 0.281320
vt 0.781404 0.281301
vt 0.776401 0.279657
vt 0.772150 0.276548
vt 0.769068 0.272277
vt 0.767458 0.267262
vt 0.767480 0.261995
vt 0.769131 0.256993
vt 0.772247 0.252747
vt 0.776522 0.249671
vt 0.781538 0.248064
vt 0.786804 0.248084
vt 0.791808 0.249728
vt 0.796059 0.252836
vt 0.799141 0.257107
vt 0.805830 0.268219
vt 0.801093 0.267449
vt 0.801115 0.262066
vt 0.805858 0.261334
vt 0.803673 0.274758
vt 0.799406 0.272560
vt 0.799601 0.280309
vt 0.796223 0.276900
vt 0.794015 0.284330
vt 0.791854 0.280044
vt 0.787460 0.286430
vt 0.786728 0.281686
vt 0.780577 0.286404
vt 0.781345 0.281666
vt 0.774038 0.284255
vt 0.776231 0.279986
vt 0.768482 0.280190
vt 0.771887 0.276808
vt 0.764454 0.274606
vt 0.768738 0.272443
vt 0.762351 0.268050
vt 0.767093 0.267318
vt 0.762379 0.261165
vt 0.767116 0.261936
vt 0.764536 0.254626
vt 0.768802 0.256824
vt 0.768607 0.249075
vt 0.771986 0.252484
vt 0.774194 0.245054
vt 0.776355 0.249340
vt 0.780749 0.242954
vt 0.781481 0.247698
vt 0.787632 0.242980
vt 0.786864 0.247718
vt 0.794171 0.245129
vt 0.791977 0.249398
vt 0.799727 0.249194
vt 0.796322 0.252576
vt 0.803755 0.254778
vt 0.799471 0.256941
vt 0.829457 0.219371
vt 0.832283 0.219835
vt 0.832287 0.218934
vt 0.832001 0.220690
vt 0.831470 0.221412
vt 0.830744 0.221933
vt 0.829894 0.222205
vt 0.829002 0.222202
vt 0.828153 0.221924
vt 0.827429 0.221395
vt 0.826902 0.220666
vt 0.826627 0.219808
vt 0.826630 0.218906
vt 0.826913 0.218052
vt 0.827444 0.217330
vt 0.828170 0.216808
vt 0.829019 0.216537
vt 0.829912 0.216539
vt 0.830761 0.216818
vt 0.831485 0.217346
vt 0.832012 0.218076
vt 0.835219 0.220287
vt 0.835222 0.218481
vt 0.834658 0.222010
vt 0.833586 0.223486
vt 0.832102 0.224564
vt 0.830346 0.225127
vt 0.828501 0.225120
vt 0.826761 0.224540
vt 0.825294 0.223456
vt 0.824239 0.221982
vt 0.823691 0.220261
vt 0.823695 0.218455
vt 0.824256 0.216732
vt 0.825327 0.215256
vt 0.826812 0.214178
vt 0.828568 0.213614
vt 0.830412 0.213622
vt 0.832153 0.214202
vt 0.833620 0.215286
vt 0.834674 0.216760
vt 0.838095 0.220763
vt 0.838107 0.218035
vt 0.837239 0.223358
vt 0.835621 0.225564
vt 0.833398 0.227164
vt 0.830789 0.227997
vt 0.828049 0.227989
vt 0.825447 0.227134
vt 0.823239 0.225519
vt 0.821641 0.223303
vt 0.820807 0.220706
vt 0.820819 0.217979
vt 0.821675 0.215383
vt 0.823293 0.213178
vt 0.825516 0.211578
vt 0.828125 0.210745
vt 0.830864 0.210752
vt 0.833467 0.211607
vt 0.835674 0.213222
vt 0.837273 0.215439
vt 0.840909 0.221226
vt 0.840928 0.217600
vt 0.839772 0.224669
vt 0.837626 0.227592
vt 0.834680 0.229711
vt 0.831224 0.230817
vt 0.827595 0.230804
vt 0.824148 0.229673
vt 0.821219 0.227533
vt 0.819097 0.224593
vt 0.817986 0.221141
vt 0.818005 0.217516
vt 0.819141 0.214073
vt 0.821288 0.211149
vt 0.824234 0.209031
vt 0.827690 0.207925
vt 0.831319 0.207937
vt 0.834766 0.209069
vt 0.837695 0.211209
vt 0.839817 0.214149
vt 0.843685 0.221678
vt 0.843705 0.217171
vt 0.842272 0.225958
vt 0.839605 0.229591
vt 0.835946 0.232224
vt 0.831653 0.233598
vt 0.827145 0.233582
vt 0.822863 0.232176
vt 0.819224 0.229516
vt 0.816587 0.225861
vt 0.815208 0.221570
vt 0.815228 0.217063
vt 0.816641 0.212784
vt 0.819309 0.209150
vt 0.822968 0.206518
vt 0.827261 0.205144
vt 0.831768 0.205160
vt 0.836051 0.206566
vt 0.839690 0.209226
vt 0.842327 0.212880
vt 0.846081 0.222068
vt 0.846103 0.216801
vt 0.844430 0.227070
vt 0.841314 0.231316
vt 0.837039 0.234392
vt 0.832024 0.235998
vt 0.826757 0.235979
vt 0.821754 0.234335
vt 0.817502 0.231227
vt 0.814420 0.226956
vt 0.812810 0.221940
vt 0.812833 0.216673
vt 0.814484 0.211672
vt 0.817600 0.207426
vt 0.821875 0.204350
vt 0.826890 0.202743
vt 0.832157 0.202762
vt 0.837160 0.204406
vt 0.841412 0.207515
vt 0.844493 0.211786
vt 0.851182 0.222898
vt 0.851211 0.216013
vt 0.846468 0.216745
vt 0.846445 0.222127
vt 0.849026 0.229437
vt 0.844759 0.227239
vt 0.844954 0.234988
vt 0.841575 0.231579
vt 0.839367 0.239009
vt 0.837206 0.234723
vt 0.832813 0.241109
vt 0.832080 0.236365
vt 0.825930 0.241083
vt 0.826698 0.236345
vt 0.819390 0.238934
vt 0.821584 0.234665
vt 0.813834 0.234869
vt 0.817240 0.231487
vt 0.809807 0.229285
vt 0.814090 0.227122
vt 0.807703 0.222729
vt 0.812446 0.221997
vt 0.807732 0.215844
vt 0.812468 0.216614
vt 0.809888 0.209305
vt 0.814155 0.211503
vt 0.813960 0.203754
vt 0.817339 0.207163
vt 0.819547 0.199733
vt 0.821707 0.204019
vt 0.826101 0.197633
vt 0.826834 0.202377
vt 0.832984 0.197658
vt 0.832216 0.202397
vt 0.839523 0.199808
vt 0.837330 0.204077
vt 0.845079 0.203873
vt 0.841674 0.207255
vt 0.849107 0.209457
vt 0.844823 0.211620
vt 0.874809 0.174050
vt 0.877636 0.174514
vt 0.877640 0.173613
vt 0.877354 0.175368
vt 0.876823 0.176091
vt 0.876097 0.176612
vt 0.875247 0.176884
vt 0.874355 0.176881
vt 0.873506 0.176603
vt 0.872781 0.176074
vt 0.872255 0.175345
vt 0.871979 0.174486
vt 0.871983 0.173585
vt 0.872265 0.172731
vt 0.872796 0.172008
vt 0.873522 0.171487
vt 0.874372 0.171215
vt 0.875264 0.171218
vt 0.876114 0.171496
vt 0.876838 0.172025
vt 0.877364 0.172754
vt 0.880572 0.174966
vt 0.880575 0.173160
vt 0.880010 0.176689
vt 0.878939 0.178165
vt 0.877454 0.179243
vt 0.875698 0.179806
vt 0.873854 0.179799
vt 0.872113 0.179219
vt 0.870647 0.178134
vt 0.869592 0.176661
vt 0.869044 0.174939
vt 0.869048 0.173133
vt 0.869609 0.171410
vt 0.870680 0.169934
vt 0.872165 0.168856
vt 0.873921 0.168293
vt 0.875765 0.168300
vt 0.877506 0.168881
vt 0.878972 0.169965
vt 0.880027 0.171439
vt 0.883448 0.175442
vt 0.883460 0.172714
vt 0.882592 0.178037
vt 0.880974 0.180242
vt 0.878751 0.181842
vt 0.876141 0.182675
vt 0.873402 0.182668
vt 0.870800 0.181813
vt 0.868592 0.180198
vt 0.866993 0.177982
vt 0.866159 0.175385
vt 0.866171 0.172657
vt 0.867027 0.170062
vt 0.868645 0.167857
vt 0.870868 0.166257
vt 0.873478 0.165424
vt 0.876217 0.165431
vt 0.878819 0.166286
vt 0.881027 0.167901
vt 0.882626 0.170117
vt 0.886262 0.175905
vt 0.886280 0.172279
vt 0.885125 0.179347
vt 0.882978 0.182271
vt 0.880032 0.184390
vt 0.876576 0.185495
vt 0.872948 0.185483
vt 0.869500 0.184352
vt 0.866572 0.182211
vt 0.864450 0.179272
vt 0.863339 0.175820
vt 0.863357 0.172194
vt 0.864494 0.168752
vt 0.866641 0.165828
vt 0.869586 0.163710
vt 0.873043 0.162604
vt 0.876671 0.162616
vt 0.880119 0.163748
vt 0.883047 0.165888
vt 0.885169 0.168827
vt 0.889038 0.176357
vt 0.889058 0.171850
vt 0.887625 0.180637
vt 0.884958 0.184270
vt 0.881299 0.186902
vt 0.877006 0.188277
vt 0.872498 0.188261
vt 0.868216 0.186855
vt 0.864577 0.184195
vt 0.861939 0.180540
vt 0.860561 0.176249
vt 0.860581 0.171742
vt 0.861994 0.167462
vt 0.864661 0.163829
vt 0.868320 0.161197
vt 0.872613 0.159822
vt 0.877121 0.159838
vt 0.881403 0.161245
vt 0.885042 0.163905
vt 0.887680 0.167559
vt 0.891433 0.176747
vt 0.891456 0.171480
vt 0.889783 0.181749
vt 0.886667 0.185995
vt 0.882392 0.189071
vt 0.877376 0.190677
vt 0.872110 0.190658
vt 0.867106 0.189014
vt 0.862855 0.185905
vt 0.859773 0.181634
vt 0.858163 0.176619
vt 0.858186 0.171352
vt 0.859836 0.166351
vt 0.862952 0.162104
vt 0.867227 0.159028
vt 0.872243 0.157422
vt 0.877509 0.157441
vt 0.882513 0.159085
vt 0.886764 0.162194
vt 0.889846 0.166465
vt 0.896535 0.177577
vt 0.896563 0.170691
vt 0.891821 0.171424
vt 0.891798 0.176806
vt 0.894378 0.184115
vt 0.890112 0.181918
vt 0.890307 0.189666
vt 0.886928 0.186257
vt 0.884720 0.193688
vt 0.882559 0.189402
vt 0.878165 0.195788
vt 0.877433 0.191044
vt 0.871282 0.195762
vt 0.872050 0.191024
vt 0.864743 0.193612
vt 0.866937 0.189343
vt 0.859187 0.189548
vt 0.862592 0.186166
vt 0.855159 0.183964
vt 0.859443 0.181801
vt 0.853056 0.177408
vt 0.857799 0.176675
vt 0.853084 0.170522
vt 0.857821 0.171293
vt 0.855241 0.163984
vt 0.859507 0.166182
vt 0.859312 0.158433
vt 0.862691 0.161842
vt 0.864899 0.154412
vt 0.867060 0.158697
vt 0.871454 0.152312
vt 0.872186 0.157055
vt 0.878337 0.152337
vt 0.877569 0.157075
vt 0.884876 0.154487
vt 0.882682 0.158756
vt 0.890432 0.158551
vt 0.887027 0.161934
vt 0.894460 0.164135
vt 0.890176 0.166299
vt 0.920162 0.128728
vt 0.922989 0.129193
vt 0.922992 0.128291
vt 0.922706 0.130047
vt 0.922175 0.130769
vt 0.921450 0.131291
vt 0.920600 0.131563
vt 0.919707 0.131560
vt 0.918858 0.131282
vt 0.918134 0.130753
vt 0.917607 0.130024
vt 0.917332 0.129165
vt 0.917336 0.128264
vt 0.917618 0.127410
vt 0.918149 0.126687
vt 0.918875 0.126166
vt 0.919725 0.125894
vt 0.920617 0.125897
vt 0.921466 0.126175
vt 0.922190 0.126704
vt 0.922717 0.127433
vt 0.925924 0.129645
vt 0.925928 0.127838
vt 0.925363 0.131368
vt 0.924292 0.132844
vt 0.922807 0.133922
vt 0.921051 0.134485
vt 0.919207 0.134477
vt 0.917466 0.133897
vt 0.915999 0.132813
vt 0.914945 0.131339
vt 0.914397 0.129618
vt 0.914400 0.127812
vt 0.914961 0.126089
vt 0.916033 0.124613
vt 0.917518 0.123535
vt 0.919274 0.122972
vt 0.921118 0.122979
vt 0.922858 0.123559
vt 0.924325 0.124644
vt 0.925380 0.126117
vt 0.928800 0.130120
vt 0.928812 0.127393
vt 0.927944 0.132716
vt 0.926326 0.134921
vt 0.924103 0.136521
vt 0.921494 0.137354
vt 0.918755 0.137347
vt 0.916152 0.136492
vt 0.913944 0.134877
vt 0.912346 0.132660
vt 0.911512 0.130064
vt 0.911524 0.127336
vt 0.912380 0.124741
vt 0.913998 0.122535
vt 0.916221 0.120935
vt 0.918831 0.120102
vt 0.921570 0.120110
vt 0.924172 0.120965
vt 0.926380 0.122580
vt 0.927978 0.124796
vt 0.931614 0.130584
vt 0.931633 0.126958
vt 0.930478 0.134026
vt 0.928331 0.136950
vt 0.925385 0.139068
vt 0.921929 0.140174
vt 0.918300 0.140162
vt 0.914853 0.139030
vt 0.911924 0.136890
vt 0.909802 0.133951
vt 0.908691 0.130499
vt 0.908710 0.126873
vt 0.909846 0.123431
vt 0.911993 0.120507
vt 0.914939 0.118388
vt 0.918395 0.117282
vt 0.922024 0.117295
vt 0.925471 0.118426
vt 0.928400 0.120567
vt 0.930522 0.123506
vt 0.934390 0.131036
vt 0.934411 0.126529
vt 0.932978 0.135315
vt 0.930310 0.138949
vt 0.926651 0.141581
vt 0.922358 0.142956
vt 0.917851 0.142940
vt 0.913568 0.141533
vt 0.909929 0.138873
vt 0.907292 0.135219
vt 0.905914 0.130928
vt 0.905934 0.126421
vt 0.907347 0.122141
vt 0.910014 0.118508
vt 0.913673 0.115876
vt 0.917966 0.114501
vt 0.922473 0.114517
vt 0.926756 0.115923
vt 0.930395 0.118583
vt 0.933032 0.122238
vt 0.936786 0.131426
vt 0.936809 0.126159
vt 0.935135 0.136427
vt 0.932019 0.140673
vt 0.927744 0.143750
vt 0.922729 0.145356
vt 0.917462 0.145337
vt 0.912459 0.143693
vt 0.908207 0.140584
vt 0.905125 0.136313
vt 0.903516 0.131298
vt 0.903538 0.126031
vt 0.905189 0.121029
vt 0.908305 0.116783
vt 0.912580 0.113707
vt 0.917595 0.112101
vt 0.922862 0.112120
vt 0.927865 0.113764
vt 0.932117 0.116873
vt 0.935199 0.121144
vt 0.941887 0.132256
vt 0.941916 0.125370
vt 0.937173 0.126102
vt 0.937151 0.131485
vt 0.939731 0.138794
vt 0.935464 0.136596
vt 0.935659 0.144345
vt 0.932280 0.140936
vt 0.930072 0.148366
vt 0.927911 0.144080
vt 0.923518 0.150466
vt 0.922785 0.145723
vt 0.916635 0.150441
vt 0.917403 0.145703
vt 0.910096 0.148291
vt 0.912289 0.144022
vt 0.904540 0.144226
vt 0.907945 0.140844
vt 0.900512 0.138643
vt 0.904796 0.136479
vt 0.898408 0.132086
vt 0.903151 0.131354
vt 0.898437 0.125201
vt 0.903174 0.125972
vt 0.900593 0.118663
vt 0.904860 0.120860
vt 0.904665 0.113112
vt 0.908044 0.116520
vt 0.910252 0.109090
vt 0.912413 0.113376
vt 0.916806 0.106990
vt 0.917539 0.111734
vt 0.923690 0.107016
vt 0.922921 0.111754
vt 0.930229 0.109165
vt 0.928035 0.113434
vt 0.935785 0.113230
vt 0.932379 0.116612
vt 0.939812 0.118814
vt 0.935529 0.120977
vt 0.965515 0.083407
vt 0.968341 0.083872
vt 0.968345 0.082970
vt 0.968059 0.084726
vt 0.967528 0.085448
vt 0.966802 0.085970
vt 0.965952 0.086241
vt 0.965060 0.086239
vt 0.964211 0.085960
vt 0.963487 0.085432
vt 0.962960 0.084702
vt 0.962684 0.083844
vt 0.962688 0.082943
vt 0.962970 0.082088
vt 0.963501 0.081366
vt 0.964227 0.080845
vt 0.965077 0.080573
vt 0.965969 0.080576
vt 0.966819 0.080854
vt 0.967543 0.081383
vt 0.968069 0.082112
vt 0.971276 0.084323
vt 0.971280 0.082517
vt 0.970715 0.086046
vt 0.969644 0.087522
vt 0.968159 0.088600
vt 0.966403 0.089164
vt 0.964559 0.089156
vt 0.962818 0.088576
vt 0.961352 0.087492
vt 0.960297 0.086018
vt 0.959749 0.084297
vt 0.959753 0.082491
vt 0.960314 0.080768
vt 0.961385 0.079292
vt 0.962870 0.078214
vt 0.964626 0.077650
vt 0.966470 0.077658
vt 0.968211 0.078238
vt 0.969677 0.079322
vt 0.970732 0.080796
vt 0.974153 0.084799
vt 0.974165 0.082072
vt 0.973297 0.087394
vt 0.971679 0.089600
vt 0.969456 0.091200
vt 0.966846 0.092033
vt 0.964107 0.092026
vt 0.961505 0.091171
vt 0.959297 0.089555
vt 0.957699 0.087339
vt 0.956865 0.084742
vt 0.956876 0.082015
vt 0.957732 0.079420
vt 0.959351 0.077214
vt 0.961574 0.075614
vt 0.964183 0.074781
vt 0.966922 0.074789
vt 0.969525 0.075644
vt 0.971732 0.077259
vt 0.973331 0.079475
vt 0.976967 0.085262
vt 0.976985 0.081636
vt 0.975830 0.088705
vt 0.973684 0.091628
vt 0.970738 0.093747
vt 0.967282 0.094853
vt 0.963653 0.094841
vt 0.960205 0.093709
vt 0.957277 0.091569
vt 0.955155 0.088629
vt 0.954044 0.085178
vt 0.954062 0.081552
vt 0.955199 0.078109
vt 0.957346 0.075186
vt 0.960292 0.073067
vt 0.963748 0.071961
vt 0.967377 0.071973
vt 0.970824 0.073105
vt 0.973752 0.075245
vt 0.975874 0.078185
vt 0.979743 0.085714
vt 0.979763 0.081207
vt 0.978330 0.089994
vt 0.975663 0.093628
vt 0.972004 0.096260
vt 0.967711 0.097634
vt 0.963203 0.097618
vt 0.958921 0.096212
vt 0.955282 0.093552
vt 0.952644 0.089898
vt 0.951266 0.085607
vt 0.951286 0.081100
vt 0.952699 0.076820
vt 0.955366 0.073187
vt 0.959025 0.070554
vt 0.963319 0.069180
vt 0.967826 0.069196
vt 0.972109 0.070602
vt 0.975747 0.073262
vt 0.978385 0.076916
vt 0.982138 0.086104
vt 0.982161 0.080837
vt 0.980488 0.091106
vt 0.977372 0.095352
vt 0.973097 0.098428
vt 0.968081 0.100035
vt 0.962815 0.100015
vt 0.957811 0.098372
vt 0.953560 0.095263
vt 0.950478 0.090992
vt 0.948868 0.085977
vt 0.948891 0.080710
vt 0.950541 0.075708
vt 0.953657 0.071462
vt 0.957932 0.068386
vt 0.962948 0.066779
vt 0.968214 0.066799
vt 0.973218 0.068442
vt 0.977469 0.071551
vt 0.980551 0.075822
vt 0.987240 0.086934
vt 0.987268 0.080049
vt 0.982526 0.080781
vt 0.982503 0.086163
vt 0.985083 0.093473
vt 0.980817 0.091275
vt 0.981012 0.099024
vt 0.977633 0.095615
vt 0.975425 0.103045
vt 0.973264 0.098759
vt 0.968870 0.105145
vt 0.968138 0.100401
vt 0.961987 0.105119
vt 0.962755 0.100381
vt 0.955448 0.102970
vt 0.957642 0.098701
vt 0.949892 0.098905
vt 0.953297 0.095523
vt 0.945864 0.093321
vt 0.950148 0.091158
vt 0.943761 0.086765
vt 0.948504 0.086033
vt 0.943789 0.079880
vt 0.948526 0.080651
vt 0.945946 0.073341
vt 0.950212 0.075539
vt 0.950018 0.067790
vt 0.953396 0.071199
vt 0.955604 0.063769
vt 0.957765 0.068055
vt 0.962159 0.061669
vt 0.962891 0.066413
vt 0.969042 0.061695
vt 0.968274 0.066433
vt 0.975581 0.063844
vt 0.973387 0.068113
vt 0.981137 0.067909
vt 0.977732 0.071291
vt 0.985165 0.073493
vt 0.980881 0.075656
vt 0.829457 0.264692
vt 0.832283 0.265157
vt 0.832287 0.264255
vt 0.832001 0.266011
vt 0.831470 0.266733
vt 0.830744 0.267255
vt 0.829894 0.267526
vt 0.829002 0.267524
vt 0.828153 0.267245
vt 0.827429 0.266717
vt 0.826902 0.265987
vt 0.826627 0.265129
vt 0.826630 0.264228
vt 0.826913 0.263373
vt 0.827444 0.262651
vt 0.828170 0.262130
vt 0.829019 0.261858
vt 0.829912 0.261861
vt 0.830761 0.262139
vt 0.831485 0.262668
vt 0.832012 0.263397
vt 0.835219 0.265608
vt 0.835222 0.263802
vt 0.834658 0.267331
vt 0.833586 0.268807
vt 0.832102 0.269885
vt 0.830346 0.270449
vt 0.828501 0.270441
vt 0.826761 0.269861
vt 0.825294 0.268777
vt 0.824239 0.267303
vt 0.823691 0.265582
vt 0.823695 0.263776
vt 0.824256 0.262053
vt 0.825327 0.260577
vt 0.826812 0.259499
vt 0.828568 0.258936
vt 0.830412 0.258943
vt 0.832153 0.259523
vt 0.833620 0.260607
vt 0.834674 0.262081
vt 0.838095 0.266084
vt 0.838107 0.263357
vt 0.837239 0.268679
vt 0.835621 0.270885
vt 0.833398 0.272485
vt 0.830789 0.273318
vt 0.828049 0.273311
vt 0.825447 0.272456
vt 0.823239 0.270840
vt 0.821641 0.268624
vt 0.820807 0.266027
vt 0.820819 0.263300
vt 0.821675 0.260705
vt 0.823293 0.258499
vt 0.825516 0.256899
vt 0.828125 0.256066
vt 0.830864 0.256074
vt 0.833467 0.256929
vt 0.835674 0.258544
vt 0.837273 0.260760
vt 0.840909 0.266547
vt 0.840928 0.262921
vt 0.839772 0.269990
vt 0.837626 0.272914
vt 0.834680 0.275032
vt 0.831224 0.276138
vt 0.827595 0.276126
vt 0.824148 0.274994
vt 0.821219 0.272854
vt 0.819097 0.269914
vt 0.817986 0.266463
vt 0.818005 0.262837
vt 0.819141 0.259394
vt 0.821288 0.256471
vt 0.824234 0.254352
vt 0.827690 0.253246
vt 0.831319 0.253259
vt 0.834766 0.254390
vt 0.837695 0.256530
vt 0.839817 0.259470
vt 0.843685 0.267000
vt 0.843705 0.262493
vt 0.842272 0.271279
vt 0.839605 0.274913
vt 0.835946 0.277545
vt 0.831653 0.278919
vt 0.827145 0.278903
vt 0.822863 0.277497
vt 0.819224 0.274837
vt 0.816587 0.271183
vt 0.815208 0.266892
vt 0.815228 0.262385
vt 0.816641 0.258105
vt 0.819309 0.254472
vt 0.822968 0.251839
vt 0.827261 0.250465
vt 0.831768 0.250481
vt 0.836051 0.251887
vt 0.839690 0.254547
vt 0.842327 0.258202
vt 0.846081 0.267390
vt 0.846103 0.262122
vt 0.844430 0.272391
vt 0.841314 0.276637
vt 0.837039 0.279713
vt 0.832024 0.281320
vt 0.826757 0.281301
vt 0.821754 0.279657
vt 0.817502 0.276548
vt 0.814420 0.272277
vt 0.812810 0.267262
vt 0.812833 0.261995
vt 0.814484 0.256993
vt 0.817600 0.252747
vt 0.821875 0.249671
vt 0.826890 0.248064
vt 0.832157 0.248084
vt 0.837160 0.249728
vt 0.841412 0.252836
vt 0.844493 0.257107
vt 0.851182 0.268219
vt 0.851211 0.261334
vt 0.846468 0.262066
vt 0.846445 0.267449
vt 0.849026 0.274758
vt 0.844759 0.272560
vt 0.844954 0.280309
vt 0.841575 0.276900
vt 0.839367 0.284330
vt 0.837206 0.280044
vt 0.832813 0.286430
vt 0.832080 0.281686
vt 0.825930 0.286404
vt 0.826698 0.281666
vt 0.819390 0.284255
vt 0.821584 0.279986
vt 0.813834 0.280190
vt 0.817240 0.276808
vt 0.809807 0.274606
vt 0.814090 0.272443
vt 0.807703 0.268050
vt 0.812446 0.267318
vt 0.807732 0.261165
vt 0.812468 0.261936
vt 0.809888 0.254626
vt 0.814155 0.256824
vt 0.813960 0.249075
vt 0.817339 0.252484
vt 0.819547 0.245054
vt 0.821707 0.249340
vt 0.826101 0.242954
vt 0.826834 0.247698
vt 0.832984 0.242980
vt 0.832216 0.247718
vt 0.839523 0.245129
vt 0.837330 0.249398
vt 0.845079 0.249194
vt 0.841674 0.252576
vt 0.849107 0.254778
vt 0.844823 0.256941
vt 0.874809 0.219371
vt 0.877636 0.219835
vt 0.877640 0.218934
vt 0.877354 0.220690
vt 0.876823 0.221412
vt 0.876097 0.221933
vt 0.875247 0.222205
vt 0.874355 0.222202
vt 0.873506 0.221924
vt 0.872781 0.221395
vt 0.872255 0.220666
vt 0.871979 0.219808
vt 0.871983 0.218906
vt 0.872265 0.218052
vt 0.872796 0.217330
vt 0.873522 0.216808
vt 0.874372 0.216537
vt 0.875264 0.216539
vt 0.876114 0.216818
vt 0.876838 0.217346
vt 0.877364 0.218076
vt 0.880572 0.220287
vt 0.880575 0.218481
vt 0.880010 0.222010
vt 0.878939 0.223486
vt 0.877454 0.224564
vt 0.875698 0.225127
vt 0.873854 0.225120
vt 0.872113 0.224540
vt 0.870647 0.223456
vt 0.869592 0.221982
vt 0.869044 0.220261
vt 0.869048 0.218455
vt 0.869609 0.216732
vt 0.870680 0.215256
vt 0.872165 0.214178
vt 0.873921 0.213614
vt 0.875765 0.213622
vt 0.877506 0.214202
vt 0.878972 0.215286
vt 0.880027 0.216760
vt 0.883448 0.220763
vt 0.883460 0.218035
vt 0.882592 0.223358
vt 0.880974 0.225564
vt 0.878751 0.227164
vt 0.876141 0.227997
vt 0.873402 0.227989
vt 0.870800 0.227134
vt 0.868592 0.225519
vt 0.866993 0.223303
vt 0.866159 0.220706
vt 0.866171 0.217979
vt 0.867027 0.215383
vt 0.868645 0.213178
vt 0.870868 0.211578
vt 0.873478 0.210745
vt 0.876217 0.210752
vt 0.878819 0.211607
vt 0.881027 0.213222
vt 0.882626 0.215439
vt 0.886262 0.221226
vt 0.886280 0.217600
vt 0.885125 0.224669
vt 0.882978 0.227592
vt 0.880032 0.229711
vt 0.876576 0.230817
vt 0.872948 0.230804
vt 0.869500 0.229673
vt 0.866572 0.227533
vt 0.864450 0.224593
vt 0.863339 0.221141
vt 0.863357 0.217516
vt 0.864494 0.214073
vt 0.866641 0.211149
vt 0.869586 0.209031
vt 0.873043 0.207925
vt 0.876671 0.207937
vt 0.880119 0.209069
vt 0.883047 0.211209
vt 0.885169 0.214149
vt 0.889038 0.221678
vt 0.889058 0.217171
vt 0.887625 0.225958
vt 0.884958 0.229591
vt 0.881299 0.232224
vt 0.877006 0.233598
vt 0.872498 0.233582
vt 0.868216 0.232176
vt 0.864577 0.229516
vt 0.861939 0.225861
vt 0.860561 0.221570
vt 0.860581 0.217063
vt 0.861994 0.212784
vt 0.864661 0.209150
vt 0.868320 0.206518
vt 0.872613 0.205144
vt 0.877121 0.205160
vt 0.881403 0.206566
vt 0.885042 0.209226
vt 0.887680 0.212880
vt 0.891433 0.222068
vt 0.891456 0.216801
vt 0.889783 0.227070
vt 0.886667 0.231316
vt 0.882392 0.234392
vt 0.877376 0.235998
vt 0.872110 0.235979
vt 0.867106 0.234335
vt 0.862855 0.231227
vt 0.859773 0.226956
vt 0.858163 0.221940
vt 0.858186 0.216673
vt 0.859836 0.211672
vt 0.862952 0.207426
vt 0.867227 0.204350
vt 0.872243 0.202743
vt 0.877509 0.202762
vt 0.882513 0.204406
vt 0.886764 0.207515
vt 0.889846 0.211786
vt 0.896535 0.222898
vt 0.896563 0.216013
vt 0.891821 0.216745
vt 0.891798 0.222127
vt 0.894378 0.229437
vt 0.890112 0.227239
vt 0.890307 0.234988
vt 0.886928 0.231579
vt 0.884720 0.239009
vt 0.882559 0.234723
vt 0.878165 0.241109
vt 0.877433 0.236365
vt 0.871282 0.241083
vt 0.872050 0.236345
vt 0.864743 0.238934
vt 0.866937 0.234665
vt 0.859187 0.234869
vt 0.862592 0.231487
vt 0.855159 0.229285
vt 0.859443 0.227122
vt 0.853056 0.222729
vt 0.857799 0.221997
vt 0.853084 0.215844
vt 0.857821 0.216614
vt 0.855241 0.209305
vt 0.859507 0.211503
vt 0.859312 0.203754
vt 0.862691 0.207163
vt 0.864899 0.199733
vt 0.867060 0.204019
vt 0.871454 0.197633
vt 0.872186 0.202377
vt 0.878337 0.197658
vt 0.877569 0.202397
vt 0.884876 0.199808
vt 0.882682 0.204077
vt 0.890432 0.203873
vt 0.887027 0.207255
vt 0.894460 0.209457
vt 0.890176 0.211620
vt 0.920162 0.174050
vt 0.922989 0.174514
vt 0.922992 0.173613
vt 0.922706 0.175368
vt 0.922175 0.176091
vt 0.921450 0.176612
vt 0.920600 0.176884
vt 0.919707 0.176881
vt 0.918858 0.176603
vt 0.918134 0.176074
vt 0.917607 0.175345
vt 0.917332 0.174486
vt 0.917336 0.173585
vt 0.917618 0.172731
vt 0.918149 0.172008
vt 0.918875 0.171487
vt 0.919725 0.171215
vt 0.920617 0.171218
vt 0.921466 0.171496
vt 0.922190 0.172025
vt 0.922717 0.172754
vt 0.925924 0.174966
vt 0.925928 0.173160
vt 0.925363 0.176689
vt 0.924292 0.178165
vt 0.922807 0.179243
vt 0.921051 0.179806
vt 0.919207 0.179799
vt 0.917466 0.179219
vt 0.915999 0.178134
vt 0.914945 0.176661
vt 0.914397 0.174939
vt 0.914400 0.173133
vt 0.914961 0.171410
vt 0.916033 0.169934
vt 0.917518 0.168856
vt 0.919274 0.168293
vt 0.921118 0.168300
vt 0.922858 0.168881
vt 0.924325 0.169965
vt 0.925380 0.171439
vt 0.928800 0.175442
vt 0.928812 0.172714
vt 0.927944 0.178037
vt 0.926326 0.180242
vt 0.924103 0.181842
vt 0.921494 0.182675
vt 0.918755 0.182668
vt 0.916152 0.181813
vt 0.913944 0.180198
vt 0.912346 0.177982
vt 0.911512 0.175385
vt 0.911524 0.172657
vt 0.912380 0.170062
vt 0.913998 0.167857
vt 0.916221 0.166257
vt 0.918831 0.165424
vt 0.921570 0.165431
vt 0.924172 0.166286
vt 0.926380 0.167901
vt 0.927978 0.170117
vt 0.931614 0.175905
vt 0.931633 0.172279
vt 0.930478 0.179347
vt 0.928331 0.182271
vt 0.925385 0.184390
vt 0.921929 0.185495
vt 0.918300 0.185483
vt 0.914853 0.184352
vt 0.911924 0.182211
vt 0.909802 0.179272
vt 0.908691 0.175820
vt 0.908710 0.172194
vt 0.909846 0.168752
vt 0.911993 0.165828
vt 0.914939 0.163710
vt 0.918395 0.162604
vt 0.922024 0.162616
vt 0.925471 0.163748
vt 0.928400 0.165888
vt 0.930522 0.168827
vt 0.934390 0.176357
vt 0.934411 0.171850
vt 0.932978 0.180637
vt 0.930310 0.184270
vt 0.926651 0.186902
vt 0.922358 0.188277
vt 0.917851 0.188261
vt 0.913568 0.186855
vt 0.909929 0.184195
vt 0.907292 0.180540
vt 0.905914 0.176249
vt 0.905934 0.171742
vt 0.907347 0.167462
vt 0.910014 0.163829
vt 0.913673 0.161197
vt 0.917966 0.159822
vt 0.922473 0.159838
vt 0.926756 0.161245
vt 0.930395 0.163905
vt 0.933032 0.167559
vt 0.936786 0.176747
vt 0.936809 0.171480
vt 0.935135 0.181749
vt 0.932019 0.185995
vt 0.927744 0.189071
vt 0.922729 0.190677
vt 0.917462 0.190658
vt 0.912459 0.189014
vt 0.908207 0.185905
vt 0.905125 0.181634
vt 0.903516 0.176619
vt 0.903538 0.171352
vt 0.905189 0.166351
vt 0.908305 0.162104
vt 0.912580 0.159028
vt 0.917595 0.157422
vt 0.922862 0.157441
vt 0.927865 0.159085
vt 0.932117 0.162194
vt 0.935199 0.166465
vt 0.941887 0.177577
vt 0.941916 0.170691
vt 0.937173 0.171424
vt 0.937151 0.176806
vt 0.939731 0.184115
vt 0.935464 0.181918
vt 0.935659 0.189666
vt 0.932280 0.186257
vt 0.930072 0.193688
vt 0.927911 0.189402
vt 0.923518 0.195788
vt 0.922785 0.191044
vt 0.916635 0.195762
vt 0.917403 0.191024
vt 0.910096 0.193612
vt 0.912289 0.189343
vt 0.904540 0.189548
vt 0.907945 0.186166
vt 0.900512 0.183964
vt 0.904796 0.181801
vt 0.898408 0.177408
vt 0.903151 0.176675
vt 0.898437 0.170522
vt 0.903174 0.171293
vt 0.900593 0.163984
vt 0.904860 0.166182
vt 0.904665 0.158433
vt 0.908044 0.161842
vt 0.910252 0.154412
vt 0.912413 0.158697
vt 0.916806 0.152312
vt 0.917539 0.157055
vt 0.923690 0.152337
vt 0.922921 0.157075
vt 0.930229 0.154487
vt 0.928035 0.158756
vt 0.935785 0.158551
vt 0.932379 0.161934
vt 0.939812 0.164135
vt 0.935529 0.166299
vt 0.965515 0.128728
vt 0.968341 0.129193
vt 0.968345 0.128291
vt 0.968059 0.130047
vt 0.967528 0.130769
vt 0.966802 0.131291
vt 0.965952 0.131563
vt 0.965060 0.131560
vt 0.964211 0.131282
vt 0.963487 0.130753
vt 0.962960 0.130024
vt 0.962684 0.129165
vt 0.962688 0.128264
vt 0.962970 0.127410
vt 0.963501 0.126687
vt 0.964227 0.126166
vt 0.965077 0.125894
vt 0.965969 0.125897
vt 0.966819 0.126175
vt 0.967543 0.126704
vt 0.968069 0.127433
vt 0.971276 0.129645
vt 0.971280 0.127838
vt 0.970715 0.131368
vt 0.969644 0.132844
vt 0.968159 0.133922
vt 0.966403 0.134485
vt 0.964559 0.134477
vt 0.962818 0.133897
vt 0.961352 0.132813
vt 0.960297 0.131339
vt 0.959749 0.129618
vt 0.959753 0.127812
vt 0.960314 0.126089
vt 0.961385 0.124613
vt 0.962870 0.123535
vt 0.964626 0.122972
vt 0.966470 0.122979
vt 0.968211 0.123559
vt 0.969677 0.124644
vt 0.970732 0.126117
vt 0.974153 0.130120
vt 0.974165 0.127393
vt 0.973297 0.132716
vt 0.971679 0.134921
vt 0.969456 0.136521
vt 0.966846 0.137354
vt 0.964107 0.137347
vt 0.961505 0.136492
vt 0.959297 0.134877
vt 0.957699 0.132660
vt 0.956865 0.130064
vt 0.956876 0.127336
vt 0.957732 0.124741
vt 0.959351 0.122535
vt 0.961574 0.120935
vt 0.964183 0.120102
vt 0.966922 0.120110
vt 0.969525 0.120965
vt 0.971732 0.122580
vt 0.973331 0.124796
vt 0.976967 0.130584
vt 0.976985 0.126958
vt 0.975830 0.134026
vt 0.973684 0.136950
vt 0.970738 0.139068
vt 0.967282 0.140174
vt 0.963653 0.140162
vt 0.960205 0.139030
vt 0.957277 0.136890
vt 0.955155 0.133951
vt 0.954044 0.130499
vt 0.954062 0.126873
vt 0.955199 0.123431
vt 0.957346 0.120507
vt 0.960292 0.118388
vt 0.963748 0.117282
vt 0.967377 0.117295
vt 0.970824 0.118426
vt 0.973752 0.120567
vt 0.975874 0.123506
vt 0.979743 0.131036
vt 0.979763 0.126529
vt 0.978330 0.135315
vt 0.975663 0.138949
vt 0.972004 0.141581
vt 0.967711 0.142956
vt 0.963203 0.142940
vt 0.958921 0.141533
vt 0.955282 0.138873
vt 0.952644 0.135219
vt 0.951266 0.130928
vt 0.951286 0.126421
vt 0.952699 0.122141
vt 0.955366 0.118508
vt 0.959025 0.115876
vt 0.963319 0.114501
vt 0.967826 0.114517
vt 0.972109 0.115923
vt 0.975747 0.118583
vt 0.978385 0.122238
vt 0.982138 0.131426
vt 0.982161 0.126159
vt 0.980488 0.136427
vt 0.977372 0.140673
vt 0.973097 0.143750
vt 0.968081 0.145356
vt 0.962815 0.145337
vt 0.957811 0.143693
vt 0.953560 0.140584
vt 0.950478 0.136313
vt 0.948868 0.131298
vt 0.948891 0.126031
vt 0.950541 0.121029
vt 0.953657 0.116783
vt 0.957932 0.113707
vt 0.962948 0.112101
vt 0.968214 0.112120
vt 0.973218 0.113764
vt 0.977469 0.116873
vt 0.980551 0.121144
vt 0.987240 0.132256
vt 0.987268 0.125370
vt 0.982526 0.126102
vt 0.982503 0.131485
vt 0.985083 0.138794
vt 0.980817 0.136596
vt 0.981012 0.144345
vt 0.977633 0.140936
vt 0.975425 0.148366
vt 0.973264 0.144080
vt 0.968870 0.150466
vt 0.968138 0.145723
vt 0.961987 0.150441
vt 0.962755 0.145703
vt 0.955448 0.148291
vt 0.957642 0.144022
vt 0.949892 0.144226
vt 0.953297 0.140844
vt 0.945864 0.138643
vt 0.950148 0.136479
vt 0.943761 0.132086
vt 0.948504 0.131354
vt 0.943789 0.125201
vt 0.948526 0.125972
vt 0.945946 0.118663
vt 0.950212 0.120860
vt 0.950018 0.113112
vt 0.953396 0.116520
vt 0.955604 0.109090
vt 0.957765 0.113376
vt 0.962159 0.106990
vt 0.962891 0.111734
vt 0.969042 0.107016
vt 0.968274 0.111754
vt 0.975581 0.109165
vt 0.973387 0.113434
vt 0.981137 0.113230
vt 0.977732 0.116612
vt 0.985165 0.118814
vt 0.980881 0.120977
vt 0.874809 0.264692
vt 0.877640 0.264255
vt 0.877636 0.265157
vt 0.877354 0.266011
vt 0.876823 0.266733
vt 0.876097 0.267255
vt 0.875247 0.267526
vt 0.874355 0.267524
vt 0.873506 0.267245
vt 0.872781 0.266717
vt 0.872255 0.265987
vt 0.871979 0.265129
vt 0.871983 0.264228
vt 0.872265 0.263373
vt 0.872796 0.262651
vt 0.873522 0.262130
vt 0.874372 0.261858
vt 0.875264 0.261861
vt 0.876114 0.262139
vt 0.876838 0.262668
vt 0.877364 0.263397
vt 0.880572 0.265608
vt 0.880575 0.263802
vt 0.880010 0.267331
vt 0.878939 0.268807
vt 0.877454 0.269885
vt 0.875698 0.270449
vt 0.873854 0.270441
vt 0.872113 0.269861
vt 0.870647 0.268777
vt 0.869592 0.267303
vt 0.869044 0.265582
vt 0.869048 0.263776
vt 0.869609 0.262053
vt 0.870680 0.260577
vt 0.872165 0.259499
vt 0.873921 0.258936
vt 0.875765 0.258943
vt 0.877506 0.259523
vt 0.878972 0.260607
vt 0.880027 0.262081
vt 0.883448 0.266084
vt 0.883460 0.263357
vt 0.882592 0.268679
vt 0.880974 0.270885
vt 0.878751 0.272485
vt 0.876141 0.273318
vt 0.873402 0.273311
vt 0.870800 0.272456
vt 0.868592 0.270840
vt 0.866993 0.268624
vt 0.866159 0.266027
vt 0.866171 0.263300
vt 0.867027 0.260705
vt 0.868645 0.258499
vt 0.870868 0.256899
vt 0.873478 0.256066
vt 0.876217 0.256074
vt 0.878819 0.256929
vt 0.881027 0.258544
vt 0.882626 0.260760
vt 0.886262 0.266547
vt 0.886280 0.262921
vt 0.885125 0.269990
vt 0.882978 0.272914
vt 0.880032 0.275032
vt 0.876576 0.276138
vt 0.872948 0.276126
vt 0.869500 0.274994
vt 0.866572 0.272854
vt 0.864450 0.269914
vt 0.863339 0.266463
vt 0.863357 0.262837
vt 0.864494 0.259394
vt 0.866641 0.256471
vt 0.869586 0.254352
vt 0.873043 0.253246
vt 0.876671 0.253259
vt 0.880119 0.254390
vt 0.883047 0.256530
vt 0.885169 0.259470
vt 0.889038 0.267000
vt 0.889058 0.262493
vt 0.887625 0.271279
vt 0.884958 0.274913
vt 0.881299 0.277545
vt 0.877006 0.278919
vt 0.872498 0.278903
vt 0.868216 0.277497
vt 0.864577 0.274837
vt 0.861939 0.271183
vt 0.860561 0.266892
vt 0.860581 0.262385
vt 0.861994 0.258105
vt 0.864661 0.254472
vt 0.868320 0.251839
vt 0.872613 0.250465
vt 0.877121 0.250481
vt 0.881403 0.251887
vt 0.885042 0.254547
vt 0.887680 0.258202
vt 0.891433 0.267390
vt 0.891456 0.262122
vt 0.889783 0.272391
vt 0.886667 0.276637
vt 0.882392 0.279713
vt 0.877376 0.281320
vt 0.872110 0.281301
vt 0.867106 0.279657
vt 0.862855 0.276548
vt 0.859773 0.272277
vt 0.858163 0.267262
vt 0.858186 0.261995
vt 0.859836 0.256993
vt 0.862952 0.252747
vt 0.867227 0.249671
vt 0.872243 0.248064
vt 0.877509 0.248084
vt 0.882513 0.249728
vt 0.886764 0.252836
vt 0.889846 0.257107
vt 0.896535 0.268219
vt 0.891798 0.267449
vt 0.891821 0.262066
vt 0.896563 0.261334
vt 0.894378 0.274758
vt 0.890112 0.272560
vt 0.890307 0.280309
vt 0.886928 0.276900
vt 0.884720 0.284330
vt 0.882559 0.280044
vt 0.878165 0.286430
vt 0.877433 0.281686
vt 0.871282 0.286404
vt 0.872050 0.281666
vt 0.864743 0.284255
vt 0.866937 0.279986
vt 0.859187 0.280190
vt 0.862592 0.276808
vt 0.855159 0.274606
vt 0.859443 0.272443
vt 0.853056 0.268050
vt 0.857799 0.267318
vt 0.853084 0.261165
vt 0.857821 0.261936
vt 0.855241 0.254626
vt 0.859507 0.256824
vt 0.859312 0.249075
vt 0.862691 0.252484
vt 0.864899 0.245054
vt 0.867060 0.249340
vt 0.871454 0.242954
vt 0.872186 0.247698
vt 0.878337 0.242980
vt 0.877569 0.247718
vt 0.884876 0.245129
vt 0.882682 0.249398
vt 0.890432 0.249194
vt 0.887027 0.252576
vt 0.894460 0.254778
vt 0.890176 0.256941
vt 0.920162 0.219371
vt 0.922992 0.218934
vt 0.922989 0.219835
vt 0.922706 0.220690
vt 0.922175 0.221412
vt 0.921450 0.221933
vt 0.920600 0.222205
vt 0.919707 0.222202
vt 0.918858 0.221924
vt 0.918134 0.221395
vt 0.917607 0.220666
vt 0.917332 0.219808
vt 0.917336 0.218906
vt 0.917618 0.218052
vt 0.918149 0.217330
vt 0.918875 0.216808
vt 0.919725 0.216537
vt 0.920617 0.216539
vt 0.921466 0.216818
vt 0.922190 0.217346
vt 0.922717 0.218076
vt 0.925924 0.220287
vt 0.925928 0.218481
vt 0.925363 0.222010
vt 0.924292 0.223486
vt 0.922807 0.224564
vt 0.921051 0.225127
vt 0.919207 0.225120
vt 0.917466 0.224540
vt 0.915999 0.223456
vt 0.914945 0.221982
vt 0.914397 0.220261
vt 0.914400 0.218455
vt 0.914961 0.216732
vt 0.916033 0.215256
vt 0.917518 0.214178
vt 0.919274 0.213614
vt 0.921118 0.213622
vt 0.922858 0.214202
vt 0.924325 0.215286
vt 0.925380 0.216760
vt 0.928800 0.220763
vt 0.928812 0.218035
vt 0.927944 0.223358
vt 0.926326 0.225564
vt 0.924103 0.227164
vt 0.921494 0.227997
vt 0.918755 0.227989
vt 0.916152 0.227134
vt 0.913944 0.225519
vt 0.912346 0.223303
vt 0.911512 0.220706
vt 0.911524 0.217979
vt 0.912380 0.215383
vt 0.913998 0.213178
vt 0.916221 0.211578
vt 0.918831 0.210745
vt 0.921570 0.210752
vt 0.924172 0.211607
vt 0.926380 0.213222
vt 0.927978 0.215439
vt 0.931614 0.221226
vt 0.931633 0.217600
vt 0.930478 0.224669
vt 0.928331 0.227592
vt 0.925385 0.229711
vt 0.921929 0.230817
vt 0.918300 0.230804
vt 0.914853 0.229673
vt 0.911924 0.227533
vt 0.909802 0.224593
vt 0.908691 0.221141
vt 0.908710 0.217516
vt 0.909846 0.214073
vt 0.911993 0.211149
vt 0.914939 0.209031
vt 0.918395 0.207925
vt 0.922024 0.207937
vt 0.925471 0.209069
vt 0.928400 0.211209
vt 0.930522 0.214149
vt 0.934390 0.221678
vt 0.934411 0.217171
vt 0.932978 0.225958
vt 0.930310 0.229591
vt 0.926651 0.232224
vt 0.922358 0.233598
vt 0.917851 0.233582
vt 0.913568 0.232176
vt 0.909929 0.229516
vt 0.907292 0.225861
vt 0.905914 0.221570
vt 0.905934 0.217063
vt 0.907347 0.212784
vt 0.910014 0.209150
vt 0.913673 0.206518
vt 0.917966 0.205144
vt 0.922473 0.205160
vt 0.926756 0.206566
vt 0.930395 0.209226
vt 0.933032 0.212880
vt 0.936786 0.222068
vt 0.936809 0.216801
vt 0.935135 0.227070
vt 0.932019 0.231316
vt 0.927744 0.234392
vt 0.922729 0.235998
vt 0.917462 0.235979
vt 0.912459 0.234335
vt 0.908207 0.231227
vt 0.905125 0.226956
vt 0.903516 0.221940
vt 0.903538 0.216673
vt 0.905189 0.211672
vt 0.908305 0.207426
vt 0.912580 0.204350
vt 0.917595 0.202743
vt 0.922862 0.202762
vt 0.927865 0.204406
vt 0.932117 0.207515
vt 0.935199 0.211786
vt 0.941887 0.222898
vt 0.937151 0.222127
vt 0.937173 0.216745
vt 0.941916 0.216013
vt 0.939731 0.229437
vt 0.935464 0.227239
vt 0.935659 0.234988
vt 0.932280 0.231579
vt 0.930072 0.239009
vt 0.927911 0.234723
vt 0.923518 0.241109
vt 0.922785 0.236365
vt 0.916635 0.241083
vt 0.917403 0.236345
vt 0.910096 0.238934
vt 0.912289 0.234665
vt 0.904540 0.234869
vt 0.907945 0.231487
vt 0.900512 0.229285
vt 0.904796 0.227122
vt 0.898408 0.222729
vt 0.903151 0.221997
vt 0.898437 0.215844
vt 0.903174 0.216614
vt 0.900593 0.209305
vt 0.904860 0.211503
vt 0.904665 0.203754
vt 0.908044 0.207163
vt 0.910252 0.199733
vt 0.912413 0.204019
vt 0.916806 0.197633
vt 0.917539 0.202377
vt 0.923690 0.197658
vt 0.922921 0.202397
vt 0.930229 0.199808
vt 0.928035 0.204077
vt 0.935785 0.203873
vt 0.932379 0.207255
vt 0.939812 0.209457
vt 0.935529 0.211620
s 1
usemtl Material.001
f 1/1/1 18/2/1 22/3/1 5/4/1
f 2/5/2 20/6/2 24/7/2 6/8/2
f 4/9/3 19/10/3 23/11/3 8/12/3
f 3/13/4 17/14/4 21/15/4 7/16/4
s 0
f 13/17/5 30/18/5 10/19/5 25/20/5
f 14/21/2 32/22/2 11/23/2 26/24/2
f 16/25/6 31/26/6 12/27/6 27/28/6
f 15/29/4 29/30/4 9/31/4 28/32/4
f 13/17/7 5/4/7 22/3/7 30/18/7
f 14/21/2 6/8/2 24/7/2 32/22/2
f 16/25/8 8/12/8 23/11/8 31/26/8
f 15/29/4 7/16/4 21/15/4 29/30/4
f 18/2/9 2/5/9 6/8/9 22/3/9
f 5/4/10 21/15/10 17/14/10 1/1/10
f 20/6/11 4/33/11 8/34/11 24/7/11
f 19/10/12 3/13/12 7/16/12 23/11/12
f 29/30/13 13/17/13 25/20/13 9/31/13
f 30/18/14 14/21/14 26/24/14 10/19/14
f 32/22/15 16/35/15 27/36/15 11/23/15
f 31/26/16 15/29/16 28/32/16 12/27/16
f 13/17/17 29/30/17 21/15/17 5/4/17
f 14/21/18 30/18/18 22/3/18 6/8/18
f 15/29/19 31/26/19 23/11/19 7/16/19
f 16/35/20 32/22/20 24/7/20 8/34/20
s 1
f 113/37/21 85/38/22 46/39/23 34/40/24
f 114/41/25 93/42/26 54/43/26 33/44/25
f 84/45/27 95/46/28 53/47/2 116/48/2 74/49/29 86/50/30 82/51/31 90/52/32 88/53/33 80/54/34 92/55/35
f 43/56/36 96/57/37 55/58/38 44/59/39
f 73/60/4 94/61/4 56/62/40 83/63/41 91/64/42 47/65/43 79/66/44 89/67/45 81/68/46 45/69/47 115/70/48
f 49/71/49 39/72/50 48/73/51 50/74/52
f 85/38/22 41/75/53 42/76/54 46/39/23
f 87/77/55 51/78/56 52/79/57 40/80/58
f 39/72/50 87/77/55 40/80/58 48/73/51
f 41/75/53 49/71/49 50/74/52 42/76/54
f 51/78/56 43/56/36 44/59/39 52/79/57
f 102/81/59 71/82/59 72/83/60 101/84/60
f 65/85/61 62/86/2 61/87/2 104/88/62
f 68/89/63 105/90/64 64/91/65 107/92/66
f 111/93/4 108/94/67 67/95/68 112/96/4
f 36/97/69 75/98/69 97/99/69 58/100/69
f 38/101/70 76/102/2 98/103/2 59/104/71
f 37/105/72 78/106/73 99/107/74 60/108/75
f 57/109/4 35/110/4 77/111/76 100/112/77
f 58/100/69 97/99/69 110/113/59 63/114/59
f 63/114/59 110/113/59 71/82/59 102/81/59
f 54/43/26 93/42/26 101/84/60 72/83/60
f 59/104/71 98/103/2 103/115/2 66/116/78
f 66/116/78 103/115/2 62/86/2 65/85/61
f 53/47/2 95/46/28 104/88/62 61/87/2
f 60/108/75 99/107/74 106/117/79 69/118/80
f 69/118/80 106/117/79 105/90/64 68/89/63
f 55/58/38 96/57/37 107/92/66 64/91/65
f 57/109/4 100/112/77 109/119/81 70/120/4
f 70/120/4 109/119/81 108/94/67 111/93/4
f 67/95/68 56/62/40 94/61/4 112/96/4
f 113/121/21 115/70/48 45/69/47 85/122/22
f 46/123/23 86/50/30 74/49/29 34/124/24
s 0
f 114/41/82 116/48/82 53/47/82 93/42/82
f 75/98/83 35/110/83 57/109/83 97/99/83
s 1
f 84/45/27 44/125/39 55/126/38 95/46/28
f 43/127/36 83/63/41 56/62/40 96/128/37
f 49/129/49 89/67/45 79/66/44 39/130/50
f 48/131/51 88/53/33 90/52/32 50/132/52
f 85/122/22 45/69/47 81/68/46 41/133/53
f 42/134/54 82/51/31 86/50/30 46/123/23
f 87/135/55 47/65/43 91/64/42 51/136/56
f 52/137/57 92/55/35 80/54/34 40/138/58
f 39/130/50 79/66/44 47/65/43 87/135/55
f 40/138/58 80/54/34 88/53/33 48/131/51
f 41/133/53 81/68/46 89/67/45 49/129/49
f 50/132/52 90/52/32 82/51/31 42/134/54
f 51/136/56 91/64/42 83/63/41 43/127/36
f 44/125/39 84/45/27 92/55/35 52/137/57
s 0
f 93/42/84 53/47/84 61/87/84 101/84/84
f 54/43/85 94/61/85 73/60/85 33/44/85
s 1
f 95/46/28 55/126/38 64/139/65 104/88/62
f 96/128/37 56/62/40 67/95/68 107/140/66
s 0
f 97/99/83 57/109/83 70/120/83 110/113/83
f 58/100/86 98/103/86 76/102/86 36/97/86
s 1
f 59/104/71 99/141/74 78/142/73 38/101/70
f 60/143/75 100/112/77 77/111/76 37/144/72
s 0
f 101/84/87 61/87/87 62/86/87 102/81/87
f 102/81/87 62/86/87 103/115/87 63/114/87
f 63/114/87 103/115/87 98/103/87 58/100/87
s 1
f 104/88/62 64/139/65 105/145/64 65/85/61
f 65/85/61 105/145/64 106/146/79 66/116/78
f 66/116/78 106/146/79 99/141/74 59/104/71
f 107/140/66 67/95/68 108/94/67 68/147/63
f 68/147/63 108/94/67 109/119/81 69/148/80
f 69/148/80 109/119/81 100/112/77 60/143/75
s 0
f 110/113/88 70/120/88 111/93/88 71/82/88
f 71/82/88 111/93/88 112/96/88 72/83/88
f 72/83/89 112/96/89 94/61/89 54/43/89
f 34/124/90 114/41/90 33/44/90 113/121/90
f 73/60/91 115/70/91 113/121/91 33/44/91
f 74/49/92 116/48/92 114/41/92 34/124/92
s 1
f 117/149/59 126/150/59 122/151/59 129/152/59
f 118/153/2 128/154/2 124/155/2 130/156/2
f 120/157/93 127/158/93 123/159/93 132/160/93
f 119/161/4 125/162/4 121/163/4 131/164/4
s 0
f 126/150/87 118/153/87 130/156/87 122/151/87
f 129/152/88 121/163/88 125/162/88 117/149/88
f 128/154/94 120/165/94 132/166/94 124/155/94
f 127/158/95 119/161/95 131/164/95 123/159/95
s 1
f 133/167/1 142/168/1 138/169/1 145/170/1
f 134/171/2 144/172/2 140/173/2 146/174/2
f 136/175/3 143/176/3 139/177/3 148/178/3
f 135/179/4 141/180/4 137/181/4 147/182/4
s 0
f 142/168/96 134/171/96 146/174/96 138/169/96
f 145/170/97 137/181/97 141/180/97 133/167/97
f 144/172/98 136/183/98 148/184/98 140/173/98
f 143/176/99 135/179/99 147/182/99 139/177/99
s 1
f 219/185/100 174/186/100 175/187/101 218/188/101
f 187/189/2 163/190/2 162/191/2 186/192/2
f 255/193/93 243/194/93 242/195/93 254/196/93
f 230/197/4 199/198/4 198/199/4 231/200/4
f 154/201/102 209/202/102 225/203/103 168/204/103
f 168/204/103 225/203/103 170/205/104 223/206/104
f 223/206/104 170/205/104 171/207/105 222/208/105
f 222/208/105 171/207/105 172/209/106 221/210/106
f 221/210/106 172/209/106 173/211/107 220/212/107
f 220/212/107 173/211/107 174/186/100 219/185/100
f 149/213/108 206/214/108 213/215/109 180/216/109
f 180/216/109 213/215/109 214/217/110 179/218/110
f 179/218/110 214/217/110 215/219/111 178/220/111
f 178/220/111 215/219/111 216/221/112 177/222/112
f 177/222/112 216/221/112 217/223/113 176/224/113
f 176/224/113 217/223/113 218/188/101 175/187/101
f 156/225/2 210/226/2 224/227/2 192/228/2
f 192/228/2 224/227/2 167/229/2 191/230/2
f 191/230/2 167/229/2 166/231/2 190/232/2
f 190/232/2 166/231/2 165/233/2 189/234/2
f 189/234/2 165/233/2 164/235/2 188/236/2
f 188/236/2 164/235/2 163/190/2 187/189/2
f 150/237/2 208/238/2 237/239/2 157/240/2
f 157/240/2 237/239/2 182/241/2 158/242/2
f 158/242/2 182/241/2 183/243/2 159/244/2
f 159/244/2 183/243/2 184/245/2 160/246/2
f 160/246/2 184/245/2 185/247/2 161/248/2
f 161/248/2 185/247/2 186/192/2 162/191/2
f 155/249/93 212/250/93 248/251/93 204/252/93
f 204/252/93 248/251/93 247/253/93 259/254/93
f 259/254/93 247/253/93 246/255/93 258/256/93
f 258/256/93 246/255/93 245/257/93 257/258/93
f 257/258/93 245/257/93 244/259/93 256/260/93
f 256/260/93 244/259/93 243/194/93 255/193/93
f 152/261/93 207/262/93 249/263/93 181/264/93
f 181/264/93 249/263/93 250/265/93 238/266/93
f 238/266/93 250/265/93 251/267/93 239/268/93
f 239/268/93 251/267/93 252/269/93 240/270/93
f 240/270/93 252/269/93 253/271/93 241/272/93
f 241/272/93 253/271/93 254/196/93 242/195/93
f 153/273/4 211/274/4 260/275/4 169/276/4
f 169/276/4 260/275/4 203/277/4 226/278/4
f 226/278/4 203/277/4 202/279/4 227/280/4
f 227/280/4 202/279/4 201/281/4 228/282/4
f 228/282/4 201/281/4 200/283/4 229/284/4
f 229/284/4 200/283/4 199/198/4 230/197/4
f 151/285/4 205/286/4 236/287/4 193/288/4
f 193/288/4 236/287/4 235/289/4 194/290/4
f 194/290/4 235/289/4 234/291/4 195/292/4
f 195/292/4 234/291/4 233/293/4 196/294/4
f 196/294/4 233/293/4 232/295/4 197/296/4
f 197/296/4 232/295/4 231/200/4 198/199/4
s 0
f 206/214/114 150/297/114 157/298/114 213/215/114
f 209/202/115 153/273/115 169/276/115 225/203/115
f 208/238/94 152/261/94 181/264/94 237/239/94
f 207/262/95 151/285/95 193/288/95 249/263/95
f 213/215/116 157/298/116 158/299/116 214/217/116
f 214/217/117 158/299/117 159/300/117 215/219/117
f 215/219/118 159/300/118 160/301/118 216/221/118
f 216/221/119 160/301/119 161/302/119 217/223/119
f 217/223/120 161/302/120 162/303/120 218/188/120
f 218/188/87 162/303/87 163/304/87 219/185/87
f 219/185/121 163/304/121 164/305/121 220/212/121
f 220/212/122 164/305/122 165/306/122 221/210/122
f 221/210/123 165/306/123 166/307/123 222/208/123
f 222/208/124 166/307/124 167/308/124 223/206/124
f 223/206/125 167/308/125 224/309/125 168/204/125
f 168/204/126 224/309/126 210/310/126 154/201/126
f 225/203/127 169/276/127 226/278/127 170/205/127
f 170/205/128 226/278/128 227/280/128 171/207/128
f 171/207/129 227/280/129 228/282/129 172/209/129
f 172/209/130 228/282/130 229/284/130 173/211/130
f 173/211/131 229/284/131 230/197/131 174/186/131
f 174/186/132 230/197/132 231/200/132 175/187/132
f 175/187/133 231/200/133 232/295/133 176/224/133
f 176/224/134 232/295/134 233/293/134 177/222/134
f 177/222/135 233/293/135 234/291/135 178/220/135
f 178/220/136 234/291/136 235/289/136 179/218/136
f 179/218/137 235/289/137 236/287/137 180/216/137
f 180/216/138 236/287/138 205/286/138 149/213/138
f 237/239/94 181/264/94 238/266/94 182/241/94
f 182/241/94 238/266/94 239/268/94 183/243/94
f 183/243/94 239/268/94 240/270/94 184/245/94
f 184/245/94 240/270/94 241/272/94 185/247/94
f 185/247/94 241/272/94 242/195/94 186/192/94
f 186/192/94 242/195/94 243/194/94 187/189/94
f 187/189/94 243/194/94 244/259/94 188/236/94
f 188/236/94 244/259/94 245/257/94 189/234/94
f 189/234/94 245/257/94 246/255/94 190/232/94
f 190/232/94 246/255/94 247/253/94 191/230/94
f 191/230/94 247/253/94 248/251/94 192/228/94
f 192/228/94 248/251/94 212/250/94 156/225/94
f 249/263/95 193/288/95 194/290/95 250/265/95
f 250/265/95 194/290/95 195/292/95 251/267/95
f 251/267/95 195/292/95 196/294/95 252/269/95
f 252/269/95 196/294/95 197/296/95 253/271/95
f 253/271/95 197/296/95 198/199/95 254/196/95
f 254/196/95 198/199/95 199/198/95 255/193/95
f 255/193/95 199/198/95 200/283/95 256/260/95
f 256/260/95 200/283/95 201/281/95 257/258/95
f 257/258/95 201/281/95 202/279/95 258/256/95
f 258/256/95 202/279/95 203/277/95 259/254/95
f 259/254/95 203/277/95 260/275/95 204/252/95
f 204/252/95 260/275/95 211/274/95 155/249/95
s 1
f 261/311/1 278/312/1 282/313/1 265/314/1
f 262/315/2 280/316/2 284/317/2 266/318/2
f 264/319/3 279/320/3 283/321/3 268/322/3
f 263/323/4 277/324/4 281/325/4 267/326/4
s 0
f 273/327/5 290/328/5 270/329/5 285/330/5
f 274/331/2 292/332/2 271/333/2 286/334/2
f 276/335/6 291/336/6 272/337/6 287/338/6
f 275/339/4 289/340/4 269/341/4 288/342/4
f 273/327/7 265/314/7 282/313/7 290/328/7
f 274/331/2 266/318/2 284/317/2 292/332/2
f 276/335/8 268/322/8 283/321/8 291/336/8
f 275/339/4 267/326/4 281/325/4 289/340/4
f 278/312/9 262/315/9 266/318/9 282/313/9
f 265/314/10 281/325/10 277/324/10 261/311/10
f 280/316/11 264/343/11 268/344/11 284/317/11
f 279/320/139 263/323/139 267/326/139 283/321/139
f 289/340/13 273/327/13 285/330/13 269/341/13
f 290/328/14 274/331/14 286/334/14 270/329/14
f 292/332/15 276/345/15 287/346/15 271/333/15
f 291/336/16 275/339/16 288/342/16 272/337/16
f 273/327/17 289/340/17 281/325/17 265/314/17
f 274/331/18 290/328/18 282/313/18 266/318/18
f 275/339/140 291/336/140 283/321/140 267/326/140
f 276/345/20 292/332/20 284/317/20 268/344/20
s 1
f 373/347/21 345/348/22 306/349/23 294/350/24
f 374/351/25 353/352/26 314/353/26 293/354/25
f 344/355/27 355/356/28 313/357/2 376/358/2 334/359/29 346/360/30 342/361/31 350/362/141 348/363/33 340/364/34 352/365/35
f 303/366/36 356/367/37 315/368/38 304/369/39
f 333/370/4 354/371/4 316/372/40 343/373/41 351/374/42 307/375/142 339/376/44 349/377/143 341/378/46 305/379/47 375/380/48
f 309/381/49 299/382/50 308/383/51 310/384/52
f 345/348/22 301/385/144 302/386/54 306/349/23
f 347/387/55 311/388/56 312/389/57 300/390/58
f 299/382/50 347/387/55 300/390/58 308/383/51
f 301/385/144 309/381/49 310/384/52 302/386/54
f 311/388/56 303/366/36 304/369/39 312/389/57
f 362/391/59 331/392/59 332/393/60 361/394/60
f 325/395/61 322/396/2 321/397/2 364/398/62
f 328/399/63 365/400/64 324/401/65 367/402/66
f 371/403/4 368/404/67 327/405/68 372/406/4
f 296/407/69 335/408/69 357/409/69 318/410/69
f 298/411/70 336/412/2 358/413/2 319/414/71
f 297/415/72 338/416/73 359/417/74 320/418/75
f 317/419/4 295/420/4 337/421/76 360/422/77
f 318/410/69 357/409/69 370/423/59 323/424/59
f 323/424/59 370/423/59 331/392/59 362/391/59
f 314/353/26 353/352/26 361/394/60 332/393/60
f 319/414/71 358/413/2 363/425/2 326/426/78
f 326/426/78 363/425/2 322/396/2 325/395/61
f 313/357/2 355/356/28 364/398/62 321/397/2
f 320/418/75 359/417/74 366/427/79 329/428/80
f 329/428/80 366/427/79 365/400/64 328/399/63
f 315/368/38 356/367/37 367/402/66 324/401/65
f 317/419/4 360/422/77 369/429/81 330/430/4
f 330/430/4 369/429/81 368/404/67 371/403/4
f 327/405/68 316/372/40 354/371/4 372/406/4
f 373/431/21 375/380/48 305/379/47 345/432/22
f 306/433/23 346/360/30 334/359/29 294/434/24
s 0
f 374/351/82 376/358/82 313/357/82 353/352/82
f 335/408/83 295/420/83 317/419/83 357/409/83
s 1
f 344/355/27 304/435/39 315/436/38 355/356/28
f 303/437/36 343/373/41 316/372/40 356/438/37
f 309/439/49 349/377/143 339/376/44 299/440/50
f 308/441/51 348/363/33 350/362/141 310/442/52
f 345/432/22 305/379/47 341/378/46 301/443/144
f 302/444/54 342/361/31 346/360/30 306/433/23
f 347/445/55 307/375/142 351/374/42 311/446/56
f 312/447/57 352/365/35 340/364/34 300/448/58
f 299/440/50 339/376/44 307/375/142 347/445/55
f 300/448/58 340/364/34 348/363/33 308/441/51
f 301/443/144 341/378/46 349/377/143 309/439/49
f 310/442/52 350/362/141 342/361/31 302/444/54
f 311/446/56 351/374/42 343/373/41 303/437/36
f 304/435/39 344/355/27 352/365/35 312/447/57
s 0
f 353/352/84 313/357/84 321/397/84 361/394/84
f 314/353/85 354/371/85 333/370/85 293/354/85
s 1
f 355/356/28 315/436/38 324/449/65 364/398/62
f 356/438/37 316/372/40 327/405/68 367/450/66
s 0
f 357/409/83 317/419/83 330/430/83 370/423/83
f 318/410/86 358/413/86 336/412/86 296/407/86
s 1
f 319/414/71 359/451/74 338/452/73 298/411/70
f 320/453/75 360/422/77 337/421/76 297/454/72
s 0
f 361/394/87 321/397/87 322/396/87 362/391/87
f 362/391/87 322/396/87 363/425/87 323/424/87
f 323/424/87 363/425/87 358/413/87 318/410/87
s 1
f 364/398/62 324/449/65 365/455/64 325/395/61
f 325/395/61 365/455/64 366/456/79 326/426/78
f 326/426/78 366/456/79 359/451/74 319/414/71
f 367/450/66 327/405/68 368/404/67 328/457/63
f 328/457/63 368/404/67 369/429/81 329/458/80
f 329/458/80 369/429/81 360/422/77 320/453/75
s 0
f 370/423/88 330/430/88 371/403/88 331/392/88
f 331/392/88 371/403/88 372/406/88 332/393/88
f 332/393/89 372/406/89 354/371/89 314/353/89
f 294/434/90 374/351/90 293/354/90 373/431/90
f 333/370/91 375/380/91 373/431/91 293/354/91
f 334/359/92 376/358/92 374/351/92 294/434/92
s 1
f 377/459/59 386/460/59 382/461/59 389/462/59
f 378/463/2 388/464/2 384/465/2 390/466/2
f 380/467/93 387/468/93 383/469/93 392/470/93
f 379/471/4 385/472/4 381/473/4 391/474/4
s 0
f 386/460/87 378/463/87 390/466/87 382/461/87
f 389/462/88 381/473/88 385/472/88 377/459/88
f 388/464/94 380/475/94 392/476/94 384/465/94
f 387/468/95 379/471/95 391/474/95 383/469/95
s 1
f 393/477/1 402/478/1 398/479/1 405/480/1
f 394/481/2 404/482/2 400/483/2 406/484/2
f 396/485/3 403/486/3 399/487/3 408/488/3
f 395/489/4 401/490/4 397/491/4 407/492/4
s 0
f 402/478/96 394/481/96 406/484/96 398/479/96
f 405/480/97 397/491/97 401/490/97 393/477/97
f 404/482/98 396/493/98 408/494/98 400/483/98
f 403/486/99 395/489/99 407/492/99 399/487/99
s 1
f 479/495/100 434/496/100 435/497/101 478/498/101
f 447/499/2 423/500/2 422/501/2 446/502/2
f 515/503/93 503/504/93 502/505/93 514/506/93
f 490/507/4 459/508/4 458/509/4 491/510/4
f 414/511/102 469/512/102 485/513/103 428/514/103
f 428/514/103 485/513/103 430/515/104 483/516/104
f 483/516/104 430/515/104 431/517/105 482/518/105
f 482/518/105 431/517/105 432/519/106 481/520/106
f 481/520/106 432/519/106 433/521/107 480/522/107
f 480/522/107 433/521/107 434/496/100 479/495/100
f 409/523/108 466/524/108 473/525/109 440/526/109
f 440/526/109 473/525/109 474/527/110 439/528/110
f 439/528/110 474/527/110 475/529/111 438/530/111
f 438/530/111 475/529/111 476/531/112 437/532/112
f 437/532/112 476/531/112 477/533/113 436/534/113
f 436/534/113 477/533/113 478/498/101 435/497/101
f 416/535/2 470/536/2 484/537/2 452/538/2
f 452/538/2 484/537/2 427/539/2 451/540/2
f 451/540/2 427/539/2 426/541/2 450/542/2
f 450/542/2 426/541/2 425/543/2 449/544/2
f 449/544/2 425/543/2 424/545/2 448/546/2
f 448/546/2 424/545/2 423/500/2 447/499/2
f 410/547/2 468/548/2 497/549/2 417/550/2
f 417/550/2 497/549/2 442/551/2 418/552/2
f 418/552/2 442/551/2 443/553/2 419/554/2
f 419/554/2 443/553/2 444/555/2 420/556/2
f 420/556/2 444/555/2 445/557/2 421/558/2
f 421/558/2 445/557/2 446/502/2 422/501/2
f 415/559/93 472/560/93 508/561/93 464/562/93
f 464/562/93 508/561/93 507/563/93 519/564/93
f 519/564/93 507/563/93 506/565/93 518/566/93
f 518/566/93 506/565/93 505/567/93 517/568/93
f 517/568/93 505/567/93 504/569/93 516/570/93
f 516/570/93 504/569/93 503/504/93 515/503/93
f 412/571/93 467/572/93 509/573/93 441/574/93
f 441/574/93 509/573/93 510/575/93 498/576/93
f 498/576/93 510/575/93 511/577/93 499/578/93
f 499/578/93 511/577/93 512/579/93 500/580/93
f 500/580/93 512/579/93 513/581/93 501/582/93
f 501/582/93 513/581/93 514/506/93 502/505/93
f 413/583/4 471/584/4 520/585/4 429/586/4
f 429/586/4 520/585/4 463/587/4 486/588/4
f 486/588/4 463/587/4 462/589/4 487/590/4
f 487/590/4 462/589/4 461/591/4 488/592/4
f 488/592/4 461/591/4 460/593/4 489/594/4
f 489/594/4 460/593/4 459/508/4 490/507/4
f 411/595/4 465/596/4 496/597/4 453/598/4
f 453/598/4 496/597/4 495/599/4 454/600/4
f 454/600/4 495/599/4 494/601/4 455/602/4
f 455/602/4 494/601/4 493/603/4 456/604/4
f 456/604/4 493/603/4 492/605/4 457/606/4
f 457/606/4 492/605/4 491/510/4 458/509/4
s 0
f 466/524/114 410/607/114 417/608/114 473/525/114
f 469/512/115 413/583/115 429/586/115 485/513/115
f 468/548/94 412/571/94 441/574/94 497/549/94
f 467/572/95 411/595/95 453/598/95 509/573/95
f 473/525/116 417/608/116 418/609/116 474/527/116
f 474/527/117 418/609/117 419/610/117 475/529/117
f 475/529/118 419/610/118 420/611/118 476/531/118
f 476/531/119 420/611/119 421/612/119 477/533/119
f 477/533/120 421/612/120 422/613/120 478/498/120
f 478/498/87 422/613/87 423/614/87 479/495/87
f 479/495/121 423/614/121 424/615/121 480/522/121
f 480/522/122 424/615/122 425/616/122 481/520/122
f 481/520/123 425/616/123 426/617/123 482/518/123
f 482/518/124 426/617/124 427/618/124 483/516/124
f 483/516/145 427/618/145 484/619/145 428/514/145
f 428/514/126 484/619/126 470/620/126 414/511/126
f 485/513/127 429/586/127 486/588/127 430/515/127
f 430/515/128 486/588/128 487/590/128 431/517/128
f 431/517/129 487/590/129 488/592/129 432/519/129
f 432/519/130 488/592/130 489/594/130 433/521/130
f 433/521/131 489/594/131 490/507/131 434/496/131
f 434/496/88 490/507/88 491/510/88 435/497/88
f 435/497/146 491/510/146 492/605/146 436/534/146
f 436/534/134 492/605/134 493/603/134 437/532/134
f 437/532/147 493/603/147 494/601/147 438/530/147
f 438/530/136 494/601/136 495/599/136 439/528/136
f 439/528/148 495/599/148 496/597/148 440/526/148
f 440/526/138 496/597/138 465/596/138 409/523/138
f 497/549/94 441/574/94 498/576/94 442/551/94
f 442/551/94 498/576/94 499/578/94 443/553/94
f 443/553/94 499/578/94 500/580/94 444/555/94
f 444/555/94 500/580/94 501/582/94 445/557/94
f 445/557/94 501/582/94 502/505/94 446/502/94
f 446/502/94 502/505/94 503/504/94 447/499/94
f 447/499/94 503/504/94 504/569/94 448/546/94
f 448/546/94 504/569/94 505/567/94 449/544/94
f 449/544/94 505/567/94 506/565/94 450/542/94
f 450/542/94 506/565/94 507/563/94 451/540/94
f 451/540/94 507/563/94 508/561/94 452/538/94
f 452/538/94 508/561/94 472/560/94 416/535/94
f 509/573/95 453/598/95 454/600/95 510/575/95
f 510/575/95 454/600/95 455/602/95 511/577/95
f 511/577/95 455/602/95 456/604/95 512/579/95
f 512/579/95 456/604/95 457/606/95 513/581/95
f 513/581/95 457/606/95 458/509/95 514/506/95
f 514/506/95 458/509/95 459/508/95 515/503/95
f 515/503/95 459/508/95 460/593/95 516/570/95
f 516/570/95 460/593/95 461/591/95 517/568/95
f 517/568/95 461/591/95 462/589/95 518/566/95
f 518/566/95 462/589/95 463/587/95 519/564/95
f 519/564/95 463/587/95 520/585/95 464/562/95
f 464/562/95 520/585/95 471/584/95 415/559/95
s 1
f 537/621/149 530/622/149 524/623/149 523/624/149
f 549/625/150 535/626/150 552/627/150 534/628/150
f 545/629/151 525/630/151 526/631/151 538/632/151
f 544/633/2 532/634/2 540/635/2 546/636/2 522/637/2 542/638/2 550/639/2 536/640/2
f 548/641/152 528/642/152 527/643/152 531/644/152
f 541/645/4 529/646/4 521/647/4 539/648/4 547/649/4 543/650/4 551/651/4 533/652/4
s 0
f 537/621/153 545/629/153 538/632/153 530/622/153
f 524/623/154 548/641/154 531/644/154 523/624/154
f 535/653/155 527/643/155 528/642/155 552/654/155
f 534/628/156 526/631/156 525/630/156 549/625/156
f 530/655/157 546/636/157 540/635/157 524/656/157
f 523/657/158 539/648/158 521/647/158 537/658/158
f 549/659/159 533/652/159 551/651/159 535/660/159
f 552/661/160 536/640/160 550/639/160 534/662/160
f 545/663/161 529/646/161 541/645/161 525/664/161
f 526/665/162 542/638/162 522/637/162 538/666/162
f 544/633/163 528/667/163 548/668/163 532/634/163
f 527/669/164 543/650/164 547/649/164 531/670/164
f 537/658/165 521/647/165 529/646/165 545/663/165
f 538/666/166 522/637/166 546/636/166 530/655/166
f 531/670/167 547/649/167 539/648/167 523/657/167
f 524/656/168 540/635/168 532/634/168 548/668/168
f 525/664/169 541/645/169 533/652/169 549/659/169
f 534/662/170 550/639/170 542/638/170 526/665/170
f 535/660/171 551/651/171 543/650/171 527/669/171
f 528/667/172 544/633/172 536/640/172 552/661/172
s 1
f 687/671/173 590/672/174 591/673/174 686/674/173
f 727/675/175 746/676/176 747/677/176 726/678/175
f 630/679/177 571/680/178 570/681/178 631/682/177
f 670/683/179 668/684/180 560/685/181 786/686/182
f 610/687/183 707/688/183 706/689/184 611/690/184
f 671/691/185 559/692/186 557/693/187 553/694/188
f 554/695/189 672/696/190 790/697/174 697/698/174 696/699/173 782/700/191 766/701/192 658/702/193 758/703/194 778/704/195 646/705/196 654/706/197
f 696/699/173 697/698/174 582/707/174 695/708/173
f 695/708/173 582/707/174 583/709/174 694/710/173
f 694/710/173 583/709/174 584/711/174 693/712/173
f 693/712/173 584/711/174 585/713/174 692/714/173
f 692/714/173 585/713/174 586/715/174 691/716/173
f 691/716/173 586/715/174 587/717/174 690/718/173
f 690/718/173 587/717/174 588/719/174 689/720/173
f 689/720/173 588/719/174 589/721/174 688/722/173
f 688/722/173 589/721/174 590/672/174 687/671/173
f 757/723/198 781/724/199 649/725/200 561/726/173 600/727/174 555/728/174 785/729/201 669/730/202 769/731/203 761/732/204 777/733/205 657/734/206
f 600/727/174 561/726/173 678/735/173 599/736/174
f 599/736/174 678/735/173 679/737/173 598/738/174
f 598/738/174 679/737/173 680/739/173 597/740/174
f 597/740/174 680/739/173 681/741/173 596/742/174
f 596/742/174 681/741/173 682/743/173 595/744/174
f 595/744/174 682/743/173 683/745/173 594/746/174
f 594/746/174 683/745/173 684/747/173 593/748/174
f 593/748/174 684/747/173 685/749/173 592/750/174
f 592/750/174 685/749/173 686/674/173 591/673/174
f 648/751/207 656/752/208 558/753/209 737/754/176 620/755/175 792/756/175 676/757/210 784/758/211 768/759/212 660/760/213 760/761/214 780/762/215
f 620/755/175 737/754/176 738/763/176 735/764/175
f 735/764/175 738/763/176 739/765/176 734/766/175
f 734/766/175 739/765/176 740/767/176 733/768/175
f 733/768/175 740/767/176 741/769/176 732/770/175
f 732/770/175 741/769/176 742/771/176 731/772/175
f 731/772/175 742/771/176 743/773/176 730/774/175
f 730/774/175 743/773/176 744/775/176 729/776/175
f 729/776/175 744/775/176 745/777/176 728/778/175
f 728/778/175 745/777/176 746/676/176 727/675/175
f 673/779/216 791/780/217 675/781/175 717/782/175 756/783/176 767/784/218 783/785/219 775/786/220 759/787/221 779/788/222 763/789/223 655/790/224
f 756/783/176 717/782/175 718/791/175 755/792/176
f 755/792/176 718/791/175 719/793/175 754/794/176
f 754/794/176 719/793/175 720/795/175 753/796/176
f 753/796/176 720/795/175 721/797/175 752/798/176
f 752/798/176 721/797/175 722/799/175 751/800/176
f 751/800/176 722/799/175 723/801/175 750/802/176
f 750/802/176 723/801/175 724/803/175 749/804/176
f 749/804/176 724/803/175 725/805/175 748/806/176
f 748/806/176 725/805/175 726/678/175 747/677/176
f 674/807/225 666/808/226 580/809/178 621/810/177
f 621/810/177 580/809/178 579/811/178 622/812/177
f 622/812/177 579/811/178 578/813/178 623/814/177
f 623/814/177 578/813/178 577/815/178 624/816/177
f 624/816/177 577/815/178 576/817/178 625/818/177
f 625/818/177 576/817/178 575/819/178 626/820/177
f 626/820/177 575/819/178 574/821/178 627/822/177
f 627/822/177 574/821/178 573/823/178 628/824/177
f 628/824/177 573/823/178 572/825/178 629/826/177
f 629/826/177 572/825/178 571/680/178 630/679/177
f 765/827/227 651/828/228 640/829/177 677/830/178
f 677/830/178 640/829/177 639/831/177 562/832/178
f 562/832/178 639/831/177 638/833/177 563/834/178
f 563/834/178 638/833/177 637/835/177 564/836/178
f 564/836/178 637/835/177 636/837/177 565/838/178
f 565/838/178 636/837/177 635/839/177 566/840/178
f 566/840/178 635/839/177 634/841/177 567/842/178
f 567/842/178 634/841/177 633/843/177 568/844/178
f 568/844/178 633/843/177 632/845/177 569/846/178
f 569/846/178 632/845/177 631/682/177 570/681/178
f 787/847/229 789/848/229 716/849/230 601/850/230
f 601/850/230 716/849/230 715/851/231 602/852/231
f 602/852/231 715/851/231 714/853/232 603/854/232
f 603/854/232 714/853/232 713/855/233 604/856/233
f 604/856/233 713/855/233 712/857/234 605/858/234
f 605/858/234 712/857/234 711/859/235 606/860/235
f 606/860/235 711/859/235 710/861/236 607/862/236
f 607/862/236 710/861/236 709/863/237 608/864/237
f 608/864/237 709/863/237 708/865/238 609/866/238
f 609/866/238 708/865/238 707/688/183 610/687/183
f 556/867/239 788/868/239 736/869/240 581/870/240
f 581/870/240 736/869/240 619/871/241 698/872/241
f 698/872/241 619/871/241 618/873/242 699/874/242
f 699/874/242 618/873/242 617/875/243 700/876/243
f 700/876/243 617/875/243 616/877/244 701/878/244
f 701/878/244 616/877/244 615/879/245 702/880/245
f 702/880/245 615/879/245 614/881/246 703/882/246
f 703/882/246 614/881/246 613/883/247 704/884/247
f 704/884/247 613/883/247 612/885/248 705/886/248
f 705/886/248 612/885/248 611/690/184 706/689/184
f 773/887/249 661/888/250 663/889/251 643/890/252
f 664/891/253 644/892/254 662/893/255 642/894/256
f 665/895/257 641/896/258 659/897/259 667/898/260
f 772/899/261 764/900/262 774/901/263 650/902/264
f 645/903/265 653/904/266 771/905/267 647/906/268
f 776/907/269 652/908/270 770/909/271 762/910/272
f 765/827/227 665/895/257 667/898/260 651/828/228
f 674/807/225 772/899/261 650/902/264 666/808/226
f 661/888/250 645/903/265 647/906/268 663/889/251
f 644/892/254 776/907/269 762/910/272 662/893/255
f 641/896/258 773/887/249 643/890/252 659/897/259
f 764/900/262 664/891/253 642/894/256 774/901/263
f 653/904/266 553/694/188 557/693/187 771/905/267
f 652/908/270 668/684/180 670/683/179 770/909/271
f 649/725/200 765/911/227 677/912/178 561/726/173
f 554/695/189 670/913/179 786/914/182 672/696/190
s 0
f 790/697/273 556/867/273 581/870/273 697/698/273
s 1
f 785/729/201 671/915/185 553/916/188 669/730/202
f 673/779/216 557/917/187 559/918/186 791/780/217
s 0
f 675/781/274 787/847/274 601/850/274 717/782/274
s 1
f 676/757/210 560/919/181 668/920/180 784/758/211
f 558/753/209 674/921/225 621/922/177 737/754/176
f 561/726/173 677/912/178 562/923/178 678/735/173
f 678/735/173 562/923/178 563/924/178 679/737/173
f 679/737/173 563/924/178 564/925/178 680/739/173
f 680/739/173 564/925/178 565/926/178 681/741/173
f 681/741/173 565/926/178 566/927/178 682/743/173
f 682/743/173 566/927/178 567/928/178 683/745/173
f 683/745/173 567/928/178 568/929/178 684/747/173
f 684/747/173 568/929/178 569/930/178 685/749/173
f 685/749/173 569/930/178 570/931/178 686/674/173
f 686/674/173 570/931/178 571/932/178 687/671/173
f 687/671/173 571/932/178 572/933/178 688/722/173
f 688/722/173 572/933/178 573/934/178 689/720/173
f 689/720/173 573/934/178 574/935/178 690/718/173
f 690/718/173 574/935/178 575/936/178 691/716/173
f 691/716/173 575/936/178 576/937/178 692/714/173
f 692/714/173 576/937/178 577/938/178 693/712/173
f 693/712/173 577/938/178 578/939/178 694/710/173
f 694/710/173 578/939/178 579/940/178 695/708/173
f 695/708/173 579/940/178 580/941/178 696/699/173
f 696/699/173 580/941/178 666/942/226 782/700/191
s 0
f 697/698/275 581/870/275 698/872/275 582/707/275
f 582/707/276 698/872/276 699/874/276 583/709/276
f 583/709/277 699/874/277 700/876/277 584/711/277
f 584/711/278 700/876/278 701/878/278 585/713/278
f 585/713/279 701/878/279 702/880/279 586/715/279
f 586/715/280 702/880/280 703/882/280 587/717/280
f 587/717/281 703/882/281 704/884/281 588/719/281
f 588/719/282 704/884/282 705/886/282 589/721/282
f 589/721/283 705/886/283 706/689/283 590/672/283
f 590/672/284 706/689/284 707/688/284 591/673/284
f 591/673/285 707/688/285 708/865/285 592/750/285
f 592/750/286 708/865/286 709/863/286 593/748/286
f 593/748/287 709/863/287 710/861/287 594/746/287
f 594/746/288 710/861/288 711/859/288 595/744/288
f 595/744/289 711/859/289 712/857/289 596/742/289
f 596/742/290 712/857/290 713/855/290 597/740/290
f 597/740/291 713/855/291 714/853/291 598/738/291
f 598/738/292 714/853/292 715/851/292 599/736/292
f 599/736/293 715/851/293 716/849/293 600/727/293
f 600/727/294 716/849/294 789/848/294 555/728/294
f 717/782/295 601/850/295 602/852/295 718/791/295
f 718/791/296 602/852/296 603/854/296 719/793/296
f 719/793/297 603/854/297 604/856/297 720/795/297
f 720/795/298 604/856/298 605/858/298 721/797/298
f 721/797/299 605/858/299 606/860/299 722/799/299
f 722/799/300 606/860/300 607/862/300 723/801/300
f 723/801/301 607/862/301 608/864/301 724/803/301
f 724/803/302 608/864/302 609/866/302 725/805/302
f 725/805/303 609/866/303 610/687/303 726/678/303
f 726/678/304 610/687/304 611/690/304 727/675/304
f 727/675/305 611/690/305 612/885/305 728/778/305
f 728/778/306 612/885/306 613/883/306 729/776/306
f 729/776/307 613/883/307 614/881/307 730/774/307
f 730/774/308 614/881/308 615/879/308 731/772/308
f 731/772/309 615/879/309 616/877/309 732/770/309
f 732/770/310 616/877/310 617/875/310 733/768/310
f 733/768/311 617/875/311 618/873/311 734/766/311
f 734/766/312 618/873/312 619/871/312 735/764/312
f 735/764/313 619/871/313 736/869/313 620/755/313
f 620/755/314 736/869/314 788/868/314 792/756/314
s 1
f 737/754/176 621/922/177 622/943/177 738/763/176
f 738/763/176 622/943/177 623/944/177 739/765/176
f 739/765/176 623/944/177 624/945/177 740/767/176
f 740/767/176 624/945/177 625/946/177 741/769/176
f 741/769/176 625/946/177 626/947/177 742/771/176
f 742/771/176 626/947/177 627/948/177 743/773/176
f 743/773/176 627/948/177 628/949/177 744/775/176
f 744/775/176 628/949/177 629/950/177 745/777/176
f 745/777/176 629/950/177 630/951/177 746/676/176
f 746/676/176 630/951/177 631/952/177 747/677/176
f 747/677/176 631/952/177 632/953/177 748/806/176
f 748/806/176 632/953/177 633/954/177 749/804/176
f 749/804/176 633/954/177 634/955/177 750/802/176
f 750/802/176 634/955/177 635/956/177 751/800/176
f 751/800/176 635/956/177 636/957/177 752/798/176
f 752/798/176 636/957/177 637/958/177 753/796/176
f 753/796/176 637/958/177 638/959/177 754/794/176
f 754/794/176 638/959/177 639/960/177 755/792/176
f 755/792/176 639/960/177 640/961/177 756/783/176
f 756/783/176 640/961/177 651/962/228 767/784/218
f 773/963/249 657/734/206 777/733/205 661/964/250
f 662/965/255 778/704/195 758/703/194 642/966/256
f 663/967/251 779/788/222 759/787/221 643/968/252
f 664/969/253 780/762/215 760/761/214 644/970/254
f 645/971/265 761/732/204 769/731/203 653/972/266
f 770/973/271 654/706/197 646/705/196 762/974/272
f 771/975/267 655/790/224 763/789/223 647/976/268
f 772/977/261 656/752/208 648/751/207 764/978/262
f 665/979/257 781/724/199 757/723/198 641/980/258
f 774/981/263 658/702/193 766/701/192 650/982/264
f 659/983/259 775/786/220 783/785/219 667/984/260
f 776/985/269 660/760/213 768/759/212 652/986/270
f 653/972/266 769/731/203 669/730/202 553/916/188
f 670/913/179 554/695/189 654/706/197 770/973/271
f 557/917/187 673/779/216 655/790/224 771/975/267
f 674/921/225 558/753/209 656/752/208 772/977/261
f 641/980/258 757/723/198 657/734/206 773/963/249
f 642/966/256 758/703/194 658/702/193 774/981/263
f 643/968/252 759/787/221 775/786/220 659/983/259
f 644/970/254 760/761/214 660/760/213 776/985/269
f 661/964/250 777/733/205 761/732/204 645/971/265
f 762/974/272 646/705/196 778/704/195 662/965/255
f 647/976/268 763/789/223 779/788/222 663/967/251
f 764/978/262 648/751/207 780/762/215 664/969/253
f 765/911/227 649/725/200 781/724/199 665/979/257
f 650/982/264 766/701/192 782/700/191 666/942/226
f 667/984/260 783/785/219 767/784/218 651/962/228
f 652/986/270 768/759/212 784/758/211 668/920/180
s 0
f 560/685/315 788/987/315 556/988/315 786/686/315
f 787/989/316 559/692/316 671/691/316 789/990/316
f 789/848/317 671/915/317 785/729/317 555/728/317
f 790/697/318 672/696/318 786/914/318 556/867/318
f 675/781/319 791/780/319 559/918/319 787/847/319
f 676/757/320 792/756/320 788/868/320 560/919/320
s 1
f 793/991/321 803/992/321 796/993/321 802/994/321
f 805/995/322 798/996/322 808/997/322 799/998/322
f 801/999/323 794/1000/323 806/1001/323 797/1002/323
f 804/1003/324 795/1004/324 807/1005/324 800/1006/324
s 0
f 803/992/325 795/1007/325 804/1008/325 796/993/325
f 802/994/326 794/1000/326 801/999/326 793/991/326
f 805/995/327 797/1002/327 806/1001/327 798/996/327
f 808/997/328 800/1006/328 807/1005/328 799/998/328
s 1
f 821/1009/329 811/1010/329 824/1011/329 810/1012/329
f 813/1013/330 818/1014/330 816/1015/330 819/1016/330
f 822/1017/331 812/1018/331 820/1019/331 814/1020/331
f 823/1021/332 809/1022/332 817/1023/332 815/1024/332
s 0
f 818/1014/333 814/1020/333 820/1019/333 816/1015/333
f 819/1016/334 815/1024/334 817/1023/334 813/1013/334
f 821/1009/335 809/1022/335 823/1021/335 811/1010/335
f 824/1025/336 812/1018/336 822/1017/336 810/1026/336
s 1
f 825/1027/337 835/1028/337 828/1029/337 834/1030/337
f 837/1031/338 830/1032/338 840/1033/338 831/1034/338
f 833/1035/339 826/1036/339 838/1037/339 829/1038/339
f 836/1039/340 827/1040/340 839/1041/340 832/1042/340
s 0
f 835/1028/341 827/1040/341 836/1039/341 828/1029/341
f 834/1030/342 826/1043/342 833/1044/342 825/1027/342
f 837/1031/343 829/1038/343 838/1037/343 830/1032/343
f 840/1033/344 832/1042/344 839/1041/344 831/1034/344
s 1
f 857/1045/345 850/1046/345 844/1047/345 843/1048/345
f 869/1049/346 855/1050/346 872/1051/346 854/1052/346
f 865/1053/347 845/1054/347 846/1055/347 858/1056/347
f 864/1057/2 852/1058/2 860/1059/2 866/1060/2 842/1061/2 862/1062/2 870/1063/2 856/1064/2
f 868/1065/348 848/1066/348 847/1067/348 851/1068/348
f 861/1069/4 849/1070/4 841/1071/4 859/1072/4 867/1073/4 863/1074/4 871/1075/4 853/1076/4
s 0
f 857/1045/349 865/1053/349 858/1056/349 850/1046/349
f 844/1047/350 868/1065/350 851/1068/350 843/1048/350
f 855/1077/351 847/1067/351 848/1066/351 872/1078/351
f 854/1052/352 846/1055/352 845/1054/352 869/1049/352
f 850/1079/353 866/1060/353 860/1059/353 844/1080/353
f 843/1081/354 859/1072/354 841/1071/354 857/1082/354
f 869/1083/355 853/1076/355 871/1075/355 855/1084/355
f 872/1085/356 856/1064/356 870/1063/356 854/1086/356
f 865/1087/357 849/1070/357 861/1069/357 845/1088/357
f 846/1089/358 862/1062/358 842/1061/358 858/1090/358
f 864/1057/359 848/1091/359 868/1092/359 852/1058/359
f 847/1093/360 863/1074/360 867/1073/360 851/1094/360
f 857/1082/361 841/1071/361 849/1070/361 865/1087/361
f 858/1090/362 842/1061/362 866/1060/362 850/1079/362
f 851/1094/363 867/1073/363 859/1072/363 843/1081/363
f 844/1080/364 860/1059/364 852/1058/364 868/1092/364
f 845/1088/365 861/1069/365 853/1076/365 869/1083/365
f 854/1086/366 870/1063/366 862/1062/366 846/1089/366
f 855/1084/367 871/1075/367 863/1074/367 847/1093/367
f 848/1091/368 864/1057/368 856/1064/368 872/1085/368
s 1
f 889/1095/59 882/1096/59 876/1097/59 875/1098/59
f 901/1099/93 887/1100/93 904/1101/93 886/1102/93
f 897/1103/1 877/1104/1 878/1105/1 890/1106/1
f 896/1107/2 884/1108/2 892/1109/2 898/1110/2 874/1111/2 894/1112/2 902/1113/2 888/1114/2
f 900/1115/3 880/1116/3 879/1117/3 883/1118/3
f 893/1119/4 881/1120/4 873/1121/4 891/1122/4 899/1123/4 895/1124/4 903/1125/4 885/1126/4
s 0
f 889/1095/369 897/1103/369 890/1106/369 882/1096/369
f 876/1097/370 900/1115/370 883/1118/370 875/1098/370
f 887/1127/371 879/1117/371 880/1116/371 904/1128/371
f 886/1102/372 878/1105/372 877/1104/372 901/1099/372
f 882/1129/87 898/1110/87 892/1109/87 876/1130/87
f 875/1131/88 891/1122/88 873/1121/88 889/1132/88
f 901/1133/95 885/1126/95 903/1125/95 887/1134/95
f 904/1135/94 888/1114/94 902/1113/94 886/1136/94
f 897/1137/97 881/1120/97 893/1119/97 877/1138/97
f 878/1139/373 894/1112/373 874/1111/373 890/1140/373
f 896/1107/98 880/1141/98 900/1142/98 884/1108/98
f 879/1143/99 895/1124/99 899/1123/99 883/1144/99
f 889/1132/374 873/1121/374 881/1120/374 897/1137/374
f 890/1140/375 874/1111/375 898/1110/375 882/1129/375
f 883/1144/376 899/1123/376 891/1122/376 875/1131/376
f 876/1130/377 892/1109/377 884/1108/377 900/1142/377
f 877/1138/378 893/1119/378 885/1126/378 901/1133/378
f 886/1136/379 902/1113/379 894/1112/379 878/1139/379
f 887/1134/380 903/1125/380 895/1124/380 879/1143/380
f 880/1141/381 896/1107/381 888/1114/381 904/1135/381
s 1
f 921/1145/382 914/1146/382 908/1147/382 907/1148/382
f 933/1149/383 919/1150/383 936/1151/383 918/1152/383
f 929/1153/384 909/1154/384 910/1155/384 922/1156/384
f 928/1157/2 916/1158/2 924/1159/2 930/1160/2 906/1161/2 926/1162/2 934/1163/2 920/1164/2
f 932/1165/385 912/1166/385 911/1167/385 915/1168/385
f 925/1169/4 913/1170/4 905/1171/4 923/1172/4 931/1173/4 927/1174/4 935/1175/4 917/1176/4
s 0
f 921/1145/386 929/1153/386 922/1156/386 914/1146/386
f 908/1147/387 932/1165/387 915/1168/387 907/1148/387
f 919/1177/388 911/1167/388 912/1166/388 936/1178/388
f 918/1152/389 910/1155/389 909/1154/389 933/1149/389
f 914/1179/390 930/1160/390 924/1159/390 908/1180/390
f 907/1181/391 923/1172/391 905/1171/391 921/1182/391
f 933/1183/392 917/1176/392 935/1175/392 919/1184/392
f 936/1185/393 920/1164/393 934/1163/393 918/1186/393
f 929/1187/394 913/1170/394 925/1169/394 909/1188/394
f 910/1189/395 926/1162/395 906/1161/395 922/1190/395
f 928/1157/396 912/1191/396 932/1192/396 916/1158/396
f 911/1193/397 927/1174/397 931/1173/397 915/1194/397
f 921/1182/398 905/1171/398 913/1170/398 929/1187/398
f 922/1190/399 906/1161/399 930/1160/399 914/1179/399
f 915/1194/400 931/1173/400 923/1172/400 907/1181/400
f 908/1180/401 924/1159/401 916/1158/401 932/1192/401
f 909/1188/402 925/1169/402 917/1176/402 933/1183/402
f 918/1186/403 934/1163/403 926/1162/403 910/1189/403
f 919/1184/404 935/1175/404 927/1174/404 911/1193/404
f 912/1191/405 928/1157/405 920/1164/405 936/1185/405
s 1
f 953/1195/406 946/1196/406 940/1197/406 939/1198/406
f 965/1199/407 951/1200/407 968/1201/407 950/1202/407
f 961/1203/408 941/1204/408 942/1205/408 954/1206/408
f 960/1207/2 948/1208/2 956/1209/2 962/1210/2 938/1211/2 958/1212/2 966/1213/2 952/1214/2
f 964/1215/409 944/1216/409 943/1217/409 947/1218/409
f 957/1219/4 945/1220/4 937/1221/4 955/1222/4 963/1223/4 959/1224/4 967/1225/4 949/1226/4
s 0
f 953/1195/410 961/1203/410 954/1206/410 946/1196/410
f 940/1197/411 964/1215/411 947/1218/411 939/1198/411
f 951/1227/412 943/1217/412 944/1216/412 968/1228/412
f 950/1202/413 942/1205/413 941/1204/413 965/1199/413
f 946/1229/414 962/1210/414 956/1209/414 940/1230/414
f 939/1231/415 955/1222/415 937/1221/415 953/1232/415
f 965/1233/416 949/1226/416 967/1225/416 951/1234/416
f 968/1235/417 952/1214/417 966/1213/417 950/1236/417
f 961/1237/418 945/1220/418 957/1219/418 941/1238/418
f 942/1239/419 958/1212/419 938/1211/419 954/1240/419
f 960/1207/420 944/1241/420 964/1242/420 948/1208/420
f 943/1243/421 959/1224/421 963/1223/421 947/1244/421
f 953/1232/422 937/1221/422 945/1220/422 961/1237/422
f 954/1240/423 938/1211/423 962/1210/423 946/1229/423
f 947/1244/424 963/1223/424 955/1222/424 939/1231/424
f 940/1230/425 956/1209/425 948/1208/425 964/1242/425
f 941/1238/426 957/1219/426 949/1226/426 965/1233/426
f 950/1236/427 966/1213/427 958/1212/427 942/1239/427
f 951/1234/428 967/1225/428 959/1224/428 943/1243/428
f 944/1241/429 960/1207/429 952/1214/429 968/1235/429
s 1
f 985/1245/430 978/1246/430 972/1247/430 971/1248/430
f 997/1249/431 983/1250/431 1000/1251/431 982/1252/431
f 993/1253/432 973/1254/432 974/1255/432 986/1256/432
f 992/1257/2 980/1258/2 988/1259/2 994/1260/2 970/1261/2 990/1262/2 998/1263/2 984/1264/2
f 996/1265/433 976/1266/433 975/1267/433 979/1268/433
f 989/1269/4 977/1270/4 969/1271/4 987/1272/4 995/1273/4 991/1274/4 999/1275/4 981/1276/4
s 0
f 985/1245/434 993/1253/434 986/1256/434 978/1246/434
f 972/1247/435 996/1265/435 979/1268/435 971/1248/435
f 983/1277/436 975/1267/436 976/1266/436 1000/1278/436
f 982/1252/437 974/1255/437 973/1254/437 997/1249/437
f 978/1279/438 994/1260/438 988/1259/438 972/1280/438
f 971/1281/439 987/1272/439 969/1271/439 985/1282/439
f 997/1283/440 981/1276/440 999/1275/440 983/1284/440
f 1000/1285/441 984/1264/441 998/1263/441 982/1286/441
f 993/1287/442 977/1270/442 989/1269/442 973/1288/442
f 974/1289/443 990/1262/443 970/1261/443 986/1290/443
f 992/1257/444 976/1291/444 996/1292/444 980/1258/444
f 975/1293/445 991/1274/445 995/1273/445 979/1294/445
f 985/1282/446 969/1271/446 977/1270/446 993/1287/446
f 986/1290/447 970/1261/447 994/1260/447 978/1279/447
f 979/1294/448 995/1273/448 987/1272/448 971/1281/448
f 972/1280/449 988/1259/449 980/1258/449 996/1292/449
f 973/1288/450 989/1269/450 981/1276/450 997/1283/450
f 982/1286/451 998/1263/451 990/1262/451 974/1289/451
f 983/1284/452 999/1275/452 991/1274/452 975/1293/452
f 976/1291/453 992/1257/453 984/1264/453 1000/1285/453
s 1
f 1013/1295/329 1003/1296/329 1016/1297/329 1002/1298/329
f 1005/1299/330 1010/1300/330 1008/1301/330 1011/1302/330
f 1014/1303/331 1004/1304/331 1012/1305/331 1006/1306/331
f 1015/1307/332 1001/1308/332 1009/1309/332 1007/1310/332
s 0
f 1010/1300/333 1006/1306/333 1012/1305/333 1008/1301/333
f 1011/1302/334 1007/1310/334 1009/1309/334 1005/1299/334
f 1013/1295/335 1001/1308/335 1015/1307/335 1003/1296/335
f 1016/1311/336 1004/1304/336 1014/1303/336 1002/1312/336
s 1
f 1029/1313/329 1019/1314/329 1032/1315/329 1018/1316/329
f 1021/1317/330 1026/1318/330 1024/1319/330 1027/1320/330
f 1030/1321/331 1020/1322/331 1028/1323/331 1022/1324/331
f 1031/1325/332 1017/1326/332 1025/1327/332 1023/1328/332
s 0
f 1026/1318/333 1022/1324/333 1028/1323/333 1024/1319/333
f 1027/1320/334 1023/1328/334 1025/1327/334 1021/1317/334
f 1029/1313/335 1017/1326/335 1031/1325/335 1019/1314/335
f 1032/1329/336 1020/1322/336 1030/1321/336 1018/1330/336
s 1
f 1045/1331/329 1035/1332/329 1048/1333/329 1034/1334/329
f 1037/1335/330 1042/1336/330 1040/1337/330 1043/1338/330
f 1046/1339/331 1036/1340/331 1044/1341/331 1038/1342/331
f 1047/1343/332 1033/1344/332 1041/1345/332 1039/1346/332
s 0
f 1042/1336/333 1038/1342/333 1044/1341/333 1040/1337/333
f 1043/1338/334 1039/1346/334 1041/1345/334 1037/1335/334
f 1045/1331/335 1033/1344/335 1047/1343/335 1035/1332/335
f 1048/1347/336 1036/1340/336 1046/1339/336 1034/1348/336
s 1
f 1049/1349/454 1059/1350/454 1052/1351/454 1058/1352/454
f 1061/1353/455 1054/1354/455 1064/1355/455 1055/1356/455
f 1057/1357/456 1050/1358/456 1062/1359/456 1053/1360/456
f 1060/1361/457 1051/1362/457 1063/1363/457 1056/1364/457
s 0
f 1059/1350/458 1051/1365/458 1060/1366/458 1052/1351/458
f 1058/1352/459 1050/1358/459 1057/1357/459 1049/1349/459
f 1061/1353/460 1053/1360/460 1062/1359/460 1054/1354/460
f 1064/1355/461 1056/1364/461 1063/1363/461 1055/1356/461
s 1
f 1065/1367/454 1075/1368/454 1068/1369/454 1074/1370/454
f 1077/1371/455 1070/1372/455 1080/1373/455 1071/1374/455
f 1073/1375/456 1066/1376/456 1078/1377/456 1069/1378/456
f 1076/1379/457 1067/1380/457 1079/1381/457 1072/1382/457
s 0
f 1075/1368/458 1067/1383/458 1076/1384/458 1068/1369/458
f 1074/1370/459 1066/1376/459 1073/1375/459 1065/1367/459
f 1077/1371/460 1069/1378/460 1078/1377/460 1070/1372/460
f 1080/1373/461 1072/1382/461 1079/1381/461 1071/1374/461
s 1
f 1151/1385/100 1106/1386/100 1107/1387/101 1150/1388/101
f 1119/1389/2 1095/1390/2 1094/1391/2 1118/1392/2
f 1187/1393/93 1175/1394/93 1174/1395/93 1186/1396/93
f 1162/1397/4 1131/1398/4 1130/1399/4 1163/1400/4
f 1086/1401/102 1141/1402/102 1157/1403/103 1100/1404/103
f 1100/1404/103 1157/1403/103 1102/1405/104 1155/1406/104
f 1155/1406/104 1102/1405/104 1103/1407/105 1154/1408/105
f 1154/1408/105 1103/1407/105 1104/1409/106 1153/1410/106
f 1153/1410/106 1104/1409/106 1105/1411/107 1152/1412/107
f 1152/1412/107 1105/1411/107 1106/1386/100 1151/1385/100
f 1081/1413/108 1138/1414/108 1145/1415/109 1112/1416/109
f 1112/1416/109 1145/1415/109 1146/1417/110 1111/1418/110
f 1111/1418/110 1146/1417/110 1147/1419/111 1110/1420/111
f 1110/1420/111 1147/1419/111 1148/1421/112 1109/1422/112
f 1109/1422/112 1148/1421/112 1149/1423/113 1108/1424/113
f 1108/1424/113 1149/1423/113 1150/1388/101 1107/1387/101
f 1088/1425/2 1142/1426/2 1156/1427/2 1124/1428/2
f 1124/1428/2 1156/1427/2 1099/1429/2 1123/1430/2
f 1123/1430/2 1099/1429/2 1098/1431/2 1122/1432/2
f 1122/1432/2 1098/1431/2 1097/1433/2 1121/1434/2
f 1121/1434/2 1097/1433/2 1096/1435/2 1120/1436/2
f 1120/1436/2 1096/1435/2 1095/1390/2 1119/1389/2
f 1082/1437/2 1140/1438/2 1169/1439/2 1089/1440/2
f 1089/1440/2 1169/1439/2 1114/1441/2 1090/1442/2
f 1090/1442/2 1114/1441/2 1115/1443/2 1091/1444/2
f 1091/1444/2 1115/1443/2 1116/1445/2 1092/1446/2
f 1092/1446/2 1116/1445/2 1117/1447/2 1093/1448/2
f 1093/1448/2 1117/1447/2 1118/1392/2 1094/1391/2
f 1087/1449/93 1144/1450/93 1180/1451/93 1136/1452/93
f 1136/1452/93 1180/1451/93 1179/1453/93 1191/1454/93
f 1191/1454/93 1179/1453/93 1178/1455/93 1190/1456/93
f 1190/1456/93 1178/1455/93 1177/1457/93 1189/1458/93
f 1189/1458/93 1177/1457/93 1176/1459/93 1188/1460/93
f 1188/1460/93 1176/1459/93 1175/1394/93 1187/1393/93
f 1084/1461/93 1139/1462/93 1181/1463/93 1113/1464/93
f 1113/1464/93 1181/1463/93 1182/1465/93 1170/1466/93
f 1170/1466/93 1182/1465/93 1183/1467/93 1171/1468/93
f 1171/1468/93 1183/1467/93 1184/1469/93 1172/1470/93
f 1172/1470/93 1184/1469/93 1185/1471/93 1173/1472/93
f 1173/1472/93 1185/1471/93 1186/1396/93 1174/1395/93
f 1085/1473/4 1143/1474/4 1192/1475/4 1101/1476/4
f 1101/1476/4 1192/1475/4 1135/1477/4 1158/1478/4
f 1158/1478/4 1135/1477/4 1134/1479/4 1159/1480/4
f 1159/1480/4 1134/1479/4 1133/1481/4 1160/1482/4
f 1160/1482/4 1133/1481/4 1132/1483/4 1161/1484/4
f 1161/1484/4 1132/1483/4 1131/1398/4 1162/1397/4
f 1083/1485/4 1137/1486/4 1168/1487/4 1125/1488/4
f 1125/1488/4 1168/1487/4 1167/1489/4 1126/1490/4
f 1126/1490/4 1167/1489/4 1166/1491/4 1127/1492/4
f 1127/1492/4 1166/1491/4 1165/1493/4 1128/1494/4
f 1128/1494/4 1165/1493/4 1164/1495/4 1129/1496/4
f 1129/1496/4 1164/1495/4 1163/1400/4 1130/1399/4
s 0
f 1138/1414/114 1082/1497/114 1089/1498/114 1145/1415/114
f 1141/1402/115 1085/1473/115 1101/1476/115 1157/1403/115
f 1140/1438/94 1084/1461/94 1113/1464/94 1169/1439/94
f 1139/1462/95 1083/1485/95 1125/1488/95 1181/1463/95
f 1145/1415/116 1089/1498/116 1090/1499/116 1146/1417/116
f 1146/1417/117 1090/1499/117 1091/1500/117 1147/1419/117
f 1147/1419/462 1091/1500/462 1092/1501/462 1148/1421/462
f 1148/1421/119 1092/1501/119 1093/1502/119 1149/1423/119
f 1149/1423/120 1093/1502/120 1094/1503/120 1150/1388/120
f 1150/1388/87 1094/1503/87 1095/1504/87 1151/1385/87
f 1151/1385/121 1095/1504/121 1096/1505/121 1152/1412/121
f 1152/1412/122 1096/1505/122 1097/1506/122 1153/1410/122
f 1153/1410/463 1097/1506/463 1098/1507/463 1154/1408/463
f 1154/1408/124 1098/1507/124 1099/1508/124 1155/1406/124
f 1155/1406/125 1099/1508/125 1156/1509/125 1100/1404/125
f 1100/1404/126 1156/1509/126 1142/1510/126 1086/1401/126
f 1157/1403/127 1101/1476/127 1158/1478/127 1102/1405/127
f 1102/1405/128 1158/1478/128 1159/1480/128 1103/1407/128
f 1103/1407/464 1159/1480/464 1160/1482/464 1104/1409/464
f 1104/1409/130 1160/1482/130 1161/1484/130 1105/1411/130
f 1105/1411/131 1161/1484/131 1162/1397/131 1106/1386/131
f 1106/1386/88 1162/1397/88 1163/1400/88 1107/1387/88
f 1107/1387/146 1163/1400/146 1164/1495/146 1108/1424/146
f 1108/1424/134 1164/1495/134 1165/1493/134 1109/1422/134
f 1109/1422/135 1165/1493/135 1166/1491/135 1110/1420/135
f 1110/1420/136 1166/1491/136 1167/1489/136 1111/1418/136
f 1111/1418/137 1167/1489/137 1168/1487/137 1112/1416/137
f 1112/1416/138 1168/1487/138 1137/1486/138 1081/1413/138
f 1169/1439/94 1113/1464/94 1170/1466/94 1114/1441/94
f 1114/1441/94 1170/1466/94 1171/1468/94 1115/1443/94
f 1115/1443/94 1171/1468/94 1172/1470/94 1116/1445/94
f 1116/1445/94 1172/1470/94 1173/1472/94 1117/1447/94
f 1117/1447/94 1173/1472/94 1174/1395/94 1118/1392/94
f 1118/1392/94 1174/1395/94 1175/1394/94 1119/1389/94
f 1119/1389/94 1175/1394/94 1176/1459/94 1120/1436/94
f 1120/1436/94 1176/1459/94 1177/1457/94 1121/1434/94
f 1121/1434/94 1177/1457/94 1178/1455/94 1122/1432/94
f 1122/1432/94 1178/1455/94 1179/1453/94 1123/1430/94
f 1123/1430/94 1179/1453/94 1180/1451/94 1124/1428/94
f 1124/1428/94 1180/1451/94 1144/1450/94 1088/1425/94
f 1181/1463/95 1125/1488/95 1126/1490/95 1182/1465/95
f 1182/1465/95 1126/1490/95 1127/1492/95 1183/1467/95
f 1183/1467/95 1127/1492/95 1128/1494/95 1184/1469/95
f 1184/1469/95 1128/1494/95 1129/1496/95 1185/1471/95
f 1185/1471/95 1129/1496/95 1130/1399/95 1186/1396/95
f 1186/1396/95 1130/1399/95 1131/1398/95 1187/1393/95
f 1187/1393/95 1131/1398/95 1132/1483/95 1188/1460/95
f 1188/1460/95 1132/1483/95 1133/1481/95 1189/1458/95
f 1189/1458/95 1133/1481/95 1134/1479/95 1190/1456/95
f 1190/1456/95 1134/1479/95 1135/1477/95 1191/1454/95
f 1191/1454/95 1135/1477/95 1192/1475/95 1136/1452/95
f 1136/1452/95 1192/1475/95 1143/1474/95 1087/1449/95
s 1
f 1205/1511/329 1195/1512/329 1208/1513/329 1194/1514/329
f 1197/1515/330 1202/1516/330 1200/1517/330 1203/1518/330
f 1206/1519/331 1196/1520/331 1204/1521/331 1198/1522/331
f 1207/1523/332 1193/1524/332 1201/1525/332 1199/1526/332
s 0
f 1202/1516/333 1198/1522/333 1204/1521/333 1200/1517/333
f 1203/1518/334 1199/1526/334 1201/1525/334 1197/1515/334
f 1205/1511/335 1193/1524/335 1207/1523/335 1195/1512/335
f 1208/1527/336 1196/1520/336 1206/1519/336 1194/1528/336
s 1
f 1221/1529/329 1211/1530/329 1224/1531/329 1210/1532/329
f 1213/1533/330 1218/1534/330 1216/1535/330 1219/1536/330
f 1222/1537/331 1212/1538/331 1220/1539/331 1214/1540/331
f 1223/1541/332 1209/1542/332 1217/1543/332 1215/1544/332
s 0
f 1218/1534/333 1214/1540/333 1220/1539/333 1216/1535/333
f 1219/1536/334 1215/1544/334 1217/1543/334 1213/1533/334
f 1221/1529/335 1209/1542/335 1223/1541/335 1211/1530/335
f 1224/1545/336 1212/1538/336 1222/1537/336 1210/1546/336
s 1
f 1237/1547/329 1227/1548/329 1240/1549/329 1226/1550/329
f 1229/1551/330 1234/1552/330 1232/1553/330 1235/1554/330
f 1238/1555/331 1228/1556/331 1236/1557/331 1230/1558/331
f 1239/1559/332 1225/1560/332 1233/1561/332 1231/1562/332
s 0
f 1234/1552/333 1230/1558/333 1236/1557/333 1232/1553/333
f 1235/1554/334 1231/1562/334 1233/1561/334 1229/1551/334
f 1237/1547/335 1225/1560/335 1239/1559/335 1227/1548/335
f 1240/1563/336 1228/1556/336 1238/1555/336 1226/1564/336
s 1
f 1253/1565/329 1243/1566/329 1256/1567/329 1242/1568/329
f 1245/1569/330 1250/1570/330 1248/1571/330 1251/1572/330
f 1254/1573/331 1244/1574/331 1252/1575/331 1246/1576/331
f 1255/1577/332 1241/1578/332 1249/1579/332 1247/1580/332
s 0
f 1250/1570/333 1246/1576/333 1252/1575/333 1248/1571/333
f 1251/1572/334 1247/1580/334 1249/1579/334 1245/1569/334
f 1253/1565/335 1241/1578/335 1255/1577/335 1243/1566/335
f 1256/1581/336 1244/1574/336 1254/1573/336 1242/1582/336
s 1
f 1257/1583/1 1258/1584/465 1259/1585/466
f 1257/1583/1 1259/1585/466 1260/1586/467
f 1257/1583/1 1260/1586/467 1261/1587/468
f 1257/1583/1 1261/1587/468 1262/1588/469
f 1257/1583/1 1262/1588/469 1263/1589/470
f 1257/1583/1 1263/1589/470 1264/1590/471
f 1257/1583/1 1264/1590/471 1265/1591/472
f 1257/1583/1 1265/1591/472 1266/1592/473
f 1257/1583/1 1266/1592/473 1267/1593/474
f 1257/1583/1 1267/1593/474 1268/1594/475
f 1257/1583/1 1268/1594/475 1269/1595/476
f 1257/1583/1 1269/1595/476 1270/1596/477
f 1257/1583/1 1270/1596/477 1271/1597/478
f 1257/1583/1 1271/1597/478 1272/1598/479
f 1257/1583/1 1272/1598/479 1273/1599/480
f 1257/1583/1 1273/1599/480 1274/1600/481
f 1257/1583/1 1274/1600/481 1275/1601/482
f 1257/1583/1 1275/1601/482 1276/1602/483
f 1257/1583/1 1276/1602/483 1277/1603/484
f 1257/1583/1 1277/1603/484 1258/1584/465
f 1279/1604/485 1259/1585/466 1258/1584/465 1278/1605/486
f 1280/1606/487 1260/1586/467 1259/1585/466 1279/1604/485
f 1281/1607/488 1261/1587/468 1260/1586/467 1280/1606/487
f 1282/1608/489 1262/1588/469 1261/1587/468 1281/1607/488
f 1283/1609/490 1263/1589/470 1262/1588/469 1282/1608/489
f 1284/1610/491 1264/1590/471 1263/1589/470 1283/1609/490
f 1285/1611/492 1265/1591/472 1264/1590/471 1284/1610/491
f 1286/1612/493 1266/1592/473 1265/1591/472 1285/1611/492
f 1287/1613/494 1267/1593/474 1266/1592/473 1286/1612/493
f 1288/1614/495 1268/1594/475 1267/1593/474 1287/1613/494
f 1289/1615/496 1269/1595/476 1268/1594/475 1288/1614/495
f 1290/1616/497 1270/1596/477 1269/1595/476 1289/1615/496
f 1291/1617/498 1271/1597/478 1270/1596/477 1290/1616/497
f 1292/1618/499 1272/1598/479 1271/1597/478 1291/1617/498
f 1293/1619/500 1273/1599/480 1272/1598/479 1292/1618/499
f 1294/1620/501 1274/1600/481 1273/1599/480 1293/1619/500
f 1295/1621/502 1275/1601/482 1274/1600/481 1294/1620/501
f 1296/1622/503 1276/1602/483 1275/1601/482 1295/1621/502
f 1297/1623/504 1277/1603/484 1276/1602/483 1296/1622/503
f 1278/1605/486 1258/1584/465 1277/1603/484 1297/1623/504
f 1299/1624/505 1279/1604/485 1278/1605/486 1298/1625/506
f 1300/1626/507 1280/1606/487 1279/1604/485 1299/1624/505
f 1301/1627/508 1281/1607/488 1280/1606/487 1300/1626/507
f 1302/1628/509 1282/1608/489 1281/1607/488 1301/1627/508
f 1303/1629/510 1283/1609/490 1282/1608/489 1302/1628/509
f 1304/1630/511 1284/1610/491 1283/1609/490 1303/1629/510
f 1305/1631/512 1285/1611/492 1284/1610/491 1304/1630/511
f 1306/1632/513 1286/1612/493 1285/1611/492 1305/1631/512
f 1307/1633/514 1287/1613/494 1286/1612/493 1306/1632/513
f 1308/1634/515 1288/1614/495 1287/1613/494 1307/1633/514
f 1309/1635/516 1289/1615/496 1288/1614/495 1308/1634/515
f 1310/1636/517 1290/1616/497 1289/1615/496 1309/1635/516
f 1311/1637/518 1291/1617/498 1290/1616/497 1310/1636/517
f 1312/1638/519 1292/1618/499 1291/1617/498 1311/1637/518
f 1313/1639/520 1293/1619/500 1292/1618/499 1312/1638/519
f 1314/1640/521 1294/1620/501 1293/1619/500 1313/1639/520
f 1315/1641/522 1295/1621/502 1294/1620/501 1314/1640/521
f 1316/1642/523 1296/1622/503 1295/1621/502 1315/1641/522
f 1317/1643/524 1297/1623/504 1296/1622/503 1316/1642/523
f 1298/1625/506 1278/1605/486 1297/1623/504 1317/1643/524
f 1319/1644/525 1299/1624/505 1298/1625/506 1318/1645/526
f 1320/1646/527 1300/1626/507 1299/1624/505 1319/1644/525
f 1321/1647/528 1301/1627/508 1300/1626/507 1320/1646/527
f 1322/1648/529 1302/1628/509 1301/1627/508 1321/1647/528
f 1323/1649/530 1303/1629/510 1302/1628/509 1322/1648/529
f 1324/1650/531 1304/1630/511 1303/1629/510 1323/1649/530
f 1325/1651/532 1305/1631/512 1304/1630/511 1324/1650/531
f 1326/1652/533 1306/1632/513 1305/1631/512 1325/1651/532
f 1327/1653/534 1307/1633/514 1306/1632/513 1326/1652/533
f 1328/1654/535 1308/1634/515 1307/1633/514 1327/1653/534
f 1329/1655/536 1309/1635/516 1308/1634/515 1328/1654/535
f 1330/1656/537 1310/1636/517 1309/1635/516 1329/1655/536
f 1331/1657/538 1311/1637/518 1310/1636/517 1330/1656/537
f 1332/1658/539 1312/1638/519 1311/1637/518 1331/1657/538
f 1333/1659/540 1313/1639/520 1312/1638/519 1332/1658/539
f 1334/1660/541 1314/1640/521 1313/1639/520 1333/1659/540
f 1335/1661/542 1315/1641/522 1314/1640/521 1334/1660/541
f 1336/1662/543 1316/1642/523 1315/1641/522 1335/1661/542
f 1337/1663/544 1317/1643/524 1316/1642/523 1336/1662/543
f 1318/1645/526 1298/1625/506 1317/1643/524 1337/1663/544
f 1339/1664/545 1319/1644/525 1318/1645/526 1338/1665/546
f 1340/1666/547 1320/1646/527 1319/1644/525 1339/1664/545
f 1341/1667/548 1321/1647/528 1320/1646/527 1340/1666/547
f 1342/1668/549 1322/1648/529 1321/1647/528 1341/1667/548
f 1343/1669/550 1323/1649/530 1322/1648/529 1342/1668/549
f 1344/1670/551 1324/1650/531 1323/1649/530 1343/1669/550
f 1345/1671/552 1325/1651/532 1324/1650/531 1344/1670/551
f 1346/1672/553 1326/1652/533 1325/1651/532 1345/1671/552
f 1347/1673/554 1327/1653/534 1326/1652/533 1346/1672/553
f 1348/1674/555 1328/1654/535 1327/1653/534 1347/1673/554
f 1349/1675/556 1329/1655/536 1328/1654/535 1348/1674/555
f 1350/1676/557 1330/1656/537 1329/1655/536 1349/1675/556
f 1351/1677/558 1331/1657/538 1330/1656/537 1350/1676/557
f 1352/1678/559 1332/1658/539 1331/1657/538 1351/1677/558
f 1353/1679/560 1333/1659/540 1332/1658/539 1352/1678/559
f 1354/1680/561 1334/1660/541 1333/1659/540 1353/1679/560
f 1355/1681/562 1335/1661/542 1334/1660/541 1354/1680/561
f 1356/1682/563 1336/1662/543 1335/1661/542 1355/1681/562
f 1357/1683/564 1337/1663/544 1336/1662/543 1356/1682/563
f 1338/1665/546 1318/1645/526 1337/1663/544 1357/1683/564
f 1359/1684/565 1339/1664/545 1338/1665/546 1358/1685/566
f 1360/1686/567 1340/1666/547 1339/1664/545 1359/1684/565
f 1361/1687/568 1341/1667/548 1340/1666/547 1360/1686/567
f 1362/1688/569 1342/1668/549 1341/1667/548 1361/1687/568
f 1363/1689/570 1343/1669/550 1342/1668/549 1362/1688/569
f 1364/1690/571 1344/1670/551 1343/1669/550 1363/1689/570
f 1365/1691/572 1345/1671/552 1344/1670/551 1364/1690/571
f 1366/1692/573 1346/1672/553 1345/1671/552 1365/1691/572
f 1367/1693/574 1347/1673/554 1346/1672/553 1366/1692/573
f 1368/1694/575 1348/1674/555 1347/1673/554 1367/1693/574
f 1369/1695/576 1349/1675/556 1348/1674/555 1368/1694/575
f 1370/1696/577 1350/1676/557 1349/1675/556 1369/1695/576
f 1371/1697/578 1351/1677/558 1350/1676/557 1370/1696/577
f 1372/1698/579 1352/1678/559 1351/1677/558 1371/1697/578
f 1373/1699/580 1353/1679/560 1352/1678/559 1372/1698/579
f 1374/1700/581 1354/1680/561 1353/1679/560 1373/1699/580
f 1375/1701/582 1355/1681/562 1354/1680/561 1374/1700/581
f 1376/1702/583 1356/1682/563 1355/1681/562 1375/1701/582
f 1377/1703/584 1357/1683/564 1356/1682/563 1376/1702/583
f 1358/1685/566 1338/1665/546 1357/1683/564 1377/1703/584
f 1379/1704/585 1399/1705/585 1398/1706/2 1378/1707/2
f 1380/1708/586 1400/1709/586 1399/1705/585 1379/1704/585
f 1381/1710/587 1401/1711/587 1400/1709/586 1380/1708/586
f 1382/1712/588 1402/1713/588 1401/1711/587 1381/1710/587
f 1383/1714/59 1403/1715/59 1402/1713/588 1382/1712/588
f 1384/1716/589 1404/1717/589 1403/1715/59 1383/1714/59
f 1385/1718/590 1405/1719/590 1404/1717/589 1384/1716/589
f 1386/1720/591 1406/1721/591 1405/1719/590 1385/1718/590
f 1387/1722/592 1407/1723/592 1406/1721/591 1386/1720/591
f 1388/1724/4 1408/1725/4 1407/1723/592 1387/1722/592
f 1389/1726/593 1409/1727/593 1408/1725/4 1388/1724/4
f 1390/1728/594 1410/1729/594 1409/1727/593 1389/1726/593
f 1391/1730/595 1411/1731/595 1410/1729/594 1390/1728/594
f 1392/1732/596 1412/1733/596 1411/1731/595 1391/1730/595
f 1393/1734/93 1413/1735/93 1412/1733/596 1392/1732/596
f 1394/1736/597 1414/1737/597 1413/1735/93 1393/1734/93
f 1395/1738/598 1415/1739/598 1414/1737/597 1394/1736/597
f 1396/1740/599 1416/1741/599 1415/1739/598 1395/1738/598
f 1397/1742/600 1417/1743/600 1416/1741/599 1396/1740/599
f 1378/1707/2 1398/1706/2 1417/1743/600 1397/1742/600
s 0
f 1358/1685/601 1398/1706/601 1399/1705/601 1359/1684/601
f 1359/1684/602 1399/1705/602 1400/1709/602 1360/1686/602
f 1360/1686/603 1400/1709/603 1401/1711/603 1361/1687/603
f 1361/1687/604 1401/1711/604 1402/1713/604 1362/1688/604
f 1362/1688/605 1402/1713/605 1403/1715/605 1363/1689/605
f 1363/1689/606 1403/1715/606 1404/1717/606 1364/1690/606
f 1364/1690/607 1404/1717/607 1405/1719/607 1365/1691/607
f 1365/1691/608 1405/1719/608 1406/1721/608 1366/1692/608
f 1366/1692/609 1406/1721/609 1407/1723/609 1367/1693/609
f 1367/1693/610 1407/1723/610 1408/1725/610 1368/1694/610
f 1368/1694/611 1408/1725/611 1409/1727/611 1369/1695/611
f 1369/1695/612 1409/1727/612 1410/1729/612 1370/1696/612
f 1370/1696/613 1410/1729/613 1411/1731/613 1371/1697/613
f 1371/1697/614 1411/1731/614 1412/1733/614 1372/1698/614
f 1372/1698/615 1412/1733/615 1413/1735/615 1373/1699/615
f 1373/1699/616 1413/1735/616 1414/1737/616 1374/1700/616
f 1374/1700/617 1414/1737/617 1415/1739/617 1375/1701/617
f 1375/1701/618 1415/1739/618 1416/1741/618 1376/1702/618
f 1376/1702/619 1416/1741/619 1417/1743/619 1377/1703/619
f 1377/1703/620 1417/1743/620 1398/1706/620 1358/1685/620
s 1
f 1418/1744/1 1419/1745/465 1420/1746/466
f 1418/1744/1 1420/1746/466 1421/1747/467
f 1418/1744/1 1421/1747/467 1422/1748/468
f 1418/1744/1 1422/1748/468 1423/1749/469
f 1418/1744/1 1423/1749/469 1424/1750/470
f 1418/1744/1 1424/1750/470 1425/1751/471
f 1418/1744/1 1425/1751/471 1426/1752/472
f 1418/1744/1 1426/1752/472 1427/1753/473
f 1418/1744/1 1427/1753/473 1428/1754/474
f 1418/1744/1 1428/1754/474 1429/1755/475
f 1418/1744/1 1429/1755/475 1430/1756/476
f 1418/1744/1 1430/1756/476 1431/1757/477
f 1418/1744/1 1431/1757/477 1432/1758/478
f 1418/1744/1 1432/1758/478 1433/1759/479
f 1418/1744/1 1433/1759/479 1434/1760/480
f 1418/1744/1 1434/1760/480 1435/1761/481
f 1418/1744/1 1435/1761/481 1436/1762/621
f 1418/1744/1 1436/1762/621 1437/1763/483
f 1418/1744/1 1437/1763/483 1438/1764/484
f 1418/1744/1 1438/1764/484 1419/1745/465
f 1440/1765/485 1420/1746/466 1419/1745/465 1439/1766/486
f 1441/1767/487 1421/1747/467 1420/1746/466 1440/1765/485
f 1442/1768/488 1422/1748/468 1421/1747/467 1441/1767/487
f 1443/1769/622 1423/1749/469 1422/1748/468 1442/1768/488
f 1444/1770/490 1424/1750/470 1423/1749/469 1443/1769/622
f 1445/1771/491 1425/1751/471 1424/1750/470 1444/1770/490
f 1446/1772/492 1426/1752/472 1425/1751/471 1445/1771/491
f 1447/1773/493 1427/1753/473 1426/1752/472 1446/1772/492
f 1448/1774/494 1428/1754/474 1427/1753/473 1447/1773/493
f 1449/1775/495 1429/1755/475 1428/1754/474 1448/1774/494
f 1450/1776/496 1430/1756/476 1429/1755/475 1449/1775/495
f 1451/1777/497 1431/1757/477 1430/1756/476 1450/1776/496
f 1452/1778/498 1432/1758/478 1431/1757/477 1451/1777/497
f 1453/1779/499 1433/1759/479 1432/1758/478 1452/1778/498
f 1454/1780/500 1434/1760/480 1433/1759/479 1453/1779/499
f 1455/1781/501 1435/1761/481 1434/1760/480 1454/1780/500
f 1456/1782/502 1436/1762/621 1435/1761/481 1455/1781/501
f 1457/1783/503 1437/1763/483 1436/1762/621 1456/1782/502
f 1458/1784/504 1438/1764/484 1437/1763/483 1457/1783/503
f 1439/1766/486 1419/1745/465 1438/1764/484 1458/1784/504
f 1460/1785/505 1440/1765/485 1439/1766/486 1459/1786/506
f 1461/1787/507 1441/1767/487 1440/1765/485 1460/1785/505
f 1462/1788/508 1442/1768/488 1441/1767/487 1461/1787/507
f 1463/1789/509 1443/1769/622 1442/1768/488 1462/1788/508
f 1464/1790/510 1444/1770/490 1443/1769/622 1463/1789/509
f 1465/1791/511 1445/1771/491 1444/1770/490 1464/1790/510
f 1466/1792/512 1446/1772/492 1445/1771/491 1465/1791/511
f 1467/1793/513 1447/1773/493 1446/1772/492 1466/1792/512
f 1468/1794/514 1448/1774/494 1447/1773/493 1467/1793/513
f 1469/1795/515 1449/1775/495 1448/1774/494 1468/1794/514
f 1470/1796/516 1450/1776/496 1449/1775/495 1469/1795/515
f 1471/1797/517 1451/1777/497 1450/1776/496 1470/1796/516
f 1472/1798/518 1452/1778/498 1451/1777/497 1471/1797/517
f 1473/1799/519 1453/1779/499 1452/1778/498 1472/1798/518
f 1474/1800/520 1454/1780/500 1453/1779/499 1473/1799/519
f 1475/1801/521 1455/1781/501 1454/1780/500 1474/1800/520
f 1476/1802/623 1456/1782/502 1455/1781/501 1475/1801/521
f 1477/1803/523 1457/1783/503 1456/1782/502 1476/1802/623
f 1478/1804/524 1458/1784/504 1457/1783/503 1477/1803/523
f 1459/1786/506 1439/1766/486 1458/1784/504 1478/1804/524
f 1480/1805/525 1460/1785/505 1459/1786/506 1479/1806/526
f 1481/1807/527 1461/1787/507 1460/1785/505 1480/1805/525
f 1482/1808/528 1462/1788/508 1461/1787/507 1481/1807/527
f 1483/1809/529 1463/1789/509 1462/1788/508 1482/1808/528
f 1484/1810/530 1464/1790/510 1463/1789/509 1483/1809/529
f 1485/1811/531 1465/1791/511 1464/1790/510 1484/1810/530
f 1486/1812/624 1466/1792/512 1465/1791/511 1485/1811/531
f 1487/1813/533 1467/1793/513 1466/1792/512 1486/1812/624
f 1488/1814/534 1468/1794/514 1467/1793/513 1487/1813/533
f 1489/1815/535 1469/1795/515 1468/1794/514 1488/1814/534
f 1490/1816/536 1470/1796/516 1469/1795/515 1489/1815/535
f 1491/1817/537 1471/1797/517 1470/1796/516 1490/1816/536
f 1492/1818/538 1472/1798/518 1471/1797/517 1491/1817/537
f 1493/1819/539 1473/1799/519 1472/1798/518 1492/1818/538
f 1494/1820/540 1474/1800/520 1473/1799/519 1493/1819/539
f 1495/1821/541 1475/1801/521 1474/1800/520 1494/1820/540
f 1496/1822/625 1476/1802/623 1475/1801/521 1495/1821/541
f 1497/1823/543 1477/1803/523 1476/1802/623 1496/1822/625
f 1498/1824/544 1478/1804/524 1477/1803/523 1497/1823/543
f 1479/1806/526 1459/1786/506 1478/1804/524 1498/1824/544
f 1500/1825/545 1480/1805/525 1479/1806/526 1499/1826/546
f 1501/1827/547 1481/1807/527 1480/1805/525 1500/1825/545
f 1502/1828/548 1482/1808/528 1481/1807/527 1501/1827/547
f 1503/1829/549 1483/1809/529 1482/1808/528 1502/1828/548
f 1504/1830/550 1484/1810/530 1483/1809/529 1503/1829/549
f 1505/1831/551 1485/1811/531 1484/1810/530 1504/1830/550
f 1506/1832/552 1486/1812/624 1485/1811/531 1505/1831/551
f 1507/1833/626 1487/1813/533 1486/1812/624 1506/1832/552
f 1508/1834/554 1488/1814/534 1487/1813/533 1507/1833/626
f 1509/1835/555 1489/1815/535 1488/1814/534 1508/1834/554
f 1510/1836/556 1490/1816/536 1489/1815/535 1509/1835/555
f 1511/1837/557 1491/1817/537 1490/1816/536 1510/1836/556
f 1512/1838/558 1492/1818/538 1491/1817/537 1511/1837/557
f 1513/1839/559 1493/1819/539 1492/1818/538 1512/1838/558
f 1514/1840/560 1494/1820/540 1493/1819/539 1513/1839/559
f 1515/1841/561 1495/1821/541 1494/1820/540 1514/1840/560
f 1516/1842/562 1496/1822/625 1495/1821/541 1515/1841/561
f 1517/1843/627 1497/1823/543 1496/1822/625 1516/1842/562
f 1518/1844/564 1498/1824/544 1497/1823/543 1517/1843/627
f 1499/1826/546 1479/1806/526 1498/1824/544 1518/1844/564
f 1520/1845/565 1500/1825/545 1499/1826/546 1519/1846/566
f 1521/1847/567 1501/1827/547 1500/1825/545 1520/1845/565
f 1522/1848/568 1502/1828/548 1501/1827/547 1521/1847/567
f 1523/1849/569 1503/1829/549 1502/1828/548 1522/1848/568
f 1524/1850/570 1504/1830/550 1503/1829/549 1523/1849/569
f 1525/1851/571 1505/1831/551 1504/1830/550 1524/1850/570
f 1526/1852/628 1506/1832/552 1505/1831/551 1525/1851/571
f 1527/1853/573 1507/1833/626 1506/1832/552 1526/1852/628
f 1528/1854/574 1508/1834/554 1507/1833/626 1527/1853/573
f 1529/1855/575 1509/1835/555 1508/1834/554 1528/1854/574
f 1530/1856/629 1510/1836/556 1509/1835/555 1529/1855/575
f 1531/1857/630 1511/1837/557 1510/1836/556 1530/1856/629
f 1532/1858/631 1512/1838/558 1511/1837/557 1531/1857/630
f 1533/1859/579 1513/1839/559 1512/1838/558 1532/1858/631
f 1534/1860/580 1514/1840/560 1513/1839/559 1533/1859/579
f 1535/1861/581 1515/1841/561 1514/1840/560 1534/1860/580
f 1536/1862/582 1516/1842/562 1515/1841/561 1535/1861/581
f 1537/1863/583 1517/1843/627 1516/1842/562 1536/1862/582
f 1538/1864/584 1518/1844/564 1517/1843/627 1537/1863/583
f 1519/1846/566 1499/1826/546 1518/1844/564 1538/1864/584
f 1540/1865/585 1560/1866/585 1559/1867/2 1539/1868/2
f 1541/1869/586 1561/1870/586 1560/1866/585 1540/1865/585
f 1542/1871/587 1562/1872/587 1561/1870/586 1541/1869/586
f 1543/1873/588 1563/1874/588 1562/1872/587 1542/1871/587
f 1544/1875/59 1564/1876/59 1563/1874/588 1543/1873/588
f 1545/1877/589 1565/1878/589 1564/1876/59 1544/1875/59
f 1546/1879/590 1566/1880/590 1565/1878/589 1545/1877/589
f 1547/1881/591 1567/1882/591 1566/1880/590 1546/1879/590
f 1548/1883/592 1568/1884/592 1567/1882/591 1547/1881/591
f 1549/1885/4 1569/1886/4 1568/1884/592 1548/1883/592
f 1550/1887/593 1570/1888/593 1569/1886/4 1549/1885/4
f 1551/1889/594 1571/1890/594 1570/1888/593 1550/1887/593
f 1552/1891/595 1572/1892/595 1571/1890/594 1551/1889/594
f 1553/1893/596 1573/1894/596 1572/1892/595 1552/1891/595
f 1554/1895/93 1574/1896/93 1573/1894/596 1553/1893/596
f 1555/1897/597 1575/1898/597 1574/1896/93 1554/1895/93
f 1556/1899/598 1576/1900/598 1575/1898/597 1555/1897/597
f 1557/1901/599 1577/1902/599 1576/1900/598 1556/1899/598
f 1558/1903/600 1578/1904/600 1577/1902/599 1557/1901/599
f 1539/1868/2 1559/1867/2 1578/1904/600 1558/1903/600
s 0
f 1519/1846/632 1559/1867/632 1560/1866/632 1520/1845/632
f 1520/1845/633 1560/1866/633 1561/1870/633 1521/1847/633
f 1521/1847/603 1561/1870/603 1562/1872/603 1522/1848/603
f 1522/1848/604 1562/1872/604 1563/1874/604 1523/1849/604
f 1523/1849/634 1563/1874/634 1564/1876/634 1524/1850/634
f 1524/1850/635 1564/1876/635 1565/1878/635 1525/1851/635
f 1525/1851/636 1565/1878/636 1566/1880/636 1526/1852/636
f 1526/1852/608 1566/1880/608 1567/1882/608 1527/1853/608
f 1527/1853/609 1567/1882/609 1568/1884/609 1528/1854/609
f 1528/1854/610 1568/1884/610 1569/1886/610 1529/1855/610
f 1529/1855/611 1569/1886/611 1570/1888/611 1530/1856/611
f 1530/1856/612 1570/1888/612 1571/1890/612 1531/1857/612
f 1531/1857/613 1571/1890/613 1572/1892/613 1532/1858/613
f 1532/1858/637 1572/1892/637 1573/1894/637 1533/1859/637
f 1533/1859/615 1573/1894/615 1574/1896/615 1534/1860/615
f 1534/1860/638 1574/1896/638 1575/1898/638 1535/1861/638
f 1535/1861/639 1575/1898/639 1576/1900/639 1536/1862/639
f 1536/1862/640 1576/1900/640 1577/1902/640 1537/1863/640
f 1537/1863/641 1577/1902/641 1578/1904/641 1538/1864/641
f 1538/1864/620 1578/1904/620 1559/1867/620 1519/1846/620
s 1
f 1579/1905/1 1580/1906/465 1581/1907/466
f 1579/1905/1 1581/1907/466 1582/1908/467
f 1579/1905/1 1582/1908/467 1583/1909/468
f 1579/1905/1 1583/1909/468 1584/1910/469
f 1579/1905/1 1584/1910/469 1585/1911/470
f 1579/1905/1 1585/1911/470 1586/1912/471
f 1579/1905/1 1586/1912/471 1587/1913/472
f 1579/1905/1 1587/1913/472 1588/1914/473
f 1579/1905/1 1588/1914/473 1589/1915/474
f 1579/1905/1 1589/1915/474 1590/1916/475
f 1579/1905/1 1590/1916/475 1591/1917/476
f 1579/1905/1 1591/1917/476 1592/1918/477
f 1579/1905/1 1592/1918/477 1593/1919/478
f 1579/1905/1 1593/1919/478 1594/1920/479
f 1579/1905/1 1594/1920/479 1595/1921/480
f 1579/1905/1 1595/1921/480 1596/1922/481
f 1579/1905/1 1596/1922/481 1597/1923/621
f 1579/1905/1 1597/1923/621 1598/1924/483
f 1579/1905/1 1598/1924/483 1599/1925/484
f 1579/1905/1 1599/1925/484 1580/1906/465
f 1601/1926/485 1581/1907/466 1580/1906/465 1600/1927/486
f 1602/1928/487 1582/1908/467 1581/1907/466 1601/1926/485
f 1603/1929/488 1583/1909/468 1582/1908/467 1602/1928/487
f 1604/1930/622 1584/1910/469 1583/1909/468 1603/1929/488
f 1605/1931/490 1585/1911/470 1584/1910/469 1604/1930/622
f 1606/1932/491 1586/1912/471 1585/1911/470 1605/1931/490
f 1607/1933/492 1587/1913/472 1586/1912/471 1606/1932/491
f 1608/1934/493 1588/1914/473 1587/1913/472 1607/1933/492
f 1609/1935/494 1589/1915/474 1588/1914/473 1608/1934/493
f 1610/1936/495 1590/1916/475 1589/1915/474 1609/1935/494
f 1611/1937/496 1591/1917/476 1590/1916/475 1610/1936/495
f 1612/1938/497 1592/1918/477 1591/1917/476 1611/1937/496
f 1613/1939/498 1593/1919/478 1592/1918/477 1612/1938/497
f 1614/1940/499 1594/1920/479 1593/1919/478 1613/1939/498
f 1615/1941/500 1595/1921/480 1594/1920/479 1614/1940/499
f 1616/1942/501 1596/1922/481 1595/1921/480 1615/1941/500
f 1617/1943/502 1597/1923/621 1596/1922/481 1616/1942/501
f 1618/1944/503 1598/1924/483 1597/1923/621 1617/1943/502
f 1619/1945/504 1599/1925/484 1598/1924/483 1618/1944/503
f 1600/1927/486 1580/1906/465 1599/1925/484 1619/1945/504
f 1621/1946/505 1601/1926/485 1600/1927/486 1620/1947/506
f 1622/1948/507 1602/1928/487 1601/1926/485 1621/1946/505
f 1623/1949/508 1603/1929/488 1602/1928/487 1622/1948/507
f 1624/1950/509 1604/1930/622 1603/1929/488 1623/1949/508
f 1625/1951/510 1605/1931/490 1604/1930/622 1624/1950/509
f 1626/1952/511 1606/1932/491 1605/1931/490 1625/1951/510
f 1627/1953/512 1607/1933/492 1606/1932/491 1626/1952/511
f 1628/1954/513 1608/1934/493 1607/1933/492 1627/1953/512
f 1629/1955/514 1609/1935/494 1608/1934/493 1628/1954/513
f 1630/1956/515 1610/1936/495 1609/1935/494 1629/1955/514
f 1631/1957/516 1611/1937/496 1610/1936/495 1630/1956/515
f 1632/1958/517 1612/1938/497 1611/1937/496 1631/1957/516
f 1633/1959/518 1613/1939/498 1612/1938/497 1632/1958/517
f 1634/1960/519 1614/1940/499 1613/1939/498 1633/1959/518
f 1635/1961/520 1615/1941/500 1614/1940/499 1634/1960/519
f 1636/1962/521 1616/1942/501 1615/1941/500 1635/1961/520
f 1637/1963/522 1617/1943/502 1616/1942/501 1636/1962/521
f 1638/1964/523 1618/1944/503 1617/1943/502 1637/1963/522
f 1639/1965/524 1619/1945/504 1618/1944/503 1638/1964/523
f 1620/1947/506 1600/1927/486 1619/1945/504 1639/1965/524
f 1641/1966/525 1621/1946/505 1620/1947/506 1640/1967/526
f 1642/1968/527 1622/1948/507 1621/1946/505 1641/1966/525
f 1643/1969/528 1623/1949/508 1622/1948/507 1642/1968/527
f 1644/1970/529 1624/1950/509 1623/1949/508 1643/1969/528
f 1645/1971/530 1625/1951/510 1624/1950/509 1644/1970/529
f 1646/1972/531 1626/1952/511 1625/1951/510 1645/1971/530
f 1647/1973/532 1627/1953/512 1626/1952/511 1646/1972/531
f 1648/1974/533 1628/1954/513 1627/1953/512 1647/1973/532
f 1649/1975/534 1629/1955/514 1628/1954/513 1648/1974/533
f 1650/1976/535 1630/1956/515 1629/1955/514 1649/1975/534
f 1651/1977/536 1631/1957/516 1630/1956/515 1650/1976/535
f 1652/1978/537 1632/1958/517 1631/1957/516 1651/1977/536
f 1653/1979/538 1633/1959/518 1632/1958/517 1652/1978/537
f 1654/1980/539 1634/1960/519 1633/1959/518 1653/1979/538
f 1655/1981/540 1635/1961/520 1634/1960/519 1654/1980/539
f 1656/1982/541 1636/1962/521 1635/1961/520 1655/1981/540
f 1657/1983/542 1637/1963/522 1636/1962/521 1656/1982/541
f 1658/1984/543 1638/1964/523 1637/1963/522 1657/1983/542
f 1659/1985/544 1639/1965/524 1638/1964/523 1658/1984/543
f 1640/1967/526 1620/1947/506 1639/1965/524 1659/1985/544
f 1661/1986/545 1641/1966/525 1640/1967/526 1660/1987/546
f 1662/1988/547 1642/1968/527 1641/1966/525 1661/1986/545
f 1663/1989/548 1643/1969/528 1642/1968/527 1662/1988/547
f 1664/1990/549 1644/1970/529 1643/1969/528 1663/1989/548
f 1665/1991/550 1645/1971/530 1644/1970/529 1664/1990/549
f 1666/1992/551 1646/1972/531 1645/1971/530 1665/1991/550
f 1667/1993/552 1647/1973/532 1646/1972/531 1666/1992/551
f 1668/1994/626 1648/1974/533 1647/1973/532 1667/1993/552
f 1669/1995/554 1649/1975/534 1648/1974/533 1668/1994/626
f 1670/1996/555 1650/1976/535 1649/1975/534 1669/1995/554
f 1671/1997/556 1651/1977/536 1650/1976/535 1670/1996/555
f 1672/1998/557 1652/1978/537 1651/1977/536 1671/1997/556
f 1673/1999/558 1653/1979/538 1652/1978/537 1672/1998/557
f 1674/2000/559 1654/1980/539 1653/1979/538 1673/1999/558
f 1675/2001/560 1655/1981/540 1654/1980/539 1674/2000/559
f 1676/2002/561 1656/1982/541 1655/1981/540 1675/2001/560
f 1677/2003/562 1657/1983/542 1656/1982/541 1676/2002/561
f 1678/2004/627 1658/1984/543 1657/1983/542 1677/2003/562
f 1679/2005/564 1659/1985/544 1658/1984/543 1678/2004/627
f 1660/1987/546 1640/1967/526 1659/1985/544 1679/2005/564
f 1681/2006/565 1661/1986/545 1660/1987/546 1680/2007/566
f 1682/2008/567 1662/1988/547 1661/1986/545 1681/2006/565
f 1683/2009/568 1663/1989/548 1662/1988/547 1682/2008/567
f 1684/2010/569 1664/1990/549 1663/1989/548 1683/2009/568
f 1685/2011/570 1665/1991/550 1664/1990/549 1684/2010/569
f 1686/2012/571 1666/1992/551 1665/1991/550 1685/2011/570
f 1687/2013/628 1667/1993/552 1666/1992/551 1686/2012/571
f 1688/2014/573 1668/1994/626 1667/1993/552 1687/2013/628
f 1689/2015/574 1669/1995/554 1668/1994/626 1688/2014/573
f 1690/2016/575 1670/1996/555 1669/1995/554 1689/2015/574
f 1691/2017/629 1671/1997/556 1670/1996/555 1690/2016/575
f 1692/2018/630 1672/1998/557 1671/1997/556 1691/2017/629
f 1693/2019/578 1673/1999/558 1672/1998/557 1692/2018/630
f 1694/2020/579 1674/2000/559 1673/1999/558 1693/2019/578
f 1695/2021/580 1675/2001/560 1674/2000/559 1694/2020/579
f 1696/2022/581 1676/2002/561 1675/2001/560 1695/2021/580
f 1697/2023/582 1677/2003/562 1676/2002/561 1696/2022/581
f 1698/2024/583 1678/2004/627 1677/2003/562 1697/2023/582
f 1699/2025/584 1679/2005/564 1678/2004/627 1698/2024/583
f 1680/2007/566 1660/1987/546 1679/2005/564 1699/2025/584
f 1701/2026/585 1721/2027/585 1720/2028/2 1700/2029/2
f 1702/2030/586 1722/2031/586 1721/2027/585 1701/2026/585
f 1703/2032/587 1723/2033/587 1722/2031/586 1702/2030/586
f 1704/2034/588 1724/2035/588 1723/2033/587 1703/2032/587
f 1705/2036/59 1725/2037/59 1724/2035/588 1704/2034/588
f 1706/2038/589 1726/2039/589 1725/2037/59 1705/2036/59
f 1707/2040/590 1727/2041/590 1726/2039/589 1706/2038/589
f 1708/2042/591 1728/2043/591 1727/2041/590 1707/2040/590
f 1709/2044/592 1729/2045/592 1728/2043/591 1708/2042/591
f 1710/2046/4 1730/2047/4 1729/2045/592 1709/2044/592
f 1711/2048/593 1731/2049/593 1730/2047/4 1710/2046/4
f 1712/2050/594 1732/2051/594 1731/2049/593 1711/2048/593
f 1713/2052/595 1733/2053/595 1732/2051/594 1712/2050/594
f 1714/2054/596 1734/2055/596 1733/2053/595 1713/2052/595
f 1715/2056/93 1735/2057/93 1734/2055/596 1714/2054/596
f 1716/2058/597 1736/2059/597 1735/2057/93 1715/2056/93
f 1717/2060/598 1737/2061/598 1736/2059/597 1716/2058/597
f 1718/2062/599 1738/2063/599 1737/2061/598 1717/2060/598
f 1719/2064/600 1739/2065/600 1738/2063/599 1718/2062/599
f 1700/2029/2 1720/2028/2 1739/2065/600 1719/2064/600
s 0
f 1680/2007/632 1720/2028/632 1721/2027/632 1681/2006/632
f 1681/2006/633 1721/2027/633 1722/2031/633 1682/2008/633
f 1682/2008/603 1722/2031/603 1723/2033/603 1683/2009/603
f 1683/2009/642 1723/2033/642 1724/2035/642 1684/2010/642
f 1684/2010/605 1724/2035/605 1725/2037/605 1685/2011/605
f 1685/2011/635 1725/2037/635 1726/2039/635 1686/2012/635
f 1686/2012/636 1726/2039/636 1727/2041/636 1687/2013/636
f 1687/2013/608 1727/2041/608 1728/2043/608 1688/2014/608
f 1688/2014/643 1728/2043/643 1729/2045/643 1689/2015/643
f 1689/2015/610 1729/2045/610 1730/2047/610 1690/2016/610
f 1690/2016/611 1730/2047/611 1731/2049/611 1691/2017/611
f 1691/2017/612 1731/2049/612 1732/2051/612 1692/2018/612
f 1692/2018/613 1732/2051/613 1733/2053/613 1693/2019/613
f 1693/2019/637 1733/2053/637 1734/2055/637 1694/2020/637
f 1694/2020/615 1734/2055/615 1735/2057/615 1695/2021/615
f 1695/2021/616 1735/2057/616 1736/2059/616 1696/2022/616
f 1696/2022/639 1736/2059/639 1737/2061/639 1697/2023/639
f 1697/2023/618 1737/2061/618 1738/2063/618 1698/2024/618
f 1698/2024/641 1738/2063/641 1739/2065/641 1699/2025/641
f 1699/2025/620 1739/2065/620 1720/2028/620 1680/2007/620
s 1
f 1740/2066/1 1741/2067/465 1742/2068/466
f 1740/2066/1 1742/2068/466 1743/2069/467
f 1740/2066/1 1743/2069/467 1744/2070/468
f 1740/2066/1 1744/2070/468 1745/2071/469
f 1740/2066/1 1745/2071/469 1746/2072/470
f 1740/2066/1 1746/2072/470 1747/2073/471
f 1740/2066/1 1747/2073/471 1748/2074/472
f 1740/2066/1 1748/2074/472 1749/2075/473
f 1740/2066/1 1749/2075/473 1750/2076/474
f 1740/2066/1 1750/2076/474 1751/2077/475
f 1740/2066/1 1751/2077/475 1752/2078/476
f 1740/2066/1 1752/2078/476 1753/2079/477
f 1740/2066/1 1753/2079/477 1754/2080/478
f 1740/2066/1 1754/2080/478 1755/2081/479
f 1740/2066/1 1755/2081/479 1756/2082/480
f 1740/2066/1 1756/2082/480 1757/2083/481
f 1740/2066/1 1757/2083/481 1758/2084/621
f 1740/2066/1 1758/2084/621 1759/2085/483
f 1740/2066/1 1759/2085/483 1760/2086/484
f 1740/2066/1 1760/2086/484 1741/2067/465
f 1762/2087/485 1742/2068/466 1741/2067/465 1761/2088/486
f 1763/2089/487 1743/2069/467 1742/2068/466 1762/2087/485
f 1764/2090/488 1744/2070/468 1743/2069/467 1763/2089/487
f 1765/2091/622 1745/2071/469 1744/2070/468 1764/2090/488
f 1766/2092/490 1746/2072/470 1745/2071/469 1765/2091/622
f 1767/2093/491 1747/2073/471 1746/2072/470 1766/2092/490
f 1768/2094/492 1748/2074/472 1747/2073/471 1767/2093/491
f 1769/2095/493 1749/2075/473 1748/2074/472 1768/2094/492
f 1770/2096/494 1750/2076/474 1749/2075/473 1769/2095/493
f 1771/2097/495 1751/2077/475 1750/2076/474 1770/2096/494
f 1772/2098/496 1752/2078/476 1751/2077/475 1771/2097/495
f 1773/2099/497 1753/2079/477 1752/2078/476 1772/2098/496
f 1774/2100/644 1754/2080/478 1753/2079/477 1773/2099/497
f 1775/2101/499 1755/2081/479 1754/2080/478 1774/2100/644
f 1776/2102/500 1756/2082/480 1755/2081/479 1775/2101/499
f 1777/2103/501 1757/2083/481 1756/2082/480 1776/2102/500
f 1778/2104/502 1758/2084/621 1757/2083/481 1777/2103/501
f 1779/2105/503 1759/2085/483 1758/2084/621 1778/2104/502
f 1780/2106/504 1760/2086/484 1759/2085/483 1779/2105/503
f 1761/2088/486 1741/2067/465 1760/2086/484 1780/2106/504
f 1782/2107/505 1762/2087/485 1761/2088/486 1781/2108/506
f 1783/2109/507 1763/2089/487 1762/2087/485 1782/2107/505
f 1784/2110/508 1764/2090/488 1763/2089/487 1783/2109/507
f 1785/2111/509 1765/2091/622 1764/2090/488 1784/2110/508
f 1786/2112/510 1766/2092/490 1765/2091/622 1785/2111/509
f 1787/2113/511 1767/2093/491 1766/2092/490 1786/2112/510
f 1788/2114/512 1768/2094/492 1767/2093/491 1787/2113/511
f 1789/2115/513 1769/2095/493 1768/2094/492 1788/2114/512
f 1790/2116/514 1770/2096/494 1769/2095/493 1789/2115/513
f 1791/2117/515 1771/2097/495 1770/2096/494 1790/2116/514
f 1792/2118/516 1772/2098/496 1771/2097/495 1791/2117/515
f 1793/2119/517 1773/2099/497 1772/2098/496 1792/2118/516
f 1794/2120/518 1774/2100/644 1773/2099/497 1793/2119/517
f 1795/2121/519 1775/2101/499 1774/2100/644 1794/2120/518
f 1796/2122/520 1776/2102/500 1775/2101/499 1795/2121/519
f 1797/2123/521 1777/2103/501 1776/2102/500 1796/2122/520
f 1798/2124/522 1778/2104/502 1777/2103/501 1797/2123/521
f 1799/2125/523 1779/2105/503 1778/2104/502 1798/2124/522
f 1800/2126/524 1780/2106/504 1779/2105/503 1799/2125/523
f 1781/2108/506 1761/2088/486 1780/2106/504 1800/2126/524
f 1802/2127/525 1782/2107/505 1781/2108/506 1801/2128/526
f 1803/2129/527 1783/2109/507 1782/2107/505 1802/2127/525
f 1804/2130/528 1784/2110/508 1783/2109/507 1803/2129/527
f 1805/2131/529 1785/2111/509 1784/2110/508 1804/2130/528
f 1806/2132/530 1786/2112/510 1785/2111/509 1805/2131/529
f 1807/2133/531 1787/2113/511 1786/2112/510 1806/2132/530
f 1808/2134/532 1788/2114/512 1787/2113/511 1807/2133/531
f 1809/2135/533 1789/2115/513 1788/2114/512 1808/2134/532
f 1810/2136/534 1790/2116/514 1789/2115/513 1809/2135/533
f 1811/2137/535 1791/2117/515 1790/2116/514 1810/2136/534
f 1812/2138/536 1792/2118/516 1791/2117/515 1811/2137/535
f 1813/2139/537 1793/2119/517 1792/2118/516 1812/2138/536
f 1814/2140/538 1794/2120/518 1793/2119/517 1813/2139/537
f 1815/2141/539 1795/2121/519 1794/2120/518 1814/2140/538
f 1816/2142/540 1796/2122/520 1795/2121/519 1815/2141/539
f 1817/2143/541 1797/2123/521 1796/2122/520 1816/2142/540
f 1818/2144/542 1798/2124/522 1797/2123/521 1817/2143/541
f 1819/2145/543 1799/2125/523 1798/2124/522 1818/2144/542
f 1820/2146/544 1800/2126/524 1799/2125/523 1819/2145/543
f 1801/2128/526 1781/2108/506 1800/2126/524 1820/2146/544
f 1822/2147/545 1802/2127/525 1801/2128/526 1821/2148/546
f 1823/2149/547 1803/2129/527 1802/2127/525 1822/2147/545
f 1824/2150/548 1804/2130/528 1803/2129/527 1823/2149/547
f 1825/2151/549 1805/2131/529 1804/2130/528 1824/2150/548
f 1826/2152/550 1806/2132/530 1805/2131/529 1825/2151/549
f 1827/2153/551 1807/2133/531 1806/2132/530 1826/2152/550
f 1828/2154/552 1808/2134/532 1807/2133/531 1827/2153/551
f 1829/2155/626 1809/2135/533 1808/2134/532 1828/2154/552
f 1830/2156/554 1810/2136/534 1809/2135/533 1829/2155/626
f 1831/2157/555 1811/2137/535 1810/2136/534 1830/2156/554
f 1832/2158/556 1812/2138/536 1811/2137/535 1831/2157/555
f 1833/2159/557 1813/2139/537 1812/2138/536 1832/2158/556
f 1834/2160/558 1814/2140/538 1813/2139/537 1833/2159/557
f 1835/2161/559 1815/2141/539 1814/2140/538 1834/2160/558
f 1836/2162/560 1816/2142/540 1815/2141/539 1835/2161/559
f 1837/2163/561 1817/2143/541 1816/2142/540 1836/2162/560
f 1838/2164/562 1818/2144/542 1817/2143/541 1837/2163/561
f 1839/2165/627 1819/2145/543 1818/2144/542 1838/2164/562
f 1840/2166/564 1820/2146/544 1819/2145/543 1839/2165/627
f 1821/2148/546 1801/2128/526 1820/2146/544 1840/2166/564
f 1842/2167/565 1822/2147/545 1821/2148/546 1841/2168/566
f 1843/2169/567 1823/2149/547 1822/2147/545 1842/2167/565
f 1844/2170/568 1824/2150/548 1823/2149/547 1843/2169/567
f 1845/2171/569 1825/2151/549 1824/2150/548 1844/2170/568
f 1846/2172/570 1826/2152/550 1825/2151/549 1845/2171/569
f 1847/2173/571 1827/2153/551 1826/2152/550 1846/2172/570
f 1848/2174/628 1828/2154/552 1827/2153/551 1847/2173/571
f 1849/2175/573 1829/2155/626 1828/2154/552 1848/2174/628
f 1850/2176/574 1830/2156/554 1829/2155/626 1849/2175/573
f 1851/2177/575 1831/2157/555 1830/2156/554 1850/2176/574
f 1852/2178/629 1832/2158/556 1831/2157/555 1851/2177/575
f 1853/2179/630 1833/2159/557 1832/2158/556 1852/2178/629
f 1854/2180/631 1834/2160/558 1833/2159/557 1853/2179/630
f 1855/2181/579 1835/2161/559 1834/2160/558 1854/2180/631
f 1856/2182/580 1836/2162/560 1835/2161/559 1855/2181/579
f 1857/2183/581 1837/2163/561 1836/2162/560 1856/2182/580
f 1858/2184/582 1838/2164/562 1837/2163/561 1857/2183/581
f 1859/2185/583 1839/2165/627 1838/2164/562 1858/2184/582
f 1860/2186/584 1840/2166/564 1839/2165/627 1859/2185/583
f 1841/2168/566 1821/2148/546 1840/2166/564 1860/2186/584
f 1862/2187/585 1882/2188/585 1881/2189/2 1861/2190/2
f 1863/2191/586 1883/2192/586 1882/2188/585 1862/2187/585
f 1864/2193/587 1884/2194/587 1883/2192/586 1863/2191/586
f 1865/2195/588 1885/2196/588 1884/2194/587 1864/2193/587
f 1866/2197/59 1886/2198/59 1885/2196/588 1865/2195/588
f 1867/2199/589 1887/2200/589 1886/2198/59 1866/2197/59
f 1868/2201/590 1888/2202/590 1887/2200/589 1867/2199/589
f 1869/2203/591 1889/2204/591 1888/2202/590 1868/2201/590
f 1870/2205/592 1890/2206/592 1889/2204/591 1869/2203/591
f 1871/2207/4 1891/2208/4 1890/2206/592 1870/2205/592
f 1872/2209/593 1892/2210/593 1891/2208/4 1871/2207/4
f 1873/2211/594 1893/2212/594 1892/2210/593 1872/2209/593
f 1874/2213/595 1894/2214/595 1893/2212/594 1873/2211/594
f 1875/2215/596 1895/2216/596 1894/2214/595 1874/2213/595
f 1876/2217/93 1896/2218/93 1895/2216/596 1875/2215/596
f 1877/2219/597 1897/2220/597 1896/2218/93 1876/2217/93
f 1878/2221/598 1898/2222/598 1897/2220/597 1877/2219/597
f 1879/2223/599 1899/2224/599 1898/2222/598 1878/2221/598
f 1880/2225/600 1900/2226/600 1899/2224/599 1879/2223/599
f 1861/2190/2 1881/2189/2 1900/2226/600 1880/2225/600
s 0
f 1841/2168/632 1881/2189/632 1882/2188/632 1842/2167/632
f 1842/2167/633 1882/2188/633 1883/2192/633 1843/2169/633
f 1843/2169/603 1883/2192/603 1884/2194/603 1844/2170/603
f 1844/2170/642 1884/2194/642 1885/2196/642 1845/2171/642
f 1845/2171/605 1885/2196/605 1886/2198/605 1846/2172/605
f 1846/2172/606 1886/2198/606 1887/2200/606 1847/2173/606
f 1847/2173/636 1887/2200/636 1888/2202/636 1848/2174/636
f 1848/2174/608 1888/2202/608 1889/2204/608 1849/2175/608
f 1849/2175/643 1889/2204/643 1890/2206/643 1850/2176/643
f 1850/2176/610 1890/2206/610 1891/2208/610 1851/2177/610
f 1851/2177/611 1891/2208/611 1892/2210/611 1852/2178/611
f 1852/2178/612 1892/2210/612 1893/2212/612 1853/2179/612
f 1853/2179/613 1893/2212/613 1894/2214/613 1854/2180/613
f 1854/2180/637 1894/2214/637 1895/2216/637 1855/2181/637
f 1855/2181/615 1895/2216/615 1896/2218/615 1856/2182/615
f 1856/2182/645 1896/2218/645 1897/2220/645 1857/2183/645
f 1857/2183/639 1897/2220/639 1898/2222/639 1858/2184/639
f 1858/2184/618 1898/2222/618 1899/2224/618 1859/2185/618
f 1859/2185/646 1899/2224/646 1900/2226/646 1860/2186/646
f 1860/2186/620 1900/2226/620 1881/2189/620 1841/2168/620
s 1
f 1901/2227/3 1903/2228/647 1902/2229/648
f 1901/2227/3 1904/2230/649 1903/2228/647
f 1901/2227/3 1905/2231/650 1904/2230/649
f 1901/2227/3 1906/2232/651 1905/2231/650
f 1901/2227/3 1907/2233/652 1906/2232/651
f 1901/2227/3 1908/2234/653 1907/2233/652
f 1901/2227/3 1909/2235/654 1908/2234/653
f 1901/2227/3 1910/2236/655 1909/2235/654
f 1901/2227/3 1911/2237/656 1910/2236/655
f 1901/2227/3 1912/2238/657 1911/2237/656
f 1901/2227/3 1913/2239/658 1912/2238/657
f 1901/2227/3 1914/2240/659 1913/2239/658
f 1901/2227/3 1915/2241/660 1914/2240/659
f 1901/2227/3 1916/2242/661 1915/2241/660
f 1901/2227/3 1917/2243/662 1916/2242/661
f 1901/2227/3 1918/2244/663 1917/2243/662
f 1901/2227/3 1919/2245/664 1918/2244/663
f 1901/2227/3 1920/2246/665 1919/2245/664
f 1901/2227/3 1921/2247/666 1920/2246/665
f 1901/2227/3 1902/2229/648 1921/2247/666
f 1923/2248/667 1922/2249/668 1902/2229/648 1903/2228/647
f 1924/2250/669 1923/2248/667 1903/2228/647 1904/2230/649
f 1925/2251/670 1924/2250/669 1904/2230/649 1905/2231/650
f 1926/2252/671 1925/2251/670 1905/2231/650 1906/2232/651
f 1927/2253/672 1926/2252/671 1906/2232/651 1907/2233/652
f 1928/2254/673 1927/2253/672 1907/2233/652 1908/2234/653
f 1929/2255/674 1928/2254/673 1908/2234/653 1909/2235/654
f 1930/2256/675 1929/2255/674 1909/2235/654 1910/2236/655
f 1931/2257/676 1930/2256/675 1910/2236/655 1911/2237/656
f 1932/2258/677 1931/2257/676 1911/2237/656 1912/2238/657
f 1933/2259/678 1932/2258/677 1912/2238/657 1913/2239/658
f 1934/2260/679 1933/2259/678 1913/2239/658 1914/2240/659
f 1935/2261/680 1934/2260/679 1914/2240/659 1915/2241/660
f 1936/2262/681 1935/2261/680 1915/2241/660 1916/2242/661
f 1937/2263/682 1936/2262/681 1916/2242/661 1917/2243/662
f 1938/2264/683 1937/2263/682 1917/2243/662 1918/2244/663
f 1939/2265/684 1938/2264/683 1918/2244/663 1919/2245/664
f 1940/2266/685 1939/2265/684 1919/2245/664 1920/2246/665
f 1941/2267/686 1940/2266/685 1920/2246/665 1921/2247/666
f 1922/2249/668 1941/2267/686 1921/2247/666 1902/2229/648
f 1943/2268/687 1942/2269/688 1922/2249/668 1923/2248/667
f 1944/2270/689 1943/2268/687 1923/2248/667 1924/2250/669
f 1945/2271/690 1944/2270/689 1924/2250/669 1925/2251/670
f 1946/2272/691 1945/2271/690 1925/2251/670 1926/2252/671
f 1947/2273/692 1946/2272/691 1926/2252/671 1927/2253/672
f 1948/2274/693 1947/2273/692 1927/2253/672 1928/2254/673
f 1949/2275/694 1948/2274/693 1928/2254/673 1929/2255/674
f 1950/2276/695 1949/2275/694 1929/2255/674 1930/2256/675
f 1951/2277/696 1950/2276/695 1930/2256/675 1931/2257/676
f 1952/2278/697 1951/2277/696 1931/2257/676 1932/2258/677
f 1953/2279/698 1952/2278/697 1932/2258/677 1933/2259/678
f 1954/2280/699 1953/2279/698 1933/2259/678 1934/2260/679
f 1955/2281/700 1954/2280/699 1934/2260/679 1935/2261/680
f 1956/2282/701 1955/2281/700 1935/2261/680 1936/2262/681
f 1957/2283/702 1956/2282/701 1936/2262/681 1937/2263/682
f 1958/2284/703 1957/2283/702 1937/2263/682 1938/2264/683
f 1959/2285/704 1958/2284/703 1938/2264/683 1939/2265/684
f 1960/2286/705 1959/2285/704 1939/2265/684 1940/2266/685
f 1961/2287/706 1960/2286/705 1940/2266/685 1941/2267/686
f 1942/2269/688 1961/2287/706 1941/2267/686 1922/2249/668
f 1963/2288/707 1962/2289/708 1942/2269/688 1943/2268/687
f 1964/2290/709 1963/2288/707 1943/2268/687 1944/2270/689
f 1965/2291/710 1964/2290/709 1944/2270/689 1945/2271/690
f 1966/2292/711 1965/2291/710 1945/2271/690 1946/2272/691
f 1967/2293/712 1966/2292/711 1946/2272/691 1947/2273/692
f 1968/2294/713 1967/2293/712 1947/2273/692 1948/2274/693
f 1969/2295/714 1968/2294/713 1948/2274/693 1949/2275/694
f 1970/2296/715 1969/2295/714 1949/2275/694 1950/2276/695
f 1971/2297/716 1970/2296/715 1950/2276/695 1951/2277/696
f 1972/2298/717 1971/2297/716 1951/2277/696 1952/2278/697
f 1973/2299/718 1972/2298/717 1952/2278/697 1953/2279/698
f 1974/2300/719 1973/2299/718 1953/2279/698 1954/2280/699
f 1975/2301/720 1974/2300/719 1954/2280/699 1955/2281/700
f 1976/2302/721 1975/2301/720 1955/2281/700 1956/2282/701
f 1977/2303/722 1976/2302/721 1956/2282/701 1957/2283/702
f 1978/2304/723 1977/2303/722 1957/2283/702 1958/2284/703
f 1979/2305/724 1978/2304/723 1958/2284/703 1959/2285/704
f 1980/2306/725 1979/2305/724 1959/2285/704 1960/2286/705
f 1981/2307/726 1980/2306/725 1960/2286/705 1961/2287/706
f 1962/2289/708 1981/2307/726 1961/2287/706 1942/2269/688
f 1983/2308/727 1982/2309/728 1962/2289/708 1963/2288/707
f 1984/2310/729 1983/2308/727 1963/2288/707 1964/2290/709
f 1985/2311/730 1984/2310/729 1964/2290/709 1965/2291/710
f 1986/2312/731 1985/2311/730 1965/2291/710 1966/2292/711
f 1987/2313/732 1986/2312/731 1966/2292/711 1967/2293/712
f 1988/2314/733 1987/2313/732 1967/2293/712 1968/2294/713
f 1989/2315/734 1988/2314/733 1968/2294/713 1969/2295/714
f 1990/2316/735 1989/2315/734 1969/2295/714 1970/2296/715
f 1991/2317/736 1990/2316/735 1970/2296/715 1971/2297/716
f 1992/2318/737 1991/2317/736 1971/2297/716 1972/2298/717
f 1993/2319/738 1992/2318/737 1972/2298/717 1973/2299/718
f 1994/2320/739 1993/2319/738 1973/2299/718 1974/2300/719
f 1995/2321/740 1994/2320/739 1974/2300/719 1975/2301/720
f 1996/2322/741 1995/2321/740 1975/2301/720 1976/2302/721
f 1997/2323/742 1996/2322/741 1976/2302/721 1977/2303/722
f 1998/2324/743 1997/2323/742 1977/2303/722 1978/2304/723
f 1999/2325/744 1998/2324/743 1978/2304/723 1979/2305/724
f 2000/2326/745 1999/2325/744 1979/2305/724 1980/2306/725
f 2001/2327/746 2000/2326/745 1980/2306/725 1981/2307/726
f 1982/2309/728 2001/2327/746 1981/2307/726 1962/2289/708
f 2003/2328/747 2002/2329/748 1982/2309/728 1983/2308/727
f 2004/2330/749 2003/2328/747 1983/2308/727 1984/2310/729
f 2005/2331/750 2004/2330/749 1984/2310/729 1985/2311/730
f 2006/2332/751 2005/2331/750 1985/2311/730 1986/2312/731
f 2007/2333/752 2006/2332/751 1986/2312/731 1987/2313/732
f 2008/2334/753 2007/2333/752 1987/2313/732 1988/2314/733
f 2009/2335/754 2008/2334/753 1988/2314/733 1989/2315/734
f 2010/2336/755 2009/2335/754 1989/2315/734 1990/2316/735
f 2011/2337/756 2010/2336/755 1990/2316/735 1991/2317/736
f 2012/2338/757 2011/2337/756 1991/2317/736 1992/2318/737
f 2013/2339/758 2012/2338/757 1992/2318/737 1993/2319/738
f 2014/2340/759 2013/2339/758 1993/2319/738 1994/2320/739
f 2015/2341/760 2014/2340/759 1994/2320/739 1995/2321/740
f 2016/2342/761 2015/2341/760 1995/2321/740 1996/2322/741
f 2017/2343/762 2016/2342/761 1996/2322/741 1997/2323/742
f 2018/2344/763 2017/2343/762 1997/2323/742 1998/2324/743
f 2019/2345/764 2018/2344/763 1998/2324/743 1999/2325/744
f 2020/2346/765 2019/2345/764 1999/2325/744 2000/2326/745
f 2021/2347/766 2020/2346/765 2000/2326/745 2001/2327/746
f 2002/2329/748 2021/2347/766 2001/2327/746 1982/2309/728
f 2023/2348/585 2022/2349/2 2042/2350/2 2043/2351/585
f 2024/2352/586 2023/2348/585 2043/2351/585 2044/2353/586
f 2025/2354/587 2024/2352/586 2044/2353/586 2045/2355/587
f 2026/2356/588 2025/2354/587 2045/2355/587 2046/2357/588
f 2027/2358/59 2026/2356/588 2046/2357/588 2047/2359/59
f 2028/2360/589 2027/2358/59 2047/2359/59 2048/2361/589
f 2029/2362/590 2028/2360/589 2048/2361/589 2049/2363/590
f 2030/2364/591 2029/2362/590 2049/2363/590 2050/2365/591
f 2031/2366/592 2030/2364/591 2050/2365/591 2051/2367/592
f 2032/2368/4 2031/2366/592 2051/2367/592 2052/2369/4
f 2033/2370/593 2032/2368/4 2052/2369/4 2053/2371/593
f 2034/2372/594 2033/2370/593 2053/2371/593 2054/2373/594
f 2035/2374/595 2034/2372/594 2054/2373/594 2055/2375/595
f 2036/2376/596 2035/2374/595 2055/2375/595 2056/2377/596
f 2037/2378/93 2036/2376/596 2056/2377/596 2057/2379/93
f 2038/2380/597 2037/2378/93 2057/2379/93 2058/2381/597
f 2039/2382/598 2038/2380/597 2058/2381/597 2059/2383/598
f 2040/2384/599 2039/2382/598 2059/2383/598 2060/2385/599
f 2041/2386/600 2040/2384/599 2060/2385/599 2061/2387/600
f 2022/2349/2 2041/2386/600 2061/2387/600 2042/2350/2
s 0
f 2002/2329/767 2003/2328/767 2043/2351/767 2042/2350/767
f 2003/2328/768 2004/2330/768 2044/2353/768 2043/2351/768
f 2004/2330/769 2005/2331/769 2045/2355/769 2044/2353/769
f 2005/2331/770 2006/2332/770 2046/2357/770 2045/2355/770
f 2006/2332/771 2007/2333/771 2047/2359/771 2046/2357/771
f 2007/2333/772 2008/2334/772 2048/2361/772 2047/2359/772
f 2008/2334/773 2009/2335/773 2049/2363/773 2048/2361/773
f 2009/2335/774 2010/2336/774 2050/2365/774 2049/2363/774
f 2010/2336/775 2011/2337/775 2051/2367/775 2050/2365/775
f 2011/2337/776 2012/2338/776 2052/2369/776 2051/2367/776
f 2012/2338/777 2013/2339/777 2053/2371/777 2052/2369/777
f 2013/2339/778 2014/2340/778 2054/2373/778 2053/2371/778
f 2014/2340/779 2015/2341/779 2055/2375/779 2054/2373/779
f 2015/2341/780 2016/2342/780 2056/2377/780 2055/2375/780
f 2016/2342/781 2017/2343/781 2057/2379/781 2056/2377/781
f 2017/2343/782 2018/2344/782 2058/2381/782 2057/2379/782
f 2018/2344/783 2019/2345/783 2059/2383/783 2058/2381/783
f 2019/2345/784 2020/2346/784 2060/2385/784 2059/2383/784
f 2020/2346/785 2021/2347/785 2061/2387/785 2060/2385/785
f 2021/2347/786 2002/2329/786 2042/2350/786 2061/2387/786
s 1
f 2062/2388/3 2064/2389/647 2063/2390/648
f 2062/2388/3 2065/2391/649 2064/2389/647
f 2062/2388/3 2066/2392/650 2065/2391/649
f 2062/2388/3 2067/2393/651 2066/2392/650
f 2062/2388/3 2068/2394/652 2067/2393/651
f 2062/2388/3 2069/2395/653 2068/2394/652
f 2062/2388/3 2070/2396/654 2069/2395/653
f 2062/2388/3 2071/2397/655 2070/2396/654
f 2062/2388/3 2072/2398/656 2071/2397/655
f 2062/2388/3 2073/2399/657 2072/2398/656
f 2062/2388/3 2074/2400/658 2073/2399/657
f 2062/2388/3 2075/2401/659 2074/2400/658
f 2062/2388/3 2076/2402/787 2075/2401/659
f 2062/2388/3 2077/2403/661 2076/2402/787
f 2062/2388/3 2078/2404/662 2077/2403/661
f 2062/2388/3 2079/2405/663 2078/2404/662
f 2062/2388/3 2080/2406/664 2079/2405/663
f 2062/2388/3 2081/2407/665 2080/2406/664
f 2062/2388/3 2082/2408/666 2081/2407/665
f 2062/2388/3 2063/2390/648 2082/2408/666
f 2084/2409/667 2083/2410/668 2063/2390/648 2064/2389/647
f 2085/2411/669 2084/2409/667 2064/2389/647 2065/2391/649
f 2086/2412/670 2085/2411/669 2065/2391/649 2066/2392/650
f 2087/2413/671 2086/2412/670 2066/2392/650 2067/2393/651
f 2088/2414/672 2087/2413/671 2067/2393/651 2068/2394/652
f 2089/2415/673 2088/2414/672 2068/2394/652 2069/2395/653
f 2090/2416/674 2089/2415/673 2069/2395/653 2070/2396/654
f 2091/2417/675 2090/2416/674 2070/2396/654 2071/2397/655
f 2092/2418/676 2091/2417/675 2071/2397/655 2072/2398/656
f 2093/2419/677 2092/2418/676 2072/2398/656 2073/2399/657
f 2094/2420/678 2093/2419/677 2073/2399/657 2074/2400/658
f 2095/2421/679 2094/2420/678 2074/2400/658 2075/2401/659
f 2096/2422/680 2095/2421/679 2075/2401/659 2076/2402/787
f 2097/2423/788 2096/2422/680 2076/2402/787 2077/2403/661
f 2098/2424/682 2097/2423/788 2077/2403/661 2078/2404/662
f 2099/2425/683 2098/2424/682 2078/2404/662 2079/2405/663
f 2100/2426/684 2099/2425/683 2079/2405/663 2080/2406/664
f 2101/2427/685 2100/2426/684 2080/2406/664 2081/2407/665
f 2102/2428/686 2101/2427/685 2081/2407/665 2082/2408/666
f 2083/2410/668 2102/2428/686 2082/2408/666 2063/2390/648
f 2104/2429/687 2103/2430/688 2083/2410/668 2084/2409/667
f 2105/2431/689 2104/2429/687 2084/2409/667 2085/2411/669
f 2106/2432/690 2105/2431/689 2085/2411/669 2086/2412/670
f 2107/2433/789 2106/2432/690 2086/2412/670 2087/2413/671
f 2108/2434/692 2107/2433/789 2087/2413/671 2088/2414/672
f 2109/2435/693 2108/2434/692 2088/2414/672 2089/2415/673
f 2110/2436/694 2109/2435/693 2089/2415/673 2090/2416/674
f 2111/2437/695 2110/2436/694 2090/2416/674 2091/2417/675
f 2112/2438/696 2111/2437/695 2091/2417/675 2092/2418/676
f 2113/2439/697 2112/2438/696 2092/2418/676 2093/2419/677
f 2114/2440/698 2113/2439/697 2093/2419/677 2094/2420/678
f 2115/2441/699 2114/2440/698 2094/2420/678 2095/2421/679
f 2116/2442/700 2115/2441/699 2095/2421/679 2096/2422/680
f 2117/2443/701 2116/2442/700 2096/2422/680 2097/2423/788
f 2118/2444/702 2117/2443/701 2097/2423/788 2098/2424/682
f 2119/2445/790 2118/2444/702 2098/2424/682 2099/2425/683
f 2120/2446/704 2119/2445/790 2099/2425/683 2100/2426/684
f 2121/2447/705 2120/2446/704 2100/2426/684 2101/2427/685
f 2122/2448/706 2121/2447/705 2101/2427/685 2102/2428/686
f 2103/2430/688 2122/2448/706 2102/2428/686 2083/2410/668
f 2124/2449/707 2123/2450/708 2103/2430/688 2104/2429/687
f 2125/2451/709 2124/2449/707 2104/2429/687 2105/2431/689
f 2126/2452/710 2125/2451/709 2105/2431/689 2106/2432/690
f 2127/2453/711 2126/2452/710 2106/2432/690 2107/2433/789
f 2128/2454/712 2127/2453/711 2107/2433/789 2108/2434/692
f 2129/2455/713 2128/2454/712 2108/2434/692 2109/2435/693
f 2130/2456/791 2129/2455/713 2109/2435/693 2110/2436/694
f 2131/2457/715 2130/2456/791 2110/2436/694 2111/2437/695
f 2132/2458/716 2131/2457/715 2111/2437/695 2112/2438/696
f 2133/2459/717 2132/2458/716 2112/2438/696 2113/2439/697
f 2134/2460/718 2133/2459/717 2113/2439/697 2114/2440/698
f 2135/2461/719 2134/2460/718 2114/2440/698 2115/2441/699
f 2136/2462/720 2135/2461/719 2115/2441/699 2116/2442/700
f 2137/2463/721 2136/2462/720 2116/2442/700 2117/2443/701
f 2138/2464/722 2137/2463/721 2117/2443/701 2118/2444/702
f 2139/2465/723 2138/2464/722 2118/2444/702 2119/2445/790
f 2140/2466/724 2139/2465/723 2119/2445/790 2120/2446/704
f 2141/2467/725 2140/2466/724 2120/2446/704 2121/2447/705
f 2142/2468/726 2141/2467/725 2121/2447/705 2122/2448/706
f 2123/2450/708 2142/2468/726 2122/2448/706 2103/2430/688
f 2144/2469/727 2143/2470/728 2123/2450/708 2124/2449/707
f 2145/2471/729 2144/2469/727 2124/2449/707 2125/2451/709
f 2146/2472/730 2145/2471/729 2125/2451/709 2126/2452/710
f 2147/2473/731 2146/2472/730 2126/2452/710 2127/2453/711
f 2148/2474/732 2147/2473/731 2127/2453/711 2128/2454/712
f 2149/2475/733 2148/2474/732 2128/2454/712 2129/2455/713
f 2150/2476/734 2149/2475/733 2129/2455/713 2130/2456/791
f 2151/2477/735 2150/2476/734 2130/2456/791 2131/2457/715
f 2152/2478/736 2151/2477/735 2131/2457/715 2132/2458/716
f 2153/2479/737 2152/2478/736 2132/2458/716 2133/2459/717
f 2154/2480/738 2153/2479/737 2133/2459/717 2134/2460/718
f 2155/2481/739 2154/2480/738 2134/2460/718 2135/2461/719
f 2156/2482/740 2155/2481/739 2135/2461/719 2136/2462/720
f 2157/2483/741 2156/2482/740 2136/2462/720 2137/2463/721
f 2158/2484/742 2157/2483/741 2137/2463/721 2138/2464/722
f 2159/2485/743 2158/2484/742 2138/2464/722 2139/2465/723
f 2160/2486/744 2159/2485/743 2139/2465/723 2140/2466/724
f 2161/2487/745 2160/2486/744 2140/2466/724 2141/2467/725
f 2162/2488/746 2161/2487/745 2141/2467/725 2142/2468/726
f 2143/2470/728 2162/2488/746 2142/2468/726 2123/2450/708
f 2164/2489/747 2163/2490/748 2143/2470/728 2144/2469/727
f 2165/2491/749 2164/2489/747 2144/2469/727 2145/2471/729
f 2166/2492/750 2165/2491/749 2145/2471/729 2146/2472/730
f 2167/2493/751 2166/2492/750 2146/2472/730 2147/2473/731
f 2168/2494/752 2167/2493/751 2147/2473/731 2148/2474/732
f 2169/2495/753 2168/2494/752 2148/2474/732 2149/2475/733
f 2170/2496/754 2169/2495/753 2149/2475/733 2150/2476/734
f 2171/2497/755 2170/2496/754 2150/2476/734 2151/2477/735
f 2172/2498/756 2171/2497/755 2151/2477/735 2152/2478/736
f 2173/2499/757 2172/2498/756 2152/2478/736 2153/2479/737
f 2174/2500/758 2173/2499/757 2153/2479/737 2154/2480/738
f 2175/2501/759 2174/2500/758 2154/2480/738 2155/2481/739
f 2176/2502/760 2175/2501/759 2155/2481/739 2156/2482/740
f 2177/2503/761 2176/2502/760 2156/2482/740 2157/2483/741
f 2178/2504/792 2177/2503/761 2157/2483/741 2158/2484/742
f 2179/2505/763 2178/2504/792 2158/2484/742 2159/2485/743
f 2180/2506/764 2179/2505/763 2159/2485/743 2160/2486/744
f 2181/2507/765 2180/2506/764 2160/2486/744 2161/2487/745
f 2182/2508/766 2181/2507/765 2161/2487/745 2162/2488/746
f 2163/2490/748 2182/2508/766 2162/2488/746 2143/2470/728
f 2184/2509/585 2183/2510/2 2203/2511/2 2204/2512/585
f 2185/2513/586 2184/2509/585 2204/2512/585 2205/2514/586
f 2186/2515/587 2185/2513/586 2205/2514/586 2206/2516/587
f 2187/2517/588 2186/2515/587 2206/2516/587 2207/2518/588
f 2188/2519/59 2187/2517/588 2207/2518/588 2208/2520/59
f 2189/2521/589 2188/2519/59 2208/2520/59 2209/2522/589
f 2190/2523/590 2189/2521/589 2209/2522/589 2210/2524/590
f 2191/2525/591 2190/2523/590 2210/2524/590 2211/2526/591
f 2192/2527/592 2191/2525/591 2211/2526/591 2212/2528/592
f 2193/2529/4 2192/2527/592 2212/2528/592 2213/2530/4
f 2194/2531/593 2193/2529/4 2213/2530/4 2214/2532/593
f 2195/2533/594 2194/2531/593 2214/2532/593 2215/2534/594
f 2196/2535/595 2195/2533/594 2215/2534/594 2216/2536/595
f 2197/2537/596 2196/2535/595 2216/2536/595 2217/2538/596
f 2198/2539/93 2197/2537/596 2217/2538/596 2218/2540/93
f 2199/2541/597 2198/2539/93 2218/2540/93 2219/2542/597
f 2200/2543/598 2199/2541/597 2219/2542/597 2220/2544/598
f 2201/2545/599 2200/2543/598 2220/2544/598 2221/2546/599
f 2202/2547/600 2201/2545/599 2221/2546/599 2222/2548/600
f 2183/2510/2 2202/2547/600 2222/2548/600 2203/2511/2
s 0
f 2163/2490/767 2164/2489/767 2204/2512/767 2203/2511/767
f 2164/2489/793 2165/2491/793 2205/2514/793 2204/2512/793
f 2165/2491/794 2166/2492/794 2206/2516/794 2205/2514/794
f 2166/2492/770 2167/2493/770 2207/2518/770 2206/2516/770
f 2167/2493/795 2168/2494/795 2208/2520/795 2207/2518/795
f 2168/2494/796 2169/2495/796 2209/2522/796 2208/2520/796
f 2169/2495/773 2170/2496/773 2210/2524/773 2209/2522/773
f 2170/2496/797 2171/2497/797 2211/2526/797 2210/2524/797
f 2171/2497/798 2172/2498/798 2212/2528/798 2211/2526/798
f 2172/2498/776 2173/2499/776 2213/2530/776 2212/2528/776
f 2173/2499/777 2174/2500/777 2214/2532/777 2213/2530/777
f 2174/2500/778 2175/2501/778 2215/2534/778 2214/2532/778
f 2175/2501/799 2176/2502/799 2216/2536/799 2215/2534/799
f 2176/2502/800 2177/2503/800 2217/2538/800 2216/2536/800
f 2177/2503/781 2178/2504/781 2218/2540/781 2217/2538/781
f 2178/2504/782 2179/2505/782 2219/2542/782 2218/2540/782
f 2179/2505/783 2180/2506/783 2220/2544/783 2219/2542/783
f 2180/2506/801 2181/2507/801 2221/2546/801 2220/2544/801
f 2181/2507/802 2182/2508/802 2222/2548/802 2221/2546/802
f 2182/2508/803 2163/2490/803 2203/2511/803 2222/2548/803
s 1
f 2223/2549/3 2225/2550/647 2224/2551/648
f 2223/2549/3 2226/2552/649 2225/2550/647
f 2223/2549/3 2227/2553/650 2226/2552/649
f 2223/2549/3 2228/2554/651 2227/2553/650
f 2223/2549/3 2229/2555/652 2228/2554/651
f 2223/2549/3 2230/2556/653 2229/2555/652
f 2223/2549/3 2231/2557/804 2230/2556/653
f 2223/2549/3 2232/2558/655 2231/2557/804
f 2223/2549/3 2233/2559/656 2232/2558/655
f 2223/2549/3 2234/2560/657 2233/2559/656
f 2223/2549/3 2235/2561/658 2234/2560/657
f 2223/2549/3 2236/2562/659 2235/2561/658
f 2223/2549/3 2237/2563/787 2236/2562/659
f 2223/2549/3 2238/2564/661 2237/2563/787
f 2223/2549/3 2239/2565/662 2238/2564/661
f 2223/2549/3 2240/2566/663 2239/2565/662
f 2223/2549/3 2241/2567/664 2240/2566/663
f 2223/2549/3 2242/2568/665 2241/2567/664
f 2223/2549/3 2243/2569/666 2242/2568/665
f 2223/2549/3 2224/2551/648 2243/2569/666
f 2245/2570/667 2244/2571/668 2224/2551/648 2225/2550/647
f 2246/2572/669 2245/2570/667 2225/2550/647 2226/2552/649
f 2247/2573/805 2246/2572/669 2226/2552/649 2227/2553/650
f 2248/2574/671 2247/2573/805 2227/2553/650 2228/2554/651
f 2249/2575/672 2248/2574/671 2228/2554/651 2229/2555/652
f 2250/2576/673 2249/2575/672 2229/2555/652 2230/2556/653
f 2251/2577/674 2250/2576/673 2230/2556/653 2231/2557/804
f 2252/2578/675 2251/2577/674 2231/2557/804 2232/2558/655
f 2253/2579/676 2252/2578/675 2232/2558/655 2233/2559/656
f 2254/2580/677 2253/2579/676 2233/2559/656 2234/2560/657
f 2255/2581/678 2254/2580/677 2234/2560/657 2235/2561/658
f 2256/2582/679 2255/2581/678 2235/2561/658 2236/2562/659
f 2257/2583/680 2256/2582/679 2236/2562/659 2237/2563/787
f 2258/2584/681 2257/2583/680 2237/2563/787 2238/2564/661
f 2259/2585/682 2258/2584/681 2238/2564/661 2239/2565/662
f 2260/2586/683 2259/2585/682 2239/2565/662 2240/2566/663
f 2261/2587/806 2260/2586/683 2240/2566/663 2241/2567/664
f 2262/2588/685 2261/2587/806 2241/2567/664 2242/2568/665
f 2263/2589/686 2262/2588/685 2242/2568/665 2243/2569/666
f 2244/2571/668 2263/2589/686 2243/2569/666 2224/2551/648
f 2265/2590/687 2264/2591/688 2244/2571/668 2245/2570/667
f 2266/2592/689 2265/2590/687 2245/2570/667 2246/2572/669
f 2267/2593/690 2266/2592/689 2246/2572/669 2247/2573/805
f 2268/2594/691 2267/2593/690 2247/2573/805 2248/2574/671
f 2269/2595/692 2268/2594/691 2248/2574/671 2249/2575/672
f 2270/2596/693 2269/2595/692 2249/2575/672 2250/2576/673
f 2271/2597/694 2270/2596/693 2250/2576/673 2251/2577/674
f 2272/2598/695 2271/2597/694 2251/2577/674 2252/2578/675
f 2273/2599/807 2272/2598/695 2252/2578/675 2253/2579/676
f 2274/2600/697 2273/2599/807 2253/2579/676 2254/2580/677
f 2275/2601/698 2274/2600/697 2254/2580/677 2255/2581/678
f 2276/2602/699 2275/2601/698 2255/2581/678 2256/2582/679
f 2277/2603/700 2276/2602/699 2256/2582/679 2257/2583/680
f 2278/2604/701 2277/2603/700 2257/2583/680 2258/2584/681
f 2279/2605/702 2278/2604/701 2258/2584/681 2259/2585/682
f 2280/2606/703 2279/2605/702 2259/2585/682 2260/2586/683
f 2281/2607/704 2280/2606/703 2260/2586/683 2261/2587/806
f 2282/2608/705 2281/2607/704 2261/2587/806 2262/2588/685
f 2283/2609/706 2282/2608/705 2262/2588/685 2263/2589/686
f 2264/2591/688 2283/2609/706 2263/2589/686 2244/2571/668
f 2285/2610/707 2284/2611/708 2264/2591/688 2265/2590/687
f 2286/2612/709 2285/2610/707 2265/2590/687 2266/2592/689
f 2287/2613/710 2286/2612/709 2266/2592/689 2267/2593/690
f 2288/2614/711 2287/2613/710 2267/2593/690 2268/2594/691
f 2289/2615/712 2288/2614/711 2268/2594/691 2269/2595/692
f 2290/2616/713 2289/2615/712 2269/2595/692 2270/2596/693
f 2291/2617/714 2290/2616/713 2270/2596/693 2271/2597/694
f 2292/2618/715 2291/2617/714 2271/2597/694 2272/2598/695
f 2293/2619/716 2292/2618/715 2272/2598/695 2273/2599/807
f 2294/2620/717 2293/2619/716 2273/2599/807 2274/2600/697
f 2295/2621/718 2294/2620/717 2274/2600/697 2275/2601/698
f 2296/2622/719 2295/2621/718 2275/2601/698 2276/2602/699
f 2297/2623/720 2296/2622/719 2276/2602/699 2277/2603/700
f 2298/2624/721 2297/2623/720 2277/2603/700 2278/2604/701
f 2299/2625/722 2298/2624/721 2278/2604/701 2279/2605/702
f 2300/2626/723 2299/2625/722 2279/2605/702 2280/2606/703
f 2301/2627/724 2300/2626/723 2280/2606/703 2281/2607/704
f 2302/2628/725 2301/2627/724 2281/2607/704 2282/2608/705
f 2303/2629/726 2302/2628/725 2282/2608/705 2283/2609/706
f 2284/2611/708 2303/2629/726 2283/2609/706 2264/2591/688
f 2305/2630/727 2304/2631/728 2284/2611/708 2285/2610/707
f 2306/2632/729 2305/2630/727 2285/2610/707 2286/2612/709
f 2307/2633/730 2306/2632/729 2286/2612/709 2287/2613/710
f 2308/2634/731 2307/2633/730 2287/2613/710 2288/2614/711
f 2309/2635/808 2308/2634/731 2288/2614/711 2289/2615/712
f 2310/2636/733 2309/2635/808 2289/2615/712 2290/2616/713
f 2311/2637/734 2310/2636/733 2290/2616/713 2291/2617/714
f 2312/2638/735 2311/2637/734 2291/2617/714 2292/2618/715
f 2313/2639/736 2312/2638/735 2292/2618/715 2293/2619/716
f 2314/2640/737 2313/2639/736 2293/2619/716 2294/2620/717
f 2315/2641/738 2314/2640/737 2294/2620/717 2295/2621/718
f 2316/2642/739 2315/2641/738 2295/2621/718 2296/2622/719
f 2317/2643/740 2316/2642/739 2296/2622/719 2297/2623/720
f 2318/2644/741 2317/2643/740 2297/2623/720 2298/2624/721
f 2319/2645/742 2318/2644/741 2298/2624/721 2299/2625/722
f 2320/2646/743 2319/2645/742 2299/2625/722 2300/2626/723
f 2321/2647/744 2320/2646/743 2300/2626/723 2301/2627/724
f 2322/2648/745 2321/2647/744 2301/2627/724 2302/2628/725
f 2323/2649/746 2322/2648/745 2302/2628/725 2303/2629/726
f 2304/2631/728 2323/2649/746 2303/2629/726 2284/2611/708
f 2325/2650/747 2324/2651/748 2304/2631/728 2305/2630/727
f 2326/2652/749 2325/2650/747 2305/2630/727 2306/2632/729
f 2327/2653/750 2326/2652/749 2306/2632/729 2307/2633/730
f 2328/2654/751 2327/2653/750 2307/2633/730 2308/2634/731
f 2329/2655/752 2328/2654/751 2308/2634/731 2309/2635/808
f 2330/2656/753 2329/2655/752 2309/2635/808 2310/2636/733
f 2331/2657/754 2330/2656/753 2310/2636/733 2311/2637/734
f 2332/2658/755 2331/2657/754 2311/2637/734 2312/2638/735
f 2333/2659/756 2332/2658/755 2312/2638/735 2313/2639/736
f 2334/2660/757 2333/2659/756 2313/2639/736 2314/2640/737
f 2335/2661/758 2334/2660/757 2314/2640/737 2315/2641/738
f 2336/2662/759 2335/2661/758 2315/2641/738 2316/2642/739
f 2337/2663/760 2336/2662/759 2316/2642/739 2317/2643/740
f 2338/2664/761 2337/2663/760 2317/2643/740 2318/2644/741
f 2339/2665/762 2338/2664/761 2318/2644/741 2319/2645/742
f 2340/2666/763 2339/2665/762 2319/2645/742 2320/2646/743
f 2341/2667/764 2340/2666/763 2320/2646/743 2321/2647/744
f 2342/2668/765 2341/2667/764 2321/2647/744 2322/2648/745
f 2343/2669/766 2342/2668/765 2322/2648/745 2323/2649/746
f 2324/2651/748 2343/2669/766 2323/2649/746 2304/2631/728
f 2345/2670/585 2344/2671/2 2364/2672/2 2365/2673/585
f 2346/2674/586 2345/2670/585 2365/2673/585 2366/2675/586
f 2347/2676/587 2346/2674/586 2366/2675/586 2367/2677/587
f 2348/2678/588 2347/2676/587 2367/2677/587 2368/2679/588
f 2349/2680/59 2348/2678/588 2368/2679/588 2369/2681/59
f 2350/2682/589 2349/2680/59 2369/2681/59 2370/2683/589
f 2351/2684/590 2350/2682/589 2370/2683/589 2371/2685/590
f 2352/2686/591 2351/2684/590 2371/2685/590 2372/2687/591
f 2353/2688/592 2352/2686/591 2372/2687/591 2373/2689/592
f 2354/2690/4 2353/2688/592 2373/2689/592 2374/2691/4
f 2355/2692/593 2354/2690/4 2374/2691/4 2375/2693/593
f 2356/2694/594 2355/2692/593 2375/2693/593 2376/2695/594
f 2357/2696/595 2356/2694/594 2376/2695/594 2377/2697/595
f 2358/2698/596 2357/2696/595 2377/2697/595 2378/2699/596
f 2359/2700/93 2358/2698/596 2378/2699/596 2379/2701/93
f 2360/2702/597 2359/2700/93 2379/2701/93 2380/2703/597
f 2361/2704/598 2360/2702/597 2380/2703/597 2381/2705/598
f 2362/2706/599 2361/2704/598 2381/2705/598 2382/2707/599
f 2363/2708/600 2362/2706/599 2382/2707/599 2383/2709/600
f 2344/2671/2 2363/2708/600 2383/2709/600 2364/2672/2
s 0
f 2324/2651/767 2325/2650/767 2365/2673/767 2364/2672/767
f 2325/2650/793 2326/2652/793 2366/2675/793 2365/2673/793
f 2326/2652/794 2327/2653/794 2367/2677/794 2366/2675/794
f 2327/2653/770 2328/2654/770 2368/2679/770 2367/2677/770
f 2328/2654/795 2329/2655/795 2369/2681/795 2368/2679/795
f 2329/2655/772 2330/2656/772 2370/2683/772 2369/2681/772
f 2330/2656/773 2331/2657/773 2371/2685/773 2370/2683/773
f 2331/2657/809 2332/2658/809 2372/2687/809 2371/2685/809
f 2332/2658/810 2333/2659/810 2373/2689/810 2372/2687/810
f 2333/2659/776 2334/2660/776 2374/2691/776 2373/2689/776
f 2334/2660/777 2335/2661/777 2375/2693/777 2374/2691/777
f 2335/2661/778 2336/2662/778 2376/2695/778 2375/2693/778
f 2336/2662/799 2337/2663/799 2377/2697/799 2376/2695/799
f 2337/2663/800 2338/2664/800 2378/2699/800 2377/2697/800
f 2338/2664/811 2339/2665/811 2379/2701/811 2378/2699/811
f 2339/2665/812 2340/2666/812 2380/2703/812 2379/2701/812
f 2340/2666/783 2341/2667/783 2381/2705/783 2380/2703/783
f 2341/2667/801 2342/2668/801 2382/2707/801 2381/2705/801
f 2342/2668/802 2343/2669/802 2383/2709/802 2382/2707/802
f 2343/2669/786 2324/2651/786 2364/2672/786 2383/2709/786
s 1
f 2384/2710/3 2386/2711/647 2385/2712/648
f 2384/2710/3 2387/2713/649 2386/2711/647
f 2384/2710/3 2388/2714/650 2387/2713/649
f 2384/2710/3 2389/2715/651 2388/2714/650
f 2384/2710/3 2390/2716/652 2389/2715/651
f 2384/2710/3 2391/2717/653 2390/2716/652
f 2384/2710/3 2392/2718/654 2391/2717/653
f 2384/2710/3 2393/2719/655 2392/2718/654
f 2384/2710/3 2394/2720/656 2393/2719/655
f 2384/2710/3 2395/2721/657 2394/2720/656
f 2384/2710/3 2396/2722/658 2395/2721/657
f 2384/2710/3 2397/2723/659 2396/2722/658
f 2384/2710/3 2398/2724/787 2397/2723/659
f 2384/2710/3 2399/2725/661 2398/2724/787
f 2384/2710/3 2400/2726/662 2399/2725/661
f 2384/2710/3 2401/2727/663 2400/2726/662
f 2384/2710/3 2402/2728/664 2401/2727/663
f 2384/2710/3 2403/2729/665 2402/2728/664
f 2384/2710/3 2404/2730/666 2403/2729/665
f 2384/2710/3 2385/2712/648 2404/2730/666
f 2406/2731/667 2405/2732/668 2385/2712/648 2386/2711/647
f 2407/2733/669 2406/2731/667 2386/2711/647 2387/2713/649
f 2408/2734/670 2407/2733/669 2387/2713/649 2388/2714/650
f 2409/2735/671 2408/2734/670 2388/2714/650 2389/2715/651
f 2410/2736/672 2409/2735/671 2389/2715/651 2390/2716/652
f 2411/2737/673 2410/2736/672 2390/2716/652 2391/2717/653
f 2412/2738/674 2411/2737/673 2391/2717/653 2392/2718/654
f 2413/2739/675 2412/2738/674 2392/2718/654 2393/2719/655
f 2414/2740/676 2413/2739/675 2393/2719/655 2394/2720/656
f 2415/2741/677 2414/2740/676 2394/2720/656 2395/2721/657
f 2416/2742/678 2415/2741/677 2395/2721/657 2396/2722/658
f 2417/2743/679 2416/2742/678 2396/2722/658 2397/2723/659
f 2418/2744/680 2417/2743/679 2397/2723/659 2398/2724/787
f 2419/2745/788 2418/2744/680 2398/2724/787 2399/2725/661
f 2420/2746/682 2419/2745/788 2399/2725/661 2400/2726/662
f 2421/2747/683 2420/2746/682 2400/2726/662 2401/2727/663
f 2422/2748/684 2421/2747/683 2401/2727/663 2402/2728/664
f 2423/2749/685 2422/2748/684 2402/2728/664 2403/2729/665
f 2424/2750/686 2423/2749/685 2403/2729/665 2404/2730/666
f 2405/2732/668 2424/2750/686 2404/2730/666 2385/2712/648
f 2426/2751/687 2425/2752/688 2405/2732/668 2406/2731/667
f 2427/2753/689 2426/2751/687 2406/2731/667 2407/2733/669
f 2428/2754/690 2427/2753/689 2407/2733/669 2408/2734/670
f 2429/2755/691 2428/2754/690 2408/2734/670 2409/2735/671
f 2430/2756/692 2429/2755/691 2409/2735/671 2410/2736/672
f 2431/2757/693 2430/2756/692 2410/2736/672 2411/2737/673
f 2432/2758/694 2431/2757/693 2411/2737/673 2412/2738/674
f 2433/2759/695 2432/2758/694 2412/2738/674 2413/2739/675
f 2434/2760/696 2433/2759/695 2413/2739/675 2414/2740/676
f 2435/2761/697 2434/2760/696 2414/2740/676 2415/2741/677
f 2436/2762/698 2435/2761/697 2415/2741/677 2416/2742/678
f 2437/2763/699 2436/2762/698 2416/2742/678 2417/2743/679
f 2438/2764/700 2437/2763/699 2417/2743/679 2418/2744/680
f 2439/2765/701 2438/2764/700 2418/2744/680 2419/2745/788
f 2440/2766/702 2439/2765/701 2419/2745/788 2420/2746/682
f 2441/2767/703 2440/2766/702 2420/2746/682 2421/2747/683
f 2442/2768/704 2441/2767/703 2421/2747/683 2422/2748/684
f 2443/2769/705 2442/2768/704 2422/2748/684 2423/2749/685
f 2444/2770/706 2443/2769/705 2423/2749/685 2424/2750/686
f 2425/2752/688 2444/2770/706 2424/2750/686 2405/2732/668
f 2446/2771/707 2445/2772/708 2425/2752/688 2426/2751/687
f 2447/2773/709 2446/2771/707 2426/2751/687 2427/2753/689
f 2448/2774/710 2447/2773/709 2427/2753/689 2428/2754/690
f 2449/2775/711 2448/2774/710 2428/2754/690 2429/2755/691
f 2450/2776/712 2449/2775/711 2429/2755/691 2430/2756/692
f 2451/2777/713 2450/2776/712 2430/2756/692 2431/2757/693
f 2452/2778/714 2451/2777/713 2431/2757/693 2432/2758/694
f 2453/2779/715 2452/2778/714 2432/2758/694 2433/2759/695
f 2454/2780/716 2453/2779/715 2433/2759/695 2434/2760/696
f 2455/2781/717 2454/2780/716 2434/2760/696 2435/2761/697
f 2456/2782/718 2455/2781/717 2435/2761/697 2436/2762/698
f 2457/2783/719 2456/2782/718 2436/2762/698 2437/2763/699
f 2458/2784/720 2457/2783/719 2437/2763/699 2438/2764/700
f 2459/2785/721 2458/2784/720 2438/2764/700 2439/2765/701
f 2460/2786/722 2459/2785/721 2439/2765/701 2440/2766/702
f 2461/2787/723 2460/2786/722 2440/2766/702 2441/2767/703
f 2462/2788/724 2461/2787/723 2441/2767/703 2442/2768/704
f 2463/2789/725 2462/2788/724 2442/2768/704 2443/2769/705
f 2464/2790/726 2463/2789/725 2443/2769/705 2444/2770/706
f 2445/2772/708 2464/2790/726 2444/2770/706 2425/2752/688
f 2466/2791/727 2465/2792/728 2445/2772/708 2446/2771/707
f 2467/2793/729 2466/2791/727 2446/2771/707 2447/2773/709
f 2468/2794/730 2467/2793/729 2447/2773/709 2448/2774/710
f 2469/2795/731 2468/2794/730 2448/2774/710 2449/2775/711
f 2470/2796/732 2469/2795/731 2449/2775/711 2450/2776/712
f 2471/2797/733 2470/2796/732 2450/2776/712 2451/2777/713
f 2472/2798/734 2471/2797/733 2451/2777/713 2452/2778/714
f 2473/2799/735 2472/2798/734 2452/2778/714 2453/2779/715
f 2474/2800/736 2473/2799/735 2453/2779/715 2454/2780/716
f 2475/2801/737 2474/2800/736 2454/2780/716 2455/2781/717
f 2476/2802/738 2475/2801/737 2455/2781/717 2456/2782/718
f 2477/2803/739 2476/2802/738 2456/2782/718 2457/2783/719
f 2478/2804/813 2477/2803/739 2457/2783/719 2458/2784/720
f 2479/2805/741 2478/2804/813 2458/2784/720 2459/2785/721
f 2480/2806/742 2479/2805/741 2459/2785/721 2460/2786/722
f 2481/2807/743 2480/2806/742 2460/2786/722 2461/2787/723
f 2482/2808/744 2481/2807/743 2461/2787/723 2462/2788/724
f 2483/2809/745 2482/2808/744 2462/2788/724 2463/2789/725
f 2484/2810/746 2483/2809/745 2463/2789/725 2464/2790/726
f 2465/2792/728 2484/2810/746 2464/2790/726 2445/2772/708
f 2486/2811/747 2485/2812/748 2465/2792/728 2466/2791/727
f 2487/2813/749 2486/2811/747 2466/2791/727 2467/2793/729
f 2488/2814/750 2487/2813/749 2467/2793/729 2468/2794/730
f 2489/2815/751 2488/2814/750 2468/2794/730 2469/2795/731
f 2490/2816/752 2489/2815/751 2469/2795/731 2470/2796/732
f 2491/2817/753 2490/2816/752 2470/2796/732 2471/2797/733
f 2492/2818/754 2491/2817/753 2471/2797/733 2472/2798/734
f 2493/2819/755 2492/2818/754 2472/2798/734 2473/2799/735
f 2494/2820/756 2493/2819/755 2473/2799/735 2474/2800/736
f 2495/2821/757 2494/2820/756 2474/2800/736 2475/2801/737
f 2496/2822/758 2495/2821/757 2475/2801/737 2476/2802/738
f 2497/2823/759 2496/2822/758 2476/2802/738 2477/2803/739
f 2498/2824/760 2497/2823/759 2477/2803/739 2478/2804/813
f 2499/2825/761 2498/2824/760 2478/2804/813 2479/2805/741
f 2500/2826/762 2499/2825/761 2479/2805/741 2480/2806/742
f 2501/2827/763 2500/2826/762 2480/2806/742 2481/2807/743
f 2502/2828/814 2501/2827/763 2481/2807/743 2482/2808/744
f 2503/2829/765 2502/2828/814 2482/2808/744 2483/2809/745
f 2504/2830/766 2503/2829/765 2483/2809/745 2484/2810/746
f 2485/2812/748 2504/2830/766 2484/2810/746 2465/2792/728
f 2506/2831/585 2505/2832/2 2525/2833/2 2526/2834/585
f 2507/2835/586 2506/2831/585 2526/2834/585 2527/2836/586
f 2508/2837/587 2507/2835/586 2527/2836/586 2528/2838/587
f 2509/2839/588 2508/2837/587 2528/2838/587 2529/2840/588
f 2510/2841/59 2509/2839/588 2529/2840/588 2530/2842/59
f 2511/2843/589 2510/2841/59 2530/2842/59 2531/2844/589
f 2512/2845/590 2511/2843/589 2531/2844/589 2532/2846/590
f 2513/2847/591 2512/2845/590 2532/2846/590 2533/2848/591
f 2514/2849/592 2513/2847/591 2533/2848/591 2534/2850/592
f 2515/2851/4 2514/2849/592 2534/2850/592 2535/2852/4
f 2516/2853/593 2515/2851/4 2535/2852/4 2536/2854/593
f 2517/2855/594 2516/2853/593 2536/2854/593 2537/2856/594
f 2518/2857/595 2517/2855/594 2537/2856/594 2538/2858/595
f 2519/2859/596 2518/2857/595 2538/2858/595 2539/2860/596
f 2520/2861/93 2519/2859/596 2539/2860/596 2540/2862/93
f 2521/2863/597 2520/2861/93 2540/2862/93 2541/2864/597
f 2522/2865/598 2521/2863/597 2541/2864/597 2542/2866/598
f 2523/2867/599 2522/2865/598 2542/2866/598 2543/2868/599
f 2524/2869/600 2523/2867/599 2543/2868/599 2544/2870/600
f 2505/2832/2 2524/2869/600 2544/2870/600 2525/2833/2
s 0
f 2485/2812/767 2486/2811/767 2526/2834/767 2525/2833/767
f 2486/2811/793 2487/2813/793 2527/2836/793 2526/2834/793
f 2487/2813/769 2488/2814/769 2528/2838/769 2527/2836/769
f 2488/2814/770 2489/2815/770 2529/2840/770 2528/2838/770
f 2489/2815/795 2490/2816/795 2530/2842/795 2529/2840/795
f 2490/2816/796 2491/2817/796 2531/2844/796 2530/2842/796
f 2491/2817/773 2492/2818/773 2532/2846/773 2531/2844/773
f 2492/2818/774 2493/2819/774 2533/2848/774 2532/2846/774
f 2493/2819/810 2494/2820/810 2534/2850/810 2533/2848/810
f 2494/2820/776 2495/2821/776 2535/2852/776 2534/2850/776
f 2495/2821/777 2496/2822/777 2536/2854/777 2535/2852/777
f 2496/2822/778 2497/2823/778 2537/2856/778 2536/2854/778
f 2497/2823/799 2498/2824/799 2538/2858/799 2537/2856/799
f 2498/2824/800 2499/2825/800 2539/2860/800 2538/2858/800
f 2499/2825/811 2500/2826/811 2540/2862/811 2539/2860/811
f 2500/2826/812 2501/2827/812 2541/2864/812 2540/2862/812
f 2501/2827/783 2502/2828/783 2542/2866/783 2541/2864/783
f 2502/2828/801 2503/2829/801 2543/2868/801 2542/2866/801
f 2503/2829/802 2504/2830/802 2544/2870/802 2543/2868/802
f 2504/2830/786 2485/2812/786 2525/2833/786 2544/2870/786
s 1
f 2545/2871/4 2546/2872/815 2547/2873/816
f 2545/2871/4 2547/2873/816 2548/2874/817
f 2545/2871/4 2548/2874/817 2549/2875/818
f 2545/2871/4 2549/2875/818 2550/2876/819
f 2545/2871/4 2550/2876/819 2551/2877/820
f 2545/2871/4 2551/2877/820 2552/2878/821
f 2545/2871/4 2552/2878/821 2553/2879/822
f 2545/2871/4 2553/2879/822 2554/2880/823
f 2545/2871/4 2554/2880/823 2555/2881/824
f 2545/2871/4 2555/2881/824 2556/2882/825
f 2545/2871/4 2556/2882/825 2557/2883/826
f 2545/2871/4 2557/2883/826 2558/2884/827
f 2545/2871/4 2558/2884/827 2559/2885/828
f 2545/2871/4 2559/2885/828 2560/2886/829
f 2545/2871/4 2560/2886/829 2561/2887/830
f 2545/2871/4 2561/2887/830 2562/2888/831
f 2545/2871/4 2562/2888/831 2563/2889/832
f 2545/2871/4 2563/2889/832 2564/2890/833
f 2545/2871/4 2564/2890/833 2565/2891/834
f 2545/2871/4 2565/2891/834 2546/2872/815
f 2567/2892/835 2547/2873/816 2546/2872/815 2566/2893/836
f 2568/2894/837 2548/2874/817 2547/2873/816 2567/2892/835
f 2569/2895/838 2549/2875/818 2548/2874/817 2568/2894/837
f 2570/2896/839 2550/2876/819 2549/2875/818 2569/2895/838
f 2571/2897/840 2551/2877/820 2550/2876/819 2570/2896/839
f 2572/2898/841 2552/2878/821 2551/2877/820 2571/2897/840
f 2573/2899/842 2553/2879/822 2552/2878/821 2572/2898/841
f 2574/2900/843 2554/2880/823 2553/2879/822 2573/2899/842
f 2575/2901/844 2555/2881/824 2554/2880/823 2574/2900/843
f 2576/2902/845 2556/2882/825 2555/2881/824 2575/2901/844
f 2577/2903/846 2557/2883/826 2556/2882/825 2576/2902/845
f 2578/2904/847 2558/2884/827 2557/2883/826 2577/2903/846
f 2579/2905/848 2559/2885/828 2558/2884/827 2578/2904/847
f 2580/2906/849 2560/2886/829 2559/2885/828 2579/2905/848
f 2581/2907/850 2561/2887/830 2560/2886/829 2580/2906/849
f 2582/2908/851 2562/2888/831 2561/2887/830 2581/2907/850
f 2583/2909/852 2563/2889/832 2562/2888/831 2582/2908/851
f 2584/2910/853 2564/2890/833 2563/2889/832 2583/2909/852
f 2585/2911/854 2565/2891/834 2564/2890/833 2584/2910/853
f 2566/2893/836 2546/2872/815 2565/2891/834 2585/2911/854
f 2587/2912/855 2567/2892/835 2566/2893/836 2586/2913/856
f 2588/2914/857 2568/2894/837 2567/2892/835 2587/2912/855
f 2589/2915/858 2569/2895/838 2568/2894/837 2588/2914/857
f 2590/2916/859 2570/2896/839 2569/2895/838 2589/2915/858
f 2591/2917/860 2571/2897/840 2570/2896/839 2590/2916/859
f 2592/2918/861 2572/2898/841 2571/2897/840 2591/2917/860
f 2593/2919/862 2573/2899/842 2572/2898/841 2592/2918/861
f 2594/2920/863 2574/2900/843 2573/2899/842 2593/2919/862
f 2595/2921/864 2575/2901/844 2574/2900/843 2594/2920/863
f 2596/2922/865 2576/2902/845 2575/2901/844 2595/2921/864
f 2597/2923/866 2577/2903/846 2576/2902/845 2596/2922/865
f 2598/2924/867 2578/2904/847 2577/2903/846 2597/2923/866
f 2599/2925/868 2579/2905/848 2578/2904/847 2598/2924/867
f 2600/2926/869 2580/2906/849 2579/2905/848 2599/2925/868
f 2601/2927/870 2581/2907/850 2580/2906/849 2600/2926/869
f 2602/2928/871 2582/2908/851 2581/2907/850 2601/2927/870
f 2603/2929/872 2583/2909/852 2582/2908/851 2602/2928/871
f 2604/2930/873 2584/2910/853 2583/2909/852 2603/2929/872
f 2605/2931/874 2585/2911/854 2584/2910/853 2604/2930/873
f 2586/2913/856 2566/2893/836 2585/2911/854 2605/2931/874
f 2607/2932/875 2587/2912/855 2586/2913/856 2606/2933/876
f 2608/2934/877 2588/2914/857 2587/2912/855 2607/2932/875
f 2609/2935/878 2589/2915/858 2588/2914/857 2608/2934/877
f 2610/2936/879 2590/2916/859 2589/2915/858 2609/2935/878
f 2611/2937/880 2591/2917/860 2590/2916/859 2610/2936/879
f 2612/2938/881 2592/2918/861 2591/2917/860 2611/2937/880
f 2613/2939/882 2593/2919/862 2592/2918/861 2612/2938/881
f 2614/2940/883 2594/2920/863 2593/2919/862 2613/2939/882
f 2615/2941/884 2595/2921/864 2594/2920/863 2614/2940/883
f 2616/2942/885 2596/2922/865 2595/2921/864 2615/2941/884
f 2617/2943/886 2597/2923/866 2596/2922/865 2616/2942/885
f 2618/2944/887 2598/2924/867 2597/2923/866 2617/2943/886
f 2619/2945/888 2599/2925/868 2598/2924/867 2618/2944/887
f 2620/2946/889 2600/2926/869 2599/2925/868 2619/2945/888
f 2621/2947/890 2601/2927/870 2600/2926/869 2620/2946/889
f 2622/2948/891 2602/2928/871 2601/2927/870 2621/2947/890
f 2623/2949/892 2603/2929/872 2602/2928/871 2622/2948/891
f 2624/2950/893 2604/2930/873 2603/2929/872 2623/2949/892
f 2625/2951/894 2605/2931/874 2604/2930/873 2624/2950/893
f 2606/2933/876 2586/2913/856 2605/2931/874 2625/2951/894
f 2627/2952/895 2607/2932/875 2606/2933/876 2626/2953/896
f 2628/2954/897 2608/2934/877 2607/2932/875 2627/2952/895
f 2629/2955/898 2609/2935/878 2608/2934/877 2628/2954/897
f 2630/2956/899 2610/2936/879 2609/2935/878 2629/2955/898
f 2631/2957/900 2611/2937/880 2610/2936/879 2630/2956/899
f 2632/2958/901 2612/2938/881 2611/2937/880 2631/2957/900
f 2633/2959/902 2613/2939/882 2612/2938/881 2632/2958/901
f 2634/2960/903 2614/2940/883 2613/2939/882 2633/2959/902
f 2635/2961/904 2615/2941/884 2614/2940/883 2634/2960/903
f 2636/2962/905 2616/2942/885 2615/2941/884 2635/2961/904
f 2637/2963/906 2617/2943/886 2616/2942/885 2636/2962/905
f 2638/2964/907 2618/2944/887 2617/2943/886 2637/2963/906
f 2639/2965/908 2619/2945/888 2618/2944/887 2638/2964/907
f 2640/2966/909 2620/2946/889 2619/2945/888 2639/2965/908
f 2641/2967/910 2621/2947/890 2620/2946/889 2640/2966/909
f 2642/2968/911 2622/2948/891 2621/2947/890 2641/2967/910
f 2643/2969/912 2623/2949/892 2622/2948/891 2642/2968/911
f 2644/2970/913 2624/2950/893 2623/2949/892 2643/2969/912
f 2645/2971/914 2625/2951/894 2624/2950/893 2644/2970/913
f 2626/2953/896 2606/2933/876 2625/2951/894 2645/2971/914
f 2647/2972/915 2627/2952/895 2626/2953/896 2646/2973/916
f 2648/2974/917 2628/2954/897 2627/2952/895 2647/2972/915
f 2649/2975/918 2629/2955/898 2628/2954/897 2648/2974/917
f 2650/2976/919 2630/2956/899 2629/2955/898 2649/2975/918
f 2651/2977/920 2631/2957/900 2630/2956/899 2650/2976/919
f 2652/2978/921 2632/2958/901 2631/2957/900 2651/2977/920
f 2653/2979/922 2633/2959/902 2632/2958/901 2652/2978/921
f 2654/2980/923 2634/2960/903 2633/2959/902 2653/2979/922
f 2655/2981/924 2635/2961/904 2634/2960/903 2654/2980/923
f 2656/2982/925 2636/2962/905 2635/2961/904 2655/2981/924
f 2657/2983/926 2637/2963/906 2636/2962/905 2656/2982/925
f 2658/2984/927 2638/2964/907 2637/2963/906 2657/2983/926
f 2659/2985/928 2639/2965/908 2638/2964/907 2658/2984/927
f 2660/2986/929 2640/2966/909 2639/2965/908 2659/2985/928
f 2661/2987/930 2641/2967/910 2640/2966/909 2660/2986/929
f 2662/2988/931 2642/2968/911 2641/2967/910 2661/2987/930
f 2663/2989/932 2643/2969/912 2642/2968/911 2662/2988/931
f 2664/2990/933 2644/2970/913 2643/2969/912 2663/2989/932
f 2665/2991/934 2645/2971/914 2644/2970/913 2664/2990/933
f 2646/2973/916 2626/2953/896 2645/2971/914 2665/2991/934
f 2667/2992/935 2687/2993/935 2686/2994/1 2666/2995/1
f 2668/2996/936 2688/2997/936 2687/2993/935 2667/2992/935
f 2669/2998/937 2689/2999/937 2688/2997/936 2668/2996/936
f 2670/3000/938 2690/3001/938 2689/2999/937 2669/2998/937
f 2671/3002/59 2691/3003/59 2690/3001/938 2670/3000/938
f 2672/3004/939 2692/3005/939 2691/3003/59 2671/3002/59
f 2673/3006/940 2693/3007/940 2692/3005/939 2672/3004/939
f 2674/3008/941 2694/3009/941 2693/3007/940 2673/3006/940
f 2675/3010/942 2695/3011/942 2694/3009/941 2674/3008/941
f 2676/3012/3 2696/3013/3 2695/3011/942 2675/3010/942
f 2677/3014/943 2697/3015/943 2696/3013/3 2676/3012/3
f 2678/3016/944 2698/3017/944 2697/3015/943 2677/3014/943
f 2679/3018/945 2699/3019/945 2698/3017/944 2678/3016/944
f 2680/3020/946 2700/3021/946 2699/3019/945 2679/3018/945
f 2681/3022/93 2701/3023/93 2700/3021/946 2680/3020/946
f 2682/3024/947 2702/3025/947 2701/3023/93 2681/3022/93
f 2683/3026/948 2703/3027/948 2702/3025/947 2682/3024/947
f 2684/3028/949 2704/3029/949 2703/3027/948 2683/3026/948
f 2685/3030/950 2705/3031/950 2704/3029/949 2684/3028/949
f 2666/2995/1 2686/2994/1 2705/3031/950 2685/3030/950
s 0
f 2646/2973/951 2686/2994/951 2687/2993/951 2647/2972/951
f 2647/2972/952 2687/2993/952 2688/2997/952 2648/2974/952
f 2648/2974/953 2688/2997/953 2689/2999/953 2649/2975/953
f 2649/2975/954 2689/2999/954 2690/3001/954 2650/2976/954
f 2650/2976/955 2690/3001/955 2691/3003/955 2651/2977/955
f 2651/2977/956 2691/3003/956 2692/3005/956 2652/2978/956
f 2652/2978/957 2692/3005/957 2693/3007/957 2653/2979/957
f 2653/2979/958 2693/3007/958 2694/3009/958 2654/2980/958
f 2654/2980/959 2694/3009/959 2695/3011/959 2655/2981/959
f 2655/2981/960 2695/3011/960 2696/3013/960 2656/2982/960
f 2656/2982/961 2696/3013/961 2697/3015/961 2657/2983/961
f 2657/2983/962 2697/3015/962 2698/3017/962 2658/2984/962
f 2658/2984/963 2698/3017/963 2699/3019/963 2659/2985/963
f 2659/2985/964 2699/3019/964 2700/3021/964 2660/2986/964
f 2660/2986/965 2700/3021/965 2701/3023/965 2661/2987/965
f 2661/2987/966 2701/3023/966 2702/3025/966 2662/2988/966
f 2662/2988/967 2702/3025/967 2703/3027/967 2663/2989/967
f 2663/2989/968 2703/3027/968 2704/3029/968 2664/2990/968
f 2664/2990/969 2704/3029/969 2705/3031/969 2665/2991/969
f 2665/2991/970 2705/3031/970 2686/2994/970 2646/2973/970
s 1
f 2706/3032/4 2707/3033/815 2708/3034/816
f 2706/3032/4 2708/3034/816 2709/3035/817
f 2706/3032/4 2709/3035/817 2710/3036/818
f 2706/3032/4 2710/3036/818 2711/3037/819
f 2706/3032/4 2711/3037/819 2712/3038/820
f 2706/3032/4 2712/3038/820 2713/3039/821
f 2706/3032/4 2713/3039/821 2714/3040/822
f 2706/3032/4 2714/3040/822 2715/3041/823
f 2706/3032/4 2715/3041/823 2716/3042/824
f 2706/3032/4 2716/3042/824 2717/3043/825
f 2706/3032/4 2717/3043/825 2718/3044/826
f 2706/3032/4 2718/3044/826 2719/3045/827
f 2706/3032/4 2719/3045/827 2720/3046/828
f 2706/3032/4 2720/3046/828 2721/3047/829
f 2706/3032/4 2721/3047/829 2722/3048/830
f 2706/3032/4 2722/3048/830 2723/3049/831
f 2706/3032/4 2723/3049/831 2724/3050/832
f 2706/3032/4 2724/3050/832 2725/3051/833
f 2706/3032/4 2725/3051/833 2726/3052/834
f 2706/3032/4 2726/3052/834 2707/3033/815
f 2728/3053/835 2708/3034/816 2707/3033/815 2727/3054/836
f 2729/3055/837 2709/3035/817 2708/3034/816 2728/3053/835
f 2730/3056/838 2710/3036/818 2709/3035/817 2729/3055/837
f 2731/3057/839 2711/3037/819 2710/3036/818 2730/3056/838
f 2732/3058/840 2712/3038/820 2711/3037/819 2731/3057/839
f 2733/3059/841 2713/3039/821 2712/3038/820 2732/3058/840
f 2734/3060/842 2714/3040/822 2713/3039/821 2733/3059/841
f 2735/3061/843 2715/3041/823 2714/3040/822 2734/3060/842
f 2736/3062/844 2716/3042/824 2715/3041/823 2735/3061/843
f 2737/3063/845 2717/3043/825 2716/3042/824 2736/3062/844
f 2738/3064/846 2718/3044/826 2717/3043/825 2737/3063/845
f 2739/3065/847 2719/3045/827 2718/3044/826 2738/3064/846
f 2740/3066/848 2720/3046/828 2719/3045/827 2739/3065/847
f 2741/3067/849 2721/3047/829 2720/3046/828 2740/3066/848
f 2742/3068/850 2722/3048/830 2721/3047/829 2741/3067/849
f 2743/3069/851 2723/3049/831 2722/3048/830 2742/3068/850
f 2744/3070/852 2724/3050/832 2723/3049/831 2743/3069/851
f 2745/3071/853 2725/3051/833 2724/3050/832 2744/3070/852
f 2746/3072/854 2726/3052/834 2725/3051/833 2745/3071/853
f 2727/3054/836 2707/3033/815 2726/3052/834 2746/3072/854
f 2748/3073/855 2728/3053/835 2727/3054/836 2747/3074/856
f 2749/3075/857 2729/3055/837 2728/3053/835 2748/3073/855
f 2750/3076/858 2730/3056/838 2729/3055/837 2749/3075/857
f 2751/3077/859 2731/3057/839 2730/3056/838 2750/3076/858
f 2752/3078/860 2732/3058/840 2731/3057/839 2751/3077/859
f 2753/3079/861 2733/3059/841 2732/3058/840 2752/3078/860
f 2754/3080/862 2734/3060/842 2733/3059/841 2753/3079/861
f 2755/3081/863 2735/3061/843 2734/3060/842 2754/3080/862
f 2756/3082/864 2736/3062/844 2735/3061/843 2755/3081/863
f 2757/3083/865 2737/3063/845 2736/3062/844 2756/3082/864
f 2758/3084/866 2738/3064/846 2737/3063/845 2757/3083/865
f 2759/3085/867 2739/3065/847 2738/3064/846 2758/3084/866
f 2760/3086/868 2740/3066/848 2739/3065/847 2759/3085/867
f 2761/3087/869 2741/3067/849 2740/3066/848 2760/3086/868
f 2762/3088/870 2742/3068/850 2741/3067/849 2761/3087/869
f 2763/3089/871 2743/3069/851 2742/3068/850 2762/3088/870
f 2764/3090/872 2744/3070/852 2743/3069/851 2763/3089/871
f 2765/3091/873 2745/3071/853 2744/3070/852 2764/3090/872
f 2766/3092/874 2746/3072/854 2745/3071/853 2765/3091/873
f 2747/3074/856 2727/3054/836 2746/3072/854 2766/3092/874
f 2768/3093/875 2748/3073/855 2747/3074/856 2767/3094/876
f 2769/3095/877 2749/3075/857 2748/3073/855 2768/3093/875
f 2770/3096/878 2750/3076/858 2749/3075/857 2769/3095/877
f 2771/3097/879 2751/3077/859 2750/3076/858 2770/3096/878
f 2772/3098/880 2752/3078/860 2751/3077/859 2771/3097/879
f 2773/3099/881 2753/3079/861 2752/3078/860 2772/3098/880
f 2774/3100/882 2754/3080/862 2753/3079/861 2773/3099/881
f 2775/3101/883 2755/3081/863 2754/3080/862 2774/3100/882
f 2776/3102/884 2756/3082/864 2755/3081/863 2775/3101/883
f 2777/3103/885 2757/3083/865 2756/3082/864 2776/3102/884
f 2778/3104/886 2758/3084/866 2757/3083/865 2777/3103/885
f 2779/3105/887 2759/3085/867 2758/3084/866 2778/3104/886
f 2780/3106/888 2760/3086/868 2759/3085/867 2779/3105/887
f 2781/3107/889 2761/3087/869 2760/3086/868 2780/3106/888
f 2782/3108/890 2762/3088/870 2761/3087/869 2781/3107/889
f 2783/3109/891 2763/3089/871 2762/3088/870 2782/3108/890
f 2784/3110/892 2764/3090/872 2763/3089/871 2783/3109/891
f 2785/3111/893 2765/3091/873 2764/3090/872 2784/3110/892
f 2786/3112/894 2766/3092/874 2765/3091/873 2785/3111/893
f 2767/3094/876 2747/3074/856 2766/3092/874 2786/3112/894
f 2788/3113/895 2768/3093/875 2767/3094/876 2787/3114/896
f 2789/3115/897 2769/3095/877 2768/3093/875 2788/3113/895
f 2790/3116/898 2770/3096/878 2769/3095/877 2789/3115/897
f 2791/3117/899 2771/3097/879 2770/3096/878 2790/3116/898
f 2792/3118/900 2772/3098/880 2771/3097/879 2791/3117/899
f 2793/3119/901 2773/3099/881 2772/3098/880 2792/3118/900
f 2794/3120/902 2774/3100/882 2773/3099/881 2793/3119/901
f 2795/3121/903 2775/3101/883 2774/3100/882 2794/3120/902
f 2796/3122/904 2776/3102/884 2775/3101/883 2795/3121/903
f 2797/3123/905 2777/3103/885 2776/3102/884 2796/3122/904
f 2798/3124/906 2778/3104/886 2777/3103/885 2797/3123/905
f 2799/3125/907 2779/3105/887 2778/3104/886 2798/3124/906
f 2800/3126/908 2780/3106/888 2779/3105/887 2799/3125/907
f 2801/3127/909 2781/3107/889 2780/3106/888 2800/3126/908
f 2802/3128/910 2782/3108/890 2781/3107/889 2801/3127/909
f 2803/3129/911 2783/3109/891 2782/3108/890 2802/3128/910
f 2804/3130/912 2784/3110/892 2783/3109/891 2803/3129/911
f 2805/3131/913 2785/3111/893 2784/3110/892 2804/3130/912
f 2806/3132/914 2786/3112/894 2785/3111/893 2805/3131/913
f 2787/3114/896 2767/3094/876 2786/3112/894 2806/3132/914
f 2808/3133/915 2788/3113/895 2787/3114/896 2807/3134/916
f 2809/3135/917 2789/3115/897 2788/3113/895 2808/3133/915
f 2810/3136/971 2790/3116/898 2789/3115/897 2809/3135/917
f 2811/3137/919 2791/3117/899 2790/3116/898 2810/3136/971
f 2812/3138/920 2792/3118/900 2791/3117/899 2811/3137/919
f 2813/3139/921 2793/3119/901 2792/3118/900 2812/3138/920
f 2814/3140/922 2794/3120/902 2793/3119/901 2813/3139/921
f 2815/3141/923 2795/3121/903 2794/3120/902 2814/3140/922
f 2816/3142/924 2796/3122/904 2795/3121/903 2815/3141/923
f 2817/3143/925 2797/3123/905 2796/3122/904 2816/3142/924
f 2818/3144/926 2798/3124/906 2797/3123/905 2817/3143/925
f 2819/3145/927 2799/3125/907 2798/3124/906 2818/3144/926
f 2820/3146/928 2800/3126/908 2799/3125/907 2819/3145/927
f 2821/3147/929 2801/3127/909 2800/3126/908 2820/3146/928
f 2822/3148/930 2802/3128/910 2801/3127/909 2821/3147/929
f 2823/3149/931 2803/3129/911 2802/3128/910 2822/3148/930
f 2824/3150/932 2804/3130/912 2803/3129/911 2823/3149/931
f 2825/3151/933 2805/3131/913 2804/3130/912 2824/3150/932
f 2826/3152/934 2806/3132/914 2805/3131/913 2825/3151/933
f 2807/3134/916 2787/3114/896 2806/3132/914 2826/3152/934
f 2828/3153/935 2848/3154/935 2847/3155/1 2827/3156/1
f 2829/3157/936 2849/3158/936 2848/3154/935 2828/3153/935
f 2830/3159/937 2850/3160/937 2849/3158/936 2829/3157/936
f 2831/3161/938 2851/3162/938 2850/3160/937 2830/3159/937
f 2832/3163/59 2852/3164/59 2851/3162/938 2831/3161/938
f 2833/3165/939 2853/3166/939 2852/3164/59 2832/3163/59
f 2834/3167/940 2854/3168/940 2853/3166/939 2833/3165/939
f 2835/3169/941 2855/3170/941 2854/3168/940 2834/3167/940
f 2836/3171/942 2856/3172/942 2855/3170/941 2835/3169/941
f 2837/3173/3 2857/3174/3 2856/3172/942 2836/3171/942
f 2838/3175/943 2858/3176/943 2857/3174/3 2837/3173/3
f 2839/3177/944 2859/3178/944 2858/3176/943 2838/3175/943
f 2840/3179/945 2860/3180/945 2859/3178/944 2839/3177/944
f 2841/3181/946 2861/3182/946 2860/3180/945 2840/3179/945
f 2842/3183/93 2862/3184/93 2861/3182/946 2841/3181/946
f 2843/3185/947 2863/3186/947 2862/3184/93 2842/3183/93
f 2844/3187/948 2864/3188/948 2863/3186/947 2843/3185/947
f 2845/3189/949 2865/3190/949 2864/3188/948 2844/3187/948
f 2846/3191/950 2866/3192/950 2865/3190/949 2845/3189/949
f 2827/3156/1 2847/3155/1 2866/3192/950 2846/3191/950
s 0
f 2807/3134/972 2847/3155/972 2848/3154/972 2808/3133/972
f 2808/3133/973 2848/3154/973 2849/3158/973 2809/3135/973
f 2809/3135/953 2849/3158/953 2850/3160/953 2810/3136/953
f 2810/3136/954 2850/3160/954 2851/3162/954 2811/3137/954
f 2811/3137/955 2851/3162/955 2852/3164/955 2812/3138/955
f 2812/3138/974 2852/3164/974 2853/3166/974 2813/3139/974
f 2813/3139/975 2853/3166/975 2854/3168/975 2814/3140/975
f 2814/3140/976 2854/3168/976 2855/3170/976 2815/3141/976
f 2815/3141/959 2855/3170/959 2856/3172/959 2816/3142/959
f 2816/3142/977 2856/3172/977 2857/3174/977 2817/3143/977
f 2817/3143/961 2857/3174/961 2858/3176/961 2818/3144/961
f 2818/3144/978 2858/3176/978 2859/3178/978 2819/3145/978
f 2819/3145/979 2859/3178/979 2860/3180/979 2820/3146/979
f 2820/3146/980 2860/3180/980 2861/3182/980 2821/3147/980
f 2821/3147/965 2861/3182/965 2862/3184/965 2822/3148/965
f 2822/3148/981 2862/3184/981 2863/3186/981 2823/3149/981
f 2823/3149/967 2863/3186/967 2864/3188/967 2824/3150/967
f 2824/3150/982 2864/3188/982 2865/3190/982 2825/3151/982
f 2825/3151/983 2865/3190/983 2866/3192/983 2826/3152/983
f 2826/3152/970 2866/3192/970 2847/3155/970 2807/3134/970
s 1
f 2867/3193/4 2868/3194/815 2869/3195/984
f 2867/3193/4 2869/3195/984 2870/3196/817
f 2867/3193/4 2870/3196/817 2871/3197/818
f 2867/3193/4 2871/3197/818 2872/3198/819
f 2867/3193/4 2872/3198/819 2873/3199/820
f 2867/3193/4 2873/3199/820 2874/3200/821
f 2867/3193/4 2874/3200/821 2875/3201/985
f 2867/3193/4 2875/3201/985 2876/3202/986
f 2867/3193/4 2876/3202/986 2877/3203/987
f 2867/3193/4 2877/3203/987 2878/3204/825
f 2867/3193/4 2878/3204/825 2879/3205/826
f 2867/3193/4 2879/3205/826 2880/3206/827
f 2867/3193/4 2880/3206/827 2881/3207/988
f 2867/3193/4 2881/3207/988 2882/3208/829
f 2867/3193/4 2882/3208/829 2883/3209/830
f 2867/3193/4 2883/3209/830 2884/3210/831
f 2867/3193/4 2884/3210/831 2885/3211/832
f 2867/3193/4 2885/3211/832 2886/3212/989
f 2867/3193/4 2886/3212/989 2887/3213/990
f 2867/3193/4 2887/3213/990 2868/3194/815
f 2889/3214/835 2869/3195/984 2868/3194/815 2888/3215/836
f 2890/3216/837 2870/3196/817 2869/3195/984 2889/3214/835
f 2891/3217/838 2871/3197/818 2870/3196/817 2890/3216/837
f 2892/3218/839 2872/3198/819 2871/3197/818 2891/3217/838
f 2893/3219/840 2873/3199/820 2872/3198/819 2892/3218/839
f 2894/3220/841 2874/3200/821 2873/3199/820 2893/3219/840
f 2895/3221/842 2875/3201/985 2874/3200/821 2894/3220/841
f 2896/3222/991 2876/3202/986 2875/3201/985 2895/3221/842
f 2897/3223/844 2877/3203/987 2876/3202/986 2896/3222/991
f 2898/3224/845 2878/3204/825 2877/3203/987 2897/3223/844
f 2899/3225/846 2879/3205/826 2878/3204/825 2898/3224/845
f 2900/3226/992 2880/3206/827 2879/3205/826 2899/3225/846
f 2901/3227/848 2881/3207/988 2880/3206/827 2900/3226/992
f 2902/3228/849 2882/3208/829 2881/3207/988 2901/3227/848
f 2903/3229/850 2883/3209/830 2882/3208/829 2902/3228/849
f 2904/3230/851 2884/3210/831 2883/3209/830 2903/3229/850
f 2905/3231/852 2885/3211/832 2884/3210/831 2904/3230/851
f 2906/3232/993 2886/3212/989 2885/3211/832 2905/3231/852
f 2907/3233/854 2887/3213/990 2886/3212/989 2906/3232/993
f 2888/3215/836 2868/3194/815 2887/3213/990 2907/3233/854
f 2909/3234/855 2889/3214/835 2888/3215/836 2908/3235/856
f 2910/3236/857 2890/3216/837 2889/3214/835 2909/3234/855
f 2911/3237/858 2891/3217/838 2890/3216/837 2910/3236/857
f 2912/3238/859 2892/3218/839 2891/3217/838 2911/3237/858
f 2913/3239/994 2893/3219/840 2892/3218/839 2912/3238/859
f 2914/3240/861 2894/3220/841 2893/3219/840 2913/3239/994
f 2915/3241/862 2895/3221/842 2894/3220/841 2914/3240/861
f 2916/3242/863 2896/3222/991 2895/3221/842 2915/3241/862
f 2917/3243/864 2897/3223/844 2896/3222/991 2916/3242/863
f 2918/3244/865 2898/3224/845 2897/3223/844 2917/3243/864
f 2919/3245/995 2899/3225/846 2898/3224/845 2918/3244/865
f 2920/3246/867 2900/3226/992 2899/3225/846 2919/3245/995
f 2921/3247/868 2901/3227/848 2900/3226/992 2920/3246/867
f 2922/3248/869 2902/3228/849 2901/3227/848 2921/3247/868
f 2923/3249/996 2903/3229/850 2902/3228/849 2922/3248/869
f 2924/3250/871 2904/3230/851 2903/3229/850 2923/3249/996
f 2925/3251/872 2905/3231/852 2904/3230/851 2924/3250/871
f 2926/3252/873 2906/3232/993 2905/3231/852 2925/3251/872
f 2927/3253/874 2907/3233/854 2906/3232/993 2926/3252/873
f 2908/3235/856 2888/3215/836 2907/3233/854 2927/3253/874
f 2929/3254/875 2909/3234/855 2908/3235/856 2928/3255/876
f 2930/3256/877 2910/3236/857 2909/3234/855 2929/3254/875
f 2931/3257/878 2911/3237/858 2910/3236/857 2930/3256/877
f 2932/3258/879 2912/3238/859 2911/3237/858 2931/3257/878
f 2933/3259/880 2913/3239/994 2912/3238/859 2932/3258/879
f 2934/3260/881 2914/3240/861 2913/3239/994 2933/3259/880
f 2935/3261/882 2915/3241/862 2914/3240/861 2934/3260/881
f 2936/3262/883 2916/3242/863 2915/3241/862 2935/3261/882
f 2937/3263/884 2917/3243/864 2916/3242/863 2936/3262/883
f 2938/3264/885 2918/3244/865 2917/3243/864 2937/3263/884
f 2939/3265/886 2919/3245/995 2918/3244/865 2938/3264/885
f 2940/3266/887 2920/3246/867 2919/3245/995 2939/3265/886
f 2941/3267/888 2921/3247/868 2920/3246/867 2940/3266/887
f 2942/3268/889 2922/3248/869 2921/3247/868 2941/3267/888
f 2943/3269/890 2923/3249/996 2922/3248/869 2942/3268/889
f 2944/3270/891 2924/3250/871 2923/3249/996 2943/3269/890
f 2945/3271/892 2925/3251/872 2924/3250/871 2944/3270/891
f 2946/3272/893 2926/3252/873 2925/3251/872 2945/3271/892
f 2947/3273/894 2927/3253/874 2926/3252/873 2946/3272/893
f 2928/3255/876 2908/3235/856 2927/3253/874 2947/3273/894
f 2949/3274/895 2929/3254/875 2928/3255/876 2948/3275/896
f 2950/3276/997 2930/3256/877 2929/3254/875 2949/3274/895
f 2951/3277/898 2931/3257/878 2930/3256/877 2950/3276/997
f 2952/3278/899 2932/3258/879 2931/3257/878 2951/3277/898
f 2953/3279/900 2933/3259/880 2932/3258/879 2952/3278/899
f 2954/3280/901 2934/3260/881 2933/3259/880 2953/3279/900
f 2955/3281/902 2935/3261/882 2934/3260/881 2954/3280/901
f 2956/3282/998 2936/3262/883 2935/3261/882 2955/3281/902
f 2957/3283/904 2937/3263/884 2936/3262/883 2956/3282/998
f 2958/3284/905 2938/3264/885 2937/3263/884 2957/3283/904
f 2959/3285/906 2939/3265/886 2938/3264/885 2958/3284/905
f 2960/3286/999 2940/3266/887 2939/3265/886 2959/3285/906
f 2961/3287/908 2941/3267/888 2940/3266/887 2960/3286/999
f 2962/3288/909 2942/3268/889 2941/3267/888 2961/3287/908
f 2963/3289/1000 2943/3269/890 2942/3268/889 2962/3288/909
f 2964/3290/911 2944/3270/891 2943/3269/890 2963/3289/1000
f 2965/3291/912 2945/3271/892 2944/3270/891 2964/3290/911
f 2966/3292/1001 2946/3272/893 2945/3271/892 2965/3291/912
f 2967/3293/914 2947/3273/894 2946/3272/893 2966/3292/1001
f 2948/3275/896 2928/3255/876 2947/3273/894 2967/3293/914
f 2969/3294/915 2949/3274/895 2948/3275/896 2968/3295/916
f 2970/3296/917 2950/3276/997 2949/3274/895 2969/3294/915
f 2971/3297/971 2951/3277/898 2950/3276/997 2970/3296/917
f 2972/3298/919 2952/3278/899 2951/3277/898 2971/3297/971
f 2973/3299/920 2953/3279/900 2952/3278/899 2972/3298/919
f 2974/3300/1002 2954/3280/901 2953/3279/900 2973/3299/920
f 2975/3301/922 2955/3281/902 2954/3280/901 2974/3300/1002
f 2976/3302/1003 2956/3282/998 2955/3281/902 2975/3301/922
f 2977/3303/1004 2957/3283/904 2956/3282/998 2976/3302/1003
f 2978/3304/925 2958/3284/905 2957/3283/904 2977/3303/1004
f 2979/3305/1005 2959/3285/906 2958/3284/905 2978/3304/925
f 2980/3306/1006 2960/3286/999 2959/3285/906 2979/3305/1005
f 2981/3307/928 2961/3287/908 2960/3286/999 2980/3306/1006
f 2982/3308/1007 2962/3288/909 2961/3287/908 2981/3307/928
f 2983/3309/930 2963/3289/1000 2962/3288/909 2982/3308/1007
f 2984/3310/931 2964/3290/911 2963/3289/1000 2983/3309/930
f 2985/3311/1008 2965/3291/912 2964/3290/911 2984/3310/931
f 2986/3312/933 2966/3292/1001 2965/3291/912 2985/3311/1008
f 2987/3313/934 2967/3293/914 2966/3292/1001 2986/3312/933
f 2968/3295/916 2948/3275/896 2967/3293/914 2987/3313/934
f 2989/3314/935 3009/3315/935 3008/3316/1 2988/3317/1
f 2990/3318/936 3010/3319/936 3009/3315/935 2989/3314/935
f 2991/3320/937 3011/3321/937 3010/3319/936 2990/3318/936
f 2992/3322/938 3012/3323/938 3011/3321/937 2991/3320/937
f 2993/3324/59 3013/3325/59 3012/3323/938 2992/3322/938
f 2994/3326/939 3014/3327/939 3013/3325/59 2993/3324/59
f 2995/3328/940 3015/3329/940 3014/3327/939 2994/3326/939
f 2996/3330/941 3016/3331/941 3015/3329/940 2995/3328/940
f 2997/3332/942 3017/3333/942 3016/3331/941 2996/3330/941
f 2998/3334/3 3018/3335/3 3017/3333/942 2997/3332/942
f 2999/3336/943 3019/3337/943 3018/3335/3 2998/3334/3
f 3000/3338/944 3020/3339/944 3019/3337/943 2999/3336/943
f 3001/3340/945 3021/3341/945 3020/3339/944 3000/3338/944
f 3002/3342/946 3022/3343/946 3021/3341/945 3001/3340/945
f 3003/3344/93 3023/3345/93 3022/3343/946 3002/3342/946
f 3004/3346/947 3024/3347/947 3023/3345/93 3003/3344/93
f 3005/3348/948 3025/3349/948 3024/3347/947 3004/3346/947
f 3006/3350/949 3026/3351/949 3025/3349/948 3005/3348/948
f 3007/3352/950 3027/3353/950 3026/3351/949 3006/3350/949
f 2988/3317/1 3008/3316/1 3027/3353/950 3007/3352/950
s 0
f 2968/3295/1009 3008/3316/1009 3009/3315/1009 2969/3294/1009
f 2969/3294/1010 3009/3315/1010 3010/3319/1010 2970/3296/1010
f 2970/3296/1011 3010/3319/1011 3011/3321/1011 2971/3297/1011
f 2971/3297/1012 3011/3321/1012 3012/3323/1012 2972/3298/1012
f 2972/3298/1013 3012/3323/1013 3013/3325/1013 2973/3299/1013
f 2973/3299/956 3013/3325/956 3014/3327/956 2974/3300/956
f 2974/3300/975 3014/3327/975 3015/3329/975 2975/3301/975
f 2975/3301/1014 3015/3329/1014 3016/3331/1014 2976/3302/1014
f 2976/3302/1015 3016/3331/1015 3017/3333/1015 2977/3303/1015
f 2977/3303/977 3017/3333/977 3018/3335/977 2978/3304/977
f 2978/3304/961 3018/3335/961 3019/3337/961 2979/3305/961
f 2979/3305/978 3019/3337/978 3020/3339/978 2980/3306/978
f 2980/3306/1016 3020/3339/1016 3021/3341/1016 2981/3307/1016
f 2981/3307/1017 3021/3341/1017 3022/3343/1017 2982/3308/1017
f 2982/3308/965 3022/3343/965 3023/3345/965 2983/3309/965
f 2983/3309/1018 3023/3345/1018 3024/3347/1018 2984/3310/1018
f 2984/3310/967 3024/3347/967 3025/3349/967 2985/3311/967
f 2985/3311/1019 3025/3349/1019 3026/3351/1019 2986/3312/1019
f 2986/3312/1020 3026/3351/1020 3027/3353/1020 2987/3313/1020
f 2987/3313/1021 3027/3353/1021 3008/3316/1021 2968/3295/1021
s 1
f 3028/3354/4 3029/3355/815 3030/3356/984
f 3028/3354/4 3030/3356/984 3031/3357/817
f 3028/3354/4 3031/3357/817 3032/3358/818
f 3028/3354/4 3032/3358/818 3033/3359/819
f 3028/3354/4 3033/3359/819 3034/3360/820
f 3028/3354/4 3034/3360/820 3035/3361/821
f 3028/3354/4 3035/3361/821 3036/3362/985
f 3028/3354/4 3036/3362/985 3037/3363/986
f 3028/3354/4 3037/3363/986 3038/3364/987
f 3028/3354/4 3038/3364/987 3039/3365/825
f 3028/3354/4 3039/3365/825 3040/3366/826
f 3028/3354/4 3040/3366/826 3041/3367/827
f 3028/3354/4 3041/3367/827 3042/3368/988
f 3028/3354/4 3042/3368/988 3043/3369/829
f 3028/3354/4 3043/3369/829 3044/3370/830
f 3028/3354/4 3044/3370/830 3045/3371/831
f 3028/3354/4 3045/3371/831 3046/3372/832
f 3028/3354/4 3046/3372/832 3047/3373/989
f 3028/3354/4 3047/3373/989 3048/3374/990
f 3028/3354/4 3048/3374/990 3029/3355/815
f 3050/3375/835 3030/3356/984 3029/3355/815 3049/3376/836
f 3051/3377/837 3031/3357/817 3030/3356/984 3050/3375/835
f 3052/3378/838 3032/3358/818 3031/3357/817 3051/3377/837
f 3053/3379/1022 3033/3359/819 3032/3358/818 3052/3378/838
f 3054/3380/840 3034/3360/820 3033/3359/819 3053/3379/1022
f 3055/3381/841 3035/3361/821 3034/3360/820 3054/3380/840
f 3056/3382/842 3036/3362/985 3035/3361/821 3055/3381/841
f 3057/3383/991 3037/3363/986 3036/3362/985 3056/3382/842
f 3058/3384/844 3038/3364/987 3037/3363/986 3057/3383/991
f 3059/3385/845 3039/3365/825 3038/3364/987 3058/3384/844
f 3060/3386/846 3040/3366/826 3039/3365/825 3059/3385/845
f 3061/3387/992 3041/3367/827 3040/3366/826 3060/3386/846
f 3062/3388/848 3042/3368/988 3041/3367/827 3061/3387/992
f 3063/3389/849 3043/3369/829 3042/3368/988 3062/3388/848
f 3064/3390/850 3044/3370/830 3043/3369/829 3063/3389/849
f 3065/3391/851 3045/3371/831 3044/3370/830 3064/3390/850
f 3066/3392/852 3046/3372/832 3045/3371/831 3065/3391/851
f 3067/3393/993 3047/3373/989 3046/3372/832 3066/3392/852
f 3068/3394/854 3048/3374/990 3047/3373/989 3067/3393/993
f 3049/3376/836 3029/3355/815 3048/3374/990 3068/3394/854
f 3070/3395/855 3050/3375/835 3049/3376/836 3069/3396/856
f 3071/3397/857 3051/3377/837 3050/3375/835 3070/3395/855
f 3072/3398/858 3052/3378/838 3051/3377/837 3071/3397/857
f 3073/3399/859 3053/3379/1022 3052/3378/838 3072/3398/858
f 3074/3400/994 3054/3380/840 3053/3379/1022 3073/3399/859
f 3075/3401/861 3055/3381/841 3054/3380/840 3074/3400/994
f 3076/3402/862 3056/3382/842 3055/3381/841 3075/3401/861
f 3077/3403/863 3057/3383/991 3056/3382/842 3076/3402/862
f 3078/3404/864 3058/3384/844 3057/3383/991 3077/3403/863
f 3079/3405/865 3059/3385/845 3058/3384/844 3078/3404/864
f 3080/3406/995 3060/3386/846 3059/3385/845 3079/3405/865
f 3081/3407/867 3061/3387/992 3060/3386/846 3080/3406/995
f 3082/3408/868 3062/3388/848 3061/3387/992 3081/3407/867
f 3083/3409/869 3063/3389/849 3062/3388/848 3082/3408/868
f 3084/3410/996 3064/3390/850 3063/3389/849 3083/3409/869
f 3085/3411/871 3065/3391/851 3064/3390/850 3084/3410/996
f 3086/3412/872 3066/3392/852 3065/3391/851 3085/3411/871
f 3087/3413/873 3067/3393/993 3066/3392/852 3086/3412/872
f 3088/3414/874 3068/3394/854 3067/3393/993 3087/3413/873
f 3069/3396/856 3049/3376/836 3068/3394/854 3088/3414/874
f 3090/3415/1023 3070/3395/855 3069/3396/856 3089/3416/876
f 3091/3417/877 3071/3397/857 3070/3395/855 3090/3415/1023
f 3092/3418/878 3072/3398/858 3071/3397/857 3091/3417/877
f 3093/3419/879 3073/3399/859 3072/3398/858 3092/3418/878
f 3094/3420/880 3074/3400/994 3073/3399/859 3093/3419/879
f 3095/3421/881 3075/3401/861 3074/3400/994 3094/3420/880
f 3096/3422/882 3076/3402/862 3075/3401/861 3095/3421/881
f 3097/3423/883 3077/3403/863 3076/3402/862 3096/3422/882
f 3098/3424/884 3078/3404/864 3077/3403/863 3097/3423/883
f 3099/3425/885 3079/3405/865 3078/3404/864 3098/3424/884
f 3100/3426/886 3080/3406/995 3079/3405/865 3099/3425/885
f 3101/3427/887 3081/3407/867 3080/3406/995 3100/3426/886
f 3102/3428/888 3082/3408/868 3081/3407/867 3101/3427/887
f 3103/3429/889 3083/3409/869 3082/3408/868 3102/3428/888
f 3104/3430/890 3084/3410/996 3083/3409/869 3103/3429/889
f 3105/3431/891 3085/3411/871 3084/3410/996 3104/3430/890
f 3106/3432/892 3086/3412/872 3085/3411/871 3105/3431/891
f 3107/3433/893 3087/3413/873 3086/3412/872 3106/3432/892
f 3108/3434/894 3088/3414/874 3087/3413/873 3107/3433/893
f 3089/3416/876 3069/3396/856 3088/3414/874 3108/3434/894
f 3110/3435/895 3090/3415/1023 3089/3416/876 3109/3436/896
f 3111/3437/997 3091/3417/877 3090/3415/1023 3110/3435/895
f 3112/3438/898 3092/3418/878 3091/3417/877 3111/3437/997
f 3113/3439/899 3093/3419/879 3092/3418/878 3112/3438/898
f 3114/3440/1024 3094/3420/880 3093/3419/879 3113/3439/899
f 3115/3441/901 3095/3421/881 3094/3420/880 3114/3440/1024
f 3116/3442/902 3096/3422/882 3095/3421/881 3115/3441/901
f 3117/3443/1025 3097/3423/883 3096/3422/882 3116/3442/902
f 3118/3444/904 3098/3424/884 3097/3423/883 3117/3443/1025
f 3119/3445/905 3099/3425/885 3098/3424/884 3118/3444/904
f 3120/3446/906 3100/3426/886 3099/3425/885 3119/3445/905
f 3121/3447/1026 3101/3427/887 3100/3426/886 3120/3446/906
f 3122/3448/908 3102/3428/888 3101/3427/887 3121/3447/1026
f 3123/3449/909 3103/3429/889 3102/3428/888 3122/3448/908
f 3124/3450/1000 3104/3430/890 3103/3429/889 3123/3449/909
f 3125/3451/911 3105/3431/891 3104/3430/890 3124/3450/1000
f 3126/3452/912 3106/3432/892 3105/3431/891 3125/3451/911
f 3127/3453/1001 3107/3433/893 3106/3432/892 3126/3452/912
f 3128/3454/914 3108/3434/894 3107/3433/893 3127/3453/1001
f 3109/3436/896 3089/3416/876 3108/3434/894 3128/3454/914
f 3130/3455/915 3110/3435/895 3109/3436/896 3129/3456/916
f 3131/3457/917 3111/3437/997 3110/3435/895 3130/3455/915
f 3132/3458/971 3112/3438/898 3111/3437/997 3131/3457/917
f 3133/3459/919 3113/3439/899 3112/3438/898 3132/3458/971
f 3134/3460/1027 3114/3440/1024 3113/3439/899 3133/3459/919
f 3135/3461/1002 3115/3441/901 3114/3440/1024 3134/3460/1027
f 3136/3462/922 3116/3442/902 3115/3441/901 3135/3461/1002
f 3137/3463/1003 3117/3443/1025 3116/3442/902 3136/3462/922
f 3138/3464/1004 3118/3444/904 3117/3443/1025 3137/3463/1003
f 3139/3465/925 3119/3445/905 3118/3444/904 3138/3464/1004
f 3140/3466/1005 3120/3446/906 3119/3445/905 3139/3465/925
f 3141/3467/1006 3121/3447/1026 3120/3446/906 3140/3466/1005
f 3142/3468/928 3122/3448/908 3121/3447/1026 3141/3467/1006
f 3143/3469/1007 3123/3449/909 3122/3448/908 3142/3468/928
f 3144/3470/1028 3124/3450/1000 3123/3449/909 3143/3469/1007
f 3145/3471/931 3125/3451/911 3124/3450/1000 3144/3470/1028
f 3146/3472/1008 3126/3452/912 3125/3451/911 3145/3471/931
f 3147/3473/933 3127/3453/1001 3126/3452/912 3146/3472/1008
f 3148/3474/934 3128/3454/914 3127/3453/1001 3147/3473/933
f 3129/3456/916 3109/3436/896 3128/3454/914 3148/3474/934
f 3150/3475/935 3170/3476/935 3169/3477/1 3149/3478/1
f 3151/3479/936 3171/3480/936 3170/3476/935 3150/3475/935
f 3152/3481/937 3172/3482/937 3171/3480/936 3151/3479/936
f 3153/3483/938 3173/3484/938 3172/3482/937 3152/3481/937
f 3154/3485/59 3174/3486/59 3173/3484/938 3153/3483/938
f 3155/3487/939 3175/3488/939 3174/3486/59 3154/3485/59
f 3156/3489/940 3176/3490/940 3175/3488/939 3155/3487/939
f 3157/3491/941 3177/3492/941 3176/3490/940 3156/3489/940
f 3158/3493/942 3178/3494/942 3177/3492/941 3157/3491/941
f 3159/3495/3 3179/3496/3 3178/3494/942 3158/3493/942
f 3160/3497/943 3180/3498/943 3179/3496/3 3159/3495/3
f 3161/3499/944 3181/3500/944 3180/3498/943 3160/3497/943
f 3162/3501/945 3182/3502/945 3181/3500/944 3161/3499/944
f 3163/3503/946 3183/3504/946 3182/3502/945 3162/3501/945
f 3164/3505/93 3184/3506/93 3183/3504/946 3163/3503/946
f 3165/3507/947 3185/3508/947 3184/3506/93 3164/3505/93
f 3166/3509/948 3186/3510/948 3185/3508/947 3165/3507/947
f 3167/3511/949 3187/3512/949 3186/3510/948 3166/3509/948
f 3168/3513/950 3188/3514/950 3187/3512/949 3167/3511/949
f 3149/3478/1 3169/3477/1 3188/3514/950 3168/3513/950
s 0
f 3129/3456/1009 3169/3477/1009 3170/3476/1009 3130/3455/1009
f 3130/3455/1010 3170/3476/1010 3171/3480/1010 3131/3457/1010
f 3131/3457/1029 3171/3480/1029 3172/3482/1029 3132/3458/1029
f 3132/3458/1012 3172/3482/1012 3173/3484/1012 3133/3459/1012
f 3133/3459/1030 3173/3484/1030 3174/3486/1030 3134/3460/1030
f 3134/3460/956 3174/3486/956 3175/3488/956 3135/3461/956
f 3135/3461/975 3175/3488/975 3176/3490/975 3136/3462/975
f 3136/3462/1014 3176/3490/1014 3177/3492/1014 3137/3463/1014
f 3137/3463/1015 3177/3492/1015 3178/3494/1015 3138/3464/1015
f 3138/3464/977 3178/3494/977 3179/3496/977 3139/3465/977
f 3139/3465/961 3179/3496/961 3180/3498/961 3140/3466/961
f 3140/3466/978 3180/3498/978 3181/3500/978 3141/3467/978
f 3141/3467/1016 3181/3500/1016 3182/3502/1016 3142/3468/1016
f 3142/3468/1031 3182/3502/1031 3183/3504/1031 3143/3469/1031
f 3143/3469/965 3183/3504/965 3184/3506/965 3144/3470/965
f 3144/3470/966 3184/3506/966 3185/3508/966 3145/3471/966
f 3145/3471/1032 3185/3508/1032 3186/3510/1032 3146/3472/1032
f 3146/3472/1033 3186/3510/1033 3187/3512/1033 3147/3473/1033
f 3147/3473/1034 3187/3512/1034 3188/3514/1034 3148/3474/1034
f 3148/3474/1021 3188/3514/1021 3169/3477/1021 3129/3456/1021
s 1
f 3189/3515/4 3190/3516/815 3191/3517/816
f 3189/3515/4 3191/3517/816 3192/3518/817
f 3189/3515/4 3192/3518/817 3193/3519/1035
f 3189/3515/4 3193/3519/1035 3194/3520/819
f 3189/3515/4 3194/3520/819 3195/3521/820
f 3189/3515/4 3195/3521/820 3196/3522/821
f 3189/3515/4 3196/3522/821 3197/3523/985
f 3189/3515/4 3197/3523/985 3198/3524/986
f 3189/3515/4 3198/3524/986 3199/3525/987
f 3189/3515/4 3199/3525/987 3200/3526/825
f 3189/3515/4 3200/3526/825 3201/3527/826
f 3189/3515/4 3201/3527/826 3202/3528/827
f 3189/3515/4 3202/3528/827 3203/3529/988
f 3189/3515/4 3203/3529/988 3204/3530/1036
f 3189/3515/4 3204/3530/1036 3205/3531/830
f 3189/3515/4 3205/3531/830 3206/3532/1037
f 3189/3515/4 3206/3532/1037 3207/3533/1038
f 3189/3515/4 3207/3533/1038 3208/3534/989
f 3189/3515/4 3208/3534/989 3209/3535/990
f 3189/3515/4 3209/3535/990 3190/3516/815
f 3211/3536/835 3191/3517/816 3190/3516/815 3210/3537/836
f 3212/3538/837 3192/3518/817 3191/3517/816 3211/3536/835
f 3213/3539/838 3193/3519/1035 3192/3518/817 3212/3538/837
f 3214/3540/1022 3194/3520/819 3193/3519/1035 3213/3539/838
f 3215/3541/840 3195/3521/820 3194/3520/819 3214/3540/1022
f 3216/3542/841 3196/3522/821 3195/3521/820 3215/3541/840
f 3217/3543/842 3197/3523/985 3196/3522/821 3216/3542/841
f 3218/3544/991 3198/3524/986 3197/3523/985 3217/3543/842
f 3219/3545/844 3199/3525/987 3198/3524/986 3218/3544/991
f 3220/3546/845 3200/3526/825 3199/3525/987 3219/3545/844
f 3221/3547/846 3201/3527/826 3200/3526/825 3220/3546/845
f 3222/3548/847 3202/3528/827 3201/3527/826 3221/3547/846
f 3223/3549/848 3203/3529/988 3202/3528/827 3222/3548/847
f 3224/3550/849 3204/3530/1036 3203/3529/988 3223/3549/848
f 3225/3551/850 3205/3531/830 3204/3530/1036 3224/3550/849
f 3226/3552/1039 3206/3532/1037 3205/3531/830 3225/3551/850
f 3227/3553/852 3207/3533/1038 3206/3532/1037 3226/3552/1039
f 3228/3554/993 3208/3534/989 3207/3533/1038 3227/3553/852
f 3229/3555/854 3209/3535/990 3208/3534/989 3228/3554/993
f 3210/3537/836 3190/3516/815 3209/3535/990 3229/3555/854
f 3231/3556/855 3211/3536/835 3210/3537/836 3230/3557/856
f 3232/3558/857 3212/3538/837 3211/3536/835 3231/3556/855
f 3233/3559/858 3213/3539/838 3212/3538/837 3232/3558/857
f 3234/3560/859 3214/3540/1022 3213/3539/838 3233/3559/858
f 3235/3561/994 3215/3541/840 3214/3540/1022 3234/3560/859
f 3236/3562/861 3216/3542/841 3215/3541/840 3235/3561/994
f 3237/3563/862 3217/3543/842 3216/3542/841 3236/3562/861
f 3238/3564/863 3218/3544/991 3217/3543/842 3237/3563/862
f 3239/3565/864 3219/3545/844 3218/3544/991 3238/3564/863
f 3240/3566/865 3220/3546/845 3219/3545/844 3239/3565/864
f 3241/3567/866 3221/3547/846 3220/3546/845 3240/3566/865
f 3242/3568/867 3222/3548/847 3221/3547/846 3241/3567/866
f 3243/3569/868 3223/3549/848 3222/3548/847 3242/3568/867
f 3244/3570/869 3224/3550/849 3223/3549/848 3243/3569/868
f 3245/3571/870 3225/3551/850 3224/3550/849 3244/3570/869
f 3246/3572/871 3226/3552/1039 3225/3551/850 3245/3571/870
f 3247/3573/872 3227/3553/852 3226/3552/1039 3246/3572/871
f 3248/3574/873 3228/3554/993 3227/3553/852 3247/3573/872
f 3249/3575/874 3229/3555/854 3228/3554/993 3248/3574/873
f 3230/3557/856 3210/3537/836 3229/3555/854 3249/3575/874
f 3251/3576/875 3231/3556/855 3230/3557/856 3250/3577/876
f 3252/3578/877 3232/3558/857 3231/3556/855 3251/3576/875
f 3253/3579/878 3233/3559/858 3232/3558/857 3252/3578/877
f 3254/3580/879 3234/3560/859 3233/3559/858 3253/3579/878
f 3255/3581/880 3235/3561/994 3234/3560/859 3254/3580/879
f 3256/3582/881 3236/3562/861 3235/3561/994 3255/3581/880
f 3257/3583/882 3237/3563/862 3236/3562/861 3256/3582/881
f 3258/3584/883 3238/3564/863 3237/3563/862 3257/3583/882
f 3259/3585/884 3239/3565/864 3238/3564/863 3258/3584/883
f 3260/3586/885 3240/3566/865 3239/3565/864 3259/3585/884
f 3261/3587/1040 3241/3567/866 3240/3566/865 3260/3586/885
f 3262/3588/887 3242/3568/867 3241/3567/866 3261/3587/1040
f 3263/3589/888 3243/3569/868 3242/3568/867 3262/3588/887
f 3264/3590/889 3244/3570/869 3243/3569/868 3263/3589/888
f 3265/3591/890 3245/3571/870 3244/3570/869 3264/3590/889
f 3266/3592/891 3246/3572/871 3245/3571/870 3265/3591/890
f 3267/3593/892 3247/3573/872 3246/3572/871 3266/3592/891
f 3268/3594/893 3248/3574/873 3247/3573/872 3267/3593/892
f 3269/3595/894 3249/3575/874 3248/3574/873 3268/3594/893
f 3250/3577/876 3230/3557/856 3249/3575/874 3269/3595/894
f 3271/3596/895 3251/3576/875 3250/3577/876 3270/3597/896
f 3272/3598/997 3252/3578/877 3251/3576/875 3271/3596/895
f 3273/3599/898 3253/3579/878 3252/3578/877 3272/3598/997
f 3274/3600/899 3254/3580/879 3253/3579/878 3273/3599/898
f 3275/3601/1024 3255/3581/880 3254/3580/879 3274/3600/899
f 3276/3602/901 3256/3582/881 3255/3581/880 3275/3601/1024
f 3277/3603/902 3257/3583/882 3256/3582/881 3276/3602/901
f 3278/3604/903 3258/3584/883 3257/3583/882 3277/3603/902
f 3279/3605/904 3259/3585/884 3258/3584/883 3278/3604/903
f 3280/3606/905 3260/3586/885 3259/3585/884 3279/3605/904
f 3281/3607/906 3261/3587/1040 3260/3586/885 3280/3606/905
f 3282/3608/1041 3262/3588/887 3261/3587/1040 3281/3607/906
f 3283/3609/908 3263/3589/888 3262/3588/887 3282/3608/1041
f 3284/3610/909 3264/3590/889 3263/3589/888 3283/3609/908
f 3285/3611/910 3265/3591/890 3264/3590/889 3284/3610/909
f 3286/3612/911 3266/3592/891 3265/3591/890 3285/3611/910
f 3287/3613/912 3267/3593/892 3266/3592/891 3286/3612/911
f 3288/3614/913 3268/3594/893 3267/3593/892 3287/3613/912
f 3289/3615/914 3269/3595/894 3268/3594/893 3288/3614/913
f 3270/3597/896 3250/3577/876 3269/3595/894 3289/3615/914
f 3291/3616/915 3271/3596/895 3270/3597/896 3290/3617/916
f 3292/3618/917 3272/3598/997 3271/3596/895 3291/3616/915
f 3293/3619/971 3273/3599/898 3272/3598/997 3292/3618/917
f 3294/3620/919 3274/3600/899 3273/3599/898 3293/3619/971
f 3295/3621/1027 3275/3601/1024 3274/3600/899 3294/3620/919
f 3296/3622/1002 3276/3602/901 3275/3601/1024 3295/3621/1027
f 3297/3623/922 3277/3603/902 3276/3602/901 3296/3622/1002
f 3298/3624/1003 3278/3604/903 3277/3603/902 3297/3623/922
f 3299/3625/1004 3279/3605/904 3278/3604/903 3298/3624/1003
f 3300/3626/925 3280/3606/905 3279/3605/904 3299/3625/1004
f 3301/3627/1005 3281/3607/906 3280/3606/905 3300/3626/925
f 3302/3628/1006 3282/3608/1041 3281/3607/906 3301/3627/1005
f 3303/3629/928 3283/3609/908 3282/3608/1041 3302/3628/1006
f 3304/3630/1007 3284/3610/909 3283/3609/908 3303/3629/928
f 3305/3631/1028 3285/3611/910 3284/3610/909 3304/3630/1007
f 3306/3632/931 3286/3612/911 3285/3611/910 3305/3631/1028
f 3307/3633/932 3287/3613/912 3286/3612/911 3306/3632/931
f 3308/3634/933 3288/3614/913 3287/3613/912 3307/3633/932
f 3309/3635/1042 3289/3615/914 3288/3614/913 3308/3634/933
f 3290/3617/916 3270/3597/896 3289/3615/914 3309/3635/1042
f 3311/3636/935 3331/3637/935 3330/3638/1 3310/3639/1
f 3312/3640/936 3332/3641/936 3331/3637/935 3311/3636/935
f 3313/3642/937 3333/3643/937 3332/3641/936 3312/3640/936
f 3314/3644/938 3334/3645/938 3333/3643/937 3313/3642/937
f 3315/3646/59 3335/3647/59 3334/3645/938 3314/3644/938
f 3316/3648/939 3336/3649/939 3335/3647/59 3315/3646/59
f 3317/3650/940 3337/3651/940 3336/3649/939 3316/3648/939
f 3318/3652/941 3338/3653/941 3337/3651/940 3317/3650/940
f 3319/3654/942 3339/3655/942 3338/3653/941 3318/3652/941
f 3320/3656/3 3340/3657/3 3339/3655/942 3319/3654/942
f 3321/3658/943 3341/3659/943 3340/3657/3 3320/3656/3
f 3322/3660/944 3342/3661/944 3341/3659/943 3321/3658/943
f 3323/3662/945 3343/3663/945 3342/3661/944 3322/3660/944
f 3324/3664/946 3344/3665/946 3343/3663/945 3323/3662/945
f 3325/3666/93 3345/3667/93 3344/3665/946 3324/3664/946
f 3326/3668/947 3346/3669/947 3345/3667/93 3325/3666/93
f 3327/3670/948 3347/3671/948 3346/3669/947 3326/3668/947
f 3328/3672/949 3348/3673/949 3347/3671/948 3327/3670/948
f 3329/3674/950 3349/3675/950 3348/3673/949 3328/3672/949
f 3310/3639/1 3330/3638/1 3349/3675/950 3329/3674/950
s 0
f 3290/3617/1043 3330/3638/1043 3331/3637/1043 3291/3616/1043
f 3291/3616/973 3331/3637/973 3332/3641/973 3292/3618/973
f 3292/3618/1044 3332/3641/1044 3333/3643/1044 3293/3619/1044
f 3293/3619/1045 3333/3643/1045 3334/3645/1045 3294/3620/1045
f 3294/3620/1030 3334/3645/1030 3335/3647/1030 3295/3621/1030
f 3295/3621/956 3335/3647/956 3336/3649/956 3296/3622/956
f 3296/3622/1046 3336/3649/1046 3337/3651/1046 3297/3623/1046
f 3297/3623/976 3337/3651/976 3338/3653/976 3298/3624/976
f 3298/3624/959 3338/3653/959 3339/3655/959 3299/3625/959
f 3299/3625/1047 3339/3655/1047 3340/3657/1047 3300/3626/1047
f 3300/3626/961 3340/3657/961 3341/3659/961 3301/3627/961
f 3301/3627/962 3341/3659/962 3342/3661/962 3302/3628/962
f 3302/3628/963 3342/3661/963 3343/3663/963 3303/3629/963
f 3303/3629/1048 3343/3663/1048 3344/3665/1048 3304/3630/1048
f 3304/3630/965 3344/3665/965 3345/3667/965 3305/3631/965
f 3305/3631/966 3345/3667/966 3346/3669/966 3306/3632/966
f 3306/3632/1049 3346/3669/1049 3347/3671/1049 3307/3633/1049
f 3307/3633/968 3347/3671/968 3348/3673/968 3308/3634/968
f 3308/3634/1020 3348/3673/1020 3349/3675/1020 3309/3635/1020
f 3309/3635/1050 3349/3675/1050 3330/3638/1050 3290/3617/1050
s 1
f 3350/3676/4 3351/3677/815 3352/3678/984
f 3350/3676/4 3352/3678/984 3353/3679/817
f 3350/3676/4 3353/3679/817 3354/3680/818
f 3350/3676/4 3354/3680/818 3355/3681/819
f 3350/3676/4 3355/3681/819 3356/3682/820
f 3350/3676/4 3356/3682/820 3357/3683/821
f 3350/3676/4 3357/3683/821 3358/3684/985
f 3350/3676/4 3358/3684/985 3359/3685/986
f 3350/3676/4 3359/3685/986 3360/3686/987
f 3350/3676/4 3360/3686/987 3361/3687/825
f 3350/3676/4 3361/3687/825 3362/3688/826
f 3350/3676/4 3362/3688/826 3363/3689/827
f 3350/3676/4 3363/3689/827 3364/3690/988
f 3350/3676/4 3364/3690/988 3365/3691/829
f 3350/3676/4 3365/3691/829 3366/3692/830
f 3350/3676/4 3366/3692/830 3367/3693/831
f 3350/3676/4 3367/3693/831 3368/3694/1051
f 3350/3676/4 3368/3694/1051 3369/3695/989
f 3350/3676/4 3369/3695/989 3370/3696/990
f 3350/3676/4 3370/3696/990 3351/3677/815
f 3372/3697/835 3352/3678/984 3351/3677/815 3371/3698/836
f 3373/3699/837 3353/3679/817 3352/3678/984 3372/3697/835
f 3374/3700/838 3354/3680/818 3353/3679/817 3373/3699/837
f 3375/3701/1022 3355/3681/819 3354/3680/818 3374/3700/838
f 3376/3702/840 3356/3682/820 3355/3681/819 3375/3701/1022
f 3377/3703/841 3357/3683/821 3356/3682/820 3376/3702/840
f 3378/3704/1052 3358/3684/985 3357/3683/821 3377/3703/841
f 3379/3705/843 3359/3685/986 3358/3684/985 3378/3704/1052
f 3380/3706/844 3360/3686/987 3359/3685/986 3379/3705/843
f 3381/3707/845 3361/3687/825 3360/3686/987 3380/3706/844
f 3382/3708/846 3362/3688/826 3361/3687/825 3381/3707/845
f 3383/3709/992 3363/3689/827 3362/3688/826 3382/3708/846
f 3384/3710/848 3364/3690/988 3363/3689/827 3383/3709/992
f 3385/3711/849 3365/3691/829 3364/3690/988 3384/3710/848
f 3386/3712/850 3366/3692/830 3365/3691/829 3385/3711/849
f 3387/3713/851 3367/3693/831 3366/3692/830 3386/3712/850
f 3388/3714/852 3368/3694/1051 3367/3693/831 3387/3713/851
f 3389/3715/993 3369/3695/989 3368/3694/1051 3388/3714/852
f 3390/3716/854 3370/3696/990 3369/3695/989 3389/3715/993
f 3371/3698/836 3351/3677/815 3370/3696/990 3390/3716/854
f 3392/3717/855 3372/3697/835 3371/3698/836 3391/3718/856
f 3393/3719/857 3373/3699/837 3372/3697/835 3392/3717/855
f 3394/3720/858 3374/3700/838 3373/3699/837 3393/3719/857
f 3395/3721/859 3375/3701/1022 3374/3700/838 3394/3720/858
f 3396/3722/994 3376/3702/840 3375/3701/1022 3395/3721/859
f 3397/3723/861 3377/3703/841 3376/3702/840 3396/3722/994
f 3398/3724/862 3378/3704/1052 3377/3703/841 3397/3723/861
f 3399/3725/863 3379/3705/843 3378/3704/1052 3398/3724/862
f 3400/3726/864 3380/3706/844 3379/3705/843 3399/3725/863
f 3401/3727/865 3381/3707/845 3380/3706/844 3400/3726/864
f 3402/3728/995 3382/3708/846 3381/3707/845 3401/3727/865
f 3403/3729/867 3383/3709/992 3382/3708/846 3402/3728/995
f 3404/3730/868 3384/3710/848 3383/3709/992 3403/3729/867
f 3405/3731/869 3385/3711/849 3384/3710/848 3404/3730/868
f 3406/3732/870 3386/3712/850 3385/3711/849 3405/3731/869
f 3407/3733/871 3387/3713/851 3386/3712/850 3406/3732/870
f 3408/3734/872 3388/3714/852 3387/3713/851 3407/3733/871
f 3409/3735/873 3389/3715/993 3388/3714/852 3408/3734/872
f 3410/3736/874 3390/3716/854 3389/3715/993 3409/3735/873
f 3391/3718/856 3371/3698/836 3390/3716/854 3410/3736/874
f 3412/3737/875 3392/3717/855 3391/3718/856 3411/3738/876
f 3413/3739/877 3393/3719/857 3392/3717/855 3412/3737/875
f 3414/3740/878 3394/3720/858 3393/3719/857 3413/3739/877
f 3415/3741/879 3395/3721/859 3394/3720/858 3414/3740/878
f 3416/3742/880 3396/3722/994 3395/3721/859 3415/3741/879
f 3417/3743/881 3397/3723/861 3396/3722/994 3416/3742/880
f 3418/3744/882 3398/3724/862 3397/3723/861 3417/3743/881
f 3419/3745/883 3399/3725/863 3398/3724/862 3418/3744/882
f 3420/3746/884 3400/3726/864 3399/3725/863 3419/3745/883
f 3421/3747/885 3401/3727/865 3400/3726/864 3420/3746/884
f 3422/3748/886 3402/3728/995 3401/3727/865 3421/3747/885
f 3423/3749/887 3403/3729/867 3402/3728/995 3422/3748/886
f 3424/3750/888 3404/3730/868 3403/3729/867 3423/3749/887
f 3425/3751/889 3405/3731/869 3404/3730/868 3424/3750/888
f 3426/3752/890 3406/3732/870 3405/3731/869 3425/3751/889
f 3427/3753/891 3407/3733/871 3406/3732/870 3426/3752/890
f 3428/3754/892 3408/3734/872 3407/3733/871 3427/3753/891
f 3429/3755/893 3409/3735/873 3408/3734/872 3428/3754/892
f 3430/3756/894 3410/3736/874 3409/3735/873 3429/3755/893
f 3411/3738/876 3391/3718/856 3410/3736/874 3430/3756/894
f 3432/3757/895 3412/3737/875 3411/3738/876 3431/3758/896
f 3433/3759/897 3413/3739/877 3412/3737/875 3432/3757/895
f 3434/3760/898 3414/3740/878 3413/3739/877 3433/3759/897
f 3435/3761/899 3415/3741/879 3414/3740/878 3434/3760/898
f 3436/3762/1024 3416/3742/880 3415/3741/879 3435/3761/899
f 3437/3763/901 3417/3743/881 3416/3742/880 3436/3762/1024
f 3438/3764/902 3418/3744/882 3417/3743/881 3437/3763/901
f 3439/3765/1025 3419/3745/883 3418/3744/882 3438/3764/902
f 3440/3766/904 3420/3746/884 3419/3745/883 3439/3765/1025
f 3441/3767/905 3421/3747/885 3420/3746/884 3440/3766/904
f 3442/3768/906 3422/3748/886 3421/3747/885 3441/3767/905
f 3443/3769/1026 3423/3749/887 3422/3748/886 3442/3768/906
f 3444/3770/908 3424/3750/888 3423/3749/887 3443/3769/1026
f 3445/3771/909 3425/3751/889 3424/3750/888 3444/3770/908
f 3446/3772/1000 3426/3752/890 3425/3751/889 3445/3771/909
f 3447/3773/911 3427/3753/891 3426/3752/890 3446/3772/1000
f 3448/3774/912 3428/3754/892 3427/3753/891 3447/3773/911
f 3449/3775/1001 3429/3755/893 3428/3754/892 3448/3774/912
f 3450/3776/914 3430/3756/894 3429/3755/893 3449/3775/1001
f 3431/3758/896 3411/3738/876 3430/3756/894 3450/3776/914
f 3452/3777/915 3432/3757/895 3431/3758/896 3451/3778/916
f 3453/3779/917 3433/3759/897 3432/3757/895 3452/3777/915
f 3454/3780/971 3434/3760/898 3433/3759/897 3453/3779/917
f 3455/3781/919 3435/3761/899 3434/3760/898 3454/3780/971
f 3456/3782/1027 3436/3762/1024 3435/3761/899 3455/3781/919
f 3457/3783/1002 3437/3763/901 3436/3762/1024 3456/3782/1027
f 3458/3784/922 3438/3764/902 3437/3763/901 3457/3783/1002
f 3459/3785/1003 3439/3765/1025 3438/3764/902 3458/3784/922
f 3460/3786/1004 3440/3766/904 3439/3765/1025 3459/3785/1003
f 3461/3787/925 3441/3767/905 3440/3766/904 3460/3786/1004
f 3462/3788/1005 3442/3768/906 3441/3767/905 3461/3787/925
f 3463/3789/1006 3443/3769/1026 3442/3768/906 3462/3788/1005
f 3464/3790/928 3444/3770/908 3443/3769/1026 3463/3789/1006
f 3465/3791/1007 3445/3771/909 3444/3770/908 3464/3790/928
f 3466/3792/1028 3446/3772/1000 3445/3771/909 3465/3791/1007
f 3467/3793/931 3447/3773/911 3446/3772/1000 3466/3792/1028
f 3468/3794/1008 3448/3774/912 3447/3773/911 3467/3793/931
f 3469/3795/933 3449/3775/1001 3448/3774/912 3468/3794/1008
f 3470/3796/1042 3450/3776/914 3449/3775/1001 3469/3795/933
f 3451/3778/916 3431/3758/896 3450/3776/914 3470/3796/1042
f 3472/3797/935 3492/3798/935 3491/3799/1 3471/3800/1
f 3473/3801/936 3493/3802/936 3492/3798/935 3472/3797/935
f 3474/3803/937 3494/3804/937 3493/3802/936 3473/3801/936
f 3475/3805/938 3495/3806/938 3494/3804/937 3474/3803/937
f 3476/3807/59 3496/3808/59 3495/3806/938 3475/3805/938
f 3477/3809/939 3497/3810/939 3496/3808/59 3476/3807/59
f 3478/3811/940 3498/3812/940 3497/3810/939 3477/3809/939
f 3479/3813/941 3499/3814/941 3498/3812/940 3478/3811/940
f 3480/3815/942 3500/3816/942 3499/3814/941 3479/3813/941
f 3481/3817/3 3501/3818/3 3500/3816/942 3480/3815/942
f 3482/3819/943 3502/3820/943 3501/3818/3 3481/3817/3
f 3483/3821/944 3503/3822/944 3502/3820/943 3482/3819/943
f 3484/3823/945 3504/3824/945 3503/3822/944 3483/3821/944
f 3485/3825/946 3505/3826/946 3504/3824/945 3484/3823/945
f 3486/3827/93 3506/3828/93 3505/3826/946 3485/3825/946
f 3487/3829/947 3507/3830/947 3506/3828/93 3486/3827/93
f 3488/3831/948 3508/3832/948 3507/3830/947 3487/3829/947
f 3489/3833/949 3509/3834/949 3508/3832/948 3488/3831/948
f 3490/3835/950 3510/3836/950 3509/3834/949 3489/3833/949
f 3471/3800/1 3491/3799/1 3510/3836/950 3490/3835/950
s 0
f 3451/3778/1053 3491/3799/1053 3492/3798/1053 3452/3777/1053
f 3452/3777/1054 3492/3798/1054 3493/3802/1054 3453/3779/1054
f 3453/3779/1029 3493/3802/1029 3494/3804/1029 3454/3780/1029
f 3454/3780/1012 3494/3804/1012 3495/3806/1012 3455/3781/1012
f 3455/3781/1013 3495/3806/1013 3496/3808/1013 3456/3782/1013
f 3456/3782/956 3496/3808/956 3497/3810/956 3457/3783/956
f 3457/3783/1055 3497/3810/1055 3498/3812/1055 3458/3784/1055
f 3458/3784/1056 3498/3812/1056 3499/3814/1056 3459/3785/1056
f 3459/3785/959 3499/3814/959 3500/3816/959 3460/3786/959
f 3460/3786/977 3500/3816/977 3501/3818/977 3461/3787/977
f 3461/3787/961 3501/3818/961 3502/3820/961 3462/3788/961
f 3462/3788/978 3502/3820/978 3503/3822/978 3463/3789/978
f 3463/3789/1057 3503/3822/1057 3504/3824/1057 3464/3790/1057
f 3464/3790/980 3504/3824/980 3505/3826/980 3465/3791/980
f 3465/3791/965 3505/3826/965 3506/3828/965 3466/3792/965
f 3466/3792/966 3506/3828/966 3507/3830/966 3467/3793/966
f 3467/3793/1058 3507/3830/1058 3508/3832/1058 3468/3794/1058
f 3468/3794/1033 3508/3832/1033 3509/3834/1033 3469/3795/1033
f 3469/3795/1020 3509/3834/1020 3510/3836/1020 3470/3796/1020
f 3470/3796/1021 3510/3836/1021 3491/3799/1021 3451/3778/1021
s 1
f 3511/3837/1 3513/3838/474 3512/3839/475
f 3511/3837/1 3514/3840/473 3513/3838/474
f 3511/3837/1 3515/3841/472 3514/3840/473
f 3511/3837/1 3516/3842/471 3515/3841/472
f 3511/3837/1 3517/3843/470 3516/3842/471
f 3511/3837/1 3518/3844/469 3517/3843/470
f 3511/3837/1 3519/3845/1059 3518/3844/469
f 3511/3837/1 3520/3846/467 3519/3845/1059
f 3511/3837/1 3521/3847/466 3520/3846/467
f 3511/3837/1 3522/3848/465 3521/3847/466
f 3511/3837/1 3523/3849/484 3522/3848/465
f 3511/3837/1 3524/3850/483 3523/3849/484
f 3511/3837/1 3525/3851/482 3524/3850/483
f 3511/3837/1 3526/3852/481 3525/3851/482
f 3511/3837/1 3527/3853/480 3526/3852/481
f 3511/3837/1 3528/3854/479 3527/3853/480
f 3511/3837/1 3529/3855/478 3528/3854/479
f 3511/3837/1 3530/3856/477 3529/3855/478
f 3511/3837/1 3531/3857/476 3530/3856/477
f 3511/3837/1 3512/3839/475 3531/3857/476
f 3533/3858/494 3532/3859/495 3512/3839/475 3513/3838/474
f 3534/3860/493 3533/3858/494 3513/3838/474 3514/3840/473
f 3535/3861/492 3534/3860/493 3514/3840/473 3515/3841/472
f 3536/3862/491 3535/3861/492 3515/3841/472 3516/3842/471
f 3537/3863/490 3536/3862/491 3516/3842/471 3517/3843/470
f 3538/3864/622 3537/3863/490 3517/3843/470 3518/3844/469
f 3539/3865/488 3538/3864/622 3518/3844/469 3519/3845/1059
f 3540/3866/487 3539/3865/488 3519/3845/1059 3520/3846/467
f 3541/3867/485 3540/3866/487 3520/3846/467 3521/3847/466
f 3542/3868/486 3541/3867/485 3521/3847/466 3522/3848/465
f 3543/3869/504 3542/3868/486 3522/3848/465 3523/3849/484
f 3544/3870/503 3543/3869/504 3523/3849/484 3524/3850/483
f 3545/3871/502 3544/3870/503 3524/3850/483 3525/3851/482
f 3546/3872/1060 3545/3871/502 3525/3851/482 3526/3852/481
f 3547/3873/500 3546/3872/1060 3526/3852/481 3527/3853/480
f 3548/3874/499 3547/3873/500 3527/3853/480 3528/3854/479
f 3549/3875/498 3548/3874/499 3528/3854/479 3529/3855/478
f 3550/3876/497 3549/3875/498 3529/3855/478 3530/3856/477
f 3551/3877/496 3550/3876/497 3530/3856/477 3531/3857/476
f 3532/3859/495 3551/3877/496 3531/3857/476 3512/3839/475
f 3553/3878/514 3552/3879/515 3532/3859/495 3533/3858/494
f 3554/3880/513 3553/3878/514 3533/3858/494 3534/3860/493
f 3555/3881/512 3554/3880/513 3534/3860/493 3535/3861/492
f 3556/3882/511 3555/3881/512 3535/3861/492 3536/3862/491
f 3557/3883/510 3556/3882/511 3536/3862/491 3537/3863/490
f 3558/3884/509 3557/3883/510 3537/3863/490 3538/3864/622
f 3559/3885/508 3558/3884/509 3538/3864/622 3539/3865/488
f 3560/3886/507 3559/3885/508 3539/3865/488 3540/3866/487
f 3561/3887/1061 3560/3886/507 3540/3866/487 3541/3867/485
f 3562/3888/506 3561/3887/1061 3541/3867/485 3542/3868/486
f 3563/3889/1062 3562/3888/506 3542/3868/486 3543/3869/504
f 3564/3890/523 3563/3889/1062 3543/3869/504 3544/3870/503
f 3565/3891/522 3564/3890/523 3544/3870/503 3545/3871/502
f 3566/3892/521 3565/3891/522 3545/3871/502 3546/3872/1060
f 3567/3893/520 3566/3892/521 3546/3872/1060 3547/3873/500
f 3568/3894/519 3567/3893/520 3547/3873/500 3548/3874/499
f 3569/3895/518 3568/3894/519 3548/3874/499 3549/3875/498
f 3570/3896/517 3569/3895/518 3549/3875/498 3550/3876/497
f 3571/3897/516 3570/3896/517 3550/3876/497 3551/3877/496
f 3552/3879/515 3571/3897/516 3551/3877/496 3532/3859/495
f 3573/3898/534 3572/3899/535 3552/3879/515 3553/3878/514
f 3574/3900/533 3573/3898/534 3553/3878/514 3554/3880/513
f 3575/3901/532 3574/3900/533 3554/3880/513 3555/3881/512
f 3576/3902/531 3575/3901/532 3555/3881/512 3556/3882/511
f 3577/3903/530 3576/3902/531 3556/3882/511 3557/3883/510
f 3578/3904/529 3577/3903/530 3557/3883/510 3558/3884/509
f 3579/3905/528 3578/3904/529 3558/3884/509 3559/3885/508
f 3580/3906/527 3579/3905/528 3559/3885/508 3560/3886/507
f 3581/3907/525 3580/3906/527 3560/3886/507 3561/3887/1061
f 3582/3908/526 3581/3907/525 3561/3887/1061 3562/3888/506
f 3583/3909/544 3582/3908/526 3562/3888/506 3563/3889/1062
f 3584/3910/543 3583/3909/544 3563/3889/1062 3564/3890/523
f 3585/3911/542 3584/3910/543 3564/3890/523 3565/3891/522
f 3586/3912/541 3585/3911/542 3565/3891/522 3566/3892/521
f 3587/3913/540 3586/3912/541 3566/3892/521 3567/3893/520
f 3588/3914/539 3587/3913/540 3567/3893/520 3568/3894/519
f 3589/3915/538 3588/3914/539 3568/3894/519 3569/3895/518
f 3590/3916/537 3589/3915/538 3569/3895/518 3570/3896/517
f 3591/3917/536 3590/3916/537 3570/3896/517 3571/3897/516
f 3572/3899/535 3591/3917/536 3571/3897/516 3552/3879/515
f 3593/3918/554 3592/3919/555 3572/3899/535 3573/3898/534
f 3594/3920/1063 3593/3918/554 3573/3898/534 3574/3900/533
f 3595/3921/552 3594/3920/1063 3574/3900/533 3575/3901/532
f 3596/3922/551 3595/3921/552 3575/3901/532 3576/3902/531
f 3597/3923/550 3596/3922/551 3576/3902/531 3577/3903/530
f 3598/3924/549 3597/3923/550 3577/3903/530 3578/3904/529
f 3599/3925/548 3598/3924/549 3578/3904/529 3579/3905/528
f 3600/3926/547 3599/3925/548 3579/3905/528 3580/3906/527
f 3601/3927/545 3600/3926/547 3580/3906/527 3581/3907/525
f 3602/3928/546 3601/3927/545 3581/3907/525 3582/3908/526
f 3603/3929/564 3602/3928/546 3582/3908/526 3583/3909/544
f 3604/3930/627 3603/3929/564 3583/3909/544 3584/3910/543
f 3605/3931/562 3604/3930/627 3584/3910/543 3585/3911/542
f 3606/3932/561 3605/3931/562 3585/3911/542 3586/3912/541
f 3607/3933/560 3606/3932/561 3586/3912/541 3587/3913/540
f 3608/3934/559 3607/3933/560 3587/3913/540 3588/3914/539
f 3609/3935/558 3608/3934/559 3588/3914/539 3589/3915/538
f 3610/3936/1064 3609/3935/558 3589/3915/538 3590/3916/537
f 3611/3937/556 3610/3936/1064 3590/3916/537 3591/3917/536
f 3592/3919/555 3611/3937/556 3591/3917/536 3572/3899/535
f 3613/3938/1065 3612/3939/1066 3592/3919/555 3593/3918/554
f 3614/3940/1067 3613/3938/1065 3593/3918/554 3594/3920/1063
f 3615/3941/572 3614/3940/1067 3594/3920/1063 3595/3921/552
f 3616/3942/571 3615/3941/572 3595/3921/552 3596/3922/551
f 3617/3943/570 3616/3942/571 3596/3922/551 3597/3923/550
f 3618/3944/569 3617/3943/570 3597/3923/550 3598/3924/549
f 3619/3945/568 3618/3944/569 3598/3924/549 3599/3925/548
f 3620/3946/567 3619/3945/568 3599/3925/548 3600/3926/547
f 3621/3947/565 3620/3946/567 3600/3926/547 3601/3927/545
f 3622/3948/566 3621/3947/565 3601/3927/545 3602/3928/546
f 3623/3949/584 3622/3948/566 3602/3928/546 3603/3929/564
f 3624/3950/583 3623/3949/584 3603/3929/564 3604/3930/627
f 3625/3951/1068 3624/3950/583 3604/3930/627 3605/3931/562
f 3626/3952/581 3625/3951/1068 3605/3931/562 3606/3932/561
f 3627/3953/580 3626/3952/581 3606/3932/561 3607/3933/560
f 3628/3954/1069 3627/3953/580 3607/3933/560 3608/3934/559
f 3629/3955/631 3628/3954/1069 3608/3934/559 3609/3935/558
f 3630/3956/577 3629/3955/631 3609/3935/558 3610/3936/1064
f 3631/3957/1070 3630/3956/577 3610/3936/1064 3611/3937/556
f 3612/3939/1066 3631/3957/1070 3611/3937/556 3592/3919/555
f 3633/3958/592 3632/3959/4 3652/3960/4 3653/3961/592
f 3634/3962/591 3633/3958/592 3653/3961/592 3654/3963/591
f 3635/3964/590 3634/3962/591 3654/3963/591 3655/3965/590
f 3636/3966/589 3635/3964/590 3655/3965/590 3656/3967/589
f 3637/3968/59 3636/3966/589 3656/3967/589 3657/3969/59
f 3638/3970/588 3637/3968/59 3657/3969/59 3658/3971/588
f 3639/3972/587 3638/3970/588 3658/3971/588 3659/3973/587
f 3640/3974/586 3639/3972/587 3659/3973/587 3660/3975/586
f 3641/3976/585 3640/3974/586 3660/3975/586 3661/3977/585
f 3642/3978/2 3641/3976/585 3661/3977/585 3662/3979/2
f 3643/3980/600 3642/3978/2 3662/3979/2 3663/3981/600
f 3644/3982/599 3643/3980/600 3663/3981/600 3664/3983/599
f 3645/3984/598 3644/3982/599 3664/3983/599 3665/3985/598
f 3646/3986/597 3645/3984/598 3665/3985/598 3666/3987/597
f 3647/3988/93 3646/3986/597 3666/3987/597 3667/3989/93
f 3648/3990/596 3647/3988/93 3667/3989/93 3668/3991/596
f 3649/3992/595 3648/3990/596 3668/3991/596 3669/3993/595
f 3650/3994/594 3649/3992/595 3669/3993/595 3670/3995/594
f 3651/3996/593 3650/3994/594 3670/3995/594 3671/3997/593
f 3632/3959/4 3651/3996/593 3671/3997/593 3652/3960/4
s 0
f 3612/3939/1071 3613/3938/1071 3653/3961/1071 3652/3960/1071
f 3613/3938/1072 3614/3940/1072 3654/3963/1072 3653/3961/1072
f 3614/3940/1073 3615/3941/1073 3655/3965/1073 3654/3963/1073
f 3615/3941/607 3616/3942/607 3656/3967/607 3655/3965/607
f 3616/3942/635 3617/3943/635 3657/3969/635 3656/3967/635
f 3617/3943/605 3618/3944/605 3658/3971/605 3657/3969/605
f 3618/3944/1074 3619/3945/1074 3659/3973/1074 3658/3971/1074
f 3619/3945/1075 3620/3946/1075 3660/3975/1075 3659/3973/1075
f 3620/3946/1076 3621/3947/1076 3661/3977/1076 3660/3975/1076
f 3621/3947/1077 3622/3948/1077 3662/3979/1077 3661/3977/1077
f 3622/3948/1078 3623/3949/1078 3663/3981/1078 3662/3979/1078
f 3623/3949/1079 3624/3950/1079 3664/3983/1079 3663/3981/1079
f 3624/3950/1080 3625/3951/1080 3665/3985/1080 3664/3983/1080
f 3625/3951/1081 3626/3952/1081 3666/3987/1081 3665/3985/1081
f 3626/3952/616 3627/3953/616 3667/3989/616 3666/3987/616
f 3627/3953/1082 3628/3954/1082 3668/3991/1082 3667/3989/1082
f 3628/3954/1083 3629/3955/1083 3669/3993/1083 3668/3991/1083
f 3629/3955/1084 3630/3956/1084 3670/3995/1084 3669/3993/1084
f 3630/3956/1085 3631/3957/1085 3671/3997/1085 3670/3995/1085
f 3631/3957/1086 3612/3939/1086 3652/3960/1086 3671/3997/1086
s 1
f 3672/3998/1 3674/3999/474 3673/4000/475
f 3672/3998/1 3675/4001/473 3674/3999/474
f 3672/3998/1 3676/4002/472 3675/4001/473
f 3672/3998/1 3677/4003/471 3676/4002/472
f 3672/3998/1 3678/4004/470 3677/4003/471
f 3672/3998/1 3679/4005/469 3678/4004/470
f 3672/3998/1 3680/4006/1059 3679/4005/469
f 3672/3998/1 3681/4007/467 3680/4006/1059
f 3672/3998/1 3682/4008/466 3681/4007/467
f 3672/3998/1 3683/4009/465 3682/4008/466
f 3672/3998/1 3684/4010/484 3683/4009/465
f 3672/3998/1 3685/4011/483 3684/4010/484
f 3672/3998/1 3686/4012/482 3685/4011/483
f 3672/3998/1 3687/4013/481 3686/4012/482
f 3672/3998/1 3688/4014/480 3687/4013/481
f 3672/3998/1 3689/4015/479 3688/4014/480
f 3672/3998/1 3690/4016/478 3689/4015/479
f 3672/3998/1 3691/4017/477 3690/4016/478
f 3672/3998/1 3692/4018/476 3691/4017/477
f 3672/3998/1 3673/4000/475 3692/4018/476
f 3694/4019/494 3693/4020/495 3673/4000/475 3674/3999/474
f 3695/4021/493 3694/4019/494 3674/3999/474 3675/4001/473
f 3696/4022/492 3695/4021/493 3675/4001/473 3676/4002/472
f 3697/4023/491 3696/4022/492 3676/4002/472 3677/4003/471
f 3698/4024/490 3697/4023/491 3677/4003/471 3678/4004/470
f 3699/4025/622 3698/4024/490 3678/4004/470 3679/4005/469
f 3700/4026/488 3699/4025/622 3679/4005/469 3680/4006/1059
f 3701/4027/487 3700/4026/488 3680/4006/1059 3681/4007/467
f 3702/4028/485 3701/4027/487 3681/4007/467 3682/4008/466
f 3703/4029/486 3702/4028/485 3682/4008/466 3683/4009/465
f 3704/4030/504 3703/4029/486 3683/4009/465 3684/4010/484
f 3705/4031/503 3704/4030/504 3684/4010/484 3685/4011/483
f 3706/4032/502 3705/4031/503 3685/4011/483 3686/4012/482
f 3707/4033/1060 3706/4032/502 3686/4012/482 3687/4013/481
f 3708/4034/500 3707/4033/1060 3687/4013/481 3688/4014/480
f 3709/4035/499 3708/4034/500 3688/4014/480 3689/4015/479
f 3710/4036/498 3709/4035/499 3689/4015/479 3690/4016/478
f 3711/4037/1087 3710/4036/498 3690/4016/478 3691/4017/477
f 3712/4038/496 3711/4037/1087 3691/4017/477 3692/4018/476
f 3693/4020/495 3712/4038/496 3692/4018/476 3673/4000/475
f 3714/4039/1088 3713/4040/515 3693/4020/495 3694/4019/494
f 3715/4041/513 3714/4039/1088 3694/4019/494 3695/4021/493
f 3716/4042/512 3715/4041/513 3695/4021/493 3696/4022/492
f 3717/4043/511 3716/4042/512 3696/4022/492 3697/4023/491
f 3718/4044/510 3717/4043/511 3697/4023/491 3698/4024/490
f 3719/4045/509 3718/4044/510 3698/4024/490 3699/4025/622
f 3720/4046/508 3719/4045/509 3699/4025/622 3700/4026/488
f 3721/4047/507 3720/4046/508 3700/4026/488 3701/4027/487
f 3722/4048/1061 3721/4047/507 3701/4027/487 3702/4028/485
f 3723/4049/506 3722/4048/1061 3702/4028/485 3703/4029/486
f 3724/4050/1062 3723/4049/506 3703/4029/486 3704/4030/504
f 3725/4051/523 3724/4050/1062 3704/4030/504 3705/4031/503
f 3726/4052/522 3725/4051/523 3705/4031/503 3706/4032/502
f 3727/4053/521 3726/4052/522 3706/4032/502 3707/4033/1060
f 3728/4054/520 3727/4053/521 3707/4033/1060 3708/4034/500
f 3729/4055/519 3728/4054/520 3708/4034/500 3709/4035/499
f 3730/4056/518 3729/4055/519 3709/4035/499 3710/4036/498
f 3731/4057/517 3730/4056/518 3710/4036/498 3711/4037/1087
f 3732/4058/516 3731/4057/517 3711/4037/1087 3712/4038/496
f 3713/4040/515 3732/4058/516 3712/4038/496 3693/4020/495
f 3734/4059/534 3733/4060/535 3713/4040/515 3714/4039/1088
f 3735/4061/533 3734/4059/534 3714/4039/1088 3715/4041/513
f 3736/4062/532 3735/4061/533 3715/4041/513 3716/4042/512
f 3737/4063/531 3736/4062/532 3716/4042/512 3717/4043/511
f 3738/4064/530 3737/4063/531 3717/4043/511 3718/4044/510
f 3739/4065/529 3738/4064/530 3718/4044/510 3719/4045/509
f 3740/4066/528 3739/4065/529 3719/4045/509 3720/4046/508
f 3741/4067/527 3740/4066/528 3720/4046/508 3721/4047/507
f 3742/4068/525 3741/4067/527 3721/4047/507 3722/4048/1061
f 3743/4069/526 3742/4068/525 3722/4048/1061 3723/4049/506
f 3744/4070/544 3743/4069/526 3723/4049/506 3724/4050/1062
f 3745/4071/543 3744/4070/544 3724/4050/1062 3725/4051/523
f 3746/4072/542 3745/4071/543 3725/4051/523 3726/4052/522
f 3747/4073/541 3746/4072/542 3726/4052/522 3727/4053/521
f 3748/4074/540 3747/4073/541 3727/4053/521 3728/4054/520
f 3749/4075/539 3748/4074/540 3728/4054/520 3729/4055/519
f 3750/4076/538 3749/4075/539 3729/4055/519 3730/4056/518
f 3751/4077/537 3750/4076/538 3730/4056/518 3731/4057/517
f 3752/4078/536 3751/4077/537 3731/4057/517 3732/4058/516
f 3733/4060/535 3752/4078/536 3732/4058/516 3713/4040/515
f 3754/4079/554 3753/4080/555 3733/4060/535 3734/4059/534
f 3755/4081/1063 3754/4079/554 3734/4059/534 3735/4061/533
f 3756/4082/552 3755/4081/1063 3735/4061/533 3736/4062/532
f 3757/4083/551 3756/4082/552 3736/4062/532 3737/4063/531
f 3758/4084/550 3757/4083/551 3737/4063/531 3738/4064/530
f 3759/4085/549 3758/4084/550 3738/4064/530 3739/4065/529
f 3760/4086/548 3759/4085/549 3739/4065/529 3740/4066/528
f 3761/4087/547 3760/4086/548 3740/4066/528 3741/4067/527
f 3762/4088/545 3761/4087/547 3741/4067/527 3742/4068/525
f 3763/4089/546 3762/4088/545 3742/4068/525 3743/4069/526
f 3764/4090/564 3763/4089/546 3743/4069/526 3744/4070/544
f 3765/4091/627 3764/4090/564 3744/4070/544 3745/4071/543
f 3766/4092/562 3765/4091/627 3745/4071/543 3746/4072/542
f 3767/4093/561 3766/4092/562 3746/4072/542 3747/4073/541
f 3768/4094/560 3767/4093/561 3747/4073/541 3748/4074/540
f 3769/4095/559 3768/4094/560 3748/4074/540 3749/4075/539
f 3770/4096/558 3769/4095/559 3749/4075/539 3750/4076/538
f 3771/4097/1064 3770/4096/558 3750/4076/538 3751/4077/537
f 3772/4098/556 3771/4097/1064 3751/4077/537 3752/4078/536
f 3753/4080/555 3772/4098/556 3752/4078/536 3733/4060/535
f 3774/4099/1065 3773/4100/1066 3753/4080/555 3754/4079/554
f 3775/4101/1067 3774/4099/1065 3754/4079/554 3755/4081/1063
f 3776/4102/572 3775/4101/1067 3755/4081/1063 3756/4082/552
f 3777/4103/1089 3776/4102/572 3756/4082/552 3757/4083/551
f 3778/4104/570 3777/4103/1089 3757/4083/551 3758/4084/550
f 3779/4105/569 3778/4104/570 3758/4084/550 3759/4085/549
f 3780/4106/568 3779/4105/569 3759/4085/549 3760/4086/548
f 3781/4107/567 3780/4106/568 3760/4086/548 3761/4087/547
f 3782/4108/565 3781/4107/567 3761/4087/547 3762/4088/545
f 3783/4109/566 3782/4108/565 3762/4088/545 3763/4089/546
f 3784/4110/584 3783/4109/566 3763/4089/546 3764/4090/564
f 3785/4111/583 3784/4110/584 3764/4090/564 3765/4091/627
f 3786/4112/1068 3785/4111/583 3765/4091/627 3766/4092/562
f 3787/4113/581 3786/4112/1068 3766/4092/562 3767/4093/561
f 3788/4114/580 3787/4113/581 3767/4093/561 3768/4094/560
f 3789/4115/1069 3788/4114/580 3768/4094/560 3769/4095/559
f 3790/4116/1090 3789/4115/1069 3769/4095/559 3770/4096/558
f 3791/4117/577 3790/4116/1090 3770/4096/558 3771/4097/1064
f 3792/4118/1070 3791/4117/577 3771/4097/1064 3772/4098/556
f 3773/4100/1066 3792/4118/1070 3772/4098/556 3753/4080/555
f 3794/4119/592 3793/4120/4 3813/4121/4 3814/4122/592
f 3795/4123/591 3794/4119/592 3814/4122/592 3815/4124/591
f 3796/4125/590 3795/4123/591 3815/4124/591 3816/4126/590
f 3797/4127/589 3796/4125/590 3816/4126/590 3817/4128/589
f 3798/4129/59 3797/4127/589 3817/4128/589 3818/4130/59
f 3799/4131/588 3798/4129/59 3818/4130/59 3819/4132/588
f 3800/4133/587 3799/4131/588 3819/4132/588 3820/4134/587
f 3801/4135/586 3800/4133/587 3820/4134/587 3821/4136/586
f 3802/4137/585 3801/4135/586 3821/4136/586 3822/4138/585
f 3803/4139/2 3802/4137/585 3822/4138/585 3823/4140/2
f 3804/4141/600 3803/4139/2 3823/4140/2 3824/4142/600
f 3805/4143/599 3804/4141/600 3824/4142/600 3825/4144/599
f 3806/4145/598 3805/4143/599 3825/4144/599 3826/4146/598
f 3807/4147/597 3806/4145/598 3826/4146/598 3827/4148/597
f 3808/4149/93 3807/4147/597 3827/4148/597 3828/4150/93
f 3809/4151/596 3808/4149/93 3828/4150/93 3829/4152/596
f 3810/4153/595 3809/4151/596 3829/4152/596 3830/4154/595
f 3811/4155/594 3810/4153/595 3830/4154/595 3831/4156/594
f 3812/4157/593 3811/4155/594 3831/4156/594 3832/4158/593
f 3793/4120/4 3812/4157/593 3832/4158/593 3813/4121/4
s 0
f 3773/4100/1071 3774/4099/1071 3814/4122/1071 3813/4121/1071
f 3774/4099/1091 3775/4101/1091 3815/4124/1091 3814/4122/1091
f 3775/4101/1092 3776/4102/1092 3816/4126/1092 3815/4124/1092
f 3776/4102/607 3777/4103/607 3817/4128/607 3816/4126/607
f 3777/4103/635 3778/4104/635 3818/4130/635 3817/4128/635
f 3778/4104/634 3779/4105/634 3819/4132/634 3818/4130/634
f 3779/4105/604 3780/4106/604 3820/4134/604 3819/4132/604
f 3780/4106/1093 3781/4107/1093 3821/4136/1093 3820/4134/1093
f 3781/4107/1076 3782/4108/1076 3822/4138/1076 3821/4136/1076
f 3782/4108/1077 3783/4109/1077 3823/4140/1077 3822/4138/1077
f 3783/4109/1078 3784/4110/1078 3824/4142/1078 3823/4140/1078
f 3784/4110/1094 3785/4111/1094 3825/4144/1094 3824/4142/1094
f 3785/4111/1080 3786/4112/1080 3826/4146/1080 3825/4144/1080
f 3786/4112/617 3787/4113/617 3827/4148/617 3826/4146/617
f 3787/4113/616 3788/4114/616 3828/4150/616 3827/4148/616
f 3788/4114/615 3789/4115/615 3829/4152/615 3828/4150/615
f 3789/4115/637 3790/4116/637 3830/4154/637 3829/4152/637
f 3790/4116/1095 3791/4117/1095 3831/4156/1095 3830/4154/1095
f 3791/4117/1096 3792/4118/1096 3832/4158/1096 3831/4156/1096
f 3792/4118/1086 3773/4100/1086 3813/4121/1086 3832/4158/1086
s 1
f 3833/4159/1 3835/4160/474 3834/4161/475
f 3833/4159/1 3836/4162/473 3835/4160/474
f 3833/4159/1 3837/4163/472 3836/4162/473
f 3833/4159/1 3838/4164/471 3837/4163/472
f 3833/4159/1 3839/4165/470 3838/4164/471
f 3833/4159/1 3840/4166/469 3839/4165/470
f 3833/4159/1 3841/4167/1059 3840/4166/469
f 3833/4159/1 3842/4168/467 3841/4167/1059
f 3833/4159/1 3843/4169/466 3842/4168/467
f 3833/4159/1 3844/4170/465 3843/4169/466
f 3833/4159/1 3845/4171/484 3844/4170/465
f 3833/4159/1 3846/4172/483 3845/4171/484
f 3833/4159/1 3847/4173/482 3846/4172/483
f 3833/4159/1 3848/4174/481 3847/4173/482
f 3833/4159/1 3849/4175/480 3848/4174/481
f 3833/4159/1 3850/4176/479 3849/4175/480
f 3833/4159/1 3851/4177/478 3850/4176/479
f 3833/4159/1 3852/4178/477 3851/4177/478
f 3833/4159/1 3853/4179/476 3852/4178/477
f 3833/4159/1 3834/4161/475 3853/4179/476
f 3855/4180/494 3854/4181/495 3834/4161/475 3835/4160/474
f 3856/4182/493 3855/4180/494 3835/4160/474 3836/4162/473
f 3857/4183/492 3856/4182/493 3836/4162/473 3837/4163/472
f 3858/4184/491 3857/4183/492 3837/4163/472 3838/4164/471
f 3859/4185/490 3858/4184/491 3838/4164/471 3839/4165/470
f 3860/4186/622 3859/4185/490 3839/4165/470 3840/4166/469
f 3861/4187/488 3860/4186/622 3840/4166/469 3841/4167/1059
f 3862/4188/487 3861/4187/488 3841/4167/1059 3842/4168/467
f 3863/4189/485 3862/4188/487 3842/4168/467 3843/4169/466
f 3864/4190/486 3863/4189/485 3843/4169/466 3844/4170/465
f 3865/4191/504 3864/4190/486 3844/4170/465 3845/4171/484
f 3866/4192/503 3865/4191/504 3845/4171/484 3846/4172/483
f 3867/4193/502 3866/4192/503 3846/4172/483 3847/4173/482
f 3868/4194/1060 3867/4193/502 3847/4173/482 3848/4174/481
f 3869/4195/500 3868/4194/1060 3848/4174/481 3849/4175/480
f 3870/4196/499 3869/4195/500 3849/4175/480 3850/4176/479
f 3871/4197/498 3870/4196/499 3850/4176/479 3851/4177/478
f 3872/4198/497 3871/4197/498 3851/4177/478 3852/4178/477
f 3873/4199/496 3872/4198/497 3852/4178/477 3853/4179/476
f 3854/4181/495 3873/4199/496 3853/4179/476 3834/4161/475
f 3875/4200/1088 3874/4201/515 3854/4181/495 3855/4180/494
f 3876/4202/513 3875/4200/1088 3855/4180/494 3856/4182/493
f 3877/4203/512 3876/4202/513 3856/4182/493 3857/4183/492
f 3878/4204/511 3877/4203/512 3857/4183/492 3858/4184/491
f 3879/4205/510 3878/4204/511 3858/4184/491 3859/4185/490
f 3880/4206/509 3879/4205/510 3859/4185/490 3860/4186/622
f 3881/4207/508 3880/4206/509 3860/4186/622 3861/4187/488
f 3882/4208/507 3881/4207/508 3861/4187/488 3862/4188/487
f 3883/4209/1061 3882/4208/507 3862/4188/487 3863/4189/485
f 3884/4210/506 3883/4209/1061 3863/4189/485 3864/4190/486
f 3885/4211/1062 3884/4210/506 3864/4190/486 3865/4191/504
f 3886/4212/523 3885/4211/1062 3865/4191/504 3866/4192/503
f 3887/4213/522 3886/4212/523 3866/4192/503 3867/4193/502
f 3888/4214/521 3887/4213/522 3867/4193/502 3868/4194/1060
f 3889/4215/520 3888/4214/521 3868/4194/1060 3869/4195/500
f 3890/4216/519 3889/4215/520 3869/4195/500 3870/4196/499
f 3891/4217/518 3890/4216/519 3870/4196/499 3871/4197/498
f 3892/4218/517 3891/4217/518 3871/4197/498 3872/4198/497
f 3893/4219/1097 3892/4218/517 3872/4198/497 3873/4199/496
f 3874/4201/515 3893/4219/1097 3873/4199/496 3854/4181/495
f 3895/4220/534 3894/4221/535 3874/4201/515 3875/4200/1088
f 3896/4222/533 3895/4220/534 3875/4200/1088 3876/4202/513
f 3897/4223/532 3896/4222/533 3876/4202/513 3877/4203/512
f 3898/4224/531 3897/4223/532 3877/4203/512 3878/4204/511
f 3899/4225/530 3898/4224/531 3878/4204/511 3879/4205/510
f 3900/4226/529 3899/4225/530 3879/4205/510 3880/4206/509
f 3901/4227/528 3900/4226/529 3880/4206/509 3881/4207/508
f 3902/4228/527 3901/4227/528 3881/4207/508 3882/4208/507
f 3903/4229/525 3902/4228/527 3882/4208/507 3883/4209/1061
f 3904/4230/526 3903/4229/525 3883/4209/1061 3884/4210/506
f 3905/4231/544 3904/4230/526 3884/4210/506 3885/4211/1062
f 3906/4232/543 3905/4231/544 3885/4211/1062 3886/4212/523
f 3907/4233/542 3906/4232/543 3886/4212/523 3887/4213/522
f 3908/4234/541 3907/4233/542 3887/4213/522 3888/4214/521
f 3909/4235/540 3908/4234/541 3888/4214/521 3889/4215/520
f 3910/4236/539 3909/4235/540 3889/4215/520 3890/4216/519
f 3911/4237/538 3910/4236/539 3890/4216/519 3891/4217/518
f 3912/4238/537 3911/4237/538 3891/4217/518 3892/4218/517
f 3913/4239/536 3912/4238/537 3892/4218/517 3893/4219/1097
f 3894/4221/535 3913/4239/536 3893/4219/1097 3874/4201/515
f 3915/4240/554 3914/4241/555 3894/4221/535 3895/4220/534
f 3916/4242/1063 3915/4240/554 3895/4220/534 3896/4222/533
f 3917/4243/552 3916/4242/1063 3896/4222/533 3897/4223/532
f 3918/4244/551 3917/4243/552 3897/4223/532 3898/4224/531
f 3919/4245/550 3918/4244/551 3898/4224/531 3899/4225/530
f 3920/4246/549 3919/4245/550 3899/4225/530 3900/4226/529
f 3921/4247/548 3920/4246/549 3900/4226/529 3901/4227/528
f 3922/4248/547 3921/4247/548 3901/4227/528 3902/4228/527
f 3923/4249/545 3922/4248/547 3902/4228/527 3903/4229/525
f 3924/4250/546 3923/4249/545 3903/4229/525 3904/4230/526
f 3925/4251/564 3924/4250/546 3904/4230/526 3905/4231/544
f 3926/4252/627 3925/4251/564 3905/4231/544 3906/4232/543
f 3927/4253/562 3926/4252/627 3906/4232/543 3907/4233/542
f 3928/4254/561 3927/4253/562 3907/4233/542 3908/4234/541
f 3929/4255/560 3928/4254/561 3908/4234/541 3909/4235/540
f 3930/4256/559 3929/4255/560 3909/4235/540 3910/4236/539
f 3931/4257/558 3930/4256/559 3910/4236/539 3911/4237/538
f 3932/4258/1098 3931/4257/558 3911/4237/538 3912/4238/537
f 3933/4259/556 3932/4258/1098 3912/4238/537 3913/4239/536
f 3914/4241/555 3933/4259/556 3913/4239/536 3894/4221/535
f 3935/4260/1065 3934/4261/1066 3914/4241/555 3915/4240/554
f 3936/4262/1067 3935/4260/1065 3915/4240/554 3916/4242/1063
f 3937/4263/572 3936/4262/1067 3916/4242/1063 3917/4243/552
f 3938/4264/1089 3937/4263/572 3917/4243/552 3918/4244/551
f 3939/4265/570 3938/4264/1089 3918/4244/551 3919/4245/550
f 3940/4266/569 3939/4265/570 3919/4245/550 3920/4246/549
f 3941/4267/568 3940/4266/569 3920/4246/549 3921/4247/548
f 3942/4268/567 3941/4267/568 3921/4247/548 3922/4248/547
f 3943/4269/565 3942/4268/567 3922/4248/547 3923/4249/545
f 3944/4270/566 3943/4269/565 3923/4249/545 3924/4250/546
f 3945/4271/584 3944/4270/566 3924/4250/546 3925/4251/564
f 3946/4272/583 3945/4271/584 3925/4251/564 3926/4252/627
f 3947/4273/1068 3946/4272/583 3926/4252/627 3927/4253/562
f 3948/4274/581 3947/4273/1068 3927/4253/562 3928/4254/561
f 3949/4275/580 3948/4274/581 3928/4254/561 3929/4255/560
f 3950/4276/1069 3949/4275/580 3929/4255/560 3930/4256/559
f 3951/4277/1090 3950/4276/1069 3930/4256/559 3931/4257/558
f 3952/4278/577 3951/4277/1090 3931/4257/558 3932/4258/1098
f 3953/4279/1070 3952/4278/577 3932/4258/1098 3933/4259/556
f 3934/4261/1066 3953/4279/1070 3933/4259/556 3914/4241/555
f 3955/4280/592 3954/4281/4 3974/4282/4 3975/4283/592
f 3956/4284/591 3955/4280/592 3975/4283/592 3976/4285/591
f 3957/4286/590 3956/4284/591 3976/4285/591 3977/4287/590
f 3958/4288/589 3957/4286/590 3977/4287/590 3978/4289/589
f 3959/4290/59 3958/4288/589 3978/4289/589 3979/4291/59
f 3960/4292/588 3959/4290/59 3979/4291/59 3980/4293/588
f 3961/4294/587 3960/4292/588 3980/4293/588 3981/4295/587
f 3962/4296/586 3961/4294/587 3981/4295/587 3982/4297/586
f 3963/4298/585 3962/4296/586 3982/4297/586 3983/4299/585
f 3964/4300/2 3963/4298/585 3983/4299/585 3984/4301/2
f 3965/4302/600 3964/4300/2 3984/4301/2 3985/4303/600
f 3966/4304/599 3965/4302/600 3985/4303/600 3986/4305/599
f 3967/4306/598 3966/4304/599 3986/4305/599 3987/4307/598
f 3968/4308/597 3967/4306/598 3987/4307/598 3988/4309/597
f 3969/4310/93 3968/4308/597 3988/4309/597 3989/4311/93
f 3970/4312/596 3969/4310/93 3989/4311/93 3990/4313/596
f 3971/4314/595 3970/4312/596 3990/4313/596 3991/4315/595
f 3972/4316/594 3971/4314/595 3991/4315/595 3992/4317/594
f 3973/4318/593 3972/4316/594 3992/4317/594 3993/4319/593
f 3954/4281/4 3973/4318/593 3993/4319/593 3974/4282/4
s 0
f 3934/4261/1071 3935/4260/1071 3975/4283/1071 3974/4282/1071
f 3935/4260/1091 3936/4262/1091 3976/4285/1091 3975/4283/1091
f 3936/4262/1073 3937/4263/1073 3977/4287/1073 3976/4285/1073
f 3937/4263/607 3938/4264/607 3978/4289/607 3977/4287/607
f 3938/4264/635 3939/4265/635 3979/4291/635 3978/4289/635
f 3939/4265/605 3940/4266/605 3980/4293/605 3979/4291/605
f 3940/4266/604 3941/4267/604 3981/4295/604 3980/4293/604
f 3941/4267/1093 3942/4268/1093 3982/4297/1093 3981/4295/1093
f 3942/4268/1099 3943/4269/1099 3983/4299/1099 3982/4297/1099
f 3943/4269/1077 3944/4270/1077 3984/4301/1077 3983/4299/1077
f 3944/4270/1078 3945/4271/1078 3985/4303/1078 3984/4301/1078
f 3945/4271/1094 3946/4272/1094 3986/4305/1094 3985/4303/1094
f 3946/4272/1080 3947/4273/1080 3987/4307/1080 3986/4305/1080
f 3947/4273/617 3948/4274/617 3988/4309/617 3987/4307/617
f 3948/4274/616 3949/4275/616 3989/4311/616 3988/4309/616
f 3949/4275/615 3950/4276/615 3990/4313/615 3989/4311/615
f 3950/4276/637 3951/4277/637 3991/4315/637 3990/4313/637
f 3951/4277/1084 3952/4278/1084 3992/4317/1084 3991/4315/1084
f 3952/4278/1100 3953/4279/1100 3993/4319/1100 3992/4317/1100
f 3953/4279/1086 3934/4261/1086 3974/4282/1086 3993/4319/1086
s 1
f 3994/4320/1 3996/4321/474 3995/4322/475
f 3994/4320/1 3997/4323/473 3996/4321/474
f 3994/4320/1 3998/4324/472 3997/4323/473
f 3994/4320/1 3999/4325/471 3998/4324/472
f 3994/4320/1 4000/4326/470 3999/4325/471
f 3994/4320/1 4001/4327/469 4000/4326/470
f 3994/4320/1 4002/4328/1059 4001/4327/469
f 3994/4320/1 4003/4329/467 4002/4328/1059
f 3994/4320/1 4004/4330/466 4003/4329/467
f 3994/4320/1 4005/4331/465 4004/4330/466
f 3994/4320/1 4006/4332/484 4005/4331/465
f 3994/4320/1 4007/4333/483 4006/4332/484
f 3994/4320/1 4008/4334/482 4007/4333/483
f 3994/4320/1 4009/4335/481 4008/4334/482
f 3994/4320/1 4010/4336/480 4009/4335/481
f 3994/4320/1 4011/4337/479 4010/4336/480
f 3994/4320/1 4012/4338/478 4011/4337/479
f 3994/4320/1 4013/4339/477 4012/4338/478
f 3994/4320/1 4014/4340/476 4013/4339/477
f 3994/4320/1 3995/4322/475 4014/4340/476
f 4016/4341/494 4015/4342/495 3995/4322/475 3996/4321/474
f 4017/4343/493 4016/4341/494 3996/4321/474 3997/4323/473
f 4018/4344/492 4017/4343/493 3997/4323/473 3998/4324/472
f 4019/4345/491 4018/4344/492 3998/4324/472 3999/4325/471
f 4020/4346/490 4019/4345/491 3999/4325/471 4000/4326/470
f 4021/4347/622 4020/4346/490 4000/4326/470 4001/4327/469
f 4022/4348/488 4021/4347/622 4001/4327/469 4002/4328/1059
f 4023/4349/487 4022/4348/488 4002/4328/1059 4003/4329/467
f 4024/4350/485 4023/4349/487 4003/4329/467 4004/4330/466
f 4025/4351/486 4024/4350/485 4004/4330/466 4005/4331/465
f 4026/4352/504 4025/4351/486 4005/4331/465 4006/4332/484
f 4027/4353/503 4026/4352/504 4006/4332/484 4007/4333/483
f 4028/4354/502 4027/4353/503 4007/4333/483 4008/4334/482
f 4029/4355/1060 4028/4354/502 4008/4334/482 4009/4335/481
f 4030/4356/500 4029/4355/1060 4009/4335/481 4010/4336/480
f 4031/4357/499 4030/4356/500 4010/4336/480 4011/4337/479
f 4032/4358/498 4031/4357/499 4011/4337/479 4012/4338/478
f 4033/4359/497 4032/4358/498 4012/4338/478 4013/4339/477
f 4034/4360/496 4033/4359/497 4013/4339/477 4014/4340/476
f 4015/4342/495 4034/4360/496 4014/4340/476 3995/4322/475
f 4036/4361/514 4035/4362/515 4015/4342/495 4016/4341/494
f 4037/4363/513 4036/4361/514 4016/4341/494 4017/4343/493
f 4038/4364/512 4037/4363/513 4017/4343/493 4018/4344/492
f 4039/4365/511 4038/4364/512 4018/4344/492 4019/4345/491
f 4040/4366/510 4039/4365/511 4019/4345/491 4020/4346/490
f 4041/4367/509 4040/4366/510 4020/4346/490 4021/4347/622
f 4042/4368/508 4041/4367/509 4021/4347/622 4022/4348/488
f 4043/4369/507 4042/4368/508 4022/4348/488 4023/4349/487
f 4044/4370/1061 4043/4369/507 4023/4349/487 4024/4350/485
f 4045/4371/506 4044/4370/1061 4024/4350/485 4025/4351/486
f 4046/4372/1062 4045/4371/506 4025/4351/486 4026/4352/504
f 4047/4373/523 4046/4372/1062 4026/4352/504 4027/4353/503
f 4048/4374/522 4047/4373/523 4027/4353/503 4028/4354/502
f 4049/4375/521 4048/4374/522 4028/4354/502 4029/4355/1060
f 4050/4376/520 4049/4375/521 4029/4355/1060 4030/4356/500
f 4051/4377/519 4050/4376/520 4030/4356/500 4031/4357/499
f 4052/4378/518 4051/4377/519 4031/4357/499 4032/4358/498
f 4053/4379/517 4052/4378/518 4032/4358/498 4033/4359/497
f 4054/4380/1097 4053/4379/517 4033/4359/497 4034/4360/496
f 4035/4362/515 4054/4380/1097 4034/4360/496 4015/4342/495
f 4056/4381/534 4055/4382/535 4035/4362/515 4036/4361/514
f 4057/4383/533 4056/4381/534 4036/4361/514 4037/4363/513
f 4058/4384/532 4057/4383/533 4037/4363/513 4038/4364/512
f 4059/4385/531 4058/4384/532 4038/4364/512 4039/4365/511
f 4060/4386/530 4059/4385/531 4039/4365/511 4040/4366/510
f 4061/4387/529 4060/4386/530 4040/4366/510 4041/4367/509
f 4062/4388/528 4061/4387/529 4041/4367/509 4042/4368/508
f 4063/4389/527 4062/4388/528 4042/4368/508 4043/4369/507
f 4064/4390/525 4063/4389/527 4043/4369/507 4044/4370/1061
f 4065/4391/526 4064/4390/525 4044/4370/1061 4045/4371/506
f 4066/4392/544 4065/4391/526 4045/4371/506 4046/4372/1062
f 4067/4393/543 4066/4392/544 4046/4372/1062 4047/4373/523
f 4068/4394/542 4067/4393/543 4047/4373/523 4048/4374/522
f 4069/4395/541 4068/4394/542 4048/4374/522 4049/4375/521
f 4070/4396/540 4069/4395/541 4049/4375/521 4050/4376/520
f 4071/4397/539 4070/4396/540 4050/4376/520 4051/4377/519
f 4072/4398/538 4071/4397/539 4051/4377/519 4052/4378/518
f 4073/4399/537 4072/4398/538 4052/4378/518 4053/4379/517
f 4074/4400/536 4073/4399/537 4053/4379/517 4054/4380/1097
f 4055/4382/535 4074/4400/536 4054/4380/1097 4035/4362/515
f 4076/4401/554 4075/4402/555 4055/4382/535 4056/4381/534
f 4077/4403/1063 4076/4401/554 4056/4381/534 4057/4383/533
f 4078/4404/552 4077/4403/1063 4057/4383/533 4058/4384/532
f 4079/4405/551 4078/4404/552 4058/4384/532 4059/4385/531
f 4080/4406/550 4079/4405/551 4059/4385/531 4060/4386/530
f 4081/4407/549 4080/4406/550 4060/4386/530 4061/4387/529
f 4082/4408/548 4081/4407/549 4061/4387/529 4062/4388/528
f 4083/4409/547 4082/4408/548 4062/4388/528 4063/4389/527
f 4084/4410/545 4083/4409/547 4063/4389/527 4064/4390/525
f 4085/4411/546 4084/4410/545 4064/4390/525 4065/4391/526
f 4086/4412/564 4085/4411/546 4065/4391/526 4066/4392/544
f 4087/4413/627 4086/4412/564 4066/4392/544 4067/4393/543
f 4088/4414/562 4087/4413/627 4067/4393/543 4068/4394/542
f 4089/4415/561 4088/4414/562 4068/4394/542 4069/4395/541
f 4090/4416/560 4089/4415/561 4069/4395/541 4070/4396/540
f 4091/4417/559 4090/4416/560 4070/4396/540 4071/4397/539
f 4092/4418/558 4091/4417/559 4071/4397/539 4072/4398/538
f 4093/4419/1064 4092/4418/558 4072/4398/538 4073/4399/537
f 4094/4420/556 4093/4419/1064 4073/4399/537 4074/4400/536
f 4075/4402/555 4094/4420/556 4074/4400/536 4055/4382/535
f 4096/4421/1065 4095/4422/1066 4075/4402/555 4076/4401/554
f 4097/4423/1067 4096/4421/1065 4076/4401/554 4077/4403/1063
f 4098/4424/572 4097/4423/1067 4077/4403/1063 4078/4404/552
f 4099/4425/1089 4098/4424/572 4078/4404/552 4079/4405/551
f 4100/4426/1101 4099/4425/1089 4079/4405/551 4080/4406/550
f 4101/4427/569 4100/4426/1101 4080/4406/550 4081/4407/549
f 4102/4428/568 4101/4427/569 4081/4407/549 4082/4408/548
f 4103/4429/567 4102/4428/568 4082/4408/548 4083/4409/547
f 4104/4430/565 4103/4429/567 4083/4409/547 4084/4410/545
f 4105/4431/566 4104/4430/565 4084/4410/545 4085/4411/546
f 4106/4432/584 4105/4431/566 4085/4411/546 4086/4412/564
f 4107/4433/583 4106/4432/584 4086/4412/564 4087/4413/627
f 4108/4434/1068 4107/4433/583 4087/4413/627 4088/4414/562
f 4109/4435/581 4108/4434/1068 4088/4414/562 4089/4415/561
f 4110/4436/580 4109/4435/581 4089/4415/561 4090/4416/560
f 4111/4437/579 4110/4436/580 4090/4416/560 4091/4417/559
f 4112/4438/1090 4111/4437/579 4091/4417/559 4092/4418/558
f 4113/4439/577 4112/4438/1090 4092/4418/558 4093/4419/1064
f 4114/4440/1070 4113/4439/577 4093/4419/1064 4094/4420/556
f 4095/4422/1066 4114/4440/1070 4094/4420/556 4075/4402/555
f 4116/4441/592 4115/4442/4 4135/4443/4 4136/4444/592
f 4117/4445/591 4116/4441/592 4136/4444/592 4137/4446/591
f 4118/4447/590 4117/4445/591 4137/4446/591 4138/4448/590
f 4119/4449/589 4118/4447/590 4138/4448/590 4139/4450/589
f 4120/4451/59 4119/4449/589 4139/4450/589 4140/4452/59
f 4121/4453/588 4120/4451/59 4140/4452/59 4141/4454/588
f 4122/4455/587 4121/4453/588 4141/4454/588 4142/4456/587
f 4123/4457/586 4122/4455/587 4142/4456/587 4143/4458/586
f 4124/4459/585 4123/4457/586 4143/4458/586 4144/4460/585
f 4125/4461/2 4124/4459/585 4144/4460/585 4145/4462/2
f 4126/4463/600 4125/4461/2 4145/4462/2 4146/4464/600
f 4127/4465/599 4126/4463/600 4146/4464/600 4147/4466/599
f 4128/4467/598 4127/4465/599 4147/4466/599 4148/4468/598
f 4129/4469/597 4128/4467/598 4148/4468/598 4149/4470/597
f 4130/4471/93 4129/4469/597 4149/4470/597 4150/4472/93
f 4131/4473/596 4130/4471/93 4150/4472/93 4151/4474/596
f 4132/4475/595 4131/4473/596 4151/4474/596 4152/4476/595
f 4133/4477/594 4132/4475/595 4152/4476/595 4153/4478/594
f 4134/4479/593 4133/4477/594 4153/4478/594 4154/4480/593
f 4115/4442/4 4134/4479/593 4154/4480/593 4135/4443/4
s 0
f 4095/4422/1071 4096/4421/1071 4136/4444/1071 4135/4443/1071
f 4096/4421/1091 4097/4423/1091 4137/4446/1091 4136/4444/1091
f 4097/4423/1073 4098/4424/1073 4138/4448/1073 4137/4446/1073
f 4098/4424/1102 4099/4425/1102 4139/4450/1102 4138/4448/1102
f 4099/4425/606 4100/4426/606 4140/4452/606 4139/4450/606
f 4100/4426/605 4101/4427/605 4141/4454/605 4140/4452/605
f 4101/4427/1103 4102/4428/1103 4142/4456/1103 4141/4454/1103
f 4102/4428/1093 4103/4429/1093 4143/4458/1093 4142/4456/1093
f 4103/4429/1099 4104/4430/1099 4144/4460/1099 4143/4458/1099
f 4104/4430/1077 4105/4431/1077 4145/4462/1077 4144/4460/1077
f 4105/4431/1078 4106/4432/1078 4146/4464/1078 4145/4462/1078
f 4106/4432/1104 4107/4433/1104 4147/4466/1104 4146/4464/1104
f 4107/4433/1080 4108/4434/1080 4148/4468/1080 4147/4466/1080
f 4108/4434/1081 4109/4435/1081 4149/4470/1081 4148/4468/1081
f 4109/4435/616 4110/4436/616 4150/4472/616 4149/4470/616
f 4110/4436/1105 4111/4437/1105 4151/4474/1105 4150/4472/1105
f 4111/4437/637 4112/4438/637 4152/4476/637 4151/4474/637
f 4112/4438/1084 4113/4439/1084 4153/4478/1084 4152/4476/1084
f 4113/4439/1085 4114/4440/1085 4154/4480/1085 4153/4478/1085
f 4114/4440/1106 4095/4422/1106 4135/4443/1106 4154/4480/1106
s 1
f 4155/4481/3 4156/4482/657 4157/4483/656
f 4155/4481/3 4157/4483/656 4158/4484/655
f 4155/4481/3 4158/4484/655 4159/4485/654
f 4155/4481/3 4159/4485/654 4160/4486/653
f 4155/4481/3 4160/4486/653 4161/4487/652
f 4155/4481/3 4161/4487/652 4162/4488/651
f 4155/4481/3 4162/4488/651 4163/4489/650
f 4155/4481/3 4163/4489/650 4164/4490/649
f 4155/4481/3 4164/4490/649 4165/4491/647
f 4155/4481/3 4165/4491/647 4166/4492/648
f 4155/4481/3 4166/4492/648 4167/4493/666
f 4155/4481/3 4167/4493/666 4168/4494/665
f 4155/4481/3 4168/4494/665 4169/4495/664
f 4155/4481/3 4169/4495/664 4170/4496/663
f 4155/4481/3 4170/4496/663 4171/4497/662
f 4155/4481/3 4171/4497/662 4172/4498/661
f 4155/4481/3 4172/4498/661 4173/4499/787
f 4155/4481/3 4173/4499/787 4174/4500/659
f 4155/4481/3 4174/4500/659 4175/4501/658
f 4155/4481/3 4175/4501/658 4156/4482/657
f 4177/4502/676 4157/4483/656 4156/4482/657 4176/4503/677
f 4178/4504/675 4158/4484/655 4157/4483/656 4177/4502/676
f 4179/4505/1107 4159/4485/654 4158/4484/655 4178/4504/675
f 4180/4506/1108 4160/4486/653 4159/4485/654 4179/4505/1107
f 4181/4507/672 4161/4487/652 4160/4486/653 4180/4506/1108
f 4182/4508/671 4162/4488/651 4161/4487/652 4181/4507/672
f 4183/4509/670 4163/4489/650 4162/4488/651 4182/4508/671
f 4184/4510/669 4164/4490/649 4163/4489/650 4183/4509/670
f 4185/4511/667 4165/4491/647 4164/4490/649 4184/4510/669
f 4186/4512/668 4166/4492/648 4165/4491/647 4185/4511/667
f 4187/4513/686 4167/4493/666 4166/4492/648 4186/4512/668
f 4188/4514/685 4168/4494/665 4167/4493/666 4187/4513/686
f 4189/4515/1109 4169/4495/664 4168/4494/665 4188/4514/685
f 4190/4516/683 4170/4496/663 4169/4495/664 4189/4515/1109
f 4191/4517/682 4171/4497/662 4170/4496/663 4190/4516/683
f 4192/4518/788 4172/4498/661 4171/4497/662 4191/4517/682
f 4193/4519/680 4173/4499/787 4172/4498/661 4192/4518/788
f 4194/4520/679 4174/4500/659 4173/4499/787 4193/4519/680
f 4195/4521/678 4175/4501/658 4174/4500/659 4194/4520/679
f 4176/4503/677 4156/4482/657 4175/4501/658 4195/4521/678
f 4197/4522/696 4177/4502/676 4176/4503/677 4196/4523/697
f 4198/4524/695 4178/4504/675 4177/4502/676 4197/4522/696
f 4199/4525/694 4179/4505/1107 4178/4504/675 4198/4524/695
f 4200/4526/693 4180/4506/1108 4179/4505/1107 4199/4525/694
f 4201/4527/692 4181/4507/672 4180/4506/1108 4200/4526/693
f 4202/4528/691 4182/4508/671 4181/4507/672 4201/4527/692
f 4203/4529/690 4183/4509/670 4182/4508/671 4202/4528/691
f 4204/4530/689 4184/4510/669 4183/4509/670 4203/4529/690
f 4205/4531/687 4185/4511/667 4184/4510/669 4204/4530/689
f 4206/4532/688 4186/4512/668 4185/4511/667 4205/4531/687
f 4207/4533/706 4187/4513/686 4186/4512/668 4206/4532/688
f 4208/4534/705 4188/4514/685 4187/4513/686 4207/4533/706
f 4209/4535/704 4189/4515/1109 4188/4514/685 4208/4534/705
f 4210/4536/790 4190/4516/683 4189/4515/1109 4209/4535/704
f 4211/4537/702 4191/4517/682 4190/4516/683 4210/4536/790
f 4212/4538/701 4192/4518/788 4191/4517/682 4211/4537/702
f 4213/4539/700 4193/4519/680 4192/4518/788 4212/4538/701
f 4214/4540/699 4194/4520/679 4193/4519/680 4213/4539/700
f 4215/4541/698 4195/4521/678 4194/4520/679 4214/4540/699
f 4196/4523/697 4176/4503/677 4195/4521/678 4215/4541/698
f 4217/4542/716 4197/4522/696 4196/4523/697 4216/4543/717
f 4218/4544/715 4198/4524/695 4197/4522/696 4217/4542/716
f 4219/4545/714 4199/4525/694 4198/4524/695 4218/4544/715
f 4220/4546/713 4200/4526/693 4199/4525/694 4219/4545/714
f 4221/4547/712 4201/4527/692 4200/4526/693 4220/4546/713
f 4222/4548/711 4202/4528/691 4201/4527/692 4221/4547/712
f 4223/4549/1110 4203/4529/690 4202/4528/691 4222/4548/711
f 4224/4550/709 4204/4530/689 4203/4529/690 4223/4549/1110
f 4225/4551/707 4205/4531/687 4204/4530/689 4224/4550/709
f 4226/4552/708 4206/4532/688 4205/4531/687 4225/4551/707
f 4227/4553/726 4207/4533/706 4206/4532/688 4226/4552/708
f 4228/4554/725 4208/4534/705 4207/4533/706 4227/4553/726
f 4229/4555/724 4209/4535/704 4208/4534/705 4228/4554/725
f 4230/4556/723 4210/4536/790 4209/4535/704 4229/4555/724
f 4231/4557/722 4211/4537/702 4210/4536/790 4230/4556/723
f 4232/4558/721 4212/4538/701 4211/4537/702 4231/4557/722
f 4233/4559/1111 4213/4539/700 4212/4538/701 4232/4558/721
f 4234/4560/719 4214/4540/699 4213/4539/700 4233/4559/1111
f 4235/4561/718 4215/4541/698 4214/4540/699 4234/4560/719
f 4216/4543/717 4196/4523/697 4215/4541/698 4235/4561/718
f 4237/4562/736 4217/4542/716 4216/4543/717 4236/4563/737
f 4238/4564/1112 4218/4544/715 4217/4542/716 4237/4562/736
f 4239/4565/734 4219/4545/714 4218/4544/715 4238/4564/1112
f 4240/4566/733 4220/4546/713 4219/4545/714 4239/4565/734
f 4241/4567/808 4221/4547/712 4220/4546/713 4240/4566/733
f 4242/4568/731 4222/4548/711 4221/4547/712 4241/4567/808
f 4243/4569/730 4223/4549/1110 4222/4548/711 4242/4568/731
f 4244/4570/729 4224/4550/709 4223/4549/1110 4243/4569/730
f 4245/4571/727 4225/4551/707 4224/4550/709 4244/4570/729
f 4246/4572/728 4226/4552/708 4225/4551/707 4245/4571/727
f 4247/4573/746 4227/4553/726 4226/4552/708 4246/4572/728
f 4248/4574/745 4228/4554/725 4227/4553/726 4247/4573/746
f 4249/4575/744 4229/4555/724 4228/4554/725 4248/4574/745
f 4250/4576/743 4230/4556/723 4229/4555/724 4249/4575/744
f 4251/4577/1113 4231/4557/722 4230/4556/723 4250/4576/743
f 4252/4578/741 4232/4558/721 4231/4557/722 4251/4577/1113
f 4253/4579/813 4233/4559/1111 4232/4558/721 4252/4578/741
f 4254/4580/1114 4234/4560/719 4233/4559/1111 4253/4579/813
f 4255/4581/738 4235/4561/718 4234/4560/719 4254/4580/1114
f 4236/4563/737 4216/4543/717 4235/4561/718 4255/4581/738
f 4257/4582/756 4237/4562/736 4236/4563/737 4256/4583/757
f 4258/4584/755 4238/4564/1112 4237/4562/736 4257/4582/756
f 4259/4585/754 4239/4565/734 4238/4564/1112 4258/4584/755
f 4260/4586/753 4240/4566/733 4239/4565/734 4259/4585/754
f 4261/4587/752 4241/4567/808 4240/4566/733 4260/4586/753
f 4262/4588/751 4242/4568/731 4241/4567/808 4261/4587/752
f 4263/4589/750 4243/4569/730 4242/4568/731 4262/4588/751
f 4264/4590/749 4244/4570/729 4243/4569/730 4263/4589/750
f 4265/4591/747 4245/4571/727 4244/4570/729 4264/4590/749
f 4266/4592/748 4246/4572/728 4245/4571/727 4265/4591/747
f 4267/4593/766 4247/4573/746 4246/4572/728 4266/4592/748
f 4268/4594/765 4248/4574/745 4247/4573/746 4267/4593/766
f 4269/4595/764 4249/4575/744 4248/4574/745 4268/4594/765
f 4270/4596/763 4250/4576/743 4249/4575/744 4269/4595/764
f 4271/4597/762 4251/4577/1113 4250/4576/743 4270/4596/763
f 4272/4598/761 4252/4578/741 4251/4577/1113 4271/4597/762
f 4273/4599/760 4253/4579/813 4252/4578/741 4272/4598/761
f 4274/4600/759 4254/4580/1114 4253/4579/813 4273/4599/760
f 4275/4601/758 4255/4581/738 4254/4580/1114 4274/4600/759
f 4256/4583/757 4236/4563/737 4255/4581/738 4275/4601/758
f 4277/4602/592 4297/4603/592 4296/4604/4 4276/4605/4
f 4278/4606/591 4298/4607/591 4297/4603/592 4277/4602/592
f 4279/4608/590 4299/4609/590 4298/4607/591 4278/4606/591
f 4280/4610/589 4300/4611/589 4299/4609/590 4279/4608/590
f 4281/4612/59 4301/4613/59 4300/4611/589 4280/4610/589
f 4282/4614/588 4302/4615/588 4301/4613/59 4281/4612/59
f 4283/4616/587 4303/4617/587 4302/4615/588 4282/4614/588
f 4284/4618/586 4304/4619/586 4303/4617/587 4283/4616/587
f 4285/4620/585 4305/4621/585 4304/4619/586 4284/4618/586
f 4286/4622/2 4306/4623/2 4305/4621/585 4285/4620/585
f 4287/4624/600 4307/4625/600 4306/4623/2 4286/4622/2
f 4288/4626/599 4308/4627/599 4307/4625/600 4287/4624/600
f 4289/4628/598 4309/4629/598 4308/4627/599 4288/4626/599
f 4290/4630/597 4310/4631/597 4309/4629/598 4289/4628/598
f 4291/4632/93 4311/4633/93 4310/4631/597 4290/4630/597
f 4292/4634/596 4312/4635/596 4311/4633/93 4291/4632/93
f 4293/4636/595 4313/4637/595 4312/4635/596 4292/4634/596
f 4294/4638/594 4314/4639/594 4313/4637/595 4293/4636/595
f 4295/4640/593 4315/4641/593 4314/4639/594 4294/4638/594
f 4276/4605/4 4296/4604/4 4315/4641/593 4295/4640/593
s 0
f 4256/4583/1115 4296/4604/1115 4297/4603/1115 4257/4582/1115
f 4257/4582/1116 4297/4603/1116 4298/4607/1116 4258/4584/1116
f 4258/4584/1117 4298/4607/1117 4299/4609/1117 4259/4585/1117
f 4259/4585/1118 4299/4609/1118 4300/4611/1118 4260/4586/1118
f 4260/4586/772 4300/4611/772 4301/4613/772 4261/4587/772
f 4261/4587/771 4301/4613/771 4302/4615/771 4262/4588/771
f 4262/4588/1119 4302/4615/1119 4303/4617/1119 4263/4589/1119
f 4263/4589/1120 4303/4617/1120 4304/4619/1120 4264/4590/1120
f 4264/4590/1121 4304/4619/1121 4305/4621/1121 4265/4591/1121
f 4265/4591/1122 4305/4621/1122 4306/4623/1122 4266/4592/1122
f 4266/4592/1123 4306/4623/1123 4307/4625/1123 4267/4593/1123
f 4267/4593/1124 4307/4625/1124 4308/4627/1124 4268/4594/1124
f 4268/4594/1125 4308/4627/1125 4309/4629/1125 4269/4595/1125
f 4269/4595/1126 4309/4629/1126 4310/4631/1126 4270/4596/1126
f 4270/4596/812 4310/4631/812 4311/4633/812 4271/4597/812
f 4271/4597/781 4311/4633/781 4312/4635/781 4272/4598/781
f 4272/4598/1127 4312/4635/1127 4313/4637/1127 4273/4599/1127
f 4273/4599/1128 4313/4637/1128 4314/4639/1128 4274/4600/1128
f 4274/4600/1129 4314/4639/1129 4315/4641/1129 4275/4601/1129
f 4275/4601/1130 4315/4641/1130 4296/4604/1130 4256/4583/1130
s 1
f 4316/4642/3 4317/4643/657 4318/4644/656
f 4316/4642/3 4318/4644/656 4319/4645/655
f 4316/4642/3 4319/4645/655 4320/4646/654
f 4316/4642/3 4320/4646/654 4321/4647/653
f 4316/4642/3 4321/4647/653 4322/4648/652
f 4316/4642/3 4322/4648/652 4323/4649/651
f 4316/4642/3 4323/4649/651 4324/4650/650
f 4316/4642/3 4324/4650/650 4325/4651/649
f 4316/4642/3 4325/4651/649 4326/4652/647
f 4316/4642/3 4326/4652/647 4327/4653/648
f 4316/4642/3 4327/4653/648 4328/4654/666
f 4316/4642/3 4328/4654/666 4329/4655/665
f 4316/4642/3 4329/4655/665 4330/4656/664
f 4316/4642/3 4330/4656/664 4331/4657/663
f 4316/4642/3 4331/4657/663 4332/4658/662
f 4316/4642/3 4332/4658/662 4333/4659/661
f 4316/4642/3 4333/4659/661 4334/4660/787
f 4316/4642/3 4334/4660/787 4335/4661/659
f 4316/4642/3 4335/4661/659 4336/4662/658
f 4316/4642/3 4336/4662/658 4317/4643/657
f 4338/4663/676 4318/4644/656 4317/4643/657 4337/4664/677
f 4339/4665/675 4319/4645/655 4318/4644/656 4338/4663/676
f 4340/4666/1107 4320/4646/654 4319/4645/655 4339/4665/675
f 4341/4667/673 4321/4647/653 4320/4646/654 4340/4666/1107
f 4342/4668/672 4322/4648/652 4321/4647/653 4341/4667/673
f 4343/4669/671 4323/4649/651 4322/4648/652 4342/4668/672
f 4344/4670/670 4324/4650/650 4323/4649/651 4343/4669/671
f 4345/4671/669 4325/4651/649 4324/4650/650 4344/4670/670
f 4346/4672/667 4326/4652/647 4325/4651/649 4345/4671/669
f 4347/4673/668 4327/4653/648 4326/4652/647 4346/4672/667
f 4348/4674/686 4328/4654/666 4327/4653/648 4347/4673/668
f 4349/4675/685 4329/4655/665 4328/4654/666 4348/4674/686
f 4350/4676/1109 4330/4656/664 4329/4655/665 4349/4675/685
f 4351/4677/683 4331/4657/663 4330/4656/664 4350/4676/1109
f 4352/4678/682 4332/4658/662 4331/4657/663 4351/4677/683
f 4353/4679/788 4333/4659/661 4332/4658/662 4352/4678/682
f 4354/4680/680 4334/4660/787 4333/4659/661 4353/4679/788
f 4355/4681/679 4335/4661/659 4334/4660/787 4354/4680/680
f 4356/4682/678 4336/4662/658 4335/4661/659 4355/4681/679
f 4337/4664/677 4317/4643/657 4336/4662/658 4356/4682/678
f 4358/4683/696 4338/4663/676 4337/4664/677 4357/4684/697
f 4359/4685/695 4339/4665/675 4338/4663/676 4358/4683/696
f 4360/4686/694 4340/4666/1107 4339/4665/675 4359/4685/695
f 4361/4687/693 4341/4667/673 4340/4666/1107 4360/4686/694
f 4362/4688/692 4342/4668/672 4341/4667/673 4361/4687/693
f 4363/4689/789 4343/4669/671 4342/4668/672 4362/4688/692
f 4364/4690/690 4344/4670/670 4343/4669/671 4363/4689/789
f 4365/4691/689 4345/4671/669 4344/4670/670 4364/4690/690
f 4366/4692/687 4346/4672/667 4345/4671/669 4365/4691/689
f 4367/4693/688 4347/4673/668 4346/4672/667 4366/4692/687
f 4368/4694/706 4348/4674/686 4347/4673/668 4367/4693/688
f 4369/4695/705 4349/4675/685 4348/4674/686 4368/4694/706
f 4370/4696/704 4350/4676/1109 4349/4675/685 4369/4695/705
f 4371/4697/790 4351/4677/683 4350/4676/1109 4370/4696/704
f 4372/4698/702 4352/4678/682 4351/4677/683 4371/4697/790
f 4373/4699/701 4353/4679/788 4352/4678/682 4372/4698/702
f 4374/4700/700 4354/4680/680 4353/4679/788 4373/4699/701
f 4375/4701/699 4355/4681/679 4354/4680/680 4374/4700/700
f 4376/4702/698 4356/4682/678 4355/4681/679 4375/4701/699
f 4357/4684/697 4337/4664/677 4356/4682/678 4376/4702/698
f 4378/4703/716 4358/4683/696 4357/4684/697 4377/4704/717
f 4379/4705/715 4359/4685/695 4358/4683/696 4378/4703/716
f 4380/4706/714 4360/4686/694 4359/4685/695 4379/4705/715
f 4381/4707/713 4361/4687/693 4360/4686/694 4380/4706/714
f 4382/4708/712 4362/4688/692 4361/4687/693 4381/4707/713
f 4383/4709/711 4363/4689/789 4362/4688/692 4382/4708/712
f 4384/4710/1110 4364/4690/690 4363/4689/789 4383/4709/711
f 4385/4711/709 4365/4691/689 4364/4690/690 4384/4710/1110
f 4386/4712/707 4366/4692/687 4365/4691/689 4385/4711/709
f 4387/4713/708 4367/4693/688 4366/4692/687 4386/4712/707
f 4388/4714/726 4368/4694/706 4367/4693/688 4387/4713/708
f 4389/4715/725 4369/4695/705 4368/4694/706 4388/4714/726
f 4390/4716/724 4370/4696/704 4369/4695/705 4389/4715/725
f 4391/4717/723 4371/4697/790 4370/4696/704 4390/4716/724
f 4392/4718/722 4372/4698/702 4371/4697/790 4391/4717/723
f 4393/4719/721 4373/4699/701 4372/4698/702 4392/4718/722
f 4394/4720/720 4374/4700/700 4373/4699/701 4393/4719/721
f 4395/4721/719 4375/4701/699 4374/4700/700 4394/4720/720
f 4396/4722/718 4376/4702/698 4375/4701/699 4395/4721/719
f 4377/4704/717 4357/4684/697 4376/4702/698 4396/4722/718
f 4398/4723/736 4378/4703/716 4377/4704/717 4397/4724/737
f 4399/4725/1112 4379/4705/715 4378/4703/716 4398/4723/736
f 4400/4726/734 4380/4706/714 4379/4705/715 4399/4725/1112
f 4401/4727/733 4381/4707/713 4380/4706/714 4400/4726/734
f 4402/4728/808 4382/4708/712 4381/4707/713 4401/4727/733
f 4403/4729/731 4383/4709/711 4382/4708/712 4402/4728/808
f 4404/4730/730 4384/4710/1110 4383/4709/711 4403/4729/731
f 4405/4731/729 4385/4711/709 4384/4710/1110 4404/4730/730
f 4406/4732/727 4386/4712/707 4385/4711/709 4405/4731/729
f 4407/4733/728 4387/4713/708 4386/4712/707 4406/4732/727
f 4408/4734/746 4388/4714/726 4387/4713/708 4407/4733/728
f 4409/4735/745 4389/4715/725 4388/4714/726 4408/4734/746
f 4410/4736/744 4390/4716/724 4389/4715/725 4409/4735/745
f 4411/4737/743 4391/4717/723 4390/4716/724 4410/4736/744
f 4412/4738/1113 4392/4718/722 4391/4717/723 4411/4737/743
f 4413/4739/741 4393/4719/721 4392/4718/722 4412/4738/1113
f 4414/4740/813 4394/4720/720 4393/4719/721 4413/4739/741
f 4415/4741/1114 4395/4721/719 4394/4720/720 4414/4740/813
f 4416/4742/738 4396/4722/718 4395/4721/719 4415/4741/1114
f 4397/4724/737 4377/4704/717 4396/4722/718 4416/4742/738
f 4418/4743/756 4398/4723/736 4397/4724/737 4417/4744/757
f 4419/4745/755 4399/4725/1112 4398/4723/736 4418/4743/756
f 4420/4746/754 4400/4726/734 4399/4725/1112 4419/4745/755
f 4421/4747/753 4401/4727/733 4400/4726/734 4420/4746/754
f 4422/4748/752 4402/4728/808 4401/4727/733 4421/4747/753
f 4423/4749/751 4403/4729/731 4402/4728/808 4422/4748/752
f 4424/4750/750 4404/4730/730 4403/4729/731 4423/4749/751
f 4425/4751/749 4405/4731/729 4404/4730/730 4424/4750/750
f 4426/4752/747 4406/4732/727 4405/4731/729 4425/4751/749
f 4427/4753/748 4407/4733/728 4406/4732/727 4426/4752/747
f 4428/4754/766 4408/4734/746 4407/4733/728 4427/4753/748
f 4429/4755/765 4409/4735/745 4408/4734/746 4428/4754/766
f 4430/4756/764 4410/4736/744 4409/4735/745 4429/4755/765
f 4431/4757/763 4411/4737/743 4410/4736/744 4430/4756/764
f 4432/4758/762 4412/4738/1113 4411/4737/743 4431/4757/763
f 4433/4759/761 4413/4739/741 4412/4738/1113 4432/4758/762
f 4434/4760/760 4414/4740/813 4413/4739/741 4433/4759/761
f 4435/4761/759 4415/4741/1114 4414/4740/813 4434/4760/760
f 4436/4762/758 4416/4742/738 4415/4741/1114 4435/4761/759
f 4417/4744/757 4397/4724/737 4416/4742/738 4436/4762/758
f 4438/4763/592 4458/4764/592 4457/4765/4 4437/4766/4
f 4439/4767/591 4459/4768/591 4458/4764/592 4438/4763/592
f 4440/4769/590 4460/4770/590 4459/4768/591 4439/4767/591
f 4441/4771/589 4461/4772/589 4460/4770/590 4440/4769/590
f 4442/4773/59 4462/4774/59 4461/4772/589 4441/4771/589
f 4443/4775/588 4463/4776/588 4462/4774/59 4442/4773/59
f 4444/4777/587 4464/4778/587 4463/4776/588 4443/4775/588
f 4445/4779/586 4465/4780/586 4464/4778/587 4444/4777/587
f 4446/4781/585 4466/4782/585 4465/4780/586 4445/4779/586
f 4447/4783/2 4467/4784/2 4466/4782/585 4446/4781/585
f 4448/4785/600 4468/4786/600 4467/4784/2 4447/4783/2
f 4449/4787/599 4469/4788/599 4468/4786/600 4448/4785/600
f 4450/4789/598 4470/4790/598 4469/4788/599 4449/4787/599
f 4451/4791/597 4471/4792/597 4470/4790/598 4450/4789/598
f 4452/4793/93 4472/4794/93 4471/4792/597 4451/4791/597
f 4453/4795/596 4473/4796/596 4472/4794/93 4452/4793/93
f 4454/4797/595 4474/4798/595 4473/4796/596 4453/4795/596
f 4455/4799/594 4475/4800/594 4474/4798/595 4454/4797/595
f 4456/4801/593 4476/4802/593 4475/4800/594 4455/4799/594
f 4437/4766/4 4457/4765/4 4476/4802/593 4456/4801/593
s 0
f 4417/4744/1131 4457/4765/1131 4458/4764/1131 4418/4743/1131
f 4418/4743/1116 4458/4764/1116 4459/4768/1116 4419/4745/1116
f 4419/4745/1117 4459/4768/1117 4460/4770/1117 4420/4746/1117
f 4420/4746/1132 4460/4770/1132 4461/4772/1132 4421/4747/1132
f 4421/4747/796 4461/4772/796 4462/4774/796 4422/4748/796
f 4422/4748/1133 4462/4774/1133 4463/4776/1133 4423/4749/1133
f 4423/4749/770 4463/4776/770 4464/4778/770 4424/4750/770
f 4424/4750/1134 4464/4778/1134 4465/4780/1134 4425/4751/1134
f 4425/4751/1135 4465/4780/1135 4466/4782/1135 4426/4752/1135
f 4426/4752/1136 4466/4782/1136 4467/4784/1136 4427/4753/1136
f 4427/4753/1123 4467/4784/1123 4468/4786/1123 4428/4754/1123
f 4428/4754/1124 4468/4786/1124 4469/4788/1124 4429/4755/1124
f 4429/4755/1137 4469/4788/1137 4470/4790/1137 4430/4756/1137
f 4430/4756/783 4470/4790/783 4471/4792/783 4431/4757/783
f 4431/4757/812 4471/4792/812 4472/4794/812 4432/4758/812
f 4432/4758/781 4472/4794/781 4473/4796/781 4433/4759/781
f 4433/4759/1127 4473/4796/1127 4474/4798/1127 4434/4760/1127
f 4434/4760/1128 4474/4798/1128 4475/4800/1128 4435/4761/1128
f 4435/4761/1129 4475/4800/1129 4476/4802/1129 4436/4762/1129
f 4436/4762/1138 4476/4802/1138 4457/4765/1138 4417/4744/1138
s 1
f 4477/4803/3 4478/4804/657 4479/4805/656
f 4477/4803/3 4479/4805/656 4480/4806/655
f 4477/4803/3 4480/4806/655 4481/4807/654
f 4477/4803/3 4481/4807/654 4482/4808/653
f 4477/4803/3 4482/4808/653 4483/4809/652
f 4477/4803/3 4483/4809/652 4484/4810/651
f 4477/4803/3 4484/4810/651 4485/4811/650
f 4477/4803/3 4485/4811/650 4486/4812/649
f 4477/4803/3 4486/4812/649 4487/4813/647
f 4477/4803/3 4487/4813/647 4488/4814/648
f 4477/4803/3 4488/4814/648 4489/4815/666
f 4477/4803/3 4489/4815/666 4490/4816/665
f 4477/4803/3 4490/4816/665 4491/4817/664
f 4477/4803/3 4491/4817/664 4492/4818/663
f 4477/4803/3 4492/4818/663 4493/4819/662
f 4477/4803/3 4493/4819/662 4494/4820/661
f 4477/4803/3 4494/4820/661 4495/4821/787
f 4477/4803/3 4495/4821/787 4496/4822/659
f 4477/4803/3 4496/4822/659 4497/4823/658
f 4477/4803/3 4497/4823/658 4478/4804/657
f 4499/4824/676 4479/4805/656 4478/4804/657 4498/4825/1139
f 4500/4826/675 4480/4806/655 4479/4805/656 4499/4824/676
f 4501/4827/1107 4481/4807/654 4480/4806/655 4500/4826/675
f 4502/4828/1108 4482/4808/653 4481/4807/654 4501/4827/1107
f 4503/4829/672 4483/4809/652 4482/4808/653 4502/4828/1108
f 4504/4830/671 4484/4810/651 4483/4809/652 4503/4829/672
f 4505/4831/805 4485/4811/650 4484/4810/651 4504/4830/671
f 4506/4832/669 4486/4812/649 4485/4811/650 4505/4831/805
f 4507/4833/667 4487/4813/647 4486/4812/649 4506/4832/669
f 4508/4834/668 4488/4814/648 4487/4813/647 4507/4833/667
f 4509/4835/686 4489/4815/666 4488/4814/648 4508/4834/668
f 4510/4836/685 4490/4816/665 4489/4815/666 4509/4835/686
f 4511/4837/1109 4491/4817/664 4490/4816/665 4510/4836/685
f 4512/4838/683 4492/4818/663 4491/4817/664 4511/4837/1109
f 4513/4839/682 4493/4819/662 4492/4818/663 4512/4838/683
f 4514/4840/788 4494/4820/661 4493/4819/662 4513/4839/682
f 4515/4841/680 4495/4821/787 4494/4820/661 4514/4840/788
f 4516/4842/679 4496/4822/659 4495/4821/787 4515/4841/680
f 4517/4843/678 4497/4823/658 4496/4822/659 4516/4842/679
f 4498/4825/1139 4478/4804/657 4497/4823/658 4517/4843/678
f 4519/4844/696 4499/4824/676 4498/4825/1139 4518/4845/697
f 4520/4846/695 4500/4826/675 4499/4824/676 4519/4844/696
f 4521/4847/694 4501/4827/1107 4500/4826/675 4520/4846/695
f 4522/4848/693 4502/4828/1108 4501/4827/1107 4521/4847/694
f 4523/4849/692 4503/4829/672 4502/4828/1108 4522/4848/693
f 4524/4850/789 4504/4830/671 4503/4829/672 4523/4849/692
f 4525/4851/690 4505/4831/805 4504/4830/671 4524/4850/789
f 4526/4852/689 4506/4832/669 4505/4831/805 4525/4851/690
f 4527/4853/687 4507/4833/667 4506/4832/669 4526/4852/689
f 4528/4854/1140 4508/4834/668 4507/4833/667 4527/4853/687
f 4529/4855/706 4509/4835/686 4508/4834/668 4528/4854/1140
f 4530/4856/705 4510/4836/685 4509/4835/686 4529/4855/706
f 4531/4857/704 4511/4837/1109 4510/4836/685 4530/4856/705
f 4532/4858/703 4512/4838/683 4511/4837/1109 4531/4857/704
f 4533/4859/702 4513/4839/682 4512/4838/683 4532/4858/703
f 4534/4860/701 4514/4840/788 4513/4839/682 4533/4859/702
f 4535/4861/700 4515/4841/680 4514/4840/788 4534/4860/701
f 4536/4862/699 4516/4842/679 4515/4841/680 4535/4861/700
f 4537/4863/698 4517/4843/678 4516/4842/679 4536/4862/699
f 4518/4845/697 4498/4825/1139 4517/4843/678 4537/4863/698
f 4539/4864/716 4519/4844/696 4518/4845/697 4538/4865/717
f 4540/4866/715 4520/4846/695 4519/4844/696 4539/4864/716
f 4541/4867/714 4521/4847/694 4520/4846/695 4540/4866/715
f 4542/4868/713 4522/4848/693 4521/4847/694 4541/4867/714
f 4543/4869/712 4523/4849/692 4522/4848/693 4542/4868/713
f 4544/4870/711 4524/4850/789 4523/4849/692 4543/4869/712
f 4545/4871/1110 4525/4851/690 4524/4850/789 4544/4870/711
f 4546/4872/709 4526/4852/689 4525/4851/690 4545/4871/1110
f 4547/4873/707 4527/4853/687 4526/4852/689 4546/4872/709
f 4548/4874/708 4528/4854/1140 4527/4853/687 4547/4873/707
f 4549/4875/726 4529/4855/706 4528/4854/1140 4548/4874/708
f 4550/4876/725 4530/4856/705 4529/4855/706 4549/4875/726
f 4551/4877/724 4531/4857/704 4530/4856/705 4550/4876/725
f 4552/4878/723 4532/4858/703 4531/4857/704 4551/4877/724
f 4553/4879/722 4533/4859/702 4532/4858/703 4552/4878/723
f 4554/4880/721 4534/4860/701 4533/4859/702 4553/4879/722
f 4555/4881/1111 4535/4861/700 4534/4860/701 4554/4880/721
f 4556/4882/719 4536/4862/699 4535/4861/700 4555/4881/1111
f 4557/4883/718 4537/4863/698 4536/4862/699 4556/4882/719
f 4538/4865/717 4518/4845/697 4537/4863/698 4557/4883/718
f 4559/4884/736 4539/4864/716 4538/4865/717 4558/4885/737
f 4560/4886/735 4540/4866/715 4539/4864/716 4559/4884/736
f 4561/4887/734 4541/4867/714 4540/4866/715 4560/4886/735
f 4562/4888/733 4542/4868/713 4541/4867/714 4561/4887/734
f 4563/4889/808 4543/4869/712 4542/4868/713 4562/4888/733
f 4564/4890/731 4544/4870/711 4543/4869/712 4563/4889/808
f 4565/4891/730 4545/4871/1110 4544/4870/711 4564/4890/731
f 4566/4892/729 4546/4872/709 4545/4871/1110 4565/4891/730
f 4567/4893/727 4547/4873/707 4546/4872/709 4566/4892/729
f 4568/4894/728 4548/4874/708 4547/4873/707 4567/4893/727
f 4569/4895/746 4549/4875/726 4548/4874/708 4568/4894/728
f 4570/4896/745 4550/4876/725 4549/4875/726 4569/4895/746
f 4571/4897/744 4551/4877/724 4550/4876/725 4570/4896/745
f 4572/4898/743 4552/4878/723 4551/4877/724 4571/4897/744
f 4573/4899/1113 4553/4879/722 4552/4878/723 4572/4898/743
f 4574/4900/741 4554/4880/721 4553/4879/722 4573/4899/1113
f 4575/4901/813 4555/4881/1111 4554/4880/721 4574/4900/741
f 4576/4902/1114 4556/4882/719 4555/4881/1111 4575/4901/813
f 4577/4903/738 4557/4883/718 4556/4882/719 4576/4902/1114
f 4558/4885/737 4538/4865/717 4557/4883/718 4577/4903/738
f 4579/4904/756 4559/4884/736 4558/4885/737 4578/4905/757
f 4580/4906/755 4560/4886/735 4559/4884/736 4579/4904/756
f 4581/4907/754 4561/4887/734 4560/4886/735 4580/4906/755
f 4582/4908/753 4562/4888/733 4561/4887/734 4581/4907/754
f 4583/4909/752 4563/4889/808 4562/4888/733 4582/4908/753
f 4584/4910/751 4564/4890/731 4563/4889/808 4583/4909/752
f 4585/4911/750 4565/4891/730 4564/4890/731 4584/4910/751
f 4586/4912/749 4566/4892/729 4565/4891/730 4585/4911/750
f 4587/4913/747 4567/4893/727 4566/4892/729 4586/4912/749
f 4588/4914/748 4568/4894/728 4567/4893/727 4587/4913/747
f 4589/4915/766 4569/4895/746 4568/4894/728 4588/4914/748
f 4590/4916/765 4570/4896/745 4569/4895/746 4589/4915/766
f 4591/4917/764 4571/4897/744 4570/4896/745 4590/4916/765
f 4592/4918/763 4572/4898/743 4571/4897/744 4591/4917/764
f 4593/4919/762 4573/4899/1113 4572/4898/743 4592/4918/763
f 4594/4920/761 4574/4900/741 4573/4899/1113 4593/4919/762
f 4595/4921/760 4575/4901/813 4574/4900/741 4594/4920/761
f 4596/4922/759 4576/4902/1114 4575/4901/813 4595/4921/760
f 4597/4923/758 4577/4903/738 4576/4902/1114 4596/4922/759
f 4578/4905/757 4558/4885/737 4577/4903/738 4597/4923/758
f 4599/4924/592 4619/4925/592 4618/4926/4 4598/4927/4
f 4600/4928/591 4620/4929/591 4619/4925/592 4599/4924/592
f 4601/4930/590 4621/4931/590 4620/4929/591 4600/4928/591
f 4602/4932/589 4622/4933/589 4621/4931/590 4601/4930/590
f 4603/4934/59 4623/4935/59 4622/4933/589 4602/4932/589
f 4604/4936/588 4624/4937/588 4623/4935/59 4603/4934/59
f 4605/4938/587 4625/4939/587 4624/4937/588 4604/4936/588
f 4606/4940/586 4626/4941/586 4625/4939/587 4605/4938/587
f 4607/4942/585 4627/4943/585 4626/4941/586 4606/4940/586
f 4608/4944/2 4628/4945/2 4627/4943/585 4607/4942/585
f 4609/4946/600 4629/4947/600 4628/4945/2 4608/4944/2
f 4610/4948/599 4630/4949/599 4629/4947/600 4609/4946/600
f 4611/4950/598 4631/4951/598 4630/4949/599 4610/4948/599
f 4612/4952/597 4632/4953/597 4631/4951/598 4611/4950/598
f 4613/4954/93 4633/4955/93 4632/4953/597 4612/4952/597
f 4614/4956/596 4634/4957/596 4633/4955/93 4613/4954/93
f 4615/4958/595 4635/4959/595 4634/4957/596 4614/4956/596
f 4616/4960/594 4636/4961/594 4635/4959/595 4615/4958/595
f 4617/4962/593 4637/4963/593 4636/4961/594 4616/4960/594
f 4598/4927/4 4618/4926/4 4637/4963/593 4617/4962/593
s 0
f 4578/4905/1131 4618/4926/1131 4619/4925/1131 4579/4904/1131
f 4579/4904/1116 4619/4925/1116 4620/4929/1116 4580/4906/1116
f 4580/4906/1117 4620/4929/1117 4621/4931/1117 4581/4907/1117
f 4581/4907/1141 4621/4931/1141 4622/4933/1141 4582/4908/1141
f 4582/4908/772 4622/4933/772 4623/4935/772 4583/4909/772
f 4583/4909/795 4623/4935/795 4624/4937/795 4584/4910/795
f 4584/4910/1119 4624/4937/1119 4625/4939/1119 4585/4911/1119
f 4585/4911/1134 4625/4939/1134 4626/4941/1134 4586/4912/1134
f 4586/4912/1135 4626/4941/1135 4627/4943/1135 4587/4913/1135
f 4587/4913/1136 4627/4943/1136 4628/4945/1136 4588/4914/1136
f 4588/4914/1123 4628/4945/1123 4629/4947/1123 4589/4915/1123
f 4589/4915/1124 4629/4947/1124 4630/4949/1124 4590/4916/1124
f 4590/4916/1125 4630/4949/1125 4631/4951/1125 4591/4917/1125
f 4591/4917/1126 4631/4951/1126 4632/4953/1126 4592/4918/1126
f 4592/4918/812 4632/4953/812 4633/4955/812 4593/4919/812
f 4593/4919/811 4633/4955/811 4634/4957/811 4594/4920/811
f 4594/4920/1127 4634/4957/1127 4635/4959/1127 4595/4921/1127
f 4595/4921/1128 4635/4959/1128 4636/4961/1128 4596/4922/1128
f 4596/4922/1129 4636/4961/1129 4637/4963/1129 4597/4923/1129
f 4597/4923/1138 4637/4963/1138 4618/4926/1138 4578/4905/1138
s 1
f 4638/4964/3 4639/4965/657 4640/4966/656
f 4638/4964/3 4640/4966/656 4641/4967/655
f 4638/4964/3 4641/4967/655 4642/4968/654
f 4638/4964/3 4642/4968/654 4643/4969/653
f 4638/4964/3 4643/4969/653 4644/4970/652
f 4638/4964/3 4644/4970/652 4645/4971/651
f 4638/4964/3 4645/4971/651 4646/4972/650
f 4638/4964/3 4646/4972/650 4647/4973/649
f 4638/4964/3 4647/4973/649 4648/4974/647
f 4638/4964/3 4648/4974/647 4649/4975/648
f 4638/4964/3 4649/4975/648 4650/4976/666
f 4638/4964/3 4650/4976/666 4651/4977/665
f 4638/4964/3 4651/4977/665 4652/4978/664
f 4638/4964/3 4652/4978/664 4653/4979/663
f 4638/4964/3 4653/4979/663 4654/4980/662
f 4638/4964/3 4654/4980/662 4655/4981/661
f 4638/4964/3 4655/4981/661 4656/4982/787
f 4638/4964/3 4656/4982/787 4657/4983/659
f 4638/4964/3 4657/4983/659 4658/4984/658
f 4638/4964/3 4658/4984/658 4639/4965/657
f 4660/4985/676 4640/4966/656 4639/4965/657 4659/4986/677
f 4661/4987/675 4641/4967/655 4640/4966/656 4660/4985/676
f 4662/4988/1107 4642/4968/654 4641/4967/655 4661/4987/675
f 4663/4989/673 4643/4969/653 4642/4968/654 4662/4988/1107
f 4664/4990/672 4644/4970/652 4643/4969/653 4663/4989/673
f 4665/4991/671 4645/4971/651 4644/4970/652 4664/4990/672
f 4666/4992/670 4646/4972/650 4645/4971/651 4665/4991/671
f 4667/4993/669 4647/4973/649 4646/4972/650 4666/4992/670
f 4668/4994/667 4648/4974/647 4647/4973/649 4667/4993/669
f 4669/4995/668 4649/4975/648 4648/4974/647 4668/4994/667
f 4670/4996/686 4650/4976/666 4649/4975/648 4669/4995/668
f 4671/4997/685 4651/4977/665 4650/4976/666 4670/4996/686
f 4672/4998/1109 4652/4978/664 4651/4977/665 4671/4997/685
f 4673/4999/683 4653/4979/663 4652/4978/664 4672/4998/1109
f 4674/5000/682 4654/4980/662 4653/4979/663 4673/4999/683
f 4675/5001/788 4655/4981/661 4654/4980/662 4674/5000/682
f 4676/5002/680 4656/4982/787 4655/4981/661 4675/5001/788
f 4677/5003/679 4657/4983/659 4656/4982/787 4676/5002/680
f 4678/5004/678 4658/4984/658 4657/4983/659 4677/5003/679
f 4659/4986/677 4639/4965/657 4658/4984/658 4678/5004/678
f 4680/5005/696 4660/4985/676 4659/4986/677 4679/5006/697
f 4681/5007/695 4661/4987/675 4660/4985/676 4680/5005/696
f 4682/5008/694 4662/4988/1107 4661/4987/675 4681/5007/695
f 4683/5009/693 4663/4989/673 4662/4988/1107 4682/5008/694
f 4684/5010/692 4664/4990/672 4663/4989/673 4683/5009/693
f 4685/5011/789 4665/4991/671 4664/4990/672 4684/5010/692
f 4686/5012/690 4666/4992/670 4665/4991/671 4685/5011/789
f 4687/5013/689 4667/4993/669 4666/4992/670 4686/5012/690
f 4688/5014/687 4668/4994/667 4667/4993/669 4687/5013/689
f 4689/5015/1140 4669/4995/668 4668/4994/667 4688/5014/687
f 4690/5016/706 4670/4996/686 4669/4995/668 4689/5015/1140
f 4691/5017/705 4671/4997/685 4670/4996/686 4690/5016/706
f 4692/5018/704 4672/4998/1109 4671/4997/685 4691/5017/705
f 4693/5019/703 4673/4999/683 4672/4998/1109 4692/5018/704
f 4694/5020/702 4674/5000/682 4673/4999/683 4693/5019/703
f 4695/5021/701 4675/5001/788 4674/5000/682 4694/5020/702
f 4696/5022/700 4676/5002/680 4675/5001/788 4695/5021/701
f 4697/5023/699 4677/5003/679 4676/5002/680 4696/5022/700
f 4698/5024/698 4678/5004/678 4677/5003/679 4697/5023/699
f 4679/5006/697 4659/4986/677 4678/5004/678 4698/5024/698
f 4700/5025/716 4680/5005/696 4679/5006/697 4699/5026/717
f 4701/5027/715 4681/5007/695 4680/5005/696 4700/5025/716
f 4702/5028/714 4682/5008/694 4681/5007/695 4701/5027/715
f 4703/5029/713 4683/5009/693 4682/5008/694 4702/5028/714
f 4704/5030/712 4684/5010/692 4683/5009/693 4703/5029/713
f 4705/5031/711 4685/5011/789 4684/5010/692 4704/5030/712
f 4706/5032/1110 4686/5012/690 4685/5011/789 4705/5031/711
f 4707/5033/709 4687/5013/689 4686/5012/690 4706/5032/1110
f 4708/5034/707 4688/5014/687 4687/5013/689 4707/5033/709
f 4709/5035/708 4689/5015/1140 4688/5014/687 4708/5034/707
f 4710/5036/726 4690/5016/706 4689/5015/1140 4709/5035/708
f 4711/5037/725 4691/5017/705 4690/5016/706 4710/5036/726
f 4712/5038/724 4692/5018/704 4691/5017/705 4711/5037/725
f 4713/5039/723 4693/5019/703 4692/5018/704 4712/5038/724
f 4714/5040/722 4694/5020/702 4693/5019/703 4713/5039/723
f 4715/5041/721 4695/5021/701 4694/5020/702 4714/5040/722
f 4716/5042/1111 4696/5022/700 4695/5021/701 4715/5041/721
f 4717/5043/719 4697/5023/699 4696/5022/700 4716/5042/1111
f 4718/5044/718 4698/5024/698 4697/5023/699 4717/5043/719
f 4699/5026/717 4679/5006/697 4698/5024/698 4718/5044/718
f 4720/5045/736 4700/5025/716 4699/5026/717 4719/5046/737
f 4721/5047/1112 4701/5027/715 4700/5025/716 4720/5045/736
f 4722/5048/734 4702/5028/714 4701/5027/715 4721/5047/1112
f 4723/5049/733 4703/5029/713 4702/5028/714 4722/5048/734
f 4724/5050/732 4704/5030/712 4703/5029/713 4723/5049/733
f 4725/5051/731 4705/5031/711 4704/5030/712 4724/5050/732
f 4726/5052/730 4706/5032/1110 4705/5031/711 4725/5051/731
f 4727/5053/729 4707/5033/709 4706/5032/1110 4726/5052/730
f 4728/5054/727 4708/5034/707 4707/5033/709 4727/5053/729
f 4729/5055/728 4709/5035/708 4708/5034/707 4728/5054/727
f 4730/5056/746 4710/5036/726 4709/5035/708 4729/5055/728
f 4731/5057/745 4711/5037/725 4710/5036/726 4730/5056/746
f 4732/5058/744 4712/5038/724 4711/5037/725 4731/5057/745
f 4733/5059/743 4713/5039/723 4712/5038/724 4732/5058/744
f 4734/5060/1113 4714/5040/722 4713/5039/723 4733/5059/743
f 4735/5061/741 4715/5041/721 4714/5040/722 4734/5060/1113
f 4736/5062/813 4716/5042/1111 4715/5041/721 4735/5061/741
f 4737/5063/1114 4717/5043/719 4716/5042/1111 4736/5062/813
f 4738/5064/738 4718/5044/718 4717/5043/719 4737/5063/1114
f 4719/5046/737 4699/5026/717 4718/5044/718 4738/5064/738
f 4740/5065/756 4720/5045/736 4719/5046/737 4739/5066/757
f 4741/5067/755 4721/5047/1112 4720/5045/736 4740/5065/756
f 4742/5068/754 4722/5048/734 4721/5047/1112 4741/5067/755
f 4743/5069/753 4723/5049/733 4722/5048/734 4742/5068/754
f 4744/5070/752 4724/5050/732 4723/5049/733 4743/5069/753
f 4745/5071/751 4725/5051/731 4724/5050/732 4744/5070/752
f 4746/5072/750 4726/5052/730 4725/5051/731 4745/5071/751
f 4747/5073/749 4727/5053/729 4726/5052/730 4746/5072/750
f 4748/5074/747 4728/5054/727 4727/5053/729 4747/5073/749
f 4749/5075/748 4729/5055/728 4728/5054/727 4748/5074/747
f 4750/5076/766 4730/5056/746 4729/5055/728 4749/5075/748
f 4751/5077/765 4731/5057/745 4730/5056/746 4750/5076/766
f 4752/5078/764 4732/5058/744 4731/5057/745 4751/5077/765
f 4753/5079/763 4733/5059/743 4732/5058/744 4752/5078/764
f 4754/5080/762 4734/5060/1113 4733/5059/743 4753/5079/763
f 4755/5081/761 4735/5061/741 4734/5060/1113 4754/5080/762
f 4756/5082/760 4736/5062/813 4735/5061/741 4755/5081/761
f 4757/5083/759 4737/5063/1114 4736/5062/813 4756/5082/760
f 4758/5084/758 4738/5064/738 4737/5063/1114 4757/5083/759
f 4739/5066/757 4719/5046/737 4738/5064/738 4758/5084/758
f 4760/5085/592 4780/5086/592 4779/5087/4 4759/5088/4
f 4761/5089/591 4781/5090/591 4780/5086/592 4760/5085/592
f 4762/5091/590 4782/5092/590 4781/5090/591 4761/5089/591
f 4763/5093/589 4783/5094/589 4782/5092/590 4762/5091/590
f 4764/5095/59 4784/5096/59 4783/5094/589 4763/5093/589
f 4765/5097/588 4785/5098/588 4784/5096/59 4764/5095/59
f 4766/5099/587 4786/5100/587 4785/5098/588 4765/5097/588
f 4767/5101/586 4787/5102/586 4786/5100/587 4766/5099/587
f 4768/5103/585 4788/5104/585 4787/5102/586 4767/5101/586
f 4769/5105/2 4789/5106/2 4788/5104/585 4768/5103/585
f 4770/5107/600 4790/5108/600 4789/5106/2 4769/5105/2
f 4771/5109/599 4791/5110/599 4790/5108/600 4770/5107/600
f 4772/5111/598 4792/5112/598 4791/5110/599 4771/5109/599
f 4773/5113/597 4793/5114/597 4792/5112/598 4772/5111/598
f 4774/5115/93 4794/5116/93 4793/5114/597 4773/5113/597
f 4775/5117/596 4795/5118/596 4794/5116/93 4774/5115/93
f 4776/5119/595 4796/5120/595 4795/5118/596 4775/5117/596
f 4777/5121/594 4797/5122/594 4796/5120/595 4776/5119/595
f 4778/5123/593 4798/5124/593 4797/5122/594 4777/5121/594
f 4759/5088/4 4779/5087/4 4798/5124/593 4778/5123/593
s 0
f 4739/5066/1131 4779/5087/1131 4780/5086/1131 4740/5065/1131
f 4740/5065/1116 4780/5086/1116 4781/5090/1116 4741/5067/1116
f 4741/5067/1117 4781/5090/1117 4782/5092/1117 4742/5068/1117
f 4742/5068/1141 4782/5092/1141 4783/5094/1141 4743/5069/1141
f 4743/5069/796 4783/5094/796 4784/5096/796 4744/5070/796
f 4744/5070/795 4784/5096/795 4785/5098/795 4745/5071/795
f 4745/5071/1119 4785/5098/1119 4786/5100/1119 4746/5072/1119
f 4746/5072/1120 4786/5100/1120 4787/5102/1120 4747/5073/1120
f 4747/5073/1135 4787/5102/1135 4788/5104/1135 4748/5074/1135
f 4748/5074/1136 4788/5104/1136 4789/5106/1136 4749/5075/1136
f 4749/5075/1123 4789/5106/1123 4790/5108/1123 4750/5076/1123
f 4750/5076/1124 4790/5108/1124 4791/5110/1124 4751/5077/1124
f 4751/5077/1125 4791/5110/1125 4792/5112/1125 4752/5078/1125
f 4752/5078/1126 4792/5112/1126 4793/5114/1126 4753/5079/1126
f 4753/5079/812 4793/5114/812 4794/5116/812 4754/5080/812
f 4754/5080/781 4794/5116/781 4795/5118/781 4755/5081/781
f 4755/5081/780 4795/5118/780 4796/5120/780 4756/5082/780
f 4756/5082/1128 4796/5120/1128 4797/5122/1128 4757/5083/1128
f 4757/5083/1129 4797/5122/1129 4798/5124/1129 4758/5084/1129
f 4758/5084/1138 4798/5124/1138 4779/5087/1138 4739/5066/1138
s 1
f 4799/5125/2 4801/5126/1142 4800/5127/1143
f 4799/5125/2 4802/5128/1144 4801/5126/1142
f 4799/5125/2 4803/5129/1145 4802/5128/1144
f 4799/5125/2 4804/5130/1146 4803/5129/1145
f 4799/5125/2 4805/5131/1147 4804/5130/1146
f 4799/5125/2 4806/5132/1148 4805/5131/1147
f 4799/5125/2 4807/5133/1149 4806/5132/1148
f 4799/5125/2 4808/5134/1150 4807/5133/1149
f 4799/5125/2 4809/5135/1151 4808/5134/1150
f 4799/5125/2 4810/5136/1152 4809/5135/1151
f 4799/5125/2 4811/5137/1153 4810/5136/1152
f 4799/5125/2 4812/5138/1154 4811/5137/1153
f 4799/5125/2 4813/5139/1155 4812/5138/1154
f 4799/5125/2 4814/5140/1156 4813/5139/1155
f 4799/5125/2 4815/5141/1157 4814/5140/1156
f 4799/5125/2 4816/5142/1158 4815/5141/1157
f 4799/5125/2 4817/5143/1159 4816/5142/1158
f 4799/5125/2 4818/5144/1160 4817/5143/1159
f 4799/5125/2 4819/5145/1161 4818/5144/1160
f 4799/5125/2 4800/5127/1143 4819/5145/1161
f 4821/5146/1162 4820/5147/1163 4800/5127/1143 4801/5126/1142
f 4822/5148/1164 4821/5146/1162 4801/5126/1142 4802/5128/1144
f 4823/5149/1165 4822/5148/1164 4802/5128/1144 4803/5129/1145
f 4824/5150/1166 4823/5149/1165 4803/5129/1145 4804/5130/1146
f 4825/5151/1167 4824/5150/1166 4804/5130/1146 4805/5131/1147
f 4826/5152/1168 4825/5151/1167 4805/5131/1147 4806/5132/1148
f 4827/5153/1169 4826/5152/1168 4806/5132/1148 4807/5133/1149
f 4828/5154/1170 4827/5153/1169 4807/5133/1149 4808/5134/1150
f 4829/5155/1171 4828/5154/1170 4808/5134/1150 4809/5135/1151
f 4830/5156/1172 4829/5155/1171 4809/5135/1151 4810/5136/1152
f 4831/5157/1173 4830/5156/1172 4810/5136/1152 4811/5137/1153
f 4832/5158/1174 4831/5157/1173 4811/5137/1153 4812/5138/1154
f 4833/5159/1175 4832/5158/1174 4812/5138/1154 4813/5139/1155
f 4834/5160/1176 4833/5159/1175 4813/5139/1155 4814/5140/1156
f 4835/5161/1177 4834/5160/1176 4814/5140/1156 4815/5141/1157
f 4836/5162/1178 4835/5161/1177 4815/5141/1157 4816/5142/1158
f 4837/5163/1179 4836/5162/1178 4816/5142/1158 4817/5143/1159
f 4838/5164/1180 4837/5163/1179 4817/5143/1159 4818/5144/1160
f 4839/5165/1181 4838/5164/1180 4818/5144/1160 4819/5145/1161
f 4820/5147/1163 4839/5165/1181 4819/5145/1161 4800/5127/1143
f 4841/5166/1182 4840/5167/1183 4820/5147/1163 4821/5146/1162
f 4842/5168/1184 4841/5166/1182 4821/5146/1162 4822/5148/1164
f 4843/5169/1185 4842/5168/1184 4822/5148/1164 4823/5149/1165
f 4844/5170/1186 4843/5169/1185 4823/5149/1165 4824/5150/1166
f 4845/5171/1187 4844/5170/1186 4824/5150/1166 4825/5151/1167
f 4846/5172/1188 4845/5171/1187 4825/5151/1167 4826/5152/1168
f 4847/5173/1189 4846/5172/1188 4826/5152/1168 4827/5153/1169
f 4848/5174/1190 4847/5173/1189 4827/5153/1169 4828/5154/1170
f 4849/5175/1191 4848/5174/1190 4828/5154/1170 4829/5155/1171
f 4850/5176/1192 4849/5175/1191 4829/5155/1171 4830/5156/1172
f 4851/5177/1193 4850/5176/1192 4830/5156/1172 4831/5157/1173
f 4852/5178/1194 4851/5177/1193 4831/5157/1173 4832/5158/1174
f 4853/5179/1195 4852/5178/1194 4832/5158/1174 4833/5159/1175
f 4854/5180/1196 4853/5179/1195 4833/5159/1175 4834/5160/1176
f 4855/5181/1197 4854/5180/1196 4834/5160/1176 4835/5161/1177
f 4856/5182/1198 4855/5181/1197 4835/5161/1177 4836/5162/1178
f 4857/5183/1199 4856/5182/1198 4836/5162/1178 4837/5163/1179
f 4858/5184/1200 4857/5183/1199 4837/5163/1179 4838/5164/1180
f 4859/5185/1201 4858/5184/1200 4838/5164/1180 4839/5165/1181
f 4840/5167/1183 4859/5185/1201 4839/5165/1181 4820/5147/1163
f 4861/5186/1202 4860/5187/1203 4840/5167/1183 4841/5166/1182
f 4862/5188/1204 4861/5186/1202 4841/5166/1182 4842/5168/1184
f 4863/5189/1205 4862/5188/1204 4842/5168/1184 4843/5169/1185
f 4864/5190/1206 4863/5189/1205 4843/5169/1185 4844/5170/1186
f 4865/5191/1207 4864/5190/1206 4844/5170/1186 4845/5171/1187
f 4866/5192/1208 4865/5191/1207 4845/5171/1187 4846/5172/1188
f 4867/5193/1209 4866/5192/1208 4846/5172/1188 4847/5173/1189
f 4868/5194/1210 4867/5193/1209 4847/5173/1189 4848/5174/1190
f 4869/5195/1211 4868/5194/1210 4848/5174/1190 4849/5175/1191
f 4870/5196/1212 4869/5195/1211 4849/5175/1191 4850/5176/1192
f 4871/5197/1213 4870/5196/1212 4850/5176/1192 4851/5177/1193
f 4872/5198/1214 4871/5197/1213 4851/5177/1193 4852/5178/1194
f 4873/5199/1215 4872/5198/1214 4852/5178/1194 4853/5179/1195
f 4874/5200/1216 4873/5199/1215 4853/5179/1195 4854/5180/1196
f 4875/5201/1217 4874/5200/1216 4854/5180/1196 4855/5181/1197
f 4876/5202/1218 4875/5201/1217 4855/5181/1197 4856/5182/1198
f 4877/5203/1219 4876/5202/1218 4856/5182/1198 4857/5183/1199
f 4878/5204/1220 4877/5203/1219 4857/5183/1199 4858/5184/1200
f 4879/5205/1221 4878/5204/1220 4858/5184/1200 4859/5185/1201
f 4860/5187/1203 4879/5205/1221 4859/5185/1201 4840/5167/1183
f 4881/5206/1222 4880/5207/1223 4860/5187/1203 4861/5186/1202
f 4882/5208/1224 4881/5206/1222 4861/5186/1202 4862/5188/1204
f 4883/5209/1225 4882/5208/1224 4862/5188/1204 4863/5189/1205
f 4884/5210/1226 4883/5209/1225 4863/5189/1205 4864/5190/1206
f 4885/5211/1227 4884/5210/1226 4864/5190/1206 4865/5191/1207
f 4886/5212/1228 4885/5211/1227 4865/5191/1207 4866/5192/1208
f 4887/5213/1229 4886/5212/1228 4866/5192/1208 4867/5193/1209
f 4888/5214/1230 4887/5213/1229 4867/5193/1209 4868/5194/1210
f 4889/5215/1231 4888/5214/1230 4868/5194/1210 4869/5195/1211
f 4890/5216/1232 4889/5215/1231 4869/5195/1211 4870/5196/1212
f 4891/5217/1233 4890/5216/1232 4870/5196/1212 4871/5197/1213
f 4892/5218/1234 4891/5217/1233 4871/5197/1213 4872/5198/1214
f 4893/5219/1235 4892/5218/1234 4872/5198/1214 4873/5199/1215
f 4894/5220/1236 4893/5219/1235 4873/5199/1215 4874/5200/1216
f 4895/5221/1237 4894/5220/1236 4874/5200/1216 4875/5201/1217
f 4896/5222/1238 4895/5221/1237 4875/5201/1217 4876/5202/1218
f 4897/5223/1239 4896/5222/1238 4876/5202/1218 4877/5203/1219
f 4898/5224/1240 4897/5223/1239 4877/5203/1219 4878/5204/1220
f 4899/5225/1241 4898/5224/1240 4878/5204/1220 4879/5205/1221
f 4880/5207/1223 4899/5225/1241 4879/5205/1221 4860/5187/1203
f 4901/5226/1242 4900/5227/1243 4880/5207/1223 4881/5206/1222
f 4902/5228/1244 4901/5226/1242 4881/5206/1222 4882/5208/1224
f 4903/5229/1245 4902/5228/1244 4882/5208/1224 4883/5209/1225
f 4904/5230/1246 4903/5229/1245 4883/5209/1225 4884/5210/1226
f 4905/5231/1247 4904/5230/1246 4884/5210/1226 4885/5211/1227
f 4906/5232/1248 4905/5231/1247 4885/5211/1227 4886/5212/1228
f 4907/5233/1249 4906/5232/1248 4886/5212/1228 4887/5213/1229
f 4908/5234/1250 4907/5233/1249 4887/5213/1229 4888/5214/1230
f 4909/5235/1251 4908/5234/1250 4888/5214/1230 4889/5215/1231
f 4910/5236/1252 4909/5235/1251 4889/5215/1231 4890/5216/1232
f 4911/5237/1253 4910/5236/1252 4890/5216/1232 4891/5217/1233
f 4912/5238/1254 4911/5237/1253 4891/5217/1233 4892/5218/1234
f 4913/5239/1255 4912/5238/1254 4892/5218/1234 4893/5219/1235
f 4914/5240/1256 4913/5239/1255 4893/5219/1235 4894/5220/1236
f 4915/5241/1257 4914/5240/1256 4894/5220/1236 4895/5221/1237
f 4916/5242/1258 4915/5241/1257 4895/5221/1237 4896/5222/1238
f 4917/5243/1259 4916/5242/1258 4896/5222/1238 4897/5223/1239
f 4918/5244/1260 4917/5243/1259 4897/5223/1239 4898/5224/1240
f 4919/5245/1261 4918/5244/1260 4898/5224/1240 4899/5225/1241
f 4900/5227/1243 4919/5245/1261 4899/5225/1241 4880/5207/1223
f 4921/5246/935 4920/5247/1 4940/5248/1 4941/5249/935
f 4922/5250/936 4921/5246/935 4941/5249/935 4942/5251/936
f 4923/5252/937 4922/5250/936 4942/5251/936 4943/5253/937
f 4924/5254/938 4923/5252/937 4943/5253/937 4944/5255/938
f 4925/5256/59 4924/5254/938 4944/5255/938 4945/5257/59
f 4926/5258/939 4925/5256/59 4945/5257/59 4946/5259/939
f 4927/5260/940 4926/5258/939 4946/5259/939 4947/5261/940
f 4928/5262/941 4927/5260/940 4947/5261/940 4948/5263/941
f 4929/5264/942 4928/5262/941 4948/5263/941 4949/5265/942
f 4930/5266/3 4929/5264/942 4949/5265/942 4950/5267/3
f 4931/5268/943 4930/5266/3 4950/5267/3 4951/5269/943
f 4932/5270/944 4931/5268/943 4951/5269/943 4952/5271/944
f 4933/5272/945 4932/5270/944 4952/5271/944 4953/5273/945
f 4934/5274/946 4933/5272/945 4953/5273/945 4954/5275/946
f 4935/5276/93 4934/5274/946 4954/5275/946 4955/5277/93
f 4936/5278/947 4935/5276/93 4955/5277/93 4956/5279/947
f 4937/5280/948 4936/5278/947 4956/5279/947 4957/5281/948
f 4938/5282/949 4937/5280/948 4957/5281/948 4958/5283/949
f 4939/5284/950 4938/5282/949 4958/5283/949 4959/5285/950
f 4920/5247/1 4939/5284/950 4959/5285/950 4940/5248/1
s 0
f 4900/5227/1262 4901/5226/1262 4941/5249/1262 4940/5248/1262
f 4901/5226/1263 4902/5228/1263 4942/5251/1263 4941/5249/1263
f 4902/5228/1264 4903/5229/1264 4943/5253/1264 4942/5251/1264
f 4903/5229/1265 4904/5230/1265 4944/5255/1265 4943/5253/1265
f 4904/5230/1266 4905/5231/1266 4945/5257/1266 4944/5255/1266
f 4905/5231/1267 4906/5232/1267 4946/5259/1267 4945/5257/1267
f 4906/5232/1268 4907/5233/1268 4947/5261/1268 4946/5259/1268
f 4907/5233/1269 4908/5234/1269 4948/5263/1269 4947/5261/1269
f 4908/5234/1270 4909/5235/1270 4949/5265/1270 4948/5263/1270
f 4909/5235/1271 4910/5236/1271 4950/5267/1271 4949/5265/1271
f 4910/5236/1272 4911/5237/1272 4951/5269/1272 4950/5267/1272
f 4911/5237/1273 4912/5238/1273 4952/5271/1273 4951/5269/1273
f 4912/5238/1274 4913/5239/1274 4953/5273/1274 4952/5271/1274
f 4913/5239/1275 4914/5240/1275 4954/5275/1275 4953/5273/1275
f 4914/5240/1276 4915/5241/1276 4955/5277/1276 4954/5275/1276
f 4915/5241/1277 4916/5242/1277 4956/5279/1277 4955/5277/1277
f 4916/5242/1278 4917/5243/1278 4957/5281/1278 4956/5279/1278
f 4917/5243/1279 4918/5244/1279 4958/5283/1279 4957/5281/1279
f 4918/5244/1280 4919/5245/1280 4959/5285/1280 4958/5283/1280
f 4919/5245/1281 4900/5227/1281 4940/5248/1281 4959/5285/1281
s 1
f 4960/5286/2 4962/5287/1142 4961/5288/1143
f 4960/5286/2 4963/5289/1144 4962/5287/1142
f 4960/5286/2 4964/5290/1145 4963/5289/1144
f 4960/5286/2 4965/5291/1146 4964/5290/1145
f 4960/5286/2 4966/5292/1147 4965/5291/1146
f 4960/5286/2 4967/5293/1148 4966/5292/1147
f 4960/5286/2 4968/5294/1149 4967/5293/1148
f 4960/5286/2 4969/5295/1150 4968/5294/1149
f 4960/5286/2 4970/5296/1282 4969/5295/1150
f 4960/5286/2 4971/5297/1152 4970/5296/1282
f 4960/5286/2 4972/5298/1153 4971/5297/1152
f 4960/5286/2 4973/5299/1154 4972/5298/1153
f 4960/5286/2 4974/5300/1155 4973/5299/1154
f 4960/5286/2 4975/5301/1156 4974/5300/1155
f 4960/5286/2 4976/5302/1157 4975/5301/1156
f 4960/5286/2 4977/5303/1158 4976/5302/1157
f 4960/5286/2 4978/5304/1159 4977/5303/1158
f 4960/5286/2 4979/5305/1160 4978/5304/1159
f 4960/5286/2 4980/5306/1161 4979/5305/1160
f 4960/5286/2 4961/5288/1143 4980/5306/1161
f 4982/5307/1162 4981/5308/1163 4961/5288/1143 4962/5287/1142
f 4983/5309/1164 4982/5307/1162 4962/5287/1142 4963/5289/1144
f 4984/5310/1165 4983/5309/1164 4963/5289/1144 4964/5290/1145
f 4985/5311/1166 4984/5310/1165 4964/5290/1145 4965/5291/1146
f 4986/5312/1167 4985/5311/1166 4965/5291/1146 4966/5292/1147
f 4987/5313/1168 4986/5312/1167 4966/5292/1147 4967/5293/1148
f 4988/5314/1169 4987/5313/1168 4967/5293/1148 4968/5294/1149
f 4989/5315/1170 4988/5314/1169 4968/5294/1149 4969/5295/1150
f 4990/5316/1171 4989/5315/1170 4969/5295/1150 4970/5296/1282
f 4991/5317/1172 4990/5316/1171 4970/5296/1282 4971/5297/1152
f 4992/5318/1173 4991/5317/1172 4971/5297/1152 4972/5298/1153
f 4993/5319/1174 4992/5318/1173 4972/5298/1153 4973/5299/1154
f 4994/5320/1175 4993/5319/1174 4973/5299/1154 4974/5300/1155
f 4995/5321/1176 4994/5320/1175 4974/5300/1155 4975/5301/1156
f 4996/5322/1177 4995/5321/1176 4975/5301/1156 4976/5302/1157
f 4997/5323/1178 4996/5322/1177 4976/5302/1157 4977/5303/1158
f 4998/5324/1283 4997/5323/1178 4977/5303/1158 4978/5304/1159
f 4999/5325/1284 4998/5324/1283 4978/5304/1159 4979/5305/1160
f 5000/5326/1181 4999/5325/1284 4979/5305/1160 4980/5306/1161
f 4981/5308/1163 5000/5326/1181 4980/5306/1161 4961/5288/1143
f 5002/5327/1182 5001/5328/1183 4981/5308/1163 4982/5307/1162
f 5003/5329/1184 5002/5327/1182 4982/5307/1162 4983/5309/1164
f 5004/5330/1185 5003/5329/1184 4983/5309/1164 4984/5310/1165
f 5005/5331/1186 5004/5330/1185 4984/5310/1165 4985/5311/1166
f 5006/5332/1187 5005/5331/1186 4985/5311/1166 4986/5312/1167
f 5007/5333/1188 5006/5332/1187 4986/5312/1167 4987/5313/1168
f 5008/5334/1189 5007/5333/1188 4987/5313/1168 4988/5314/1169
f 5009/5335/1285 5008/5334/1189 4988/5314/1169 4989/5315/1170
f 5010/5336/1191 5009/5335/1285 4989/5315/1170 4990/5316/1171
f 5011/5337/1192 5010/5336/1191 4990/5316/1171 4991/5317/1172
f 5012/5338/1286 5011/5337/1192 4991/5317/1172 4992/5318/1173
f 5013/5339/1194 5012/5338/1286 4992/5318/1173 4993/5319/1174
f 5014/5340/1195 5013/5339/1194 4993/5319/1174 4994/5320/1175
f 5015/5341/1196 5014/5340/1195 4994/5320/1175 4995/5321/1176
f 5016/5342/1197 5015/5341/1196 4995/5321/1176 4996/5322/1177
f 5017/5343/1198 5016/5342/1197 4996/5322/1177 4997/5323/1178
f 5018/5344/1199 5017/5343/1198 4997/5323/1178 4998/5324/1283
f 5019/5345/1200 5018/5344/1199 4998/5324/1283 4999/5325/1284
f 5020/5346/1201 5019/5345/1200 4999/5325/1284 5000/5326/1181
f 5001/5328/1183 5020/5346/1201 5000/5326/1181 4981/5308/1163
f 5022/5347/1202 5021/5348/1203 5001/5328/1183 5002/5327/1182
f 5023/5349/1204 5022/5347/1202 5002/5327/1182 5003/5329/1184
f 5024/5350/1205 5023/5349/1204 5003/5329/1184 5004/5330/1185
f 5025/5351/1206 5024/5350/1205 5004/5330/1185 5005/5331/1186
f 5026/5352/1207 5025/5351/1206 5005/5331/1186 5006/5332/1187
f 5027/5353/1208 5026/5352/1207 5006/5332/1187 5007/5333/1188
f 5028/5354/1209 5027/5353/1208 5007/5333/1188 5008/5334/1189
f 5029/5355/1210 5028/5354/1209 5008/5334/1189 5009/5335/1285
f 5030/5356/1211 5029/5355/1210 5009/5335/1285 5010/5336/1191
f 5031/5357/1212 5030/5356/1211 5010/5336/1191 5011/5337/1192
f 5032/5358/1213 5031/5357/1212 5011/5337/1192 5012/5338/1286
f 5033/5359/1214 5032/5358/1213 5012/5338/1286 5013/5339/1194
f 5034/5360/1215 5033/5359/1214 5013/5339/1194 5014/5340/1195
f 5035/5361/1216 5034/5360/1215 5014/5340/1195 5015/5341/1196
f 5036/5362/1217 5035/5361/1216 5015/5341/1196 5016/5342/1197
f 5037/5363/1218 5036/5362/1217 5016/5342/1197 5017/5343/1198
f 5038/5364/1219 5037/5363/1218 5017/5343/1198 5018/5344/1199
f 5039/5365/1220 5038/5364/1219 5018/5344/1199 5019/5345/1200
f 5040/5366/1221 5039/5365/1220 5019/5345/1200 5020/5346/1201
f 5021/5348/1203 5040/5366/1221 5020/5346/1201 5001/5328/1183
f 5042/5367/1222 5041/5368/1223 5021/5348/1203 5022/5347/1202
f 5043/5369/1224 5042/5367/1222 5022/5347/1202 5023/5349/1204
f 5044/5370/1225 5043/5369/1224 5023/5349/1204 5024/5350/1205
f 5045/5371/1226 5044/5370/1225 5024/5350/1205 5025/5351/1206
f 5046/5372/1227 5045/5371/1226 5025/5351/1206 5026/5352/1207
f 5047/5373/1228 5046/5372/1227 5026/5352/1207 5027/5353/1208
f 5048/5374/1229 5047/5373/1228 5027/5353/1208 5028/5354/1209
f 5049/5375/1230 5048/5374/1229 5028/5354/1209 5029/5355/1210
f 5050/5376/1231 5049/5375/1230 5029/5355/1210 5030/5356/1211
f 5051/5377/1232 5050/5376/1231 5030/5356/1211 5031/5357/1212
f 5052/5378/1233 5051/5377/1232 5031/5357/1212 5032/5358/1213
f 5053/5379/1234 5052/5378/1233 5032/5358/1213 5033/5359/1214
f 5054/5380/1235 5053/5379/1234 5033/5359/1214 5034/5360/1215
f 5055/5381/1236 5054/5380/1235 5034/5360/1215 5035/5361/1216
f 5056/5382/1237 5055/5381/1236 5035/5361/1216 5036/5362/1217
f 5057/5383/1238 5056/5382/1237 5036/5362/1217 5037/5363/1218
f 5058/5384/1239 5057/5383/1238 5037/5363/1218 5038/5364/1219
f 5059/5385/1240 5058/5384/1239 5038/5364/1219 5039/5365/1220
f 5060/5386/1241 5059/5385/1240 5039/5365/1220 5040/5366/1221
f 5041/5368/1223 5060/5386/1241 5040/5366/1221 5021/5348/1203
f 5062/5387/1242 5061/5388/1243 5041/5368/1223 5042/5367/1222
f 5063/5389/1244 5062/5387/1242 5042/5367/1222 5043/5369/1224
f 5064/5390/1245 5063/5389/1244 5043/5369/1224 5044/5370/1225
f 5065/5391/1246 5064/5390/1245 5044/5370/1225 5045/5371/1226
f 5066/5392/1287 5065/5391/1246 5045/5371/1226 5046/5372/1227
f 5067/5393/1248 5066/5392/1287 5046/5372/1227 5047/5373/1228
f 5068/5394/1249 5067/5393/1248 5047/5373/1228 5048/5374/1229
f 5069/5395/1250 5068/5394/1249 5048/5374/1229 5049/5375/1230
f 5070/5396/1251 5069/5395/1250 5049/5375/1230 5050/5376/1231
f 5071/5397/1252 5070/5396/1251 5050/5376/1231 5051/5377/1232
f 5072/5398/1253 5071/5397/1252 5051/5377/1232 5052/5378/1233
f 5073/5399/1254 5072/5398/1253 5052/5378/1233 5053/5379/1234
f 5074/5400/1255 5073/5399/1254 5053/5379/1234 5054/5380/1235
f 5075/5401/1256 5074/5400/1255 5054/5380/1235 5055/5381/1236
f 5076/5402/1257 5075/5401/1256 5055/5381/1236 5056/5382/1237
f 5077/5403/1258 5076/5402/1257 5056/5382/1237 5057/5383/1238
f 5078/5404/1259 5077/5403/1258 5057/5383/1238 5058/5384/1239
f 5079/5405/1260 5078/5404/1259 5058/5384/1239 5059/5385/1240
f 5080/5406/1261 5079/5405/1260 5059/5385/1240 5060/5386/1241
f 5061/5388/1243 5080/5406/1261 5060/5386/1241 5041/5368/1223
f 5082/5407/935 5081/5408/1 5101/5409/1 5102/5410/935
f 5083/5411/936 5082/5407/935 5102/5410/935 5103/5412/936
f 5084/5413/937 5083/5411/936 5103/5412/936 5104/5414/937
f 5085/5415/938 5084/5413/937 5104/5414/937 5105/5416/938
f 5086/5417/59 5085/5415/938 5105/5416/938 5106/5418/59
f 5087/5419/939 5086/5417/59 5106/5418/59 5107/5420/939
f 5088/5421/940 5087/5419/939 5107/5420/939 5108/5422/940
f 5089/5423/941 5088/5421/940 5108/5422/940 5109/5424/941
f 5090/5425/942 5089/5423/941 5109/5424/941 5110/5426/942
f 5091/5427/3 5090/5425/942 5110/5426/942 5111/5428/3
f 5092/5429/943 5091/5427/3 5111/5428/3 5112/5430/943
f 5093/5431/944 5092/5429/943 5112/5430/943 5113/5432/944
f 5094/5433/945 5093/5431/944 5113/5432/944 5114/5434/945
f 5095/5435/946 5094/5433/945 5114/5434/945 5115/5436/946
f 5096/5437/93 5095/5435/946 5115/5436/946 5116/5438/93
f 5097/5439/947 5096/5437/93 5116/5438/93 5117/5440/947
f 5098/5441/948 5097/5439/947 5117/5440/947 5118/5442/948
f 5099/5443/949 5098/5441/948 5118/5442/948 5119/5444/949
f 5100/5445/950 5099/5443/949 5119/5444/949 5120/5446/950
f 5081/5408/1 5100/5445/950 5120/5446/950 5101/5409/1
s 0
f 5061/5388/1262 5062/5387/1262 5102/5410/1262 5101/5409/1262
f 5062/5387/1288 5063/5389/1288 5103/5412/1288 5102/5410/1288
f 5063/5389/1264 5064/5390/1264 5104/5414/1264 5103/5412/1264
f 5064/5390/1289 5065/5391/1289 5105/5416/1289 5104/5414/1289
f 5065/5391/1266 5066/5392/1266 5106/5418/1266 5105/5416/1266
f 5066/5392/1267 5067/5393/1267 5107/5420/1267 5106/5418/1267
f 5067/5393/1290 5068/5394/1290 5108/5422/1290 5107/5420/1290
f 5068/5394/1291 5069/5395/1291 5109/5424/1291 5108/5422/1291
f 5069/5395/1270 5070/5396/1270 5110/5426/1270 5109/5424/1270
f 5070/5396/1292 5071/5397/1292 5111/5428/1292 5110/5426/1292
f 5071/5397/1293 5072/5398/1293 5112/5430/1293 5111/5428/1293
f 5072/5398/1273 5073/5399/1273 5113/5432/1273 5112/5430/1273
f 5073/5399/1294 5074/5400/1294 5114/5434/1294 5113/5432/1294
f 5074/5400/1275 5075/5401/1275 5115/5436/1275 5114/5434/1275
f 5075/5401/1295 5076/5402/1295 5116/5438/1295 5115/5436/1295
f 5076/5402/1296 5077/5403/1296 5117/5440/1296 5116/5438/1296
f 5077/5403/1278 5078/5404/1278 5118/5442/1278 5117/5440/1278
f 5078/5404/1279 5079/5405/1279 5119/5444/1279 5118/5442/1279
f 5079/5405/1297 5080/5406/1297 5120/5446/1297 5119/5444/1297
f 5080/5406/1281 5061/5388/1281 5101/5409/1281 5120/5446/1281
s 1
f 5121/5447/2 5123/5448/1142 5122/5449/1143
f 5121/5447/2 5124/5450/1144 5123/5448/1142
f 5121/5447/2 5125/5451/1145 5124/5450/1144
f 5121/5447/2 5126/5452/1146 5125/5451/1145
f 5121/5447/2 5127/5453/1147 5126/5452/1146
f 5121/5447/2 5128/5454/1148 5127/5453/1147
f 5121/5447/2 5129/5455/1149 5128/5454/1148
f 5121/5447/2 5130/5456/1150 5129/5455/1149
f 5121/5447/2 5131/5457/1282 5130/5456/1150
f 5121/5447/2 5132/5458/1152 5131/5457/1282
f 5121/5447/2 5133/5459/1153 5132/5458/1152
f 5121/5447/2 5134/5460/1154 5133/5459/1153
f 5121/5447/2 5135/5461/1155 5134/5460/1154
f 5121/5447/2 5136/5462/1156 5135/5461/1155
f 5121/5447/2 5137/5463/1157 5136/5462/1156
f 5121/5447/2 5138/5464/1158 5137/5463/1157
f 5121/5447/2 5139/5465/1159 5138/5464/1158
f 5121/5447/2 5140/5466/1160 5139/5465/1159
f 5121/5447/2 5141/5467/1161 5140/5466/1160
f 5121/5447/2 5122/5449/1143 5141/5467/1161
f 5143/5468/1162 5142/5469/1163 5122/5449/1143 5123/5448/1142
f 5144/5470/1298 5143/5468/1162 5123/5448/1142 5124/5450/1144
f 5145/5471/1299 5144/5470/1298 5124/5450/1144 5125/5451/1145
f 5146/5472/1166 5145/5471/1299 5125/5451/1145 5126/5452/1146
f 5147/5473/1300 5146/5472/1166 5126/5452/1146 5127/5453/1147
f 5148/5474/1168 5147/5473/1300 5127/5453/1147 5128/5454/1148
f 5149/5475/1301 5148/5474/1168 5128/5454/1148 5129/5455/1149
f 5150/5476/1170 5149/5475/1301 5129/5455/1149 5130/5456/1150
f 5151/5477/1171 5150/5476/1170 5130/5456/1150 5131/5457/1282
f 5152/5478/1302 5151/5477/1171 5131/5457/1282 5132/5458/1152
f 5153/5479/1173 5152/5478/1302 5132/5458/1152 5133/5459/1153
f 5154/5480/1174 5153/5479/1173 5133/5459/1153 5134/5460/1154
f 5155/5481/1303 5154/5480/1174 5134/5460/1154 5135/5461/1155
f 5156/5482/1304 5155/5481/1303 5135/5461/1155 5136/5462/1156
f 5157/5483/1305 5156/5482/1304 5136/5462/1156 5137/5463/1157
f 5158/5484/1178 5157/5483/1305 5137/5463/1157 5138/5464/1158
f 5159/5485/1306 5158/5484/1178 5138/5464/1158 5139/5465/1159
f 5160/5486/1307 5159/5485/1306 5139/5465/1159 5140/5466/1160
f 5161/5487/1181 5160/5486/1307 5140/5466/1160 5141/5467/1161
f 5142/5469/1163 5161/5487/1181 5141/5467/1161 5122/5449/1143
f 5163/5488/1182 5162/5489/1183 5142/5469/1163 5143/5468/1162
f 5164/5490/1184 5163/5488/1182 5143/5468/1162 5144/5470/1298
f 5165/5491/1185 5164/5490/1184 5144/5470/1298 5145/5471/1299
f 5166/5492/1186 5165/5491/1185 5145/5471/1299 5146/5472/1166
f 5167/5493/1187 5166/5492/1186 5146/5472/1166 5147/5473/1300
f 5168/5494/1188 5167/5493/1187 5147/5473/1300 5148/5474/1168
f 5169/5495/1308 5168/5494/1188 5148/5474/1168 5149/5475/1301
f 5170/5496/1309 5169/5495/1308 5149/5475/1301 5150/5476/1170
f 5171/5497/1310 5170/5496/1309 5150/5476/1170 5151/5477/1171
f 5172/5498/1192 5171/5497/1310 5151/5477/1171 5152/5478/1302
f 5173/5499/1286 5172/5498/1192 5152/5478/1302 5153/5479/1173
f 5174/5500/1311 5173/5499/1286 5153/5479/1173 5154/5480/1174
f 5175/5501/1312 5174/5500/1311 5154/5480/1174 5155/5481/1303
f 5176/5502/1196 5175/5501/1312 5155/5481/1303 5156/5482/1304
f 5177/5503/1197 5176/5502/1196 5156/5482/1304 5157/5483/1305
f 5178/5504/1313 5177/5503/1197 5157/5483/1305 5158/5484/1178
f 5179/5505/1199 5178/5504/1313 5158/5484/1178 5159/5485/1306
f 5180/5506/1200 5179/5505/1199 5159/5485/1306 5160/5486/1307
f 5181/5507/1201 5180/5506/1200 5160/5486/1307 5161/5487/1181
f 5162/5489/1183 5181/5507/1201 5161/5487/1181 5142/5469/1163
f 5183/5508/1202 5182/5509/1203 5162/5489/1183 5163/5488/1182
f 5184/5510/1314 5183/5508/1202 5163/5488/1182 5164/5490/1184
f 5185/5511/1315 5184/5510/1314 5164/5490/1184 5165/5491/1185
f 5186/5512/1206 5185/5511/1315 5165/5491/1185 5166/5492/1186
f 5187/5513/1207 5186/5512/1206 5166/5492/1186 5167/5493/1187
f 5188/5514/1316 5187/5513/1207 5167/5493/1187 5168/5494/1188
f 5189/5515/1317 5188/5514/1316 5168/5494/1188 5169/5495/1308
f 5190/5516/1210 5189/5515/1317 5169/5495/1308 5170/5496/1309
f 5191/5517/1318 5190/5516/1210 5170/5496/1309 5171/5497/1310
f 5192/5518/1212 5191/5517/1318 5171/5497/1310 5172/5498/1192
f 5193/5519/1319 5192/5518/1212 5172/5498/1192 5173/5499/1286
f 5194/5520/1214 5193/5519/1319 5173/5499/1286 5174/5500/1311
f 5195/5521/1320 5194/5520/1214 5174/5500/1311 5175/5501/1312
f 5196/5522/1321 5195/5521/1320 5175/5501/1312 5176/5502/1196
f 5197/5523/1217 5196/5522/1321 5176/5502/1196 5177/5503/1197
f 5198/5524/1218 5197/5523/1217 5177/5503/1197 5178/5504/1313
f 5199/5525/1322 5198/5524/1218 5178/5504/1313 5179/5505/1199
f 5200/5526/1323 5199/5525/1322 5179/5505/1199 5180/5506/1200
f 5201/5527/1324 5200/5526/1323 5180/5506/1200 5181/5507/1201
f 5182/5509/1203 5201/5527/1324 5181/5507/1201 5162/5489/1183
f 5203/5528/1222 5202/5529/1223 5182/5509/1203 5183/5508/1202
f 5204/5530/1325 5203/5528/1222 5183/5508/1202 5184/5510/1314
f 5205/5531/1225 5204/5530/1325 5184/5510/1314 5185/5511/1315
f 5206/5532/1226 5205/5531/1225 5185/5511/1315 5186/5512/1206
f 5207/5533/1326 5206/5532/1226 5186/5512/1206 5187/5513/1207
f 5208/5534/1228 5207/5533/1326 5187/5513/1207 5188/5514/1316
f 5209/5535/1229 5208/5534/1228 5188/5514/1316 5189/5515/1317
f 5210/5536/1327 5209/5535/1229 5189/5515/1317 5190/5516/1210
f 5211/5537/1231 5210/5536/1327 5190/5516/1210 5191/5517/1318
f 5212/5538/1232 5211/5537/1231 5191/5517/1318 5192/5518/1212
f 5213/5539/1233 5212/5538/1232 5192/5518/1212 5193/5519/1319
f 5214/5540/1328 5213/5539/1233 5193/5519/1319 5194/5520/1214
f 5215/5541/1235 5214/5540/1328 5194/5520/1214 5195/5521/1320
f 5216/5542/1236 5215/5541/1235 5195/5521/1320 5196/5522/1321
f 5217/5543/1329 5216/5542/1236 5196/5522/1321 5197/5523/1217
f 5218/5544/1238 5217/5543/1329 5197/5523/1217 5198/5524/1218
f 5219/5545/1239 5218/5544/1238 5198/5524/1218 5199/5525/1322
f 5220/5546/1330 5219/5545/1239 5199/5525/1322 5200/5526/1323
f 5221/5547/1241 5220/5546/1330 5200/5526/1323 5201/5527/1324
f 5202/5529/1223 5221/5547/1241 5201/5527/1324 5182/5509/1203
f 5223/5548/1331 5222/5549/1243 5202/5529/1223 5203/5528/1222
f 5224/5550/1332 5223/5548/1331 5203/5528/1222 5204/5530/1325
f 5225/5551/1333 5224/5550/1332 5204/5530/1325 5205/5531/1225
f 5226/5552/1334 5225/5551/1333 5205/5531/1225 5206/5532/1226
f 5227/5553/1247 5226/5552/1334 5206/5532/1226 5207/5533/1326
f 5228/5554/1248 5227/5553/1247 5207/5533/1326 5208/5534/1228
f 5229/5555/1335 5228/5554/1248 5208/5534/1228 5209/5535/1229
f 5230/5556/1250 5229/5555/1335 5209/5535/1229 5210/5536/1327
f 5231/5557/1251 5230/5556/1250 5210/5536/1327 5211/5537/1231
f 5232/5558/1252 5231/5557/1251 5211/5537/1231 5212/5538/1232
f 5233/5559/1253 5232/5558/1252 5212/5538/1232 5213/5539/1233
f 5234/5560/1254 5233/5559/1253 5213/5539/1233 5214/5540/1328
f 5235/5561/1336 5234/5560/1254 5214/5540/1328 5215/5541/1235
f 5236/5562/1256 5235/5561/1336 5215/5541/1235 5216/5542/1236
f 5237/5563/1337 5236/5562/1256 5216/5542/1236 5217/5543/1329
f 5238/5564/1338 5237/5563/1337 5217/5543/1329 5218/5544/1238
f 5239/5565/1339 5238/5564/1338 5218/5544/1238 5219/5545/1239
f 5240/5566/1340 5239/5565/1339 5219/5545/1239 5220/5546/1330
f 5241/5567/1341 5240/5566/1340 5220/5546/1330 5221/5547/1241
f 5222/5549/1243 5241/5567/1341 5221/5547/1241 5202/5529/1223
f 5243/5568/935 5242/5569/1 5262/5570/1 5263/5571/935
f 5244/5572/936 5243/5568/935 5263/5571/935 5264/5573/936
f 5245/5574/937 5244/5572/936 5264/5573/936 5265/5575/937
f 5246/5576/938 5245/5574/937 5265/5575/937 5266/5577/938
f 5247/5578/59 5246/5576/938 5266/5577/938 5267/5579/59
f 5248/5580/939 5247/5578/59 5267/5579/59 5268/5581/939
f 5249/5582/940 5248/5580/939 5268/5581/939 5269/5583/940
f 5250/5584/941 5249/5582/940 5269/5583/940 5270/5585/941
f 5251/5586/942 5250/5584/941 5270/5585/941 5271/5587/942
f 5252/5588/3 5251/5586/942 5271/5587/942 5272/5589/3
f 5253/5590/943 5252/5588/3 5272/5589/3 5273/5591/943
f 5254/5592/944 5253/5590/943 5273/5591/943 5274/5593/944
f 5255/5594/945 5254/5592/944 5274/5593/944 5275/5595/945
f 5256/5596/946 5255/5594/945 5275/5595/945 5276/5597/946
f 5257/5598/93 5256/5596/946 5276/5597/946 5277/5599/93
f 5258/5600/947 5257/5598/93 5277/5599/93 5278/5601/947
f 5259/5602/948 5258/5600/947 5278/5601/947 5279/5603/948
f 5260/5604/949 5259/5602/948 5279/5603/948 5280/5605/949
f 5261/5606/950 5260/5604/949 5280/5605/949 5281/5607/950
f 5242/5569/1 5261/5606/950 5281/5607/950 5262/5570/1
s 0
f 5222/5549/1262 5223/5548/1262 5263/5571/1262 5262/5570/1262
f 5223/5548/1288 5224/5550/1288 5264/5573/1288 5263/5571/1288
f 5224/5550/1342 5225/5551/1342 5265/5575/1342 5264/5573/1342
f 5225/5551/1343 5226/5552/1343 5266/5577/1343 5265/5575/1343
f 5226/5552/1344 5227/5553/1344 5267/5579/1344 5266/5577/1344
f 5227/5553/1345 5228/5554/1345 5268/5581/1345 5267/5579/1345
f 5228/5554/1346 5229/5555/1346 5269/5583/1346 5268/5581/1346
f 5229/5555/1347 5230/5556/1347 5270/5585/1347 5269/5583/1347
f 5230/5556/1270 5231/5557/1270 5271/5587/1270 5270/5585/1270
f 5231/5557/1292 5232/5558/1292 5272/5589/1292 5271/5587/1292
f 5232/5558/1293 5233/5559/1293 5273/5591/1293 5272/5589/1293
f 5233/5559/1273 5234/5560/1273 5274/5593/1273 5273/5591/1273
f 5234/5560/1348 5235/5561/1348 5275/5595/1348 5274/5593/1348
f 5235/5561/1349 5236/5562/1349 5276/5597/1349 5275/5595/1349
f 5236/5562/1350 5237/5563/1350 5277/5599/1350 5276/5597/1350
f 5237/5563/1351 5238/5564/1351 5278/5601/1351 5277/5599/1351
f 5238/5564/1352 5239/5565/1352 5279/5603/1352 5278/5601/1352
f 5239/5565/1353 5240/5566/1353 5280/5605/1353 5279/5603/1353
f 5240/5566/1354 5241/5567/1354 5281/5607/1354 5280/5605/1354
f 5241/5567/1355 5222/5549/1355 5262/5570/1355 5281/5607/1355
s 1
f 5282/5608/2 5284/5609/1142 5283/5610/1143
f 5282/5608/2 5285/5611/1144 5284/5609/1142
f 5282/5608/2 5286/5612/1145 5285/5611/1144
f 5282/5608/2 5287/5613/1146 5286/5612/1145
f 5282/5608/2 5288/5614/1147 5287/5613/1146
f 5282/5608/2 5289/5615/1148 5288/5614/1147
f 5282/5608/2 5290/5616/1149 5289/5615/1148
f 5282/5608/2 5291/5617/1150 5290/5616/1149
f 5282/5608/2 5292/5618/1282 5291/5617/1150
f 5282/5608/2 5293/5619/1152 5292/5618/1282
f 5282/5608/2 5294/5620/1153 5293/5619/1152
f 5282/5608/2 5295/5621/1154 5294/5620/1153
f 5282/5608/2 5296/5622/1155 5295/5621/1154
f 5282/5608/2 5297/5623/1156 5296/5622/1155
f 5282/5608/2 5298/5624/1157 5297/5623/1156
f 5282/5608/2 5299/5625/1158 5298/5624/1157
f 5282/5608/2 5300/5626/1159 5299/5625/1158
f 5282/5608/2 5301/5627/1160 5300/5626/1159
f 5282/5608/2 5302/5628/1161 5301/5627/1160
f 5282/5608/2 5283/5610/1143 5302/5628/1161
f 5304/5629/1162 5303/5630/1163 5283/5610/1143 5284/5609/1142
f 5305/5631/1298 5304/5629/1162 5284/5609/1142 5285/5611/1144
f 5306/5632/1356 5305/5631/1298 5285/5611/1144 5286/5612/1145
f 5307/5633/1166 5306/5632/1356 5286/5612/1145 5287/5613/1146
f 5308/5634/1300 5307/5633/1166 5287/5613/1146 5288/5614/1147
f 5309/5635/1357 5308/5634/1300 5288/5614/1147 5289/5615/1148
f 5310/5636/1301 5309/5635/1357 5289/5615/1148 5290/5616/1149
f 5311/5637/1170 5310/5636/1301 5290/5616/1149 5291/5617/1150
f 5312/5638/1171 5311/5637/1170 5291/5617/1150 5292/5618/1282
f 5313/5639/1302 5312/5638/1171 5292/5618/1282 5293/5619/1152
f 5314/5640/1173 5313/5639/1302 5293/5619/1152 5294/5620/1153
f 5315/5641/1174 5314/5640/1173 5294/5620/1153 5295/5621/1154
f 5316/5642/1303 5315/5641/1174 5295/5621/1154 5296/5622/1155
f 5317/5643/1304 5316/5642/1303 5296/5622/1155 5297/5623/1156
f 5318/5644/1305 5317/5643/1304 5297/5623/1156 5298/5624/1157
f 5319/5645/1178 5318/5644/1305 5298/5624/1157 5299/5625/1158
f 5320/5646/1306 5319/5645/1178 5299/5625/1158 5300/5626/1159
f 5321/5647/1307 5320/5646/1306 5300/5626/1159 5301/5627/1160
f 5322/5648/1181 5321/5647/1307 5301/5627/1160 5302/5628/1161
f 5303/5630/1163 5322/5648/1181 5302/5628/1161 5283/5610/1143
f 5324/5649/1358 5323/5650/1183 5303/5630/1163 5304/5629/1162
f 5325/5651/1184 5324/5649/1358 5304/5629/1162 5305/5631/1298
f 5326/5652/1185 5325/5651/1184 5305/5631/1298 5306/5632/1356
f 5327/5653/1186 5326/5652/1185 5306/5632/1356 5307/5633/1166
f 5328/5654/1187 5327/5653/1186 5307/5633/1166 5308/5634/1300
f 5329/5655/1188 5328/5654/1187 5308/5634/1300 5309/5635/1357
f 5330/5656/1308 5329/5655/1188 5309/5635/1357 5310/5636/1301
f 5331/5657/1309 5330/5656/1308 5310/5636/1301 5311/5637/1170
f 5332/5658/1310 5331/5657/1309 5311/5637/1170 5312/5638/1171
f 5333/5659/1192 5332/5658/1310 5312/5638/1171 5313/5639/1302
f 5334/5660/1286 5333/5659/1192 5313/5639/1302 5314/5640/1173
f 5335/5661/1311 5334/5660/1286 5314/5640/1173 5315/5641/1174
f 5336/5662/1312 5335/5661/1311 5315/5641/1174 5316/5642/1303
f 5337/5663/1196 5336/5662/1312 5316/5642/1303 5317/5643/1304
f 5338/5664/1197 5337/5663/1196 5317/5643/1304 5318/5644/1305
f 5339/5665/1313 5338/5664/1197 5318/5644/1305 5319/5645/1178
f 5340/5666/1199 5339/5665/1313 5319/5645/1178 5320/5646/1306
f 5341/5667/1200 5340/5666/1199 5320/5646/1306 5321/5647/1307
f 5342/5668/1201 5341/5667/1200 5321/5647/1307 5322/5648/1181
f 5323/5650/1183 5342/5668/1201 5322/5648/1181 5303/5630/1163
f 5344/5669/1202 5343/5670/1203 5323/5650/1183 5324/5649/1358
f 5345/5671/1314 5344/5669/1202 5324/5649/1358 5325/5651/1184
f 5346/5672/1315 5345/5671/1314 5325/5651/1184 5326/5652/1185
f 5347/5673/1206 5346/5672/1315 5326/5652/1185 5327/5653/1186
f 5348/5674/1207 5347/5673/1206 5327/5653/1186 5328/5654/1187
f 5349/5675/1316 5348/5674/1207 5328/5654/1187 5329/5655/1188
f 5350/5676/1317 5349/5675/1316 5329/5655/1188 5330/5656/1308
f 5351/5677/1359 5350/5676/1317 5330/5656/1308 5331/5657/1309
f 5352/5678/1318 5351/5677/1359 5331/5657/1309 5332/5658/1310
f 5353/5679/1212 5352/5678/1318 5332/5658/1310 5333/5659/1192
f 5354/5680/1319 5353/5679/1212 5333/5659/1192 5334/5660/1286
f 5355/5681/1214 5354/5680/1319 5334/5660/1286 5335/5661/1311
f 5356/5682/1320 5355/5681/1214 5335/5661/1311 5336/5662/1312
f 5357/5683/1321 5356/5682/1320 5336/5662/1312 5337/5663/1196
f 5358/5684/1217 5357/5683/1321 5337/5663/1196 5338/5664/1197
f 5359/5685/1218 5358/5684/1217 5338/5664/1197 5339/5665/1313
f 5360/5686/1322 5359/5685/1218 5339/5665/1313 5340/5666/1199
f 5361/5687/1323 5360/5686/1322 5340/5666/1199 5341/5667/1200
f 5362/5688/1324 5361/5687/1323 5341/5667/1200 5342/5668/1201
f 5343/5670/1203 5362/5688/1324 5342/5668/1201 5323/5650/1183
f 5364/5689/1222 5363/5690/1223 5343/5670/1203 5344/5669/1202
f 5365/5691/1325 5364/5689/1222 5344/5669/1202 5345/5671/1314
f 5366/5692/1225 5365/5691/1325 5345/5671/1314 5346/5672/1315
f 5367/5693/1226 5366/5692/1225 5346/5672/1315 5347/5673/1206
f 5368/5694/1326 5367/5693/1226 5347/5673/1206 5348/5674/1207
f 5369/5695/1228 5368/5694/1326 5348/5674/1207 5349/5675/1316
f 5370/5696/1229 5369/5695/1228 5349/5675/1316 5350/5676/1317
f 5371/5697/1327 5370/5696/1229 5350/5676/1317 5351/5677/1359
f 5372/5698/1231 5371/5697/1327 5351/5677/1359 5352/5678/1318
f 5373/5699/1232 5372/5698/1231 5352/5678/1318 5353/5679/1212
f 5374/5700/1233 5373/5699/1232 5353/5679/1212 5354/5680/1319
f 5375/5701/1328 5374/5700/1233 5354/5680/1319 5355/5681/1214
f 5376/5702/1235 5375/5701/1328 5355/5681/1214 5356/5682/1320
f 5377/5703/1236 5376/5702/1235 5356/5682/1320 5357/5683/1321
f 5378/5704/1329 5377/5703/1236 5357/5683/1321 5358/5684/1217
f 5379/5705/1238 5378/5704/1329 5358/5684/1217 5359/5685/1218
f 5380/5706/1239 5379/5705/1238 5359/5685/1218 5360/5686/1322
f 5381/5707/1330 5380/5706/1239 5360/5686/1322 5361/5687/1323
f 5382/5708/1241 5381/5707/1330 5361/5687/1323 5362/5688/1324
f 5363/5690/1223 5382/5708/1241 5362/5688/1324 5343/5670/1203
f 5384/5709/1331 5383/5710/1243 5363/5690/1223 5364/5689/1222
f 5385/5711/1332 5384/5709/1331 5364/5689/1222 5365/5691/1325
f 5386/5712/1333 5385/5711/1332 5365/5691/1325 5366/5692/1225
f 5387/5713/1334 5386/5712/1333 5366/5692/1225 5367/5693/1226
f 5388/5714/1247 5387/5713/1334 5367/5693/1226 5368/5694/1326
f 5389/5715/1248 5388/5714/1247 5368/5694/1326 5369/5695/1228
f 5390/5716/1335 5389/5715/1248 5369/5695/1228 5370/5696/1229
f 5391/5717/1250 5390/5716/1335 5370/5696/1229 5371/5697/1327
f 5392/5718/1251 5391/5717/1250 5371/5697/1327 5372/5698/1231
f 5393/5719/1252 5392/5718/1251 5372/5698/1231 5373/5699/1232
f 5394/5720/1253 5393/5719/1252 5373/5699/1232 5374/5700/1233
f 5395/5721/1254 5394/5720/1253 5374/5700/1233 5375/5701/1328
f 5396/5722/1336 5395/5721/1254 5375/5701/1328 5376/5702/1235
f 5397/5723/1256 5396/5722/1336 5376/5702/1235 5377/5703/1236
f 5398/5724/1337 5397/5723/1256 5377/5703/1236 5378/5704/1329
f 5399/5725/1338 5398/5724/1337 5378/5704/1329 5379/5705/1238
f 5400/5726/1339 5399/5725/1338 5379/5705/1238 5380/5706/1239
f 5401/5727/1340 5400/5726/1339 5380/5706/1239 5381/5707/1330
f 5402/5728/1341 5401/5727/1340 5381/5707/1330 5382/5708/1241
f 5383/5710/1243 5402/5728/1341 5382/5708/1241 5363/5690/1223
f 5404/5729/935 5403/5730/1 5423/5731/1 5424/5732/935
f 5405/5733/936 5404/5729/935 5424/5732/935 5425/5734/936
f 5406/5735/937 5405/5733/936 5425/5734/936 5426/5736/937
f 5407/5737/938 5406/5735/937 5426/5736/937 5427/5738/938
f 5408/5739/59 5407/5737/938 5427/5738/938 5428/5740/59
f 5409/5741/939 5408/5739/59 5428/5740/59 5429/5742/939
f 5410/5743/940 5409/5741/939 5429/5742/939 5430/5744/940
f 5411/5745/941 5410/5743/940 5430/5744/940 5431/5746/941
f 5412/5747/942 5411/5745/941 5431/5746/941 5432/5748/942
f 5413/5749/3 5412/5747/942 5432/5748/942 5433/5750/3
f 5414/5751/943 5413/5749/3 5433/5750/3 5434/5752/943
f 5415/5753/944 5414/5751/943 5434/5752/943 5435/5754/944
f 5416/5755/945 5415/5753/944 5435/5754/944 5436/5756/945
f 5417/5757/946 5416/5755/945 5436/5756/945 5437/5758/946
f 5418/5759/93 5417/5757/946 5437/5758/946 5438/5760/93
f 5419/5761/947 5418/5759/93 5438/5760/93 5439/5762/947
f 5420/5763/948 5419/5761/947 5439/5762/947 5440/5764/948
f 5421/5765/949 5420/5763/948 5440/5764/948 5441/5766/949
f 5422/5767/950 5421/5765/949 5441/5766/949 5442/5768/950
f 5403/5730/1 5422/5767/950 5442/5768/950 5423/5731/1
s 0
f 5383/5710/1262 5384/5709/1262 5424/5732/1262 5423/5731/1262
f 5384/5709/1288 5385/5711/1288 5425/5734/1288 5424/5732/1288
f 5385/5711/1360 5386/5712/1360 5426/5736/1360 5425/5734/1360
f 5386/5712/1343 5387/5713/1343 5427/5738/1343 5426/5736/1343
f 5387/5713/1344 5388/5714/1344 5428/5740/1344 5427/5738/1344
f 5388/5714/1345 5389/5715/1345 5429/5742/1345 5428/5740/1345
f 5389/5715/1346 5390/5716/1346 5430/5744/1346 5429/5742/1346
f 5390/5716/1347 5391/5717/1347 5431/5746/1347 5430/5744/1347
f 5391/5717/1270 5392/5718/1270 5432/5748/1270 5431/5746/1270
f 5392/5718/1292 5393/5719/1292 5433/5750/1292 5432/5748/1292
f 5393/5719/1293 5394/5720/1293 5434/5752/1293 5433/5750/1293
f 5394/5720/1273 5395/5721/1273 5435/5754/1273 5434/5752/1273
f 5395/5721/1361 5396/5722/1361 5436/5756/1361 5435/5754/1361
f 5396/5722/1362 5397/5723/1362 5437/5758/1362 5436/5756/1362
f 5397/5723/1350 5398/5724/1350 5438/5760/1350 5437/5758/1350
f 5398/5724/1363 5399/5725/1363 5439/5762/1363 5438/5760/1363
f 5399/5725/1352 5400/5726/1352 5440/5764/1352 5439/5762/1352
f 5400/5726/1364 5401/5727/1364 5441/5766/1364 5440/5764/1364
f 5401/5727/1365 5402/5728/1365 5442/5768/1365 5441/5766/1365
f 5402/5728/1355 5383/5710/1355 5423/5731/1355 5442/5768/1355
s 1
f 5443/5769/2 5445/5770/1142 5444/5771/1143
f 5443/5769/2 5446/5772/1144 5445/5770/1142
f 5443/5769/2 5447/5773/1145 5446/5772/1144
f 5443/5769/2 5448/5774/1146 5447/5773/1145
f 5443/5769/2 5449/5775/1147 5448/5774/1146
f 5443/5769/2 5450/5776/1148 5449/5775/1147
f 5443/5769/2 5451/5777/1149 5450/5776/1148
f 5443/5769/2 5452/5778/1150 5451/5777/1149
f 5443/5769/2 5453/5779/1282 5452/5778/1150
f 5443/5769/2 5454/5780/1152 5453/5779/1282
f 5443/5769/2 5455/5781/1153 5454/5780/1152
f 5443/5769/2 5456/5782/1154 5455/5781/1153
f 5443/5769/2 5457/5783/1155 5456/5782/1154
f 5443/5769/2 5458/5784/1156 5457/5783/1155
f 5443/5769/2 5459/5785/1366 5458/5784/1156
f 5443/5769/2 5460/5786/1158 5459/5785/1366
f 5443/5769/2 5461/5787/1159 5460/5786/1158
f 5443/5769/2 5462/5788/1160 5461/5787/1159
f 5443/5769/2 5463/5789/1161 5462/5788/1160
f 5443/5769/2 5444/5771/1143 5463/5789/1161
f 5465/5790/1162 5464/5791/1163 5444/5771/1143 5445/5770/1142
f 5466/5792/1298 5465/5790/1162 5445/5770/1142 5446/5772/1144
f 5467/5793/1356 5466/5792/1298 5446/5772/1144 5447/5773/1145
f 5468/5794/1166 5467/5793/1356 5447/5773/1145 5448/5774/1146
f 5469/5795/1300 5468/5794/1166 5448/5774/1146 5449/5775/1147
f 5470/5796/1357 5469/5795/1300 5449/5775/1147 5450/5776/1148
f 5471/5797/1301 5470/5796/1357 5450/5776/1148 5451/5777/1149
f 5472/5798/1170 5471/5797/1301 5451/5777/1149 5452/5778/1150
f 5473/5799/1171 5472/5798/1170 5452/5778/1150 5453/5779/1282
f 5474/5800/1302 5473/5799/1171 5453/5779/1282 5454/5780/1152
f 5475/5801/1173 5474/5800/1302 5454/5780/1152 5455/5781/1153
f 5476/5802/1174 5475/5801/1173 5455/5781/1153 5456/5782/1154
f 5477/5803/1303 5476/5802/1174 5456/5782/1154 5457/5783/1155
f 5478/5804/1304 5477/5803/1303 5457/5783/1155 5458/5784/1156
f 5479/5805/1305 5478/5804/1304 5458/5784/1156 5459/5785/1366
f 5480/5806/1178 5479/5805/1305 5459/5785/1366 5460/5786/1158
f 5481/5807/1306 5480/5806/1178 5460/5786/1158 5461/5787/1159
f 5482/5808/1307 5481/5807/1306 5461/5787/1159 5462/5788/1160
f 5483/5809/1181 5482/5808/1307 5462/5788/1160 5463/5789/1161
f 5464/5791/1163 5483/5809/1181 5463/5789/1161 5444/5771/1143
f 5485/5810/1182 5484/5811/1183 5464/5791/1163 5465/5790/1162
f 5486/5812/1184 5485/5810/1182 5465/5790/1162 5466/5792/1298
f 5487/5813/1185 5486/5812/1184 5466/5792/1298 5467/5793/1356
f 5488/5814/1186 5487/5813/1185 5467/5793/1356 5468/5794/1166
f 5489/5815/1187 5488/5814/1186 5468/5794/1166 5469/5795/1300
f 5490/5816/1188 5489/5815/1187 5469/5795/1300 5470/5796/1357
f 5491/5817/1308 5490/5816/1188 5470/5796/1357 5471/5797/1301
f 5492/5818/1309 5491/5817/1308 5471/5797/1301 5472/5798/1170
f 5493/5819/1191 5492/5818/1309 5472/5798/1170 5473/5799/1171
f 5494/5820/1192 5493/5819/1191 5473/5799/1171 5474/5800/1302
f 5495/5821/1193 5494/5820/1192 5474/5800/1302 5475/5801/1173
f 5496/5822/1311 5495/5821/1193 5475/5801/1173 5476/5802/1174
f 5497/5823/1312 5496/5822/1311 5476/5802/1174 5477/5803/1303
f 5498/5824/1196 5497/5823/1312 5477/5803/1303 5478/5804/1304
f 5499/5825/1197 5498/5824/1196 5478/5804/1304 5479/5805/1305
f 5500/5826/1313 5499/5825/1197 5479/5805/1305 5480/5806/1178
f 5501/5827/1199 5500/5826/1313 5480/5806/1178 5481/5807/1306
f 5502/5828/1200 5501/5827/1199 5481/5807/1306 5482/5808/1307
f 5503/5829/1201 5502/5828/1200 5482/5808/1307 5483/5809/1181
f 5484/5811/1183 5503/5829/1201 5483/5809/1181 5464/5791/1163
f 5505/5830/1202 5504/5831/1203 5484/5811/1183 5485/5810/1182
f 5506/5832/1204 5505/5830/1202 5485/5810/1182 5486/5812/1184
f 5507/5833/1315 5506/5832/1204 5486/5812/1184 5487/5813/1185
f 5508/5834/1206 5507/5833/1315 5487/5813/1185 5488/5814/1186
f 5509/5835/1207 5508/5834/1206 5488/5814/1186 5489/5815/1187
f 5510/5836/1316 5509/5835/1207 5489/5815/1187 5490/5816/1188
f 5511/5837/1317 5510/5836/1316 5490/5816/1188 5491/5817/1308
f 5512/5838/1359 5511/5837/1317 5491/5817/1308 5492/5818/1309
f 5513/5839/1318 5512/5838/1359 5492/5818/1309 5493/5819/1191
f 5514/5840/1212 5513/5839/1318 5493/5819/1191 5494/5820/1192
f 5515/5841/1319 5514/5840/1212 5494/5820/1192 5495/5821/1193
f 5516/5842/1367 5515/5841/1319 5495/5821/1193 5496/5822/1311
f 5517/5843/1320 5516/5842/1367 5496/5822/1311 5497/5823/1312
f 5518/5844/1321 5517/5843/1320 5497/5823/1312 5498/5824/1196
f 5519/5845/1217 5518/5844/1321 5498/5824/1196 5499/5825/1197
f 5520/5846/1218 5519/5845/1217 5499/5825/1197 5500/5826/1313
f 5521/5847/1322 5520/5846/1218 5500/5826/1313 5501/5827/1199
f 5522/5848/1220 5521/5847/1322 5501/5827/1199 5502/5828/1200
f 5523/5849/1324 5522/5848/1220 5502/5828/1200 5503/5829/1201
f 5504/5831/1203 5523/5849/1324 5503/5829/1201 5484/5811/1183
f 5525/5850/1222 5524/5851/1223 5504/5831/1203 5505/5830/1202
f 5526/5852/1325 5525/5850/1222 5505/5830/1202 5506/5832/1204
f 5527/5853/1225 5526/5852/1325 5506/5832/1204 5507/5833/1315
f 5528/5854/1226 5527/5853/1225 5507/5833/1315 5508/5834/1206
f 5529/5855/1326 5528/5854/1226 5508/5834/1206 5509/5835/1207
f 5530/5856/1228 5529/5855/1326 5509/5835/1207 5510/5836/1316
f 5531/5857/1229 5530/5856/1228 5510/5836/1316 5511/5837/1317
f 5532/5858/1327 5531/5857/1229 5511/5837/1317 5512/5838/1359
f 5533/5859/1231 5532/5858/1327 5512/5838/1359 5513/5839/1318
f 5534/5860/1232 5533/5859/1231 5513/5839/1318 5514/5840/1212
f 5535/5861/1233 5534/5860/1232 5514/5840/1212 5515/5841/1319
f 5536/5862/1328 5535/5861/1233 5515/5841/1319 5516/5842/1367
f 5537/5863/1235 5536/5862/1328 5516/5842/1367 5517/5843/1320
f 5538/5864/1236 5537/5863/1235 5517/5843/1320 5518/5844/1321
f 5539/5865/1329 5538/5864/1236 5518/5844/1321 5519/5845/1217
f 5540/5866/1238 5539/5865/1329 5519/5845/1217 5520/5846/1218
f 5541/5867/1239 5540/5866/1238 5520/5846/1218 5521/5847/1322
f 5542/5868/1330 5541/5867/1239 5521/5847/1322 5522/5848/1220
f 5543/5869/1241 5542/5868/1330 5522/5848/1220 5523/5849/1324
f 5524/5851/1223 5543/5869/1241 5523/5849/1324 5504/5831/1203
f 5545/5870/1331 5544/5871/1243 5524/5851/1223 5525/5850/1222
f 5546/5872/1332 5545/5870/1331 5525/5850/1222 5526/5852/1325
f 5547/5873/1333 5546/5872/1332 5526/5852/1325 5527/5853/1225
f 5548/5874/1368 5547/5873/1333 5527/5853/1225 5528/5854/1226
f 5549/5875/1247 5548/5874/1368 5528/5854/1226 5529/5855/1326
f 5550/5876/1248 5549/5875/1247 5529/5855/1326 5530/5856/1228
f 5551/5877/1335 5550/5876/1248 5530/5856/1228 5531/5857/1229
f 5552/5878/1250 5551/5877/1335 5531/5857/1229 5532/5858/1327
f 5553/5879/1251 5552/5878/1250 5532/5858/1327 5533/5859/1231
f 5554/5880/1252 5553/5879/1251 5533/5859/1231 5534/5860/1232
f 5555/5881/1253 5554/5880/1252 5534/5860/1232 5535/5861/1233
f 5556/5882/1254 5555/5881/1253 5535/5861/1233 5536/5862/1328
f 5557/5883/1336 5556/5882/1254 5536/5862/1328 5537/5863/1235
f 5558/5884/1256 5557/5883/1336 5537/5863/1235 5538/5864/1236
f 5559/5885/1337 5558/5884/1256 5538/5864/1236 5539/5865/1329
f 5560/5886/1338 5559/5885/1337 5539/5865/1329 5540/5866/1238
f 5561/5887/1339 5560/5886/1338 5540/5866/1238 5541/5867/1239
f 5562/5888/1340 5561/5887/1339 5541/5867/1239 5542/5868/1330
f 5563/5889/1261 5562/5888/1340 5542/5868/1330 5543/5869/1241
f 5544/5871/1243 5563/5889/1261 5543/5869/1241 5524/5851/1223
f 5565/5890/935 5564/5891/1 5584/5892/1 5585/5893/935
f 5566/5894/936 5565/5890/935 5585/5893/935 5586/5895/936
f 5567/5896/937 5566/5894/936 5586/5895/936 5587/5897/937
f 5568/5898/938 5567/5896/937 5587/5897/937 5588/5899/938
f 5569/5900/59 5568/5898/938 5588/5899/938 5589/5901/59
f 5570/5902/939 5569/5900/59 5589/5901/59 5590/5903/939
f 5571/5904/940 5570/5902/939 5590/5903/939 5591/5905/940
f 5572/5906/941 5571/5904/940 5591/5905/940 5592/5907/941
f 5573/5908/942 5572/5906/941 5592/5907/941 5593/5909/942
f 5574/5910/3 5573/5908/942 5593/5909/942 5594/5911/3
f 5575/5912/943 5574/5910/3 5594/5911/3 5595/5913/943
f 5576/5914/944 5575/5912/943 5595/5913/943 5596/5915/944
f 5577/5916/945 5576/5914/944 5596/5915/944 5597/5917/945
f 5578/5918/946 5577/5916/945 5597/5917/945 5598/5919/946
f 5579/5920/93 5578/5918/946 5598/5919/946 5599/5921/93
f 5580/5922/947 5579/5920/93 5599/5921/93 5600/5923/947
f 5581/5924/948 5580/5922/947 5600/5923/947 5601/5925/948
f 5582/5926/949 5581/5924/948 5601/5925/948 5602/5927/949
f 5583/5928/950 5582/5926/949 5602/5927/949 5603/5929/950
f 5564/5891/1 5583/5928/950 5603/5929/950 5584/5892/1
s 0
f 5544/5871/1262 5545/5870/1262 5585/5893/1262 5584/5892/1262
f 5545/5870/1369 5546/5872/1369 5586/5895/1369 5585/5893/1369
f 5546/5872/1370 5547/5873/1370 5587/5897/1370 5586/5895/1370
f 5547/5873/1343 5548/5874/1343 5588/5899/1343 5587/5897/1343
f 5548/5874/1344 5549/5875/1344 5589/5901/1344 5588/5899/1344
f 5549/5875/1345 5550/5876/1345 5590/5903/1345 5589/5901/1345
f 5550/5876/1346 5551/5877/1346 5591/5905/1346 5590/5903/1346
f 5551/5877/1371 5552/5878/1371 5592/5907/1371 5591/5905/1371
f 5552/5878/1270 5553/5879/1270 5593/5909/1270 5592/5907/1270
f 5553/5879/1292 5554/5880/1292 5594/5911/1292 5593/5909/1292
f 5554/5880/1293 5555/5881/1293 5595/5913/1293 5594/5911/1293
f 5555/5881/1273 5556/5882/1273 5596/5915/1273 5595/5913/1273
f 5556/5882/1372 5557/5883/1372 5597/5917/1372 5596/5915/1372
f 5557/5883/1373 5558/5884/1373 5598/5919/1373 5597/5917/1373
f 5558/5884/1350 5559/5885/1350 5599/5921/1350 5598/5919/1350
f 5559/5885/1363 5560/5886/1363 5600/5923/1363 5599/5921/1363
f 5560/5886/1352 5561/5887/1352 5601/5925/1352 5600/5923/1352
f 5561/5887/1374 5562/5888/1374 5602/5927/1374 5601/5925/1374
f 5562/5888/1354 5563/5889/1354 5603/5929/1354 5602/5927/1354
f 5563/5889/1355 5544/5871/1355 5584/5892/1355 5603/5929/1355
s 1
f 5604/5930/2 5606/5931/1142 5605/5932/1143
f 5604/5930/2 5607/5933/1144 5606/5931/1142
f 5604/5930/2 5608/5934/1145 5607/5933/1144
f 5604/5930/2 5609/5935/1146 5608/5934/1145
f 5604/5930/2 5610/5936/1147 5609/5935/1146
f 5604/5930/2 5611/5937/1148 5610/5936/1147
f 5604/5930/2 5612/5938/1149 5611/5937/1148
f 5604/5930/2 5613/5939/1150 5612/5938/1149
f 5604/5930/2 5614/5940/1282 5613/5939/1150
f 5604/5930/2 5615/5941/1152 5614/5940/1282
f 5604/5930/2 5616/5942/1153 5615/5941/1152
f 5604/5930/2 5617/5943/1154 5616/5942/1153
f 5604/5930/2 5618/5944/1155 5617/5943/1154
f 5604/5930/2 5619/5945/1156 5618/5944/1155
f 5604/5930/2 5620/5946/1157 5619/5945/1156
f 5604/5930/2 5621/5947/1158 5620/5946/1157
f 5604/5930/2 5622/5948/1159 5621/5947/1158
f 5604/5930/2 5623/5949/1160 5622/5948/1159
f 5604/5930/2 5624/5950/1161 5623/5949/1160
f 5604/5930/2 5605/5932/1143 5624/5950/1161
f 5626/5951/1162 5625/5952/1163 5605/5932/1143 5606/5931/1142
f 5627/5953/1298 5626/5951/1162 5606/5931/1142 5607/5933/1144
f 5628/5954/1356 5627/5953/1298 5607/5933/1144 5608/5934/1145
f 5629/5955/1166 5628/5954/1356 5608/5934/1145 5609/5935/1146
f 5630/5956/1300 5629/5955/1166 5609/5935/1146 5610/5936/1147
f 5631/5957/1357 5630/5956/1300 5610/5936/1147 5611/5937/1148
f 5632/5958/1301 5631/5957/1357 5611/5937/1148 5612/5938/1149
f 5633/5959/1170 5632/5958/1301 5612/5938/1149 5613/5939/1150
f 5634/5960/1171 5633/5959/1170 5613/5939/1150 5614/5940/1282
f 5635/5961/1302 5634/5960/1171 5614/5940/1282 5615/5941/1152
f 5636/5962/1173 5635/5961/1302 5615/5941/1152 5616/5942/1153
f 5637/5963/1174 5636/5962/1173 5616/5942/1153 5617/5943/1154
f 5638/5964/1303 5637/5963/1174 5617/5943/1154 5618/5944/1155
f 5639/5965/1304 5638/5964/1303 5618/5944/1155 5619/5945/1156
f 5640/5966/1305 5639/5965/1304 5619/5945/1156 5620/5946/1157
f 5641/5967/1178 5640/5966/1305 5620/5946/1157 5621/5947/1158
f 5642/5968/1306 5641/5967/1178 5621/5947/1158 5622/5948/1159
f 5643/5969/1307 5642/5968/1306 5622/5948/1159 5623/5949/1160
f 5644/5970/1181 5643/5969/1307 5623/5949/1160 5624/5950/1161
f 5625/5952/1163 5644/5970/1181 5624/5950/1161 5605/5932/1143
f 5646/5971/1182 5645/5972/1183 5625/5952/1163 5626/5951/1162
f 5647/5973/1184 5646/5971/1182 5626/5951/1162 5627/5953/1298
f 5648/5974/1185 5647/5973/1184 5627/5953/1298 5628/5954/1356
f 5649/5975/1186 5648/5974/1185 5628/5954/1356 5629/5955/1166
f 5650/5976/1187 5649/5975/1186 5629/5955/1166 5630/5956/1300
f 5651/5977/1188 5650/5976/1187 5630/5956/1300 5631/5957/1357
f 5652/5978/1308 5651/5977/1188 5631/5957/1357 5632/5958/1301
f 5653/5979/1309 5652/5978/1308 5632/5958/1301 5633/5959/1170
f 5654/5980/1310 5653/5979/1309 5633/5959/1170 5634/5960/1171
f 5655/5981/1192 5654/5980/1310 5634/5960/1171 5635/5961/1302
f 5656/5982/1286 5655/5981/1192 5635/5961/1302 5636/5962/1173
f 5657/5983/1311 5656/5982/1286 5636/5962/1173 5637/5963/1174
f 5658/5984/1312 5657/5983/1311 5637/5963/1174 5638/5964/1303
f 5659/5985/1196 5658/5984/1312 5638/5964/1303 5639/5965/1304
f 5660/5986/1197 5659/5985/1196 5639/5965/1304 5640/5966/1305
f 5661/5987/1313 5660/5986/1197 5640/5966/1305 5641/5967/1178
f 5662/5988/1199 5661/5987/1313 5641/5967/1178 5642/5968/1306
f 5663/5989/1200 5662/5988/1199 5642/5968/1306 5643/5969/1307
f 5664/5990/1201 5663/5989/1200 5643/5969/1307 5644/5970/1181
f 5645/5972/1183 5664/5990/1201 5644/5970/1181 5625/5952/1163
f 5666/5991/1202 5665/5992/1203 5645/5972/1183 5646/5971/1182
f 5667/5993/1314 5666/5991/1202 5646/5971/1182 5647/5973/1184
f 5668/5994/1315 5667/5993/1314 5647/5973/1184 5648/5974/1185
f 5669/5995/1206 5668/5994/1315 5648/5974/1185 5649/5975/1186
f 5670/5996/1207 5669/5995/1206 5649/5975/1186 5650/5976/1187
f 5671/5997/1316 5670/5996/1207 5650/5976/1187 5651/5977/1188
f 5672/5998/1317 5671/5997/1316 5651/5977/1188 5652/5978/1308
f 5673/5999/1210 5672/5998/1317 5652/5978/1308 5653/5979/1309
f 5674/6000/1318 5673/5999/1210 5653/5979/1309 5654/5980/1310
f 5675/6001/1212 5674/6000/1318 5654/5980/1310 5655/5981/1192
f 5676/6002/1319 5675/6001/1212 5655/5981/1192 5656/5982/1286
f 5677/6003/1214 5676/6002/1319 5656/5982/1286 5657/5983/1311
f 5678/6004/1320 5677/6003/1214 5657/5983/1311 5658/5984/1312
f 5679/6005/1321 5678/6004/1320 5658/5984/1312 5659/5985/1196
f 5680/6006/1217 5679/6005/1321 5659/5985/1196 5660/5986/1197
f 5681/6007/1218 5680/6006/1217 5660/5986/1197 5661/5987/1313
f 5682/6008/1322 5681/6007/1218 5661/5987/1313 5662/5988/1199
f 5683/6009/1323 5682/6008/1322 5662/5988/1199 5663/5989/1200
f 5684/6010/1324 5683/6009/1323 5663/5989/1200 5664/5990/1201
f 5665/5992/1203 5684/6010/1324 5664/5990/1201 5645/5972/1183
f 5686/6011/1222 5685/6012/1223 5665/5992/1203 5666/5991/1202
f 5687/6013/1325 5686/6011/1222 5666/5991/1202 5667/5993/1314
f 5688/6014/1225 5687/6013/1325 5667/5993/1314 5668/5994/1315
f 5689/6015/1226 5688/6014/1225 5668/5994/1315 5669/5995/1206
f 5690/6016/1326 5689/6015/1226 5669/5995/1206 5670/5996/1207
f 5691/6017/1228 5690/6016/1326 5670/5996/1207 5671/5997/1316
f 5692/6018/1229 5691/6017/1228 5671/5997/1316 5672/5998/1317
f 5693/6019/1327 5692/6018/1229 5672/5998/1317 5673/5999/1210
f 5694/6020/1231 5693/6019/1327 5673/5999/1210 5674/6000/1318
f 5695/6021/1232 5694/6020/1231 5674/6000/1318 5675/6001/1212
f 5696/6022/1233 5695/6021/1232 5675/6001/1212 5676/6002/1319
f 5697/6023/1328 5696/6022/1233 5676/6002/1319 5677/6003/1214
f 5698/6024/1235 5697/6023/1328 5677/6003/1214 5678/6004/1320
f 5699/6025/1236 5698/6024/1235 5678/6004/1320 5679/6005/1321
f 5700/6026/1329 5699/6025/1236 5679/6005/1321 5680/6006/1217
f 5701/6027/1238 5700/6026/1329 5680/6006/1217 5681/6007/1218
f 5702/6028/1239 5701/6027/1238 5681/6007/1218 5682/6008/1322
f 5703/6029/1375 5702/6028/1239 5682/6008/1322 5683/6009/1323
f 5704/6030/1241 5703/6029/1375 5683/6009/1323 5684/6010/1324
f 5685/6012/1223 5704/6030/1241 5684/6010/1324 5665/5992/1203
f 5706/6031/1331 5705/6032/1243 5685/6012/1223 5686/6011/1222
f 5707/6033/1332 5706/6031/1331 5686/6011/1222 5687/6013/1325
f 5708/6034/1333 5707/6033/1332 5687/6013/1325 5688/6014/1225
f 5709/6035/1334 5708/6034/1333 5688/6014/1225 5689/6015/1226
f 5710/6036/1247 5709/6035/1334 5689/6015/1226 5690/6016/1326
f 5711/6037/1248 5710/6036/1247 5690/6016/1326 5691/6017/1228
f 5712/6038/1376 5711/6037/1248 5691/6017/1228 5692/6018/1229
f 5713/6039/1250 5712/6038/1376 5692/6018/1229 5693/6019/1327
f 5714/6040/1251 5713/6039/1250 5693/6019/1327 5694/6020/1231
f 5715/6041/1252 5714/6040/1251 5694/6020/1231 5695/6021/1232
f 5716/6042/1253 5715/6041/1252 5695/6021/1232 5696/6022/1233
f 5717/6043/1254 5716/6042/1253 5696/6022/1233 5697/6023/1328
f 5718/6044/1336 5717/6043/1254 5697/6023/1328 5698/6024/1235
f 5719/6045/1256 5718/6044/1336 5698/6024/1235 5699/6025/1236
f 5720/6046/1337 5719/6045/1256 5699/6025/1236 5700/6026/1329
f 5721/6047/1338 5720/6046/1337 5700/6026/1329 5701/6027/1238
f 5722/6048/1339 5721/6047/1338 5701/6027/1238 5702/6028/1239
f 5723/6049/1340 5722/6048/1339 5702/6028/1239 5703/6029/1375
f 5724/6050/1261 5723/6049/1340 5703/6029/1375 5704/6030/1241
f 5705/6032/1243 5724/6050/1261 5704/6030/1241 5685/6012/1223
f 5726/6051/935 5725/6052/1 5745/6053/1 5746/6054/935
f 5727/6055/936 5726/6051/935 5746/6054/935 5747/6056/936
f 5728/6057/937 5727/6055/936 5747/6056/936 5748/6058/937
f 5729/6059/938 5728/6057/937 5748/6058/937 5749/6060/938
f 5730/6061/59 5729/6059/938 5749/6060/938 5750/6062/59
f 5731/6063/939 5730/6061/59 5750/6062/59 5751/6064/939
f 5732/6065/940 5731/6063/939 5751/6064/939 5752/6066/940
f 5733/6067/941 5732/6065/940 5752/6066/940 5753/6068/941
f 5734/6069/942 5733/6067/941 5753/6068/941 5754/6070/942
f 5735/6071/3 5734/6069/942 5754/6070/942 5755/6072/3
f 5736/6073/943 5735/6071/3 5755/6072/3 5756/6074/943
f 5737/6075/944 5736/6073/943 5756/6074/943 5757/6076/944
f 5738/6077/945 5737/6075/944 5757/6076/944 5758/6078/945
f 5739/6079/946 5738/6077/945 5758/6078/945 5759/6080/946
f 5740/6081/93 5739/6079/946 5759/6080/946 5760/6082/93
f 5741/6083/947 5740/6081/93 5760/6082/93 5761/6084/947
f 5742/6085/948 5741/6083/947 5761/6084/947 5762/6086/948
f 5743/6087/949 5742/6085/948 5762/6086/948 5763/6088/949
f 5744/6089/950 5743/6087/949 5763/6088/949 5764/6090/950
f 5725/6052/1 5744/6089/950 5764/6090/950 5745/6053/1
s 0
f 5705/6032/1262 5706/6031/1262 5746/6054/1262 5745/6053/1262
f 5706/6031/1377 5707/6033/1377 5747/6056/1377 5746/6054/1377
f 5707/6033/1360 5708/6034/1360 5748/6058/1360 5747/6056/1360
f 5708/6034/1343 5709/6035/1343 5749/6060/1343 5748/6058/1343
f 5709/6035/1344 5710/6036/1344 5750/6062/1344 5749/6060/1344
f 5710/6036/1345 5711/6037/1345 5751/6064/1345 5750/6062/1345
f 5711/6037/1378 5712/6038/1378 5752/6066/1378 5751/6064/1378
f 5712/6038/1347 5713/6039/1347 5753/6068/1347 5752/6066/1347
f 5713/6039/1270 5714/6040/1270 5754/6070/1270 5753/6068/1270
f 5714/6040/1292 5715/6041/1292 5755/6072/1292 5754/6070/1292
f 5715/6041/1293 5716/6042/1293 5756/6074/1293 5755/6072/1293
f 5716/6042/1273 5717/6043/1273 5757/6076/1273 5756/6074/1273
f 5717/6043/1348 5718/6044/1348 5758/6078/1348 5757/6076/1348
f 5718/6044/1373 5719/6045/1373 5759/6080/1373 5758/6078/1373
f 5719/6045/1350 5720/6046/1350 5760/6082/1350 5759/6080/1350
f 5720/6046/1363 5721/6047/1363 5761/6084/1363 5760/6082/1363
f 5721/6047/1352 5722/6048/1352 5762/6086/1352 5761/6084/1352
f 5722/6048/1364 5723/6049/1364 5763/6088/1364 5762/6086/1364
f 5723/6049/1354 5724/6050/1354 5764/6090/1354 5763/6088/1354
f 5724/6050/1355 5705/6032/1355 5745/6053/1355 5764/6090/1355
s 1
f 5765/6091/1 5767/6092/474 5766/6093/475
f 5765/6091/1 5768/6094/473 5767/6092/474
f 5765/6091/1 5769/6095/472 5768/6094/473
f 5765/6091/1 5770/6096/471 5769/6095/472
f 5765/6091/1 5771/6097/470 5770/6096/471
f 5765/6091/1 5772/6098/469 5771/6097/470
f 5765/6091/1 5773/6099/1059 5772/6098/469
f 5765/6091/1 5774/6100/467 5773/6099/1059
f 5765/6091/1 5775/6101/466 5774/6100/467
f 5765/6091/1 5776/6102/465 5775/6101/466
f 5765/6091/1 5777/6103/484 5776/6102/465
f 5765/6091/1 5778/6104/483 5777/6103/484
f 5765/6091/1 5779/6105/621 5778/6104/483
f 5765/6091/1 5780/6106/481 5779/6105/621
f 5765/6091/1 5781/6107/480 5780/6106/481
f 5765/6091/1 5782/6108/479 5781/6107/480
f 5765/6091/1 5783/6109/478 5782/6108/479
f 5765/6091/1 5784/6110/477 5783/6109/478
f 5765/6091/1 5785/6111/476 5784/6110/477
f 5765/6091/1 5766/6093/475 5785/6111/476
f 5787/6112/494 5786/6113/495 5766/6093/475 5767/6092/474
f 5788/6114/493 5787/6112/494 5767/6092/474 5768/6094/473
f 5789/6115/492 5788/6114/493 5768/6094/473 5769/6095/472
f 5790/6116/491 5789/6115/492 5769/6095/472 5770/6096/471
f 5791/6117/490 5790/6116/491 5770/6096/471 5771/6097/470
f 5792/6118/489 5791/6117/490 5771/6097/470 5772/6098/469
f 5793/6119/488 5792/6118/489 5772/6098/469 5773/6099/1059
f 5794/6120/487 5793/6119/488 5773/6099/1059 5774/6100/467
f 5795/6121/485 5794/6120/487 5774/6100/467 5775/6101/466
f 5796/6122/486 5795/6121/485 5775/6101/466 5776/6102/465
f 5797/6123/504 5796/6122/486 5776/6102/465 5777/6103/484
f 5798/6124/503 5797/6123/504 5777/6103/484 5778/6104/483
f 5799/6125/502 5798/6124/503 5778/6104/483 5779/6105/621
f 5800/6126/501 5799/6125/502 5779/6105/621 5780/6106/481
f 5801/6127/500 5800/6126/501 5780/6106/481 5781/6107/480
f 5802/6128/499 5801/6127/500 5781/6107/480 5782/6108/479
f 5803/6129/644 5802/6128/499 5782/6108/479 5783/6109/478
f 5804/6130/497 5803/6129/644 5783/6109/478 5784/6110/477
f 5805/6131/496 5804/6130/497 5784/6110/477 5785/6111/476
f 5786/6113/495 5805/6131/496 5785/6111/476 5766/6093/475
f 5807/6132/1088 5806/6133/515 5786/6113/495 5787/6112/494
f 5808/6134/513 5807/6132/1088 5787/6112/494 5788/6114/493
f 5809/6135/512 5808/6134/513 5788/6114/493 5789/6115/492
f 5810/6136/511 5809/6135/512 5789/6115/492 5790/6116/491
f 5811/6137/510 5810/6136/511 5790/6116/491 5791/6117/490
f 5812/6138/509 5811/6137/510 5791/6117/490 5792/6118/489
f 5813/6139/508 5812/6138/509 5792/6118/489 5793/6119/488
f 5814/6140/507 5813/6139/508 5793/6119/488 5794/6120/487
f 5815/6141/1061 5814/6140/507 5794/6120/487 5795/6121/485
f 5816/6142/506 5815/6141/1061 5795/6121/485 5796/6122/486
f 5817/6143/1062 5816/6142/506 5796/6122/486 5797/6123/504
f 5818/6144/523 5817/6143/1062 5797/6123/504 5798/6124/503
f 5819/6145/522 5818/6144/523 5798/6124/503 5799/6125/502
f 5820/6146/521 5819/6145/522 5799/6125/502 5800/6126/501
f 5821/6147/520 5820/6146/521 5800/6126/501 5801/6127/500
f 5822/6148/519 5821/6147/520 5801/6127/500 5802/6128/499
f 5823/6149/518 5822/6148/519 5802/6128/499 5803/6129/644
f 5824/6150/517 5823/6149/518 5803/6129/644 5804/6130/497
f 5825/6151/1097 5824/6150/517 5804/6130/497 5805/6131/496
f 5806/6133/515 5825/6151/1097 5805/6131/496 5786/6113/495
f 5827/6152/534 5826/6153/535 5806/6133/515 5807/6132/1088
f 5828/6154/533 5827/6152/534 5807/6132/1088 5808/6134/513
f 5829/6155/624 5828/6154/533 5808/6134/513 5809/6135/512
f 5830/6156/531 5829/6155/624 5809/6135/512 5810/6136/511
f 5831/6157/530 5830/6156/531 5810/6136/511 5811/6137/510
f 5832/6158/529 5831/6157/530 5811/6137/510 5812/6138/509
f 5833/6159/528 5832/6158/529 5812/6138/509 5813/6139/508
f 5834/6160/527 5833/6159/528 5813/6139/508 5814/6140/507
f 5835/6161/525 5834/6160/527 5814/6140/507 5815/6141/1061
f 5836/6162/526 5835/6161/525 5815/6141/1061 5816/6142/506
f 5837/6163/544 5836/6162/526 5816/6142/506 5817/6143/1062
f 5838/6164/543 5837/6163/544 5817/6143/1062 5818/6144/523
f 5839/6165/542 5838/6164/543 5818/6144/523 5819/6145/522
f 5840/6166/541 5839/6165/542 5819/6145/522 5820/6146/521
f 5841/6167/540 5840/6166/541 5820/6146/521 5821/6147/520
f 5842/6168/539 5841/6167/540 5821/6147/520 5822/6148/519
f 5843/6169/538 5842/6168/539 5822/6148/519 5823/6149/518
f 5844/6170/537 5843/6169/538 5823/6149/518 5824/6150/517
f 5845/6171/536 5844/6170/537 5824/6150/517 5825/6151/1097
f 5826/6153/535 5845/6171/536 5825/6151/1097 5806/6133/515
f 5847/6172/554 5846/6173/555 5826/6153/535 5827/6152/534
f 5848/6174/626 5847/6172/554 5827/6152/534 5828/6154/533
f 5849/6175/552 5848/6174/626 5828/6154/533 5829/6155/624
f 5850/6176/551 5849/6175/552 5829/6155/624 5830/6156/531
f 5851/6177/550 5850/6176/551 5830/6156/531 5831/6157/530
f 5852/6178/549 5851/6177/550 5831/6157/530 5832/6158/529
f 5853/6179/548 5852/6178/549 5832/6158/529 5833/6159/528
f 5854/6180/547 5853/6179/548 5833/6159/528 5834/6160/527
f 5855/6181/545 5854/6180/547 5834/6160/527 5835/6161/525
f 5856/6182/546 5855/6181/545 5835/6161/525 5836/6162/526
f 5857/6183/564 5856/6182/546 5836/6162/526 5837/6163/544
f 5858/6184/627 5857/6183/564 5837/6163/544 5838/6164/543
f 5859/6185/562 5858/6184/627 5838/6164/543 5839/6165/542
f 5860/6186/561 5859/6185/562 5839/6165/542 5840/6166/541
f 5861/6187/560 5860/6186/561 5840/6166/541 5841/6167/540
f 5862/6188/559 5861/6187/560 5841/6167/540 5842/6168/539
f 5863/6189/558 5862/6188/559 5842/6168/539 5843/6169/538
f 5864/6190/1064 5863/6189/558 5843/6169/538 5844/6170/537
f 5865/6191/556 5864/6190/1064 5844/6170/537 5845/6171/536
f 5846/6173/555 5865/6191/556 5845/6171/536 5826/6153/535
f 5867/6192/574 5866/6193/575 5846/6173/555 5847/6172/554
f 5868/6194/573 5867/6192/574 5847/6172/554 5848/6174/626
f 5869/6195/628 5868/6194/573 5848/6174/626 5849/6175/552
f 5870/6196/571 5869/6195/628 5849/6175/552 5850/6176/551
f 5871/6197/570 5870/6196/571 5850/6176/551 5851/6177/550
f 5872/6198/569 5871/6197/570 5851/6177/550 5852/6178/549
f 5873/6199/1379 5872/6198/569 5852/6178/549 5853/6179/548
f 5874/6200/567 5873/6199/1379 5853/6179/548 5854/6180/547
f 5875/6201/565 5874/6200/567 5854/6180/547 5855/6181/545
f 5876/6202/566 5875/6201/565 5855/6181/545 5856/6182/546
f 5877/6203/584 5876/6202/566 5856/6182/546 5857/6183/564
f 5878/6204/583 5877/6203/584 5857/6183/564 5858/6184/627
f 5879/6205/582 5878/6204/583 5858/6184/627 5859/6185/562
f 5880/6206/581 5879/6205/582 5859/6185/562 5860/6186/561
f 5881/6207/580 5880/6206/581 5860/6186/561 5861/6187/560
f 5882/6208/1069 5881/6207/580 5861/6187/560 5862/6188/559
f 5883/6209/631 5882/6208/1069 5862/6188/559 5863/6189/558
f 5884/6210/630 5883/6209/631 5863/6189/558 5864/6190/1064
f 5885/6211/629 5884/6210/630 5864/6190/1064 5865/6191/556
f 5866/6193/575 5885/6211/629 5865/6191/556 5846/6173/555
f 5887/6212/592 5886/6213/4 5906/6214/4 5907/6215/592
f 5888/6216/591 5887/6212/592 5907/6215/592 5908/6217/591
f 5889/6218/590 5888/6216/591 5908/6217/591 5909/6219/590
f 5890/6220/589 5889/6218/590 5909/6219/590 5910/6221/589
f 5891/6222/59 5890/6220/589 5910/6221/589 5911/6223/59
f 5892/6224/588 5891/6222/59 5911/6223/59 5912/6225/588
f 5893/6226/587 5892/6224/588 5912/6225/588 5913/6227/587
f 5894/6228/586 5893/6226/587 5913/6227/587 5914/6229/586
f 5895/6230/585 5894/6228/586 5914/6229/586 5915/6231/585
f 5896/6232/2 5895/6230/585 5915/6231/585 5916/6233/2
f 5897/6234/600 5896/6232/2 5916/6233/2 5917/6235/600
f 5898/6236/599 5897/6234/600 5917/6235/600 5918/6237/599
f 5899/6238/598 5898/6236/599 5918/6237/599 5919/6239/598
f 5900/6240/597 5899/6238/598 5919/6239/598 5920/6241/597
f 5901/6242/93 5900/6240/597 5920/6241/597 5921/6243/93
f 5902/6244/596 5901/6242/93 5921/6243/93 5922/6245/596
f 5903/6246/595 5902/6244/596 5922/6245/596 5923/6247/595
f 5904/6248/594 5903/6246/595 5923/6247/595 5924/6249/594
f 5905/6250/593 5904/6248/594 5924/6249/594 5925/6251/593
f 5886/6213/4 5905/6250/593 5925/6251/593 5906/6214/4
s 0
f 5866/6193/1380 5867/6192/1380 5907/6215/1380 5906/6214/1380
f 5867/6192/1381 5868/6194/1381 5908/6217/1381 5907/6215/1381
f 5868/6194/608 5869/6195/608 5909/6219/608 5908/6217/608
f 5869/6195/636 5870/6196/636 5910/6221/636 5909/6219/636
f 5870/6196/635 5871/6197/635 5911/6223/635 5910/6221/635
f 5871/6197/605 5872/6198/605 5912/6225/605 5911/6223/605
f 5872/6198/604 5873/6199/604 5913/6227/604 5912/6225/604
f 5873/6199/603 5874/6200/603 5914/6229/603 5913/6227/603
f 5874/6200/1382 5875/6201/1382 5915/6231/1382 5914/6229/1382
f 5875/6201/1383 5876/6202/1383 5916/6233/1383 5915/6231/1383
f 5876/6202/1384 5877/6203/1384 5917/6235/1384 5916/6233/1384
f 5877/6203/1385 5878/6204/1385 5918/6237/1385 5917/6235/1385
f 5878/6204/640 5879/6205/640 5919/6239/640 5918/6237/640
f 5879/6205/1386 5880/6206/1386 5920/6241/1386 5919/6239/1386
f 5880/6206/616 5881/6207/616 5921/6243/616 5920/6241/616
f 5881/6207/1387 5882/6208/1387 5922/6245/1387 5921/6243/1387
f 5882/6208/637 5883/6209/637 5923/6247/637 5922/6245/637
f 5883/6209/1388 5884/6210/1388 5924/6249/1388 5923/6247/1388
f 5884/6210/1389 5885/6211/1389 5925/6251/1389 5924/6249/1389
f 5885/6211/1390 5866/6193/1390 5906/6214/1390 5925/6251/1390
s 1
f 5926/6252/1 5928/6253/474 5927/6254/475
f 5926/6252/1 5929/6255/473 5928/6253/474
f 5926/6252/1 5930/6256/472 5929/6255/473
f 5926/6252/1 5931/6257/471 5930/6256/472
f 5926/6252/1 5932/6258/470 5931/6257/471
f 5926/6252/1 5933/6259/469 5932/6258/470
f 5926/6252/1 5934/6260/1059 5933/6259/469
f 5926/6252/1 5935/6261/467 5934/6260/1059
f 5926/6252/1 5936/6262/466 5935/6261/467
f 5926/6252/1 5937/6263/465 5936/6262/466
f 5926/6252/1 5938/6264/484 5937/6263/465
f 5926/6252/1 5939/6265/483 5938/6264/484
f 5926/6252/1 5940/6266/621 5939/6265/483
f 5926/6252/1 5941/6267/481 5940/6266/621
f 5926/6252/1 5942/6268/480 5941/6267/481
f 5926/6252/1 5943/6269/479 5942/6268/480
f 5926/6252/1 5944/6270/478 5943/6269/479
f 5926/6252/1 5945/6271/477 5944/6270/478
f 5926/6252/1 5946/6272/476 5945/6271/477
f 5926/6252/1 5927/6254/475 5946/6272/476
f 5948/6273/494 5947/6274/495 5927/6254/475 5928/6253/474
f 5949/6275/493 5948/6273/494 5928/6253/474 5929/6255/473
f 5950/6276/1391 5949/6275/493 5929/6255/473 5930/6256/472
f 5951/6277/491 5950/6276/1391 5930/6256/472 5931/6257/471
f 5952/6278/490 5951/6277/491 5931/6257/471 5932/6258/470
f 5953/6279/489 5952/6278/490 5932/6258/470 5933/6259/469
f 5954/6280/488 5953/6279/489 5933/6259/469 5934/6260/1059
f 5955/6281/487 5954/6280/488 5934/6260/1059 5935/6261/467
f 5956/6282/485 5955/6281/487 5935/6261/467 5936/6262/466
f 5957/6283/486 5956/6282/485 5936/6262/466 5937/6263/465
f 5958/6284/504 5957/6283/486 5937/6263/465 5938/6264/484
f 5959/6285/503 5958/6284/504 5938/6264/484 5939/6265/483
f 5960/6286/502 5959/6285/503 5939/6265/483 5940/6266/621
f 5961/6287/501 5960/6286/502 5940/6266/621 5941/6267/481
f 5962/6288/500 5961/6287/501 5941/6267/481 5942/6268/480
f 5963/6289/499 5962/6288/500 5942/6268/480 5943/6269/479
f 5964/6290/644 5963/6289/499 5943/6269/479 5944/6270/478
f 5965/6291/497 5964/6290/644 5944/6270/478 5945/6271/477
f 5966/6292/496 5965/6291/497 5945/6271/477 5946/6272/476
f 5947/6274/495 5966/6292/496 5946/6272/476 5927/6254/475
f 5968/6293/1088 5967/6294/515 5947/6274/495 5948/6273/494
f 5969/6295/513 5968/6293/1088 5948/6273/494 5949/6275/493
f 5970/6296/512 5969/6295/513 5949/6275/493 5950/6276/1391
f 5971/6297/511 5970/6296/512 5950/6276/1391 5951/6277/491
f 5972/6298/510 5971/6297/511 5951/6277/491 5952/6278/490
f 5973/6299/509 5972/6298/510 5952/6278/490 5953/6279/489
f 5974/6300/508 5973/6299/509 5953/6279/489 5954/6280/488
f 5975/6301/507 5974/6300/508 5954/6280/488 5955/6281/487
f 5976/6302/1061 5975/6301/507 5955/6281/487 5956/6282/485
f 5977/6303/506 5976/6302/1061 5956/6282/485 5957/6283/486
f 5978/6304/1062 5977/6303/506 5957/6283/486 5958/6284/504
f 5979/6305/523 5978/6304/1062 5958/6284/504 5959/6285/503
f 5980/6306/522 5979/6305/523 5959/6285/503 5960/6286/502
f 5981/6307/521 5980/6306/522 5960/6286/502 5961/6287/501
f 5982/6308/520 5981/6307/521 5961/6287/501 5962/6288/500
f 5983/6309/519 5982/6308/520 5962/6288/500 5963/6289/499
f 5984/6310/518 5983/6309/519 5963/6289/499 5964/6290/644
f 5985/6311/517 5984/6310/518 5964/6290/644 5965/6291/497
f 5986/6312/1097 5985/6311/517 5965/6291/497 5966/6292/496
f 5967/6294/515 5986/6312/1097 5966/6292/496 5947/6274/495
f 5988/6313/534 5987/6314/535 5967/6294/515 5968/6293/1088
f 5989/6315/533 5988/6313/534 5968/6293/1088 5969/6295/513
f 5990/6316/624 5989/6315/533 5969/6295/513 5970/6296/512
f 5991/6317/531 5990/6316/624 5970/6296/512 5971/6297/511
f 5992/6318/530 5991/6317/531 5971/6297/511 5972/6298/510
f 5993/6319/529 5992/6318/530 5972/6298/510 5973/6299/509
f 5994/6320/528 5993/6319/529 5973/6299/509 5974/6300/508
f 5995/6321/527 5994/6320/528 5974/6300/508 5975/6301/507
f 5996/6322/525 5995/6321/527 5975/6301/507 5976/6302/1061
f 5997/6323/526 5996/6322/525 5976/6302/1061 5977/6303/506
f 5998/6324/544 5997/6323/526 5977/6303/506 5978/6304/1062
f 5999/6325/543 5998/6324/544 5978/6304/1062 5979/6305/523
f 6000/6326/542 5999/6325/543 5979/6305/523 5980/6306/522
f 6001/6327/541 6000/6326/542 5980/6306/522 5981/6307/521
f 6002/6328/540 6001/6327/541 5981/6307/521 5982/6308/520
f 6003/6329/539 6002/6328/540 5982/6308/520 5983/6309/519
f 6004/6330/1392 6003/6329/539 5983/6309/519 5984/6310/518
f 6005/6331/537 6004/6330/1392 5984/6310/518 5985/6311/517
f 6006/6332/536 6005/6331/537 5985/6311/517 5986/6312/1097
f 5987/6314/535 6006/6332/536 5986/6312/1097 5967/6294/515
f 6008/6333/554 6007/6334/555 5987/6314/535 5988/6313/534
f 6009/6335/553 6008/6333/554 5988/6313/534 5989/6315/533
f 6010/6336/552 6009/6335/553 5989/6315/533 5990/6316/624
f 6011/6337/551 6010/6336/552 5990/6316/624 5991/6317/531
f 6012/6338/550 6011/6337/551 5991/6317/531 5992/6318/530
f 6013/6339/549 6012/6338/550 5992/6318/530 5993/6319/529
f 6014/6340/548 6013/6339/549 5993/6319/529 5994/6320/528
f 6015/6341/547 6014/6340/548 5994/6320/528 5995/6321/527
f 6016/6342/545 6015/6341/547 5995/6321/527 5996/6322/525
f 6017/6343/546 6016/6342/545 5996/6322/525 5997/6323/526
f 6018/6344/564 6017/6343/546 5997/6323/526 5998/6324/544
f 6019/6345/627 6018/6344/564 5998/6324/544 5999/6325/543
f 6020/6346/562 6019/6345/627 5999/6325/543 6000/6326/542
f 6021/6347/561 6020/6346/562 6000/6326/542 6001/6327/541
f 6022/6348/560 6021/6347/561 6001/6327/541 6002/6328/540
f 6023/6349/559 6022/6348/560 6002/6328/540 6003/6329/539
f 6024/6350/558 6023/6349/559 6003/6329/539 6004/6330/1392
f 6025/6351/1064 6024/6350/558 6004/6330/1392 6005/6331/537
f 6026/6352/556 6025/6351/1064 6005/6331/537 6006/6332/536
f 6007/6334/555 6026/6352/556 6006/6332/536 5987/6314/535
f 6028/6353/574 6027/6354/575 6007/6334/555 6008/6333/554
f 6029/6355/573 6028/6353/574 6008/6333/554 6009/6335/553
f 6030/6356/572 6029/6355/573 6009/6335/553 6010/6336/552
f 6031/6357/571 6030/6356/572 6010/6336/552 6011/6337/551
f 6032/6358/570 6031/6357/571 6011/6337/551 6012/6338/550
f 6033/6359/569 6032/6358/570 6012/6338/550 6013/6339/549
f 6034/6360/568 6033/6359/569 6013/6339/549 6014/6340/548
f 6035/6361/567 6034/6360/568 6014/6340/548 6015/6341/547
f 6036/6362/565 6035/6361/567 6015/6341/547 6016/6342/545
f 6037/6363/566 6036/6362/565 6016/6342/545 6017/6343/546
f 6038/6364/584 6037/6363/566 6017/6343/546 6018/6344/564
f 6039/6365/583 6038/6364/584 6018/6344/564 6019/6345/627
f 6040/6366/582 6039/6365/583 6019/6345/627 6020/6346/562
f 6041/6367/581 6040/6366/582 6020/6346/562 6021/6347/561
f 6042/6368/580 6041/6367/581 6021/6347/561 6022/6348/560
f 6043/6369/579 6042/6368/580 6022/6348/560 6023/6349/559
f 6044/6370/578 6043/6369/579 6023/6349/559 6024/6350/558
f 6045/6371/630 6044/6370/578 6024/6350/558 6025/6351/1064
f 6046/6372/629 6045/6371/630 6025/6351/1064 6026/6352/556
f 6027/6354/575 6046/6372/629 6026/6352/556 6007/6334/555
f 6048/6373/592 6047/6374/4 6067/6375/4 6068/6376/592
f 6049/6377/591 6048/6373/592 6068/6376/592 6069/6378/591
f 6050/6379/590 6049/6377/591 6069/6378/591 6070/6380/590
f 6051/6381/589 6050/6379/590 6070/6380/590 6071/6382/589
f 6052/6383/59 6051/6381/589 6071/6382/589 6072/6384/59
f 6053/6385/588 6052/6383/59 6072/6384/59 6073/6386/588
f 6054/6387/587 6053/6385/588 6073/6386/588 6074/6388/587
f 6055/6389/586 6054/6387/587 6074/6388/587 6075/6390/586
f 6056/6391/585 6055/6389/586 6075/6390/586 6076/6392/585
f 6057/6393/2 6056/6391/585 6076/6392/585 6077/6394/2
f 6058/6395/600 6057/6393/2 6077/6394/2 6078/6396/600
f 6059/6397/599 6058/6395/600 6078/6396/600 6079/6398/599
f 6060/6399/598 6059/6397/599 6079/6398/599 6080/6400/598
f 6061/6401/597 6060/6399/598 6080/6400/598 6081/6402/597
f 6062/6403/93 6061/6401/597 6081/6402/597 6082/6404/93
f 6063/6405/596 6062/6403/93 6082/6404/93 6083/6406/596
f 6064/6407/595 6063/6405/596 6083/6406/596 6084/6408/595
f 6065/6409/594 6064/6407/595 6084/6408/595 6085/6410/594
f 6066/6411/593 6065/6409/594 6085/6410/594 6086/6412/593
f 6047/6374/4 6066/6411/593 6086/6412/593 6067/6375/4
s 0
f 6027/6354/1380 6028/6353/1380 6068/6376/1380 6067/6375/1380
f 6028/6353/1393 6029/6355/1393 6069/6378/1393 6068/6376/1393
f 6029/6355/608 6030/6356/608 6070/6380/608 6069/6378/608
f 6030/6356/636 6031/6357/636 6071/6382/636 6070/6380/636
f 6031/6357/635 6032/6358/635 6072/6384/635 6071/6382/635
f 6032/6358/634 6033/6359/634 6073/6386/634 6072/6384/634
f 6033/6359/642 6034/6360/642 6074/6388/642 6073/6386/642
f 6034/6360/603 6035/6361/603 6075/6390/603 6074/6388/603
f 6035/6361/1382 6036/6362/1382 6076/6392/1382 6075/6390/1382
f 6036/6362/1383 6037/6363/1383 6077/6394/1383 6076/6392/1383
f 6037/6363/1394 6038/6364/1394 6078/6396/1394 6077/6394/1394
f 6038/6364/1385 6039/6365/1385 6079/6398/1385 6078/6396/1385
f 6039/6365/640 6040/6366/640 6080/6400/640 6079/6398/640
f 6040/6366/1395 6041/6367/1395 6081/6402/1395 6080/6400/1395
f 6041/6367/616 6042/6368/616 6082/6404/616 6081/6402/616
f 6042/6368/615 6043/6369/615 6083/6406/615 6082/6404/615
f 6043/6369/637 6044/6370/637 6084/6408/637 6083/6406/637
f 6044/6370/613 6045/6371/613 6085/6410/613 6084/6408/613
f 6045/6371/1396 6046/6372/1396 6086/6412/1396 6085/6410/1396
f 6046/6372/1390 6027/6354/1390 6067/6375/1390 6086/6412/1390
s 1
f 6087/6413/3 6088/6414/657 6089/6415/656
f 6087/6413/3 6089/6415/656 6090/6416/655
f 6087/6413/3 6090/6416/655 6091/6417/804
f 6087/6413/3 6091/6417/804 6092/6418/1397
f 6087/6413/3 6092/6418/1397 6093/6419/652
f 6087/6413/3 6093/6419/652 6094/6420/651
f 6087/6413/3 6094/6420/651 6095/6421/650
f 6087/6413/3 6095/6421/650 6096/6422/649
f 6087/6413/3 6096/6422/649 6097/6423/647
f 6087/6413/3 6097/6423/647 6098/6424/648
f 6087/6413/3 6098/6424/648 6099/6425/666
f 6087/6413/3 6099/6425/666 6100/6426/665
f 6087/6413/3 6100/6426/665 6101/6427/664
f 6087/6413/3 6101/6427/664 6102/6428/663
f 6087/6413/3 6102/6428/663 6103/6429/662
f 6087/6413/3 6103/6429/662 6104/6430/661
f 6087/6413/3 6104/6430/661 6105/6431/660
f 6087/6413/3 6105/6431/660 6106/6432/659
f 6087/6413/3 6106/6432/659 6107/6433/658
f 6087/6413/3 6107/6433/658 6088/6414/657
f 6109/6434/676 6089/6415/656 6088/6414/657 6108/6435/677
f 6110/6436/675 6090/6416/655 6089/6415/656 6109/6434/676
f 6111/6437/674 6091/6417/804 6090/6416/655 6110/6436/675
f 6112/6438/673 6092/6418/1397 6091/6417/804 6111/6437/674
f 6113/6439/672 6093/6419/652 6092/6418/1397 6112/6438/673
f 6114/6440/671 6094/6420/651 6093/6419/652 6113/6439/672
f 6115/6441/805 6095/6421/650 6094/6420/651 6114/6440/671
f 6116/6442/669 6096/6422/649 6095/6421/650 6115/6441/805
f 6117/6443/667 6097/6423/647 6096/6422/649 6116/6442/669
f 6118/6444/668 6098/6424/648 6097/6423/647 6117/6443/667
f 6119/6445/686 6099/6425/666 6098/6424/648 6118/6444/668
f 6120/6446/685 6100/6426/665 6099/6425/666 6119/6445/686
f 6121/6447/684 6101/6427/664 6100/6426/665 6120/6446/685
f 6122/6448/683 6102/6428/663 6101/6427/664 6121/6447/684
f 6123/6449/682 6103/6429/662 6102/6428/663 6122/6448/683
f 6124/6450/681 6104/6430/661 6103/6429/662 6123/6449/682
f 6125/6451/1398 6105/6431/660 6104/6430/661 6124/6450/681
f 6126/6452/679 6106/6432/659 6105/6431/660 6125/6451/1398
f 6127/6453/678 6107/6433/658 6106/6432/659 6126/6452/679
f 6108/6435/677 6088/6414/657 6107/6433/658 6127/6453/678
f 6129/6454/696 6109/6434/676 6108/6435/677 6128/6455/697
f 6130/6456/695 6110/6436/675 6109/6434/676 6129/6454/696
f 6131/6457/694 6111/6437/674 6110/6436/675 6130/6456/695
f 6132/6458/1399 6112/6438/673 6111/6437/674 6131/6457/694
f 6133/6459/692 6113/6439/672 6112/6438/673 6132/6458/1399
f 6134/6460/789 6114/6440/671 6113/6439/672 6133/6459/692
f 6135/6461/690 6115/6441/805 6114/6440/671 6134/6460/789
f 6136/6462/689 6116/6442/669 6115/6441/805 6135/6461/690
f 6137/6463/1400 6117/6443/667 6116/6442/669 6136/6462/689
f 6138/6464/688 6118/6444/668 6117/6443/667 6137/6463/1400
f 6139/6465/706 6119/6445/686 6118/6444/668 6138/6464/688
f 6140/6466/705 6120/6446/685 6119/6445/686 6139/6465/706
f 6141/6467/704 6121/6447/684 6120/6446/685 6140/6466/705
f 6142/6468/790 6122/6448/683 6121/6447/684 6141/6467/704
f 6143/6469/702 6123/6449/682 6122/6448/683 6142/6468/790
f 6144/6470/1401 6124/6450/681 6123/6449/682 6143/6469/702
f 6145/6471/700 6125/6451/1398 6124/6450/681 6144/6470/1401
f 6146/6472/699 6126/6452/679 6125/6451/1398 6145/6471/700
f 6147/6473/698 6127/6453/678 6126/6452/679 6146/6472/699
f 6128/6455/697 6108/6435/677 6127/6453/678 6147/6473/698
f 6149/6474/716 6129/6454/696 6128/6455/697 6148/6475/717
f 6150/6476/715 6130/6456/695 6129/6454/696 6149/6474/716
f 6151/6477/714 6131/6457/694 6130/6456/695 6150/6476/715
f 6152/6478/713 6132/6458/1399 6131/6457/694 6151/6477/714
f 6153/6479/712 6133/6459/692 6132/6458/1399 6152/6478/713
f 6154/6480/711 6134/6460/789 6133/6459/692 6153/6479/712
f 6155/6481/1110 6135/6461/690 6134/6460/789 6154/6480/711
f 6156/6482/709 6136/6462/689 6135/6461/690 6155/6481/1110
f 6157/6483/707 6137/6463/1400 6136/6462/689 6156/6482/709
f 6158/6484/708 6138/6464/688 6137/6463/1400 6157/6483/707
f 6159/6485/726 6139/6465/706 6138/6464/688 6158/6484/708
f 6160/6486/725 6140/6466/705 6139/6465/706 6159/6485/726
f 6161/6487/1402 6141/6467/704 6140/6466/705 6160/6486/725
f 6162/6488/723 6142/6468/790 6141/6467/704 6161/6487/1402
f 6163/6489/722 6143/6469/702 6142/6468/790 6162/6488/723
f 6164/6490/721 6144/6470/1401 6143/6469/702 6163/6489/722
f 6165/6491/1111 6145/6471/700 6144/6470/1401 6164/6490/721
f 6166/6492/719 6146/6472/699 6145/6471/700 6165/6491/1111
f 6167/6493/718 6147/6473/698 6146/6472/699 6166/6492/719
f 6148/6475/717 6128/6455/697 6147/6473/698 6167/6493/718
f 6169/6494/736 6149/6474/716 6148/6475/717 6168/6495/737
f 6170/6496/1112 6150/6476/715 6149/6474/716 6169/6494/736
f 6171/6497/734 6151/6477/714 6150/6476/715 6170/6496/1112
f 6172/6498/733 6152/6478/713 6151/6477/714 6171/6497/734
f 6173/6499/808 6153/6479/712 6152/6478/713 6172/6498/733
f 6174/6500/731 6154/6480/711 6153/6479/712 6173/6499/808
f 6175/6501/730 6155/6481/1110 6154/6480/711 6174/6500/731
f 6176/6502/729 6156/6482/709 6155/6481/1110 6175/6501/730
f 6177/6503/727 6157/6483/707 6156/6482/709 6176/6502/729
f 6178/6504/728 6158/6484/708 6157/6483/707 6177/6503/727
f 6179/6505/746 6159/6485/726 6158/6484/708 6178/6504/728
f 6180/6506/745 6160/6486/725 6159/6485/726 6179/6505/746
f 6181/6507/744 6161/6487/1402 6160/6486/725 6180/6506/745
f 6182/6508/743 6162/6488/723 6161/6487/1402 6181/6507/744
f 6183/6509/1113 6163/6489/722 6162/6488/723 6182/6508/743
f 6184/6510/741 6164/6490/721 6163/6489/722 6183/6509/1113
f 6185/6511/813 6165/6491/1111 6164/6490/721 6184/6510/741
f 6186/6512/739 6166/6492/719 6165/6491/1111 6185/6511/813
f 6187/6513/738 6167/6493/718 6166/6492/719 6186/6512/739
f 6168/6495/737 6148/6475/717 6167/6493/718 6187/6513/738
f 6189/6514/756 6169/6494/736 6168/6495/737 6188/6515/757
f 6190/6516/755 6170/6496/1112 6169/6494/736 6189/6514/756
f 6191/6517/1403 6171/6497/734 6170/6496/1112 6190/6516/755
f 6192/6518/753 6172/6498/733 6171/6497/734 6191/6517/1403
f 6193/6519/1404 6173/6499/808 6172/6498/733 6192/6518/753
f 6194/6520/1405 6174/6500/731 6173/6499/808 6193/6519/1404
f 6195/6521/1406 6175/6501/730 6174/6500/731 6194/6520/1405
f 6196/6522/749 6176/6502/729 6175/6501/730 6195/6521/1406
f 6197/6523/747 6177/6503/727 6176/6502/729 6196/6522/749
f 6198/6524/748 6178/6504/728 6177/6503/727 6197/6523/747
f 6199/6525/766 6179/6505/746 6178/6504/728 6198/6524/748
f 6200/6526/765 6180/6506/745 6179/6505/746 6199/6525/766
f 6201/6527/1407 6181/6507/744 6180/6506/745 6200/6526/765
f 6202/6528/1408 6182/6508/743 6181/6507/744 6201/6527/1407
f 6203/6529/792 6183/6509/1113 6182/6508/743 6202/6528/1408
f 6204/6530/761 6184/6510/741 6183/6509/1113 6203/6529/792
f 6205/6531/1409 6185/6511/813 6184/6510/741 6204/6530/761
f 6206/6532/759 6186/6512/739 6185/6511/813 6205/6531/1409
f 6207/6533/758 6187/6513/738 6186/6512/739 6206/6532/759
f 6188/6515/757 6168/6495/737 6187/6513/738 6207/6533/758
f 6209/6534/592 6229/6535/592 6228/6536/4 6208/6537/4
f 6210/6538/591 6230/6539/591 6229/6535/592 6209/6534/592
f 6211/6540/590 6231/6541/590 6230/6539/591 6210/6538/591
f 6212/6542/589 6232/6543/589 6231/6541/590 6211/6540/590
f 6213/6544/59 6233/6545/59 6232/6543/589 6212/6542/589
f 6214/6546/588 6234/6547/588 6233/6545/59 6213/6544/59
f 6215/6548/587 6235/6549/587 6234/6547/588 6214/6546/588
f 6216/6550/586 6236/6551/586 6235/6549/587 6215/6548/587
f 6217/6552/585 6237/6553/585 6236/6551/586 6216/6550/586
f 6218/6554/2 6238/6555/2 6237/6553/585 6217/6552/585
f 6219/6556/600 6239/6557/600 6238/6555/2 6218/6554/2
f 6220/6558/599 6240/6559/599 6239/6557/600 6219/6556/600
f 6221/6560/598 6241/6561/598 6240/6559/599 6220/6558/599
f 6222/6562/597 6242/6563/597 6241/6561/598 6221/6560/598
f 6223/6564/93 6243/6565/93 6242/6563/597 6222/6562/597
f 6224/6566/596 6244/6567/596 6243/6565/93 6223/6564/93
f 6225/6568/595 6245/6569/595 6244/6567/596 6224/6566/596
f 6226/6570/594 6246/6571/594 6245/6569/595 6225/6568/595
f 6227/6572/593 6247/6573/593 6246/6571/594 6226/6570/594
f 6208/6537/4 6228/6536/4 6247/6573/593 6227/6572/593
s 0
f 6188/6515/1410 6228/6536/1410 6229/6535/1410 6189/6514/1410
f 6189/6514/1411 6229/6535/1411 6230/6539/1411 6190/6516/1411
f 6190/6516/1412 6230/6539/1412 6231/6541/1412 6191/6517/1412
f 6191/6517/1413 6231/6541/1413 6232/6543/1413 6192/6518/1413
f 6192/6518/772 6232/6543/772 6233/6545/772 6193/6519/772
f 6193/6519/795 6233/6545/795 6234/6547/795 6194/6520/795
f 6194/6520/770 6234/6547/770 6235/6549/770 6195/6521/770
f 6195/6521/769 6235/6549/769 6236/6551/769 6196/6522/769
f 6196/6522/768 6236/6551/768 6237/6553/768 6197/6523/768
f 6197/6523/1414 6237/6553/1414 6238/6555/1414 6198/6524/1414
f 6198/6524/786 6238/6555/786 6239/6557/786 6199/6525/786
f 6199/6525/1415 6239/6557/1415 6240/6559/1415 6200/6526/1415
f 6200/6526/801 6240/6559/801 6241/6561/801 6201/6527/801
f 6201/6527/783 6241/6561/783 6242/6563/783 6202/6528/783
f 6202/6528/812 6242/6563/812 6243/6565/812 6203/6529/812
f 6203/6529/811 6243/6565/811 6244/6567/811 6204/6530/811
f 6204/6530/1127 6244/6567/1127 6245/6569/1127 6205/6531/1127
f 6205/6531/779 6245/6569/779 6246/6571/779 6206/6532/779
f 6206/6532/1416 6246/6571/1416 6247/6573/1416 6207/6533/1416
f 6207/6533/777 6247/6573/777 6228/6536/777 6188/6515/777
s 1
f 6248/6574/3 6249/6575/657 6250/6576/656
f 6248/6574/3 6250/6576/656 6251/6577/655
f 6248/6574/3 6251/6577/655 6252/6578/804
f 6248/6574/3 6252/6578/804 6253/6579/653
f 6248/6574/3 6253/6579/653 6254/6580/652
f 6248/6574/3 6254/6580/652 6255/6581/651
f 6248/6574/3 6255/6581/651 6256/6582/650
f 6248/6574/3 6256/6582/650 6257/6583/649
f 6248/6574/3 6257/6583/649 6258/6584/647
f 6248/6574/3 6258/6584/647 6259/6585/648
f 6248/6574/3 6259/6585/648 6260/6586/666
f 6248/6574/3 6260/6586/666 6261/6587/665
f 6248/6574/3 6261/6587/665 6262/6588/664
f 6248/6574/3 6262/6588/664 6263/6589/663
f 6248/6574/3 6263/6589/663 6264/6590/662
f 6248/6574/3 6264/6590/662 6265/6591/661
f 6248/6574/3 6265/6591/661 6266/6592/660
f 6248/6574/3 6266/6592/660 6267/6593/659
f 6248/6574/3 6267/6593/659 6268/6594/658
f 6248/6574/3 6268/6594/658 6249/6575/657
f 6270/6595/676 6250/6576/656 6249/6575/657 6269/6596/677
f 6271/6597/675 6251/6577/655 6250/6576/656 6270/6595/676
f 6272/6598/674 6252/6578/804 6251/6577/655 6271/6597/675
f 6273/6599/673 6253/6579/653 6252/6578/804 6272/6598/674
f 6274/6600/672 6254/6580/652 6253/6579/653 6273/6599/673
f 6275/6601/671 6255/6581/651 6254/6580/652 6274/6600/672
f 6276/6602/670 6256/6582/650 6255/6581/651 6275/6601/671
f 6277/6603/669 6257/6583/649 6256/6582/650 6276/6602/670
f 6278/6604/667 6258/6584/647 6257/6583/649 6277/6603/669
f 6279/6605/668 6259/6585/648 6258/6584/647 6278/6604/667
f 6280/6606/686 6260/6586/666 6259/6585/648 6279/6605/668
f 6281/6607/685 6261/6587/665 6260/6586/666 6280/6606/686
f 6282/6608/684 6262/6588/664 6261/6587/665 6281/6607/685
f 6283/6609/683 6263/6589/663 6262/6588/664 6282/6608/684
f 6284/6610/682 6264/6590/662 6263/6589/663 6283/6609/683
f 6285/6611/681 6265/6591/661 6264/6590/662 6284/6610/682
f 6286/6612/1398 6266/6592/660 6265/6591/661 6285/6611/681
f 6287/6613/679 6267/6593/659 6266/6592/660 6286/6612/1398
f 6288/6614/678 6268/6594/658 6267/6593/659 6287/6613/679
f 6269/6596/677 6249/6575/657 6268/6594/658 6288/6614/678
f 6290/6615/696 6270/6595/676 6269/6596/677 6289/6616/697
f 6291/6617/695 6271/6597/675 6270/6595/676 6290/6615/696
f 6292/6618/694 6272/6598/674 6271/6597/675 6291/6617/695
f 6293/6619/1399 6273/6599/673 6272/6598/674 6292/6618/694
f 6294/6620/692 6274/6600/672 6273/6599/673 6293/6619/1399
f 6295/6621/789 6275/6601/671 6274/6600/672 6294/6620/692
f 6296/6622/690 6276/6602/670 6275/6601/671 6295/6621/789
f 6297/6623/689 6277/6603/669 6276/6602/670 6296/6622/690
f 6298/6624/1400 6278/6604/667 6277/6603/669 6297/6623/689
f 6299/6625/688 6279/6605/668 6278/6604/667 6298/6624/1400
f 6300/6626/1417 6280/6606/686 6279/6605/668 6299/6625/688
f 6301/6627/705 6281/6607/685 6280/6606/686 6300/6626/1417
f 6302/6628/704 6282/6608/684 6281/6607/685 6301/6627/705
f 6303/6629/790 6283/6609/683 6282/6608/684 6302/6628/704
f 6304/6630/702 6284/6610/682 6283/6609/683 6303/6629/790
f 6305/6631/1401 6285/6611/681 6284/6610/682 6304/6630/702
f 6306/6632/700 6286/6612/1398 6285/6611/681 6305/6631/1401
f 6307/6633/699 6287/6613/679 6286/6612/1398 6306/6632/700
f 6308/6634/698 6288/6614/678 6287/6613/679 6307/6633/699
f 6289/6616/697 6269/6596/677 6288/6614/678 6308/6634/698
f 6310/6635/716 6290/6615/696 6289/6616/697 6309/6636/717
f 6311/6637/715 6291/6617/695 6290/6615/696 6310/6635/716
f 6312/6638/714 6292/6618/694 6291/6617/695 6311/6637/715
f 6313/6639/713 6293/6619/1399 6292/6618/694 6312/6638/714
f 6314/6640/712 6294/6620/692 6293/6619/1399 6313/6639/713
f 6315/6641/711 6295/6621/789 6294/6620/692 6314/6640/712
f 6316/6642/1110 6296/6622/690 6295/6621/789 6315/6641/711
f 6317/6643/709 6297/6623/689 6296/6622/690 6316/6642/1110
f 6318/6644/707 6298/6624/1400 6297/6623/689 6317/6643/709
f 6319/6645/708 6299/6625/688 6298/6624/1400 6318/6644/707
f 6320/6646/726 6300/6626/1417 6299/6625/688 6319/6645/708
f 6321/6647/725 6301/6627/705 6300/6626/1417 6320/6646/726
f 6322/6648/1402 6302/6628/704 6301/6627/705 6321/6647/725
f 6323/6649/723 6303/6629/790 6302/6628/704 6322/6648/1402
f 6324/6650/722 6304/6630/702 6303/6629/790 6323/6649/723
f 6325/6651/721 6305/6631/1401 6304/6630/702 6324/6650/722
f 6326/6652/1111 6306/6632/700 6305/6631/1401 6325/6651/721
f 6327/6653/719 6307/6633/699 6306/6632/700 6326/6652/1111
f 6328/6654/718 6308/6634/698 6307/6633/699 6327/6653/719
f 6309/6636/717 6289/6616/697 6308/6634/698 6328/6654/718
f 6330/6655/736 6310/6635/716 6309/6636/717 6329/6656/737
f 6331/6657/1112 6311/6637/715 6310/6635/716 6330/6655/736
f 6332/6658/734 6312/6638/714 6311/6637/715 6331/6657/1112
f 6333/6659/733 6313/6639/713 6312/6638/714 6332/6658/734
f 6334/6660/732 6314/6640/712 6313/6639/713 6333/6659/733
f 6335/6661/731 6315/6641/711 6314/6640/712 6334/6660/732
f 6336/6662/730 6316/6642/1110 6315/6641/711 6335/6661/731
f 6337/6663/729 6317/6643/709 6316/6642/1110 6336/6662/730
f 6338/6664/727 6318/6644/707 6317/6643/709 6337/6663/729
f 6339/6665/728 6319/6645/708 6318/6644/707 6338/6664/727
f 6340/6666/746 6320/6646/726 6319/6645/708 6339/6665/728
f 6341/6667/745 6321/6647/725 6320/6646/726 6340/6666/746
f 6342/6668/744 6322/6648/1402 6321/6647/725 6341/6667/745
f 6343/6669/743 6323/6649/723 6322/6648/1402 6342/6668/744
f 6344/6670/742 6324/6650/722 6323/6649/723 6343/6669/743
f 6345/6671/741 6325/6651/721 6324/6650/722 6344/6670/742
f 6346/6672/813 6326/6652/1111 6325/6651/721 6345/6671/741
f 6347/6673/739 6327/6653/719 6326/6652/1111 6346/6672/813
f 6348/6674/738 6328/6654/718 6327/6653/719 6347/6673/739
f 6329/6656/737 6309/6636/717 6328/6654/718 6348/6674/738
f 6350/6675/756 6330/6655/736 6329/6656/737 6349/6676/757
f 6351/6677/755 6331/6657/1112 6330/6655/736 6350/6675/756
f 6352/6678/1403 6332/6658/734 6331/6657/1112 6351/6677/755
f 6353/6679/753 6333/6659/733 6332/6658/734 6352/6678/1403
f 6354/6680/1404 6334/6660/732 6333/6659/733 6353/6679/753
f 6355/6681/1405 6335/6661/731 6334/6660/732 6354/6680/1404
f 6356/6682/1406 6336/6662/730 6335/6661/731 6355/6681/1405
f 6357/6683/749 6337/6663/729 6336/6662/730 6356/6682/1406
f 6358/6684/747 6338/6664/727 6337/6663/729 6357/6683/749
f 6359/6685/748 6339/6665/728 6338/6664/727 6358/6684/747
f 6360/6686/766 6340/6666/746 6339/6665/728 6359/6685/748
f 6361/6687/765 6341/6667/745 6340/6666/746 6360/6686/766
f 6362/6688/1407 6342/6668/744 6341/6667/745 6361/6687/765
f 6363/6689/1408 6343/6669/743 6342/6668/744 6362/6688/1407
f 6364/6690/792 6344/6670/742 6343/6669/743 6363/6689/1408
f 6365/6691/761 6345/6671/741 6344/6670/742 6364/6690/792
f 6366/6692/1409 6346/6672/813 6345/6671/741 6365/6691/761
f 6367/6693/759 6347/6673/739 6346/6672/813 6366/6692/1409
f 6368/6694/758 6348/6674/738 6347/6673/739 6367/6693/759
f 6349/6676/757 6329/6656/737 6348/6674/738 6368/6694/758
f 6370/6695/592 6390/6696/592 6389/6697/4 6369/6698/4
f 6371/6699/591 6391/6700/591 6390/6696/592 6370/6695/592
f 6372/6701/590 6392/6702/590 6391/6700/591 6371/6699/591
f 6373/6703/589 6393/6704/589 6392/6702/590 6372/6701/590
f 6374/6705/59 6394/6706/59 6393/6704/589 6373/6703/589
f 6375/6707/588 6395/6708/588 6394/6706/59 6374/6705/59
f 6376/6709/587 6396/6710/587 6395/6708/588 6375/6707/588
f 6377/6711/586 6397/6712/586 6396/6710/587 6376/6709/587
f 6378/6713/585 6398/6714/585 6397/6712/586 6377/6711/586
f 6379/6715/2 6399/6716/2 6398/6714/585 6378/6713/585
f 6380/6717/600 6400/6718/600 6399/6716/2 6379/6715/2
f 6381/6719/599 6401/6720/599 6400/6718/600 6380/6717/600
f 6382/6721/598 6402/6722/598 6401/6720/599 6381/6719/599
f 6383/6723/597 6403/6724/597 6402/6722/598 6382/6721/598
f 6384/6725/93 6404/6726/93 6403/6724/597 6383/6723/597
f 6385/6727/596 6405/6728/596 6404/6726/93 6384/6725/93
f 6386/6729/595 6406/6730/595 6405/6728/596 6385/6727/596
f 6387/6731/594 6407/6732/594 6406/6730/595 6386/6729/595
f 6388/6733/593 6408/6734/593 6407/6732/594 6387/6731/594
f 6369/6698/4 6389/6697/4 6408/6734/593 6388/6733/593
s 0
f 6349/6676/776 6389/6697/776 6390/6696/776 6350/6675/776
f 6350/6675/1411 6390/6696/1411 6391/6700/1411 6351/6677/1411
f 6351/6677/809 6391/6700/809 6392/6702/809 6352/6678/809
f 6352/6678/1413 6392/6702/1413 6393/6704/1413 6353/6679/1413
f 6353/6679/796 6393/6704/796 6394/6706/796 6354/6680/796
f 6354/6680/795 6394/6706/795 6395/6708/795 6355/6681/795
f 6355/6681/770 6395/6708/770 6396/6710/770 6356/6682/770
f 6356/6682/769 6396/6710/769 6397/6712/769 6357/6683/769
f 6357/6683/768 6397/6712/768 6398/6714/768 6358/6684/768
f 6358/6684/767 6398/6714/767 6399/6716/767 6359/6685/767
f 6359/6685/786 6399/6716/786 6400/6718/786 6360/6686/786
f 6360/6686/1415 6400/6718/1415 6401/6720/1415 6361/6687/1415
f 6361/6687/801 6401/6720/801 6402/6722/801 6362/6688/801
f 6362/6688/783 6402/6722/783 6403/6724/783 6363/6689/783
f 6363/6689/812 6403/6724/812 6404/6726/812 6364/6690/812
f 6364/6690/811 6404/6726/811 6405/6728/811 6365/6691/811
f 6365/6691/1127 6405/6728/1127 6406/6730/1127 6366/6692/1127
f 6366/6692/799 6406/6730/799 6407/6732/799 6367/6693/799
f 6367/6693/1416 6407/6732/1416 6408/6734/1416 6368/6694/1416
f 6368/6694/777 6408/6734/777 6389/6697/777 6349/6676/777
