# Blender 4.3.2
# www.blender.org
mtllib barca.mtl
o boat
v -5.848182 -39.046738 -56.858082
v -5.910726 -39.046738 -56.969322
v -5.531490 -38.603966 -57.109344
v -4.246961 -34.375999 -58.217041
v -4.252513 -34.404751 -58.213490
v -4.247643 -34.404751 -58.213821
v -4.254458 -34.375999 -58.216949
v -4.239027 -34.372028 -58.241066
v -4.268546 -34.372028 -58.242008
v -4.233873 -34.395164 -58.257473
v -4.277133 -34.395164 -58.257278
v -4.268546 -34.418301 -58.242008
v -4.239027 -34.418301 -58.241066
v -4.214804 -34.418301 -58.226738
v -4.199532 -34.395164 -58.235325
v -4.214804 -34.372028 -58.226738
v -4.239865 -34.375999 -58.212650
v -4.243320 -34.404751 -58.210705
v -5.115315 -34.411522 -57.747150
v -3.890629 -34.418301 -57.650166
v -3.919146 -34.404751 -57.634132
v -3.915691 -34.375999 -57.636078
v -3.890629 -34.372028 -57.650166
v -3.875356 -34.395164 -57.658752
v -3.874280 -34.395164 -57.617905
v -3.890975 -34.372028 -57.622025
v -3.919598 -34.375999 -57.621372
v -3.915624 -34.375999 -57.627731
v -3.890975 -34.418301 -57.622025
v -3.918730 -34.404751 -57.628822
v -3.921544 -34.404751 -57.624832
v -4.774384 -34.375999 -57.140774
v -4.760296 -34.372028 -57.115719
v -4.816415 -34.393551 -57.084068
v -4.751710 -34.395164 -57.100445
v -4.798727 -34.414238 -57.074013
v -4.828966 -34.396992 -57.110016
v -4.768312 -34.411522 -57.129978
v -3.905510 -34.418301 -57.596317
v -4.808920 -34.428703 -57.107208
v -3.896924 -34.395164 -57.581043
v -3.905510 -34.372028 -57.596317
v -7.009678 -37.077637 -56.738098
v -6.945748 -37.077637 -56.314545
v -7.009678 -36.970901 -56.738098
v -6.945748 -36.970901 -56.314545
v -6.617080 -36.970901 -56.039829
v -6.617080 -37.077637 -56.039829
v -5.384810 -36.970901 -56.776745
v -5.739747 -36.970901 -57.408031
v 4.851791 -34.424366 -59.685925
v 4.841702 -34.412861 -59.642502
v 4.840948 -34.432102 -59.679668
v 4.835711 -34.447403 -59.676636
v 4.827549 -34.447517 -59.634315
v 4.829443 -34.533760 -59.635441
v 4.796867 -34.533436 -59.635460
v 4.837599 -34.534134 -59.677761
v 4.794986 -34.447540 -59.690762
v 4.801628 -34.398155 -59.675812
v 4.809144 -34.412884 -59.698940
v 4.778687 -34.447655 -59.662552
v 4.780588 -34.533466 -59.663681
v 4.794967 -34.447639 -59.634331
v 4.817912 -34.398140 -59.647583
v 4.867960 -34.396133 -59.657650
v 4.796880 -34.533829 -59.691887
v 6.249649 -34.422115 -60.467743
v 6.279491 -34.456562 -60.503746
v 6.257997 -34.399700 -60.491379
v 6.263208 -34.456577 -60.531971
v 6.241716 -34.399708 -60.519600
v 6.217084 -34.422138 -60.524181
v 6.191345 -34.405720 -60.509342
v 6.207735 -34.433922 -60.481174
v 4.835398 -34.396164 -59.714096
v 6.230630 -34.456707 -60.531982
v 6.281269 -34.554241 -60.504799
v 6.264990 -34.554272 -60.533016
v 6.232411 -34.553940 -60.533028
v 6.224259 -34.553574 -60.490719
v 6.222467 -34.456814 -60.489658
v 6.219582 -34.443241 -60.488003
v 6.263188 -34.456676 -60.475540
v 6.223904 -34.405697 -60.452900
v 6.264977 -34.553879 -60.476589
v 6.199371 -34.377499 -60.495174
v 4.843431 -34.367943 -59.699936
v 6.215651 -34.377491 -60.466957
v 4.859710 -34.367928 -59.671715
v 9.276797 -37.071472 -65.983536
v 9.961049 -37.071472 -65.726700
v 9.824938 -37.071472 -65.008621
v 7.178501 -37.071472 -65.744194
v 8.530128 -37.071472 -63.340210
v 5.058522 -37.071472 -65.154549
v 6.924748 -37.071472 -61.835300
v 2.802697 -37.071472 -64.206436
v 4.942515 -37.071472 -60.400581
v -2.604501 -37.071472 -61.028767
v -0.582170 -37.071472 -57.431873
v -6.154660 -37.071472 -58.867443
v -4.273533 -37.071472 -55.521694
v -5.739747 -37.077637 -57.408031
v -5.384810 -37.077637 -56.776745
v 9.235416 -34.947670 -63.194199
v 9.251164 -34.909893 -63.208530
v 7.364372 -34.947670 -66.522011
v 7.384799 -34.909893 -66.528023
v 8.151862 -36.735245 -62.845951
v 6.563176 -36.735245 -65.671570
v 9.898946 -34.670433 -66.323471
v 10.466079 -34.670433 -65.314781
v 6.080556 -35.348530 -60.712292
v 6.090290 -35.377060 -60.717815
v 3.658435 -35.348534 -65.020241
v 3.668195 -35.377064 -65.025726
v 4.909869 -35.381493 -60.002583
v 4.919634 -35.337139 -60.008038
v 2.437968 -35.382355 -64.399078
v 2.447718 -35.337139 -64.404556
v 4.739185 -36.930695 -60.306160
v 2.629781 -36.930695 -64.057922
v 3.886342 -36.901936 -64.637733
v 5.873178 -36.901936 -61.103970
v -5.872692 -34.541485 -58.201019
v -6.442521 -34.541485 -59.237663
v -5.893326 -35.182461 -58.189419
v -6.471865 -35.182461 -59.240273
v -6.340672 -35.332542 -59.198280
v -5.802240 -35.332542 -58.240631
v -6.304548 -36.035686 -59.134029
v -4.622669 -35.332542 -56.142662
v -4.599961 -34.896080 -56.155430
v -4.123645 -36.035686 -55.255104
v -4.087518 -35.332542 -55.190849
v -5.779532 -34.896080 -58.253399
v 7.969404 -36.711010 -62.749966
v 6.355515 -36.711018 -61.402000
v 7.656540 -34.540905 -61.673668
v 6.852134 -34.540859 -61.065670
v 6.015638 -34.540936 -60.514782
v 4.070394 -36.711018 -59.936893
v 4.289840 -34.541172 -59.505016
v 2.023738 -36.711018 -58.807415
v 2.268623 -34.541134 -58.360577
v 0.311002 -34.540920 -57.341377
v -1.947791 -34.541409 -56.260044
v -4.154906 -36.711025 -55.599010
v -4.019828 -34.536690 -55.358749
v 10.163688 -34.540913 -65.840630
v 9.549195 -36.710987 -65.495132
v 10.274101 -34.540470 -65.454559
v 10.229516 -34.540592 -65.007858
v 10.067193 -34.540592 -64.548714
v 9.120627 -36.710995 -64.155640
v 9.843315 -34.540829 -64.093452
v 9.451245 -34.540791 -63.497078
v 8.935082 -34.540928 -62.848652
v 8.221255 -34.540928 -62.148037
v -4.499505 -34.896080 -56.211910
v -4.499511 -34.541431 -56.211906
v -4.693121 -34.541485 -56.103050
v -4.713755 -35.182461 -56.091450
v -4.102545 -34.526859 -55.098743
v -4.042061 -34.526859 -55.324684
v -4.671671 -34.526859 -56.096230
v -4.515918 -34.526859 -56.179501
v -4.106796 -34.541485 -55.083374
v -4.119814 -35.182461 -55.056946
v 3.349228 -35.182461 -58.842880
v 0.375947 -35.182453 -57.197285
v 0.289848 -35.332542 -57.333855
v -1.790739 -35.182453 -56.134796
v 10.030489 -35.332542 -63.995342
v 9.682895 -35.182468 -63.251217
v 9.052913 -35.332542 -62.813267
v 9.134414 -35.182468 -62.646408
v 8.409910 -35.182468 -61.967987
v 7.996737 -35.332542 -61.853622
v 7.708974 -35.182468 -61.413467
v 6.987737 -35.182461 -60.906342
v 6.023019 -35.332542 -60.421040
v 6.094577 -35.182461 -60.324585
v 10.371443 -36.035686 -65.957443
v 10.724101 -35.332542 -66.155724
v 10.772248 -35.332542 -65.719368
v 10.208147 -36.035686 -65.086411
v 10.644556 -35.332542 -65.134201
v 9.167648 -36.035686 -63.484955
v 7.859221 -36.035686 -62.123962
v 5.911395 -36.035686 -60.691288
v 0.120401 -36.035686 -57.388546
v 10.650617 -34.529091 -66.293678
v 10.650813 -34.488972 -66.293861
v 10.658657 -34.529091 -66.295288
v 10.658861 -34.489010 -66.295471
v 10.647928 -34.480232 -66.291328
v 10.654278 -34.474640 -66.291443
v 10.642337 -34.476032 -66.286407
v 10.645079 -34.468925 -66.283356
v 10.650695 -34.529091 -66.282829
v 10.650899 -34.488934 -66.283012
v 10.650293 -34.485504 -66.282486
v 10.647728 -34.483131 -66.280220
v 10.529133 -34.476852 -66.180824
v 10.523742 -34.469746 -66.187004
v 10.526484 -34.462643 -66.183960
v 10.531898 -34.462643 -66.177795
v 10.650492 -34.468925 -66.277199
v 10.659688 -34.474640 -66.285286
v 10.664270 -34.489010 -66.289314
v 10.664068 -34.529091 -66.289131
v 10.522720 -34.470127 -66.169731
v 10.534573 -34.469746 -66.174690
v 10.653169 -34.476025 -66.274094
v 10.658752 -34.480232 -66.279007
v 10.661644 -34.488972 -66.281540
v 10.661448 -34.529091 -66.281364
v 10.514832 -34.482559 -66.179169
v 10.517304 -34.470135 -66.175880
v 10.517986 -34.473885 -66.181946
v 10.512205 -34.482521 -66.171402
v 10.517619 -34.482521 -66.165237
v 10.525656 -34.482559 -66.166855
v 10.528816 -34.473885 -66.169632
v 10.526754 -34.478764 -66.178726
v 10.525578 -34.482597 -66.177704
v 10.525374 -34.529091 -66.177513
v 10.525460 -34.529091 -66.166672
v 10.517422 -34.529091 -66.165054
v 10.512002 -34.529091 -66.171219
v 10.514629 -34.529091 -66.178986
v 2.129357 -34.447517 -64.430534
v 2.139805 -34.447403 -64.472351
v 2.143943 -34.412861 -64.437935
v 2.145197 -34.432102 -64.475098
v 2.156367 -34.424366 -64.480751
v 2.096827 -34.447639 -64.432320
v 2.120456 -34.398140 -64.444305
v 2.170977 -34.396133 -64.451645
v 3.568077 -34.405697 -65.172134
v 3.553463 -34.433922 -65.201248
v 3.594583 -34.422119 -65.185562
v 3.565667 -34.443241 -65.207428
v 3.608536 -34.456676 -65.192612
v 3.568636 -34.456814 -65.208916
v 3.604208 -34.399700 -65.208702
v 3.560597 -34.377491 -65.186623
v 3.589480 -34.399708 -65.237770
v 3.545873 -34.377499 -65.215683
v 2.148773 -34.367943 -64.495193
v 2.163501 -34.367928 -64.466125
v 2.082102 -34.447655 -64.461380
v 2.105729 -34.398155 -64.473373
v 2.141525 -34.396164 -64.509773
v 3.538625 -34.405724 -65.230263
v 3.565141 -34.422142 -65.243683
v 3.611611 -34.456577 -65.248962
v 3.626338 -34.456562 -65.219894
v 3.579084 -34.456707 -65.250732
v 3.570484 -34.553574 -65.209877
v 3.610370 -34.553883 -65.193558
v 3.628173 -34.554241 -65.220840
v 3.613449 -34.554272 -65.249908
v 3.580919 -34.553944 -65.251686
v 2.114492 -34.412884 -64.496063
v 2.099905 -34.447540 -64.488663
v 2.141752 -34.534134 -64.473366
v 2.101860 -34.533829 -64.489685
v 2.084064 -34.533470 -64.462402
v 2.098788 -34.533440 -64.433342
v 2.131311 -34.533760 -64.431557
v -2.221424 -34.534134 -61.958450
v -2.223297 -34.447403 -61.957302
v -2.229041 -34.533760 -61.916031
v -2.230920 -34.447517 -61.914879
v -2.261612 -34.533440 -61.915623
v -2.216867 -34.412861 -61.923244
v -2.218097 -34.432102 -61.960400
v -2.207333 -34.424366 -61.966793
v -0.819593 -34.422119 -62.766422
v -0.861676 -34.433922 -62.779312
v -0.849920 -34.443241 -62.786297
v -0.845144 -34.405697 -62.751251
v -2.190807 -34.396133 -61.938728
v -2.240726 -34.398140 -61.928024
v -2.263495 -34.447639 -61.914478
v -2.280138 -34.447655 -61.942486
v -0.806158 -34.456676 -62.774391
v -0.790215 -34.456562 -62.802811
v -0.811548 -34.399700 -62.790161
v -0.806857 -34.456577 -62.830822
v -0.837662 -34.553944 -62.831486
v -0.839436 -34.456707 -62.830410
v -0.805091 -34.554272 -62.831894
v -0.788451 -34.554241 -62.803875
v -0.804384 -34.553883 -62.775467
v -0.845272 -34.553574 -62.789070
v -0.847052 -34.456814 -62.787991
v -0.853577 -34.377491 -62.765205
v -2.199241 -34.367928 -61.952682
v -0.828184 -34.399708 -62.818172
v -0.852871 -34.422142 -62.822441
v -2.215876 -34.367943 -61.980694
v -0.870220 -34.377499 -62.793213
v -0.878426 -34.405724 -62.807274
v -2.224086 -34.396164 -61.994751
v -2.257362 -34.398155 -61.956036
v -2.250145 -34.412884 -61.979263
v -2.264199 -34.447540 -61.970898
v -2.278252 -34.533470 -61.943642
v -2.262319 -34.533829 -61.972050
v 10.945214 -35.182476 -66.280037
v 11.029765 -35.182476 -66.051605
v 11.031954 -35.182476 -65.838821
v 10.964311 -35.182476 -65.491867
v 10.837851 -35.182476 -65.089706
v 10.573829 -35.182476 -64.525352
v 10.163369 -35.182468 -63.874962
v -0.066707 -35.425636 -57.871384
v -0.052084 -35.412170 -57.849064
v 1.081144 -35.425636 -58.516758
v 1.092618 -35.412170 -58.492664
v 1.097015 -35.425636 -58.512306
v 1.081144 -35.546810 -58.516758
v 1.097015 -35.546810 -58.512306
v -0.066707 -35.546810 -57.871384
v -0.071149 -35.546810 -57.855511
v -0.071149 -35.425636 -57.855511
v 0.169045 -35.425636 -57.428307
v 0.180776 -35.412170 -57.434902
v 1.366304 -35.412170 -58.005890
v 1.378035 -35.425636 -58.012486
v 1.362587 -35.546810 -58.039963
v 0.169045 -35.546810 -57.428307
v 10.163369 -34.541485 -63.874962
v 10.573829 -34.541485 -64.525352
v 10.837851 -34.541477 -65.089706
v 10.964311 -34.541477 -65.491867
v 11.031954 -34.541477 -65.838821
v 11.029765 -34.541477 -66.051605
v 10.945214 -34.541477 -66.280037
v -0.840183 -35.425636 -61.934006
v -0.852830 -35.412170 -61.952816
v -1.988034 -35.425636 -61.288635
v -1.997533 -35.412170 -61.309212
v -2.003905 -35.425636 -61.293087
v -1.988034 -35.546814 -61.288635
v -2.003905 -35.546814 -61.293087
v -0.840183 -35.546814 -61.934006
v -0.835741 -35.546814 -61.949879
v -0.835741 -35.425636 -61.949879
v -1.090176 -35.425636 -62.402416
v -1.101907 -35.412170 -62.395821
v -2.210294 -35.412170 -61.687626
v -2.222025 -35.425636 -61.681030
v -2.222025 -35.546814 -61.681030
v -1.081409 -35.546814 -62.386822
v 6.987737 -34.541485 -60.906342
v 7.708974 -34.541485 -61.413467
v 8.409910 -34.541485 -61.967987
v 9.134414 -34.541485 -62.646408
v 9.682895 -34.541485 -63.251217
v -1.790739 -34.541492 -56.134796
v 0.375947 -34.541492 -57.197285
v 2.413673 -34.541485 -58.238972
v 4.418580 -34.541485 -59.345261
v 6.094577 -34.541485 -60.324585
v 9.672654 -34.526814 -63.261826
v 10.151060 -34.526806 -63.882961
v 9.462360 -34.526859 -63.479664
v 9.855062 -34.526859 -64.083321
v 10.083957 -34.526859 -64.542755
v 10.548586 -34.526806 -64.510101
v 10.248905 -34.526859 -65.004333
v 10.815577 -34.526798 -65.073715
v 10.294324 -34.526859 -65.456291
v 10.945957 -34.526791 -65.479507
v 11.015894 -34.526783 -65.827759
v 10.180120 -34.526859 -65.849869
v 11.016136 -34.526775 -66.042885
v 10.932428 -34.526775 -66.272850
v 6.088829 -34.526836 -60.338257
v 6.978028 -34.526829 -60.917488
v 6.022202 -34.526859 -60.496784
v 6.862676 -34.526859 -61.049812
v 7.705755 -34.526829 -61.429367
v 7.660497 -34.526859 -61.652721
v 8.399024 -34.526821 -61.977962
v 8.231239 -34.526859 -62.131672
v 8.945691 -34.526859 -62.832375
v 9.123965 -34.526821 -62.656704
v -1.802693 -34.526859 -56.145691
v -1.921153 -34.526859 -56.253693
v 0.317375 -34.526859 -57.322376
v 0.359508 -34.526859 -57.205585
v 2.282523 -34.526859 -58.347626
v 2.402659 -34.526852 -58.249771
v 4.300651 -34.526859 -59.490627
v 4.409208 -34.526844 -59.356808
v -0.983483 -35.546814 -59.673050
v -0.947195 -35.546814 -59.662884
v -0.983483 -35.425636 -59.673050
v 0.008020 -35.425636 -60.199947
v 0.018188 -35.546814 -60.236233
v 0.018188 -35.425636 -60.236233
v 0.008020 -35.546814 -60.199947
v -0.469591 -35.425636 -59.931412
v -0.947195 -35.425636 -59.662884
v -0.963900 -35.402348 -59.697323
v -0.488317 -35.399250 -59.964718
v -0.012733 -35.402348 -60.232113
v -0.439348 -35.396374 -60.990883
v -0.414092 -35.425636 -61.005081
v -0.865958 -35.402348 -61.749649
v -0.846369 -35.425636 -61.773926
v -0.846369 -35.546814 -61.773926
v -0.882657 -35.425636 -61.784092
v -1.360268 -35.425636 -61.515560
v -1.341542 -35.399670 -61.482254
v -0.914931 -35.368885 -60.723488
v -1.390514 -35.396374 -60.456097
v -1.415764 -35.425636 -60.441898
v -1.817125 -35.402348 -61.214859
v -1.848040 -35.546814 -61.210739
v -1.848040 -35.425636 -61.210739
v -1.837872 -35.425636 -61.247028
v -1.837872 -35.546814 -61.247028
v -0.882657 -35.546814 -61.784092
v -0.483107 -35.425636 -58.803913
v -0.915538 -35.425636 -59.573029
v -0.915538 -35.546814 -59.573029
v -0.050681 -35.546810 -58.034805
v -0.030934 -35.546810 -58.029266
v -0.050681 -35.425636 -58.034805
v -0.038895 -35.412170 -58.060146
v -0.463327 -35.407574 -58.815037
v 0.008828 -35.387634 -59.080502
v -0.887763 -35.412170 -59.569931
v -0.415608 -35.409302 -59.835400
v -0.430711 -35.425636 -59.862263
v -0.910009 -35.425636 -59.592777
v 0.478690 -35.407574 -59.344677
v 0.433261 -35.409302 -58.325611
v 0.448364 -35.425636 -58.298748
v -0.030934 -35.425636 -58.029266
v -0.910009 -35.546814 -59.592777
v 0.048587 -35.546814 -60.131744
v 0.048587 -35.425636 -60.131744
v 0.068341 -35.425636 -60.126209
v 0.054254 -35.412170 -60.099575
v 0.500771 -35.425636 -59.357094
v 0.068341 -35.546814 -60.126209
v 0.933197 -35.546810 -58.587986
v 0.933197 -35.425636 -58.587986
v 0.927662 -35.546810 -58.568230
v 0.927662 -35.425636 -58.568230
v 0.903122 -35.412170 -58.589790
v -6.403193 -38.001328 -56.452816
v -6.098543 -38.085896 -56.105202
v -6.616675 -38.236526 -56.584343
v -6.650050 -38.693504 -56.444988
v -6.397651 -38.730511 -56.170635
v -6.096823 -38.397614 -55.985840
v -6.205035 -38.658829 -56.004581
v -6.233118 -38.660149 -55.989716
v -6.124624 -38.400093 -55.970253
v -6.125472 -38.085941 -56.089622
v -6.426436 -38.731140 -56.156754
v -6.676979 -38.693550 -56.429409
v -6.643604 -38.236565 -56.568764
v -6.430123 -38.001366 -56.437237
v -6.642670 -38.064648 -56.640114
v -6.453816 -38.336575 -56.547489
v -6.915197 -38.099422 -56.976711
v -6.427305 -38.801918 -56.737423
v -6.671900 -38.777817 -57.013943
v -6.939024 -38.394722 -57.145679
v -6.871915 -38.646496 -57.181244
v -6.669785 -38.064648 -56.624866
v -6.942314 -38.099422 -56.961464
v -6.454422 -38.801918 -56.722176
v -6.480933 -38.336575 -56.532246
v -6.966793 -38.392250 -57.130032
v -6.900056 -38.645027 -57.166492
v -6.700789 -38.776791 -57.000290
v -6.551008 -37.391518 -56.782284
v -6.577775 -37.390163 -56.764854
v -6.512794 -37.287708 -56.542515
v -6.539622 -37.287708 -56.525429
v -6.474636 -37.390163 -56.303082
v -6.501407 -37.391518 -56.285660
v -6.467463 -37.696831 -56.072674
v -6.440347 -37.696831 -56.087921
v -6.607241 -37.696831 -56.949753
v -6.580124 -37.696831 -56.965000
v -6.483130 -38.092934 -56.356358
v -6.537238 -38.092934 -56.695862
v -6.564355 -38.092934 -56.680618
v -6.510246 -38.092934 -56.341114
v -6.880452 -38.091610 -56.568768
v -6.852342 -38.230091 -56.518768
v -6.852342 -37.953129 -56.518768
v -6.787851 -37.895771 -56.404068
v -6.787851 -38.287449 -56.404068
v -6.723365 -37.953129 -56.289371
v -6.723365 -38.230091 -56.289371
v -6.695254 -38.091610 -56.239376
v -5.732838 -38.190948 -56.830353
v -5.804133 -38.247581 -56.957157
v -5.705087 -38.054226 -56.780994
v -5.732838 -37.917507 -56.830353
v -5.804133 -37.860882 -56.957157
v -5.875428 -37.917507 -57.083961
v -5.519670 -38.054226 -57.117096
v -5.875428 -38.190948 -57.083961
v -5.903183 -38.054226 -57.133327
v -7.252565 -34.297264 -56.690941
v -7.265548 -34.297379 -56.929169
v -7.117552 -34.400436 -56.918972
v -7.107586 -34.297249 -56.224300
v -6.784225 -34.297264 -55.857956
v -6.519238 -34.400436 -55.854816
v -6.587427 -34.297379 -55.723072
v -6.338277 -34.798119 -56.148617
v -6.772499 -34.798119 -56.920921
v -6.208339 -35.274700 -56.389248
v -6.499390 -35.274700 -56.906906
v -6.114525 -35.855625 -56.583275
v -6.284863 -35.855625 -56.886238
v -6.168767 -39.046738 -56.702026
v -6.209815 -39.052666 -56.778076
v -5.328613 -35.274700 -56.985741
v -5.519845 -35.855625 -57.116997
v -5.532624 -35.274700 -57.348587
v -5.460011 -34.798119 -57.622986
v -5.056441 -34.798119 -56.905205
v -5.363218 -34.379250 -57.957569
v -4.720276 -34.379250 -56.814041
v -5.259170 -34.297348 -58.152206
v -4.837577 -34.297318 -58.296337
v -4.613307 -34.297310 -58.206474
v -4.287704 -34.297310 -57.809761
v -4.117948 -34.297310 -57.325432
v -4.157701 -34.297318 -57.087116
v -4.499914 -34.297348 -56.801804
v -6.113385 -34.297348 -57.757954
v -6.076335 -34.346581 -57.675457
v -7.058061 -34.297356 -57.184875
v -6.028835 -34.798119 -57.409451
v -6.012644 -35.274700 -57.245975
v -6.010802 -35.855625 -57.149269
v -7.172484 -33.679623 -56.926926
v -5.956553 -32.843334 -57.355701
v -6.937784 -32.952438 -56.799500
v -5.768793 -32.781593 -56.977028
v -6.947784 -33.062885 -57.051594
v -7.073311 -33.068592 -56.899326
v -7.002591 -33.679569 -57.166790
v -6.092379 -33.679554 -57.723446
v -5.256476 -33.679539 -58.107403
v -5.227598 -33.062878 -58.008690
v -6.064678 -33.021156 -57.584259
v -5.015460 -32.932674 -57.889347
v -4.805529 -32.881168 -57.518616
v -5.542819 -32.843334 -56.619839
v -6.527905 -32.952438 -56.070492
v -6.317716 -33.062885 -55.930962
v -4.901372 -33.679493 -58.216801
v -4.963907 -33.082924 -58.097950
v -7.159917 -33.679623 -56.689404
v -7.058035 -33.068592 -56.719337
v -6.732058 -32.900181 -56.435436
v -6.658878 -33.068592 -56.009403
v -6.513034 -33.068592 -55.902824
v -6.737393 -33.679623 -55.937908
v -6.540987 -33.679623 -55.803749
v -7.037853 -33.679623 -56.263504
v -6.947655 -33.068592 -56.314220
v -4.445971 -34.169411 -58.428673
v -4.451268 -34.217098 -58.396271
v -4.451146 -34.169411 -58.396305
v -4.463780 -34.149563 -58.438618
v -4.470097 -34.149563 -58.390934
v -4.446083 -34.217098 -58.428730
v -4.459812 -34.253162 -58.412277
v -4.421125 -34.169411 -58.450047
v -4.426496 -34.149563 -58.468998
v -4.378819 -34.149563 -58.462677
v -4.439713 -34.149563 -58.353661
v -4.466667 -32.810627 -58.391907
v -4.460773 -32.810627 -58.436939
v -4.425525 -32.810619 -58.465569
v -4.380499 -32.810619 -58.459671
v -4.351865 -32.810619 -58.424431
v -4.348442 -34.149563 -58.425400
v -4.357759 -32.810627 -58.379402
v -4.438029 -32.810619 -58.356659
v -4.354751 -34.149563 -58.377720
v -4.393008 -32.810627 -58.350769
v -4.392035 -34.149563 -58.347340
v -4.397407 -34.169411 -58.366291
v -4.429763 -34.169411 -58.371464
v -4.397367 -34.217098 -58.366173
v -4.429826 -34.217098 -58.371357
v -4.407371 -34.248817 -58.350479
v -4.469875 -34.346497 -58.282448
v -4.421805 -34.318893 -58.331909
v -4.472148 -34.311005 -58.284664
v -4.441400 -34.291180 -58.317787
v -4.383097 -34.263683 -58.369156
v -4.372449 -34.217098 -58.387608
v -4.372561 -34.169411 -58.387665
v -4.367386 -34.169411 -58.420033
v -4.438619 -34.242161 -58.357162
v -4.470439 -34.275940 -58.327957
v -4.493051 -34.290508 -58.304985
v -5.659897 -34.328754 -57.060303
v -5.686178 -34.377243 -57.085846
v -5.694661 -34.292099 -57.094097
v -4.380393 -34.282158 -58.400223
v -4.424236 -34.344883 -58.358604
v -4.484570 -34.375652 -58.296734
v -4.510021 -34.378822 -58.321476
v -5.720954 -34.340580 -57.119644
v -4.530931 -34.358334 -58.341789
v -4.533204 -34.322830 -58.344006
v -4.447785 -34.348240 -58.385300
v -4.477039 -34.326996 -58.393948
v -4.403015 -34.284714 -58.426876
v -4.497254 -34.299030 -58.379726
v -4.460907 -34.243355 -58.382645
v -4.494097 -34.278496 -58.353924
v -4.518510 -34.293674 -58.329720
v -4.505808 -33.084164 -57.687134
v -4.231602 -33.679493 -57.319916
v -4.374722 -33.679493 -57.760834
v -4.677073 -33.679493 -58.112228
v -4.797804 -33.082924 -58.024071
v -4.369657 -33.082924 -57.262573
v -4.258808 -33.679493 -57.073944
v -4.392850 -33.082924 -57.082272
v -4.597868 -32.932674 -57.146622
v -4.606126 -33.062878 -56.903351
v -5.403723 -33.021156 -56.408691
v -5.299196 -33.679554 -56.312702
v -6.247771 -33.679569 -55.824276
v -6.261136 -34.297356 -55.767479
v -5.280629 -34.297348 -56.276825
v -4.536798 -33.679539 -56.827393
v 0.424306 -34.424366 -57.286491
v 0.411850 -34.412861 -57.243687
v 0.413132 -34.432102 -57.280842
v 0.407736 -34.447403 -57.278107
v 0.397267 -34.447517 -57.236298
v 0.399221 -34.533760 -57.237316
v 0.366697 -34.533436 -57.239120
v 0.409684 -34.534134 -57.279121
v 1.862955 -34.422115 -57.990425
v 1.821841 -34.433922 -58.006130
v 1.834044 -34.443241 -58.012306
v 1.836437 -34.405697 -57.977016
v 0.438902 -34.396133 -57.257378
v 0.388369 -34.398140 -57.250076
v 0.364736 -34.447639 -57.238098
v 0.350032 -34.447655 -57.267166
v 1.872590 -34.399700 -58.013561
v 1.828964 -34.377491 -57.991508
v 1.857883 -34.399708 -58.042641
v 1.814260 -34.377499 -58.020580
v 0.416725 -34.367943 -57.300945
v 0.431429 -34.367928 -57.271873
v 1.807019 -34.405720 -58.035160
v 0.409484 -34.396164 -57.315525
v 1.833543 -34.422138 -58.048573
v 1.880021 -34.456577 -58.053814
v 1.894728 -34.456562 -58.024738
v 1.876907 -34.456676 -57.997471
v 1.847493 -34.456707 -58.055611
v 1.849334 -34.553940 -58.056564
v 1.881859 -34.554272 -58.054760
v 1.896563 -34.554241 -58.025688
v 1.878745 -34.553879 -57.998417
v 1.838865 -34.553574 -58.014755
v 1.837020 -34.456814 -58.013805
v 0.373666 -34.398155 -57.279148
v 0.382439 -34.412884 -57.301838
v 0.367849 -34.447540 -57.294441
v 0.351986 -34.533466 -57.268188
v 0.369803 -34.533829 -57.295460
v -4.340715 -34.541492 -60.670151
v -2.308525 -34.526859 -61.950916
v -2.307073 -34.541492 -61.969269
v -4.337622 -34.526859 -60.654282
v -6.427179 -34.526859 -59.233307
v 5.117521 -34.526829 -66.032768
v 5.105611 -34.541485 -66.043777
v 4.302031 -34.526829 -65.676987
v 4.297551 -34.541485 -65.691071
v 3.345091 -34.526836 -65.218231
v 3.336399 -34.541485 -65.230240
v 1.633782 -34.526844 -64.293144
v 1.628786 -34.541485 -64.307152
v -0.358218 -34.541485 -63.169022
v -0.354713 -34.526852 -63.153999
v 8.484055 -34.541485 -66.861771
v 9.226882 -34.526806 -66.860863
v 9.253031 -34.541485 -66.874504
v 8.484494 -34.526806 -66.847092
v 7.705210 -34.526814 -66.761101
v 7.701466 -34.541485 -66.775360
v 6.903084 -34.526821 -66.606735
v 6.899718 -34.541485 -66.621010
v 5.943607 -34.541485 -66.354523
v 5.946476 -34.526821 -66.340034
v 10.793970 -34.541477 -66.470985
v 10.779441 -34.526775 -66.463867
v 10.613303 -34.541477 -66.583427
v 10.595511 -34.526783 -66.575447
v 10.281723 -34.541477 -66.705910
v 10.261626 -34.526791 -66.696648
v 9.872407 -34.541477 -66.806839
v 9.847171 -34.526798 -66.796112
v -5.331860 -34.346581 -56.351345
v -5.534453 -34.798119 -56.530151
v -5.665717 -35.274700 -56.628937
v -5.747387 -35.855625 -56.680763
v -3.983587 -34.326084 -58.855579
v -3.998663 -34.363503 -58.861065
v -4.001228 -34.342075 -58.862537
v -3.976841 -34.373283 -58.851944
v -3.961765 -34.335854 -58.846458
v -3.959200 -34.357285 -58.844986
v -5.179688 -34.392303 -57.729637
v -5.131919 -34.395164 -57.776680
v -5.179189 -34.412868 -57.750103
v -5.123332 -34.372028 -57.761410
v -5.109244 -34.375999 -57.736355
v -5.164017 -34.395943 -57.705479
v -5.156136 -34.427574 -57.724262
v -5.679082 -34.541431 -58.309875
v -5.679076 -34.896080 -58.309879
v -6.162050 -34.536690 -59.168877
v -6.026959 -36.711025 -58.928619
v -4.111034 -34.363972 -58.671074
v -4.104484 -34.315250 -58.667866
v -4.097329 -34.366371 -58.712685
v -4.069695 -34.328663 -58.609615
v -4.040410 -34.315823 -58.637394
v -4.088753 -34.318127 -58.618359
v -4.072429 -34.298096 -58.652332
v -4.107724 -34.328316 -58.627686
v -4.111521 -34.356964 -58.629677
v -4.089024 -34.374660 -58.618855
v -4.073069 -34.394161 -58.652817
v -4.054440 -34.400818 -58.692089
v -4.034498 -34.364658 -58.634670
v -4.010903 -34.367153 -58.671574
v -4.017490 -34.311630 -58.674995
v -4.001397 -34.315006 -58.716389
v -3.995516 -34.365768 -58.712955
v -4.015117 -34.372959 -58.774216
v -3.994283 -34.357361 -58.764374
v -4.035501 -34.396496 -58.731823
v -4.066180 -34.357376 -58.608124
v -4.089703 -34.310982 -58.709343
v -4.053423 -34.291687 -58.692169
v -4.034285 -34.296673 -58.732498
v -4.014353 -34.321632 -58.774857
v -3.997184 -34.331318 -58.766251
v -4.074911 -34.365059 -58.750725
v -4.035669 -34.356987 -58.784058
v -4.031995 -34.331001 -58.782814
v -4.067789 -34.314407 -58.747971
v 6.382833 -36.711010 -65.571823
v 5.300679 -34.540905 -65.863777
v 4.392526 -36.711018 -64.893349
v 5.999414 -34.540928 -66.099777
v 6.968936 -34.540928 -66.345612
v 8.182037 -36.710995 -65.825005
v 7.791159 -34.540791 -66.449684
v 8.504430 -34.540829 -66.474777
v 9.009733 -34.540592 -66.429497
v 9.486372 -34.540592 -66.329605
v 9.891200 -34.540470 -66.135582
v -4.367264 -34.217098 -58.420067
v -4.388706 -34.217098 -58.444981
v -4.388762 -34.169411 -58.444878
v -4.421158 -34.217098 -58.450169
v -4.435374 -34.268696 -58.431461
v -4.950722 -34.869198 -56.985119
v -4.950722 -34.907810 -56.985119
v -4.981214 -34.869198 -57.039352
v -4.981214 -34.907810 -57.039352
v -5.089691 -34.869198 -56.906986
v -5.093646 -35.307285 -56.904762
v -5.033751 -35.307285 -56.938438
v -4.315313 -34.541409 -60.470890
v -0.075157 -36.711018 -62.540482
v -2.217710 -34.540920 -61.838913
v -0.329689 -34.541134 -62.981903
v 1.698382 -34.541172 -64.114151
v 1.953347 -36.711018 -63.702244
v 3.457882 -34.540936 -65.063972
v 4.363221 -34.540859 -65.492416
v 8.517861 -35.332542 -66.685684
v 6.999932 -35.332542 -66.464676
v 7.701466 -35.182468 -66.775360
v 6.899718 -35.182468 -66.621010
v 5.943607 -35.182468 -66.354523
v 5.631206 -35.332542 -66.060928
v 5.105611 -35.182468 -66.043777
v 4.297551 -35.182461 -65.691071
v 3.381623 -35.332542 -65.118988
v 3.336399 -35.182461 -65.230240
v 0.643893 -35.182461 -63.654552
v -2.235129 -35.332542 -61.824749
v -2.307073 -35.182453 -61.969269
v -4.340715 -35.182453 -60.670151
v -5.120183 -34.869198 -56.961220
v -5.124138 -35.307285 -56.958996
v -5.064243 -35.307285 -56.992672
v 1.392778 -35.541111 -58.046413
v 1.404157 -35.547874 -58.054539
v -1.055481 -35.541111 -62.400856
v -1.043570 -35.547874 -62.408035
v 0.092424 -35.547874 -57.468014
v 0.109649 -35.541111 -57.465725
v -2.226488 -35.547874 -61.592400
v -2.219496 -35.541111 -61.608315
v -0.031427 -36.797905 -57.688290
v -2.118195 -36.797909 -61.399792
v -0.868833 -36.830479 -62.097252
v 1.230902 -36.830475 -58.362690
v -4.835902 -34.452538 -57.053162
v -4.861820 -34.440662 -57.058594
v -4.873005 -34.442623 -57.085308
v -4.840354 -34.460815 -57.089584
v -5.071270 -34.937534 -56.959755
v -5.068045 -34.932308 -56.922642
v -5.095717 -34.924789 -56.927086
v -5.106615 -34.926018 -56.953960
v -5.208515 -34.441856 -57.680511
v -5.225630 -34.439754 -57.703850
v -5.216965 -34.451534 -57.728916
v -5.188064 -34.459988 -57.706364
v -5.419112 -34.936893 -57.576458
v -5.442245 -34.925423 -57.549099
v -5.459681 -34.924084 -57.572254
v -5.449267 -34.931530 -57.598305
v 8.484055 -35.182468 -66.861771
v 9.253031 -35.182476 -66.874504
v 9.872407 -35.182476 -66.806839
v 10.281723 -35.182476 -66.705910
v 10.613303 -35.182476 -66.583427
v 10.793970 -35.182476 -66.470985
v -5.718575 -34.526859 -58.318531
v -5.870657 -34.526859 -58.228733
v -6.202708 -34.526859 -59.167583
v 3.445915 -34.526859 -65.078934
v 1.691708 -34.526859 -64.130859
v -0.333533 -34.526859 -63.000507
v -2.230632 -34.526859 -61.854233
v -4.306895 -34.526859 -60.496941
v 7.782056 -34.526859 -66.468231
v 6.960542 -34.526859 -66.363136
v 5.990623 -34.526859 -66.116806
v 5.284838 -34.526859 -65.878036
v 4.355149 -34.526859 -65.509666
v 9.903189 -34.526859 -66.151962
v 9.493432 -34.526859 -66.348007
v 9.013350 -34.526859 -66.446922
v 8.501875 -34.526859 -66.490082
v 10.376299 -35.332542 -66.423599
v 9.542380 -36.035686 -66.270531
v 9.809981 -35.332542 -66.618568
v 7.633437 -36.035686 -66.213684
v 5.790725 -36.035686 -65.802963
v 3.554522 -36.035686 -64.883194
v -2.276451 -36.035686 -61.651554
v -4.630440 -34.349258 -57.424576
v -4.612799 -34.333260 -57.417614
v -4.615360 -34.311836 -57.419079
v -4.637183 -34.302059 -57.428200
v -4.654823 -34.318058 -57.435162
v -4.652262 -34.339489 -57.433693
v -5.418291 -35.307285 -57.622375
v -5.388633 -35.301365 -57.566566
v -5.478187 -35.307285 -57.588699
v -5.447694 -35.307285 -57.534466
v -5.443739 -34.869198 -57.536690
v -5.474231 -34.869198 -57.590923
v -5.300916 -34.863235 -57.615887
v -5.300916 -34.901852 -57.615887
v -5.330580 -34.869167 -57.671692
v -5.330580 -34.907780 -57.671692
vn 0.6474 -0.6696 -0.3640
vn -0.1587 0.7679 0.6205
vn 0.2157 -0.5264 0.8224
vn -0.2288 -0.5483 0.8044
vn 0.1626 0.7510 0.6400
vn 0.1229 0.8955 -0.4278
vn -0.0970 0.8897 -0.4462
vn 0.2818 -0.0000 -0.9595
vn -0.2761 -0.0000 -0.9611
vn -0.1763 -0.5989 -0.7812
vn 0.2223 -0.5964 -0.7713
vn 0.5653 -0.5965 -0.5697
vn 0.7416 -0.0000 -0.6709
vn 0.3168 0.8914 -0.3242
vn -0.4720 0.7541 0.4566
vn -0.6170 -0.5304 0.5814
vn -0.5827 0.1040 0.8060
vn -0.1192 -0.9061 0.4060
vn 0.1059 -0.9199 0.3775
vn 0.5117 -0.3307 0.7929
vn -0.2886 -0.9202 0.2644
vn -0.3759 -0.9202 0.1092
vn -0.8173 -0.5304 0.2251
vn -0.6354 0.7541 0.1660
vn 0.4416 0.8914 -0.1022
vn 0.9585 -0.0000 -0.2850
vn 0.9662 -0.0000 0.2578
vn 0.4294 0.8955 0.1173
vn -0.4571 0.7532 -0.4730
vn -0.6321 0.7537 -0.1799
vn -0.4088 -0.9061 -0.1091
vn -0.8061 -0.5481 -0.2229
vn -0.5860 -0.5292 -0.6137
vn -0.4900 0.5675 -0.6617
vn 0.0527 0.9202 0.3878
vn -0.0821 0.8817 0.4645
vn 0.4992 -0.1519 0.8531
vn 0.5386 -0.1675 0.8257
vn -0.5564 0.5473 -0.6252
vn -0.4139 -0.3326 -0.8474
vn -0.2675 -0.9199 -0.2867
vn -0.3631 -0.3071 -0.8797
vn 0.3556 -0.8851 0.3002
vn 0.4826 -0.8474 0.2211
vn 0.6738 -0.0031 0.7389
vn 0.5715 -0.5959 0.5642
vn 0.7745 -0.5964 0.2108
vn 0.7805 -0.5965 -0.1870
vn 0.3308 0.8897 0.3147
vn -0.9888 -0.0000 0.1492
vn -0.8717 -0.0000 0.4901
vn -0.6413 -0.0000 0.7673
vn -0.0000 1.0000 -0.0000
vn 0.5174 -0.7292 0.4478
vn 0.5067 0.0042 0.8621
vn 0.8391 -0.4898 0.2365
vn 0.9715 -0.1619 0.1733
vn 0.5572 0.0163 0.8302
vn 0.6480 0.0042 0.7616
vn -0.4954 -0.0224 0.8684
vn 0.9818 0.0189 0.1890
vn -0.4396 0.0162 -0.8981
vn -0.7897 0.6112 -0.0526
vn -0.4927 0.0032 -0.8702
vn -0.9800 0.1970 0.0297
vn -0.9997 -0.0220 -0.0066
vn -0.5163 0.1970 0.8334
vn -0.3501 0.6116 0.7095
vn 0.4814 -0.0584 0.8746
vn -0.3350 0.0049 -0.9422
vn 0.3279 0.0194 -0.9445
vn 0.3364 -0.1620 -0.9277
vn 0.2155 -0.4903 -0.8445
vn -0.1315 -0.7303 -0.6703
vn 0.4680 -0.0558 0.8820
vn 0.9826 0.1846 -0.0214
vn 0.7777 0.6235 0.0801
vn 0.5105 0.1845 -0.8398
vn 0.3197 0.6232 -0.7138
vn -0.5293 -0.0567 -0.8466
vn -0.5062 -0.0702 -0.8595
vn -0.5328 -0.7216 -0.4421
vn -0.5221 -0.0601 -0.8507
vn -0.5776 0.0049 -0.8163
vn 0.9998 0.0183 -0.0054
vn 0.5046 0.0185 -0.8632
vn -0.6262 -0.0031 -0.7796
vn -0.9818 -0.0160 -0.1891
vn -0.9818 -0.0161 -0.1894
vn -0.9766 -0.1038 -0.1886
vn -0.8648 -0.4390 -0.2437
vn 0.1811 0.0022 0.9835
vn 0.4968 -0.0702 0.8650
vn 0.1194 -0.7217 0.6818
vn -0.2218 -0.4384 0.8710
vn -0.3255 -0.1036 0.9398
vn -0.3278 -0.0163 0.9446
vn 0.3614 -0.0035 0.9324
vn 0.3613 -0.0035 0.9324
vn 0.8657 0.0105 0.5005
vn -0.0780 0.8631 -0.4990
vn -0.4333 0.8565 -0.2805
vn 0.3946 0.8638 0.3132
vn 0.0296 0.8566 0.5151
vn -0.0000 -1.0000 -0.0000
vn 0.8717 -0.0000 -0.4901
vn 0.5132 -0.0000 0.8582
vn -0.4666 -0.0000 -0.8845
vn -0.7640 0.4814 0.4296
vn -0.7396 0.5293 0.4158
vn -0.0992 0.9935 0.0558
vn 0.8116 0.3649 -0.4563
vn 0.8115 0.3652 -0.4562
vn -0.8452 0.2445 0.4752
vn -0.8462 0.2402 0.4757
vn -0.8452 0.2446 0.4752
vn 0.0073 1.0000 -0.0041
vn -0.8757 0.0369 0.4814
vn -0.8755 0.0377 0.4818
vn -0.8756 0.0373 0.4816
vn -0.8754 0.0381 0.4819
vn -0.7409 -0.5335 0.4079
vn -0.7390 -0.5366 0.4075
vn -0.7180 -0.5676 0.4028
vn -0.7153 -0.5714 0.4022
vn -0.8715 0.0199 0.4900
vn -0.8701 0.0596 0.4892
vn -0.6752 0.2864 -0.6797
vn -0.5647 0.2602 -0.7832
vn -0.6058 0.2684 -0.7490
vn -0.5599 0.2505 -0.7898
vn -0.5188 0.2407 -0.8203
vn -0.4906 0.2269 -0.8413
vn -0.4842 0.2203 -0.8468
vn -0.4595 0.2247 -0.8593
vn -0.4647 0.2286 -0.8555
vn -0.4254 0.2516 -0.8693
vn -0.4338 0.1872 -0.8813
vn -0.4239 0.1596 -0.8915
vn -0.3955 0.1251 -0.9099
vn -0.9169 0.3013 0.2619
vn -0.9149 0.3387 -0.2195
vn -0.9459 0.3144 0.0798
vn -0.9172 0.3357 -0.2147
vn -0.8773 0.3264 -0.3519
vn -0.8267 0.3176 -0.4644
vn -0.8331 0.2909 -0.4704
vn -0.7729 0.2892 -0.5649
vn -0.7172 0.2863 -0.6354
vn -0.6451 0.2728 -0.7137
vn -0.4901 -0.0000 -0.8717
vn -0.8663 0.0369 0.4981
vn -0.8664 0.0373 0.4979
vn -0.8665 0.0377 0.4977
vn -0.8666 0.0381 0.4975
vn -0.7335 -0.5336 0.4211
vn -0.7173 -0.5676 0.4042
vn -0.7321 -0.5366 0.4196
vn -0.7154 -0.5714 0.4022
vn 0.3675 -0.6323 0.6820
vn 0.3160 -0.7313 0.6045
vn 0.3155 -0.7296 0.6067
vn 0.2999 -0.7304 0.6136
vn 0.3394 -0.5910 0.7318
vn 0.3409 -0.5840 0.7367
vn 0.5185 -0.7769 0.3572
vn 0.4618 -0.8000 0.3830
vn 0.4625 -0.7663 0.4460
vn 0.4601 -0.7601 0.4589
vn 0.4152 -0.7805 0.4674
vn 0.4077 -0.7570 0.5107
vn 0.3602 -0.7855 0.5033
vn 0.3847 -0.7523 0.5348
vn 0.3964 -0.6324 0.6655
vn 0.4007 -0.6229 0.6719
vn 0.8885 -0.4421 0.1226
vn 0.8784 -0.4679 -0.0969
vn 0.8624 -0.5027 0.0598
vn 0.8483 -0.4129 0.3314
vn 0.9278 -0.3295 0.1751
vn 0.8227 -0.4912 0.2861
vn 0.7231 -0.4973 0.4794
vn 0.8648 -0.3178 0.3887
vn 0.7075 -0.4069 0.5778
vn 0.6504 -0.4502 0.6118
vn 0.6074 -0.3765 0.6994
vn 0.5816 -0.3869 0.7156
vn 0.5194 -0.3282 0.7890
vn 0.4901 -0.3794 0.7848
vn 0.4618 -0.1866 0.8671
vn 0.4510 -0.2505 0.8567
vn 0.4334 -0.3249 0.8406
vn 0.5026 -0.2469 0.8285
vn 0.5844 -0.3232 0.7443
vn 0.6904 -0.3563 0.6296
vn 0.4455 -0.1107 0.8884
vn 0.4445 -0.1983 0.8736
vn 0.4408 -0.2830 0.8518
vn -0.7775 0.0010 -0.6288
vn -0.7245 0.0072 -0.6892
vn 0.3190 -0.0060 -0.9477
vn 0.3389 0.1683 -0.9257
vn -0.6857 -0.0558 -0.7257
vn 0.1780 0.6170 -0.7665
vn -0.6560 -0.0765 -0.7509
vn -0.1519 0.8592 -0.4886
vn -1.0000 0.0051 0.0078
vn -0.9959 -0.0899 0.0079
vn -0.8990 -0.4329 -0.0662
vn -0.6161 -0.7185 -0.3227
vn -0.2679 -0.7327 -0.6257
vn -0.6700 -0.0530 -0.7404
vn -0.4628 0.8613 -0.2097
vn 0.1355 0.8624 0.4877
vn 0.4610 0.8580 0.2265
vn 0.7831 0.6170 -0.0784
vn 0.9615 0.1684 -0.2172
vn 0.9807 -0.0058 -0.1954
vn -0.1990 0.6180 0.7606
vn 0.6305 -0.0549 0.7743
vn 0.6436 -0.0732 0.7618
vn 0.6320 -0.0558 0.7730
vn 0.5909 0.0077 0.8067
vn 0.5246 0.0013 0.8514
vn -0.1354 -0.0897 0.9867
vn -0.1353 0.0052 0.9908
vn 0.2317 -0.7164 0.6581
vn -0.0493 -0.4328 0.9001
vn -0.6041 0.0138 -0.7968
vn -0.7799 0.6179 0.0999
vn -0.6542 0.0035 -0.7564
vn -0.9520 0.2146 0.2183
vn -0.3382 0.2148 0.9163
vn 0.7128 0.0139 0.7012
vn 0.6664 0.0039 0.7456
vn 0.5790 -0.7342 0.3544
vn 0.8656 -0.4958 0.0700
vn 0.9839 -0.1775 -0.0200
vn 1.0000 -0.0043 -0.0075
vn 0.7743 -0.0008 0.6328
vn -0.3207 0.0051 0.9472
vn -0.9803 0.0050 0.1975
vn -0.5284 -0.0011 -0.8490
vn 0.1357 -0.0046 -0.9907
vn 0.1461 -0.1777 -0.9732
vn 0.0415 -0.4966 -0.8670
vn 0.5113 0.0162 0.8592
vn 0.9606 -0.1619 0.2257
vn 0.4592 0.0042 0.8883
vn 0.8251 -0.4899 0.2815
vn 0.4923 -0.7293 0.4752
vn -0.5607 0.1970 0.8042
vn -0.3881 0.6116 0.6895
vn 0.4332 -0.0584 0.8994
vn 0.4491 -0.0702 0.8907
vn 0.0822 -0.7218 0.6872
vn 0.4194 -0.0560 0.9061
vn -0.2686 -0.4387 0.8576
vn 0.3677 0.0053 0.9299
vn -0.3760 -0.1035 0.9208
vn 0.7722 0.6234 0.1223
vn 0.3770 0.8639 0.3341
vn 0.3580 0.6232 -0.6953
vn -0.0508 0.8631 -0.5025
vn -0.4175 0.8565 -0.3036
vn 0.0017 0.8566 0.5160
vn -0.9801 0.1970 -0.0235
vn -0.7857 0.6112 -0.0953
vn -0.4752 -0.0601 -0.8778
vn -0.4588 -0.0702 -0.8857
vn -0.4824 -0.0566 -0.8741
vn 0.5553 0.1845 -0.8109
vn 0.9823 0.1846 0.0318
vn -0.5325 0.0049 -0.8464
vn -0.3786 -0.0163 0.9254
vn 0.3102 -0.0035 0.9507
vn 0.9986 0.0183 0.0489
vn 0.5507 0.0184 -0.8345
vn -0.5830 -0.0031 -0.8125
vn -0.9701 -0.0160 -0.2423
vn -0.9700 -0.0161 -0.2424
vn -0.9649 -0.1038 -0.2413
vn -0.8503 -0.4390 -0.2904
vn -0.5079 -0.7216 -0.4704
vn -0.0949 -0.7303 -0.6765
vn -0.4447 0.0035 -0.8957
vn -0.3903 0.0162 -0.9206
vn 0.3786 0.0193 -0.9254
vn -0.2834 0.0048 -0.9590
vn 0.3862 -0.1620 -0.9081
vn 0.2611 -0.4902 -0.8316
vn -0.9979 -0.0220 -0.0608
vn -0.5418 -0.0224 0.8402
vn 0.6057 0.0042 0.7957
vn 0.9701 0.0190 0.2421
vn 0.9841 0.0189 0.1765
vn 0.9736 -0.1619 0.1609
vn 0.6578 0.0042 0.7532
vn 0.5678 0.0163 0.8230
vn -0.4842 -0.0224 0.8747
vn 0.5176 0.0042 0.8556
vn 0.8420 -0.4899 0.2258
vn 0.5231 -0.7292 0.4411
vn 0.4793 -0.0559 0.8759
vn 0.1282 -0.7217 0.6802
vn -0.2106 -0.4385 0.8737
vn 0.5078 -0.0701 0.8586
vn 0.4925 -0.0584 0.8683
vn -0.3411 0.6116 0.7139
vn -0.5055 0.1971 0.8400
vn -0.9795 0.1971 0.0422
vn 0.4291 0.0051 0.9033
vn 0.9822 0.1846 -0.0342
vn 0.7787 0.6235 0.0702
vn 0.4997 0.1845 -0.8463
vn -0.6362 -0.0031 -0.7715
vn -0.5881 0.0049 -0.8087
vn 0.4935 0.0185 -0.8695
vn 0.9997 0.0183 -0.0180
vn 0.3732 -0.0035 0.9277
vn -0.3157 -0.0163 0.9487
vn -0.3136 -0.1036 0.9439
vn 0.3986 0.8639 0.3081
vn 0.0362 0.8566 0.5147
vn 0.3107 0.6232 -0.7177
vn -0.5399 -0.0566 -0.8398
vn -0.8679 -0.4389 -0.2327
vn -0.9789 -0.1040 -0.1760
vn -0.9841 -0.0161 -0.1767
vn -0.9842 -0.0160 -0.1764
vn -0.4369 0.8565 -0.2750
vn -0.0844 0.8631 -0.4979
vn -0.5171 -0.0702 -0.8530
vn -0.5384 -0.7216 -0.4352
vn -0.1401 -0.7303 -0.6686
vn -0.5329 -0.0601 -0.8440
vn -0.7903 0.6112 -0.0425
vn -0.5038 0.0036 -0.8638
vn 0.2046 -0.4903 -0.8472
vn 0.3244 -0.1621 -0.9319
vn -0.4511 0.0162 -0.8923
vn -0.9997 -0.0220 0.0060
vn -0.3470 0.0049 -0.9378
vn 0.3156 0.0194 -0.9487
vn 0.4657 -0.8792 -0.1000
vn 0.4819 -0.8579 -0.1784
vn 0.4763 -0.8754 -0.0820
vn 0.5082 -0.8595 0.0552
vn 0.5113 -0.8588 0.0327
vn 0.5362 -0.8352 0.1224
vn 0.5478 -0.8094 0.2118
vn 0.5668 -0.7946 0.2175
vn 0.5015 -0.8219 0.2703
vn 0.5275 -0.7644 0.3706
vn -0.6865 0.4686 -0.5559
vn -0.3738 0.9275 0.0084
vn -0.1183 0.4686 -0.8754
vn 0.2014 0.9275 -0.3150
vn 0.5452 0.4164 -0.7275
vn -0.1191 -0.0000 -0.9929
vn 0.2701 -0.0000 -0.9628
vn -0.7865 -0.0000 -0.6176
vn -0.9629 -0.0000 -0.2698
vn -0.9630 -0.0000 -0.2695
vn -0.9049 0.4164 0.0878
vn -0.8054 0.3826 0.4528
vn -0.3271 0.9269 0.1839
vn 0.3403 0.9207 -0.1913
vn 0.7927 0.4160 -0.4457
vn 0.8198 -0.0000 0.5726
vn 0.7671 -0.0000 0.6415
vn 0.8774 -0.0000 0.4797
vn 0.8775 -0.0000 0.4797
vn 0.9319 -0.0000 0.3627
vn 0.9204 -0.0000 0.3910
vn 0.9693 -0.0000 0.2461
vn 0.9693 -0.0000 0.2460
vn 0.9539 -0.0000 0.3000
vn 0.9959 -0.0000 0.0910
vn 0.9958 -0.0000 0.0910
vn 0.9834 -0.0000 -0.1814
vn 0.9378 -0.0000 -0.3471
vn 0.6964 0.4433 0.5644
vn 0.3879 0.9214 0.0218
vn 0.1203 0.4433 0.8883
vn -0.1829 0.9214 0.3427
vn -0.5563 0.3965 0.7303
vn 0.1190 -0.0000 0.9929
vn -0.2702 -0.0000 0.9628
vn 0.7865 -0.0000 0.6176
vn 0.9630 -0.0000 0.2695
vn 0.9130 0.3965 -0.0959
vn 0.7984 0.4012 -0.4489
vn 0.3398 0.9209 -0.1910
vn -0.3278 0.9266 0.1843
vn 0.5606 -0.0000 0.8281
vn 0.5223 -0.0104 0.8527
vn 0.5980 -0.0000 0.8015
vn 0.6525 -0.0000 0.7578
vn 0.7127 -0.0000 0.7014
vn 0.4274 0.0023 0.9041
vn 0.4188 0.0244 0.9077
vn 0.4198 0.0289 0.9072
vn 0.4269 -0.0000 0.9043
vn 0.4503 -0.0102 0.8928
vn 0.4477 -0.0000 0.8942
vn 0.4788 -0.1070 0.8714
vn 0.4788 -0.1159 0.8703
vn 0.4772 -0.0945 0.8737
vn 0.5253 -0.0000 0.8509
vn -0.0001 1.0000 -0.0001
vn -0.0001 1.0000 -0.0000
vn -0.0000 1.0000 -0.0001
vn -0.2698 -0.0000 0.9629
vn 0.1192 -0.0000 0.9929
vn -0.2496 0.3801 0.8906
vn 0.6975 0.4386 0.5666
vn 0.9629 -0.0000 0.2698
vn 0.7864 -0.0000 0.6178
vn 0.6975 0.4386 0.5667
vn 0.4336 0.4659 0.7713
vn 0.1217 0.4386 0.8904
vn -0.1397 0.9289 0.3429
vn 0.1497 0.9522 0.2662
vn 0.3655 0.9289 0.0588
vn 0.3488 0.9164 -0.1962
vn 0.8056 0.3818 -0.4530
vn 0.1395 0.9290 -0.3427
vn 0.8042 0.3858 -0.4522
vn 0.7918 0.5498 -0.2659
vn -0.0918 0.8450 -0.5268
vn 0.1702 0.7761 -0.6072
vn -0.2744 0.8285 -0.4881
vn -0.1480 0.9533 -0.2632
vn -0.0001 1.0000 -0.0002
vn -0.3489 0.9164 0.1961
vn -0.8057 0.3817 0.4530
vn -0.8042 0.3857 0.4522
vn -0.3654 0.9290 -0.0588
vn -0.7919 0.5498 0.2659
vn -0.6073 0.7760 -0.1702
vn -0.2551 0.8539 -0.4537
vn -0.7864 -0.0000 -0.6177
vn -0.7864 -0.0000 -0.6178
vn -0.7864 -0.0001 -0.6178
vn -0.0885 -0.0000 -0.9961
vn -0.1192 -0.0000 -0.9929
vn 0.2698 -0.0000 -0.9629
vn -0.8344 0.2866 0.4708
vn -0.8731 0.4781 0.0958
vn -0.6179 -0.0000 0.7863
vn -0.2701 -0.0000 0.9628
vn -0.5356 0.4781 0.6961
vn -0.1154 0.9609 0.2518
vn -0.3023 0.9379 0.1700
vn 0.0050 1.0000 -0.0028
vn -0.2751 0.9609 -0.0322
vn -0.1201 0.9682 -0.2195
vn -0.2321 0.8849 -0.4037
vn -0.6792 0.4975 -0.5396
vn -0.5431 0.7840 0.3007
vn 0.2761 0.9485 -0.1552
vn 0.1251 0.9682 0.2166
vn 0.2243 0.8849 0.4081
vn 0.1081 0.4975 0.8607
vn -0.9630 -0.0000 -0.2696
vn -0.4598 0.3378 -0.8213
vn -0.1051 0.5011 -0.8590
vn 0.5335 0.4894 -0.6899
vn 0.0948 0.9667 -0.2376
vn 0.8303 0.3017 -0.4686
vn 0.8303 0.3016 -0.4686
vn 0.8666 0.4894 -0.0973
vn 0.6793 0.5011 0.5361
vn 0.2523 0.9667 0.0424
vn 0.5062 0.8158 -0.2798
vn 0.4628 0.3378 0.8196
vn 0.4901 -0.0000 0.8717
vn 0.6954 -0.2556 -0.6716
vn 0.6949 -0.2547 -0.6724
vn 0.6950 -0.2548 -0.6724
vn 0.6925 -0.2502 -0.6766
vn 0.6833 -0.2334 -0.6918
vn -0.6880 0.2477 0.6821
vn -0.7118 0.2478 0.6572
vn -0.6954 0.2528 0.6727
vn -0.6910 0.2518 0.6776
vn -0.6950 0.2548 0.6724
vn -0.6954 0.2556 0.6716
vn 0.4632 -0.2565 0.8483
vn 0.4898 -0.0280 0.8714
vn 0.3169 -0.7853 0.5318
vn 0.4817 0.0930 0.8714
vn 0.4731 0.3172 0.8219
vn 0.4745 0.3170 0.8212
vn -0.0507 -0.9946 -0.0906
vn -0.0497 -0.9946 -0.0913
vn 0.0358 -0.9989 0.0307
vn 0.0752 -0.9913 0.1084
vn 0.3168 -0.7853 0.5319
vn 0.1639 -0.9606 0.2245
vn -0.4881 -0.2218 -0.8442
vn -0.4880 -0.2218 -0.8442
vn 0.0907 0.9830 0.1597
vn 0.0909 0.9830 0.1595
vn 0.7277 0.2943 -0.6196
vn 0.7280 0.2947 -0.6190
vn 0.7281 0.2948 -0.6189
vn 0.7264 0.2927 -0.6218
vn 0.7261 0.2923 -0.6223
vn 0.7176 0.2813 -0.6371
vn -0.0398 0.9967 -0.0708
vn 0.4657 -0.3115 0.8283
vn -0.4307 0.4770 -0.7661
vn -0.4290 0.4772 -0.7670
vn -0.4497 0.2963 -0.8426
vn -0.4668 0.1979 -0.8619
vn -0.4440 -0.3934 -0.8050
vn -0.3870 -0.6240 -0.6788
vn -0.1644 -0.9475 -0.2743
vn -0.1243 -0.9736 -0.1916
vn -0.0337 -0.9978 -0.0573
vn -0.0327 -0.9978 -0.0581
vn -0.1910 0.9115 -0.3642
vn -0.3142 0.7802 -0.5409
vn -0.0573 0.9941 -0.0926
vn 0.0573 0.9941 0.0926
vn 0.1934 0.9113 0.3635
vn 0.3538 0.7170 0.6007
vn 0.4086 0.5523 0.7266
vn 0.4099 0.5522 0.7260
vn 0.4362 0.5490 0.7130
vn -0.3143 0.7801 -0.5410
vn -0.4563 0.4911 -0.7421
vn -0.4277 0.4940 -0.7570
vn -0.4261 0.4941 -0.7578
vn 0.9875 -0.0000 -0.1574
vn -0.7252 -0.2866 0.6261
vn -0.7229 -0.3222 0.6113
vn -0.7269 -0.2952 0.6201
vn -0.7273 -0.2906 0.6218
vn -0.7280 -0.2947 0.6190
vn -0.7277 -0.2943 0.6196
vn -0.9875 -0.0000 0.1574
vn 0.5618 -0.6851 0.4638
vn 0.3626 -0.7073 0.6069
vn 0.2306 -0.9644 -0.1296
vn 0.4801 -0.0081 0.8772
vn 0.6938 0.0044 0.7201
vn 0.3238 0.6978 0.6389
vn 0.5431 0.6929 0.4743
vn -0.0317 0.9993 0.0178
vn 0.2049 0.9720 -0.1152
vn 0.0127 0.9095 -0.4155
vn -0.2252 0.9162 -0.3315
vn -0.1043 -0.6851 -0.7210
vn -0.2547 0.0044 -0.9670
vn -0.2395 0.3724 -0.8967
vn -0.4731 0.3826 -0.7936
vn -0.5000 -0.0081 -0.8660
vn -0.3301 -0.7073 -0.6251
vn 0.0308 -0.9994 -0.0173
vn -0.4752 -0.8725 0.1134
vn -0.5726 -0.8192 0.0316
vn -0.5659 -0.7975 0.2091
vn -0.2921 -0.9422 0.1642
vn -0.3438 -0.8725 0.3471
vn -0.4727 -0.7975 0.3748
vn -0.3246 -0.8192 0.4728
vn -0.7345 -0.5386 0.4129
vn -0.7345 -0.5385 0.4129
vn -0.8079 -0.3756 0.4542
vn -0.8605 -0.1595 0.4838
vn -0.8606 -0.1595 0.4837
vn -0.8793 -0.0045 0.4762
vn -0.8798 -0.0046 0.4753
vn 0.8305 -0.3037 -0.4669
vn 0.8584 -0.1735 -0.4827
vn 0.7721 -0.4642 -0.4341
vn 0.3000 -0.9114 -0.2817
vn 0.3965 -0.9114 -0.1099
vn -0.1545 -0.8784 -0.4522
vn 0.0354 -0.9825 -0.1827
vn 0.0784 -0.9928 -0.0908
vn 0.0890 -0.9948 -0.0500
vn 0.1183 -0.9928 -0.0198
vn 0.1745 -0.9825 0.0647
vn 0.3061 -0.8784 0.3670
vn 0.4121 -0.5412 0.7330
vn -0.4118 -0.5422 -0.7324
vn 0.0300 -0.9977 0.0616
vn 0.0267 -0.9986 0.0467
vn 0.0170 -0.9999 0.0027
vn 0.0146 -0.9999 -0.0082
vn -0.2298 -0.8760 -0.4240
vn -0.3185 -0.7306 -0.6040
vn -0.2978 -0.8656 -0.4027
vn -0.5026 -0.7622 -0.4079
vn -0.4608 -0.7136 -0.5277
vn -0.5118 -0.4060 -0.7571
vn -0.3985 -0.4272 -0.8116
vn -0.5400 -0.2803 -0.7936
vn -0.3707 -0.2823 -0.8848
vn -0.6529 -0.1233 -0.7473
vn -0.3562 -0.0984 -0.9292
vn -0.5377 -0.0411 -0.8421
vn -0.4679 -0.0497 -0.8824
vn -0.2561 -0.0587 -0.9649
vn 0.0082 -0.1300 -0.9915
vn -0.2324 -0.3785 -0.8960
vn -0.3190 -0.4930 -0.8094
vn -0.2629 -0.7647 -0.5883
vn -0.2196 -0.8517 -0.4758
vn -0.7989 0.1341 -0.5863
vn -0.6652 0.0931 -0.7409
vn -0.7711 0.1184 -0.6256
vn -0.1767 0.9329 -0.3137
vn -0.4427 0.8940 -0.0684
vn -0.0067 1.0000 0.0038
vn -0.5626 0.5495 -0.6177
vn -0.8290 0.4898 -0.2699
vn -0.6714 0.1364 -0.7284
vn -0.4692 0.0667 -0.8806
vn -0.4695 0.1293 -0.8734
vn -0.3558 0.1149 -0.9275
vn -0.3044 0.5278 -0.7929
vn -0.4031 0.5510 -0.7306
vn 0.0702 0.9102 -0.4081
vn 0.2600 0.9545 -0.1462
vn 0.1762 0.9329 0.3140
vn -0.1716 0.8940 0.4138
vn 0.2355 0.5495 0.8016
vn -0.3651 0.0750 -0.9279
vn -0.2987 0.1138 -0.9475
vn 0.0496 0.5067 -0.8607
vn -0.3222 0.0881 -0.9426
vn -0.9741 0.1459 0.1726
vn -0.8633 0.1380 0.4854
vn -0.9741 0.1521 0.1675
vn -0.9869 0.1528 0.0524
vn -0.8532 0.4940 0.1677
vn -0.3044 0.9370 0.1711
vn -0.5866 0.4940 0.6418
vn -0.2001 0.4898 0.8485
vn -0.9874 0.1486 0.0537
vn -0.6493 0.1521 0.7452
vn -0.5576 0.1528 0.8159
vn -0.6537 0.1459 0.7426
vn -0.5590 0.1486 0.8157
vn -0.8622 0.1473 0.4847
vn -0.7465 0.5164 0.4197
vn -0.7914 -0.4221 -0.4421
vn -0.9491 0.2290 0.2161
vn -0.8695 -0.4281 0.2463
vn -0.8164 -0.3543 -0.4560
vn -0.9015 -0.3495 0.2554
vn -0.8426 0.0224 -0.5381
vn -0.8302 0.1600 -0.5341
vn -0.2463 -0.4281 -0.8695
vn -0.2553 -0.3495 -0.9015
vn 0.4560 -0.3543 -0.8164
vn -0.7276 -0.3329 0.5998
vn -0.9621 0.0026 0.2726
vn -0.8730 0.0026 -0.4877
vn -0.2725 0.0026 -0.9622
vn 0.4876 0.0026 -0.8731
vn 0.9621 0.0026 -0.2727
vn 0.9015 -0.3494 -0.2554
vn 0.8730 0.0026 0.4876
vn -0.7761 0.0024 0.6306
vn 0.8164 -0.3543 0.4560
vn 0.2725 0.0026 0.9621
vn 0.2553 -0.3495 0.9015
vn -0.1298 0.0024 0.9915
vn -0.1290 -0.3328 0.9341
vn 0.2462 -0.4281 0.8695
vn -0.1446 -0.4007 0.9047
vn 0.3290 0.1649 0.9298
vn -0.1362 0.2716 0.9527
vn 0.3562 0.3424 0.8695
vn 0.7232 -0.2927 0.6256
vn 0.7898 -0.2318 0.5679
vn 0.5741 0.4549 0.6808
vn 0.4421 0.4115 0.7970
vn 0.8548 -0.1040 0.5084
vn 0.8938 -0.0194 0.4481
vn 0.7914 -0.4222 0.4421
vn 0.8695 -0.4281 -0.2463
vn -0.0372 0.5761 0.8165
vn 0.1160 0.6947 0.7098
vn 0.2817 0.7999 0.5299
vn 0.7034 0.1376 0.6973
vn 0.0919 -0.9904 0.1030
vn 0.4276 0.7977 0.4253
vn 0.8773 -0.4496 -0.1683
vn 0.6803 -0.7328 0.0122
vn 0.4441 -0.8657 0.2309
vn -0.0698 -0.9562 -0.2841
vn -0.7171 -0.1376 -0.6832
vn -0.5361 -0.5231 -0.6626
vn -0.7213 0.2117 -0.6595
vn -0.5728 0.6105 -0.5470
vn 0.1605 -0.7968 -0.5826
vn -0.4215 -0.3779 -0.8243
vn 0.3608 -0.5028 -0.7855
vn -0.7626 0.2199 -0.6083
vn -0.7938 0.5890 0.1514
vn -0.7275 0.2908 0.6215
vn -0.6944 -0.4006 0.5977
vn -0.5700 0.6761 0.4669
vn -0.4256 0.8509 0.3080
vn -0.6569 0.7530 -0.0373
vn -0.5011 0.8345 -0.2290
vn -0.2109 0.9735 0.0888
vn 0.7121 0.5767 -0.4004
vn 0.9744 0.1996 -0.1036
vn 0.8538 0.2013 -0.4801
vn 0.9799 0.1810 -0.0834
vn 0.8590 0.1696 -0.4830
vn 0.5948 0.1996 -0.7787
vn 0.4972 0.5614 -0.6615
vn 0.4136 0.1873 -0.8910
vn 0.3782 0.1728 -0.9095
vn 0.5804 0.1810 -0.7939
vn 0.8235 0.5614 -0.0811
vn 0.9762 0.1873 0.1096
vn 0.9736 0.1728 0.1494
vn 0.7612 0.5067 0.4049
vn 0.3851 0.9102 0.1521
vn 0.5194 0.5278 0.6721
vn 0.4148 0.5510 0.7241
vn 0.5023 0.1293 0.8550
vn 0.2735 0.1364 0.9522
vn 0.0858 0.1341 0.9872
vn 0.2874 0.0931 0.9533
vn 0.5085 0.0667 0.8585
vn 0.6076 0.1149 0.7859
vn 0.1339 0.1184 0.9839
vn 0.6031 0.0750 0.7941
vn 0.6544 0.1138 0.7476
vn 0.6379 0.0881 0.7651
vn 0.4920 -0.7293 0.4755
vn 0.4585 0.0043 0.8887
vn 0.8248 -0.4899 0.2822
vn 0.9605 -0.1619 0.2263
vn 0.5109 0.0163 0.8595
vn 0.6053 0.0042 0.7960
vn -0.5422 -0.0223 0.8399
vn 0.9700 0.0189 0.2426
vn 0.4189 -0.0559 0.9063
vn 0.0819 -0.7218 0.6873
vn -0.2691 -0.4387 0.8574
vn 0.4486 -0.0701 0.8910
vn 0.4326 -0.0583 0.8997
vn -0.3886 0.6116 0.6892
vn -0.5612 0.1970 0.8039
vn -0.9801 0.1970 -0.0241
vn 0.7721 0.6235 0.1227
vn 0.3768 0.8639 0.3343
vn 0.3585 0.6232 -0.6951
vn -0.0505 0.8631 -0.5025
vn -0.4173 0.8565 -0.3039
vn 0.0013 0.8566 0.5159
vn -0.4583 -0.0703 -0.8860
vn -0.4746 -0.0601 -0.8781
vn -0.4819 -0.0566 -0.8744
vn 0.5558 0.1845 -0.8106
vn 0.9823 0.1846 0.0325
vn 0.3671 0.0051 0.9302
vn -0.5320 0.0048 -0.8467
vn -0.5824 -0.0031 -0.8129
vn 0.5513 0.0184 -0.8341
vn 0.9986 0.0183 0.0495
vn 0.3097 -0.0035 0.9508
vn -0.3791 -0.0162 0.9252
vn -0.3766 -0.1037 0.9205
vn -0.7856 0.6112 -0.0958
vn -0.4442 0.0035 -0.8959
vn -0.0945 -0.7304 -0.6765
vn -0.5077 -0.7216 -0.4706
vn -0.8501 -0.4390 -0.2909
vn -0.9647 -0.1040 -0.2419
vn -0.9700 -0.0159 -0.2426
vn -0.9700 -0.0160 -0.2427
vn 0.2617 -0.4903 -0.8314
vn 0.3868 -0.1620 -0.9078
vn -0.3898 0.0162 -0.9208
vn -0.9979 -0.0220 -0.0613
vn -0.2828 0.0049 -0.9592
vn 0.3792 0.0194 -0.9251
vn -0.3835 0.7148 -0.5849
vn -0.3758 0.7098 -0.5958
vn -0.3721 0.7111 -0.5966
vn -0.3868 0.7142 -0.5834
vn -0.4318 0.6420 -0.6336
vn -0.4319 0.6417 -0.6338
vn -0.2609 0.7062 -0.6582
vn -0.2678 0.7081 -0.6534
vn -0.2948 0.7075 -0.6423
vn -0.2935 0.7075 -0.6429
vn -0.3201 0.7069 -0.6307
vn -0.3221 0.7071 -0.6295
vn -0.3442 0.7077 -0.6170
vn -0.3430 0.7078 -0.6176
vn -0.3588 0.7090 -0.6071
vn -0.3618 0.7085 -0.6059
vn -0.0449 0.7065 -0.7062
vn 0.0061 0.6868 -0.7268
vn 0.0525 0.7275 -0.6841
vn -0.0459 0.7069 -0.7059
vn -0.1044 0.7070 -0.6994
vn -0.1070 0.7069 -0.6992
vn -0.1619 0.7071 -0.6883
vn -0.2166 0.7071 -0.6731
vn -0.2196 0.7069 -0.6723
vn 0.5584 0.7018 -0.4423
vn 0.4776 0.7162 -0.5088
vn 0.5571 0.7034 -0.4415
vn 0.4491 0.7098 -0.5426
vn 0.3214 0.7193 -0.6159
vn 0.2866 0.7024 -0.6515
vn 0.2180 0.7151 -0.6642
vn 0.1917 0.6989 -0.6891
vn 0.1394 0.7277 -0.6715
vn 0.0986 0.6928 -0.7144
vn 0.3661 -0.7647 0.5303
vn 0.3505 -0.7306 0.5859
vn 0.5258 -0.4930 0.6931
vn 0.4864 -0.4272 0.7622
vn 0.3809 -0.4061 0.8307
vn 0.3975 -0.2803 0.8738
vn 0.5634 -0.2823 0.7765
vn 0.2992 -0.1230 0.9462
vn 0.6088 -0.0981 0.7872
vn 0.5094 -0.0494 0.8591
vn 0.6909 -0.0581 0.7206
vn 0.8514 -0.1297 0.5082
vn 0.6447 -0.3785 0.6642
vn 0.4373 -0.0409 0.8984
vn 0.3795 -0.0172 -0.9250
vn 0.3796 -0.0172 -0.9250
vn 0.3806 -0.0176 -0.9246
vn 0.3805 -0.0177 -0.9246
vn -0.4219 0.8902 -0.1718
vn -0.4749 -0.1555 -0.8662
vn -0.4349 -0.1518 -0.8876
vn -0.2978 0.9209 -0.2515
vn 0.3229 0.5646 0.7595
vn 0.2513 0.5505 0.7961
vn 0.5557 -0.3177 0.7683
vn -0.0863 -0.8892 -0.4492
vn 0.0421 -0.8518 -0.5222
vn 0.2114 -0.7136 0.6679
vn 0.2924 -0.8517 0.4348
vn 0.2429 -0.8760 0.4166
vn 0.1893 -0.8656 0.4636
vn 0.0873 -0.7622 0.6414
vn -0.9192 -0.3731 -0.1262
vn -0.8193 0.5690 -0.0710
vn -0.8415 -0.3874 -0.3766
vn 0.4683 0.5025 0.7268
vn 0.5803 0.5565 0.5946
vn -0.1955 0.8823 0.4281
vn -0.1214 0.9543 0.2732
vn -0.8517 0.5145 0.0992
vn -0.9339 -0.3541 0.0490
vn -0.6512 -0.7491 0.1212
vn -0.6163 -0.7871 -0.0245
vn -0.5386 -0.8098 -0.2327
vn 0.6724 -0.3874 0.6307
vn 0.8173 -0.4024 0.4125
vn 0.7251 0.5847 0.3637
vn 0.8234 0.5596 0.0938
vn 0.9075 -0.3920 0.1509
vn 0.6339 -0.7651 -0.1130
vn 0.9255 -0.3767 -0.0394
vn 0.5958 -0.8018 0.0460
vn 0.5084 -0.8192 0.2654
vn 0.3963 -0.7963 0.4570
vn 0.3061 -0.7579 0.5762
vn 0.5462 -0.3674 0.7527
vn -0.7310 0.5978 -0.3290
vn 0.0005 0.9998 0.0178
vn 0.1287 0.9590 -0.2525
vn 0.2097 0.8809 -0.4242
vn 0.8621 0.4984 -0.0914
vn -0.4233 -0.7927 -0.4387
vn -0.6953 -0.3775 -0.6116
vn -0.3233 -0.7565 -0.5685
vn -0.5587 -0.3632 -0.7456
vn -0.4655 0.5104 -0.7231
vn -0.5840 0.5722 -0.5758
vn 0.2299 0.2864 0.9301
vn 0.3252 0.2684 0.9068
vn 0.3757 0.2602 0.8895
vn 0.2745 0.2728 0.9221
vn 0.1702 0.2863 0.9429
vn -0.0328 0.3176 0.9477
vn 0.0810 0.2892 0.9538
vn -0.0310 0.2909 0.9562
vn -0.1552 0.3264 0.9324
vn -0.2878 0.3387 0.8958
vn -0.2931 0.3357 0.8952
vn -0.5597 0.3144 0.7667
vn -0.7002 0.3013 0.6473
vn -0.0000 1.0000 0.0002
vn 0.0001 1.0000 0.0001
vn 0.0001 1.0000 0.0002
vn 0.0002 1.0000 0.0002
vn 0.9471 -0.1308 -0.2929
vn 0.4751 -0.1685 -0.8637
vn 0.4420 -0.4221 -0.7915
vn -0.2329 -0.1400 -0.9624
vn -0.3275 -0.2603 -0.9083
vn 0.5276 0.1872 0.8286
vn 0.5719 0.1251 0.8107
vn 0.5415 0.1596 0.8254
vn 0.4954 0.2247 0.8391
vn 0.5217 0.2516 0.8152
vn 0.4894 0.2286 0.8415
vn 0.4719 0.2203 0.8537
vn 0.4639 0.2269 0.8563
vn 0.4313 0.2407 0.8695
vn 0.3838 0.2505 0.8888
vn -0.0357 -0.7769 -0.6286
vn -0.1407 -0.7663 -0.6269
vn -0.0873 -0.8000 -0.5936
vn -0.1530 -0.7601 -0.6316
vn -0.1836 -0.7805 -0.5976
vn -0.2245 -0.7570 -0.6137
vn -0.2429 -0.7855 -0.5692
vn -0.2570 -0.7523 -0.6066
vn -0.3626 -0.6324 -0.6845
vn -0.3659 -0.6229 -0.6915
vn -0.3918 -0.6323 -0.6684
vn -0.3545 -0.7296 -0.5848
vn -0.3523 -0.7313 -0.5841
vn -0.3684 -0.7304 -0.5751
vn -0.4489 -0.5911 -0.6702
vn -0.4523 -0.5840 -0.6741
vn 0.5417 0.7069 0.4548
vn 0.5801 0.7065 0.4054
vn 0.5434 0.7070 0.4526
vn 0.5792 0.7069 0.4060
vn 0.6242 0.6868 0.3724
vn 0.6118 0.7275 0.3106
vn 0.6616 0.6928 0.2869
vn 0.6461 0.7278 0.2299
vn 0.6885 0.6987 0.1943
vn 0.6809 0.7150 0.1589
vn 0.7056 0.7024 0.0936
vn 0.6932 0.7193 0.0455
vn 0.6970 0.7098 -0.1018
vn 0.6829 0.7162 -0.1437
vn 0.6667 0.7034 -0.2465
vn 0.6681 0.7018 -0.2473
vn 0.3813 0.8992 -0.2144
vn -0.3813 0.8993 0.2144
vn 0.5520 -0.0867 0.8294
vn -0.3778 0.6959 0.6107
vn 0.5961 -0.0908 0.7977
vn -0.4576 0.5746 0.6785
vn -0.7922 0.3630 -0.4906
vn -0.7471 0.4598 -0.4801
vn 0.7319 -0.6777 0.0706
vn 0.8222 -0.5685 0.0299
vn 0.8983 -0.4390 -0.0160
vn 0.8984 -0.4390 -0.0159
vn 0.6021 -0.0754 0.7949
vn -0.5329 0.4518 0.7155
vn -0.8449 0.2852 -0.4525
vn -0.2105 -0.1603 -0.9644
vn -0.2412 -0.2086 -0.9478
vn -0.2659 -0.2505 -0.9309
vn 0.3704 0.7073 0.6022
vn 0.3967 0.7075 0.5848
vn 0.3725 0.7071 0.6011
vn 0.3956 0.7075 0.5856
vn 0.4190 0.7083 0.5681
vn 0.4267 0.7064 0.5647
vn 0.4626 0.7071 0.5348
vn 0.4603 0.7069 0.5370
vn 0.5040 0.7071 0.4960
vn 0.3004 0.7149 0.6314
vn 0.3169 0.6420 0.6981
vn 0.3170 0.6417 0.6984
vn 0.2973 0.7144 0.6335
vn 0.3137 0.7100 0.6305
vn 0.3163 0.7113 0.6277
vn 0.3297 0.7085 0.6239
vn 0.3322 0.7090 0.6220
vn 0.3483 0.7077 0.6147
vn 0.3494 0.7078 0.6139
vn -0.3116 0.7804 -0.5420
vn -0.3153 0.7998 -0.5108
vn -0.3183 0.7996 -0.5092
vn -0.3123 0.7802 -0.5420
vn -0.2980 0.7841 -0.5445
vn -0.2952 0.7836 -0.5466
vn -0.2574 0.8159 -0.5177
vn -0.2588 0.8158 -0.5173
vn -0.2744 0.7610 -0.5879
vn -0.2674 0.7520 -0.6025
vn -0.1624 0.9144 -0.3707
vn -0.1622 0.9148 -0.3700
vn -0.4819 0.8075 -0.3402
vn -0.4490 0.7998 -0.3984
vn -0.4727 0.8100 -0.3472
vn -0.4415 0.8009 -0.4046
vn -0.4043 0.8008 -0.4418
vn -0.4006 0.8012 -0.4445
vn -0.3762 0.8009 -0.4659
vn -0.3685 0.8028 -0.4687
vn -0.3423 0.8053 -0.4842
vn -0.3416 0.8055 -0.4843
vn -0.5829 0.7948 0.1690
vn -0.5557 0.8299 0.0492
vn -0.5838 0.7940 0.1694
vn -0.5549 0.8304 0.0494
vn -0.5582 0.8204 -0.1241
vn -0.5583 0.8198 -0.1272
vn -0.5644 0.7909 -0.2364
vn -0.5636 0.7909 -0.2382
vn -0.5874 0.7375 -0.3334
vn -0.5832 0.7381 -0.3394
vn 0.0272 0.4556 0.8898
vn -0.7149 0.6992 0.0095
vn 0.0128 0.3601 0.9328
vn -0.8154 0.5771 0.0445
vn -0.3775 -0.0855 -0.9220
vn -0.4242 -0.0819 -0.9019
vn 0.6577 -0.2567 0.7082
vn 0.6869 -0.2136 0.6946
vn 0.7184 -0.1635 0.6762
vn 0.7185 -0.1635 0.6761
vn -0.0459 0.2825 0.9582
vn -0.8868 0.4532 0.0902
vn -0.3722 -0.0720 -0.9253
vn 0.4750 -0.4376 -0.7634
vn 0.3960 -0.5675 -0.7219
vn 0.3142 -0.6770 -0.6655
vn -0.5569 0.0289 -0.8301
vn -0.5579 0.0244 -0.8295
vn -0.5503 0.0023 -0.8349
vn -0.5508 -0.0000 -0.8346
vn -0.5289 -0.0102 -0.8486
vn -0.5313 -0.0000 -0.8472
vn -0.4957 -0.1070 -0.8619
vn -0.4948 -0.1159 -0.8613
vn -0.4986 -0.0945 -0.8617
vn -0.4571 -0.0104 -0.8894
vn -0.4541 -0.0000 -0.8910
vn -0.4162 -0.0000 -0.9093
vn -0.3740 -0.0000 -0.9274
vn -0.3084 -0.0000 -0.9513
vn -0.2290 -0.0000 -0.9734
vn -0.1495 -0.0000 -0.9888
vn -0.0632 -0.0000 -0.9980
vn 0.0461 -0.0000 -0.9989
vn 0.1744 -0.0000 -0.9847
vn 0.2934 -0.0000 -0.9560
vn 0.4397 -0.0000 -0.8981
vn 0.6660 -0.0000 -0.7460
vn 0.7839 -0.0000 -0.6209
vn 0.2334 0.8791 0.4155
vn 0.2359 0.8770 0.4185
vn 0.2683 0.8478 0.4574
vn 0.2745 0.8417 0.4650
vn -0.6920 0.6116 0.3834
vn -0.6907 0.6136 0.3826
vn -0.6096 0.7183 0.3351
vn -0.6091 0.7190 0.3348
vn 0.2291 0.9646 -0.1306
vn 0.3760 0.9033 -0.2065
vn 0.2317 0.9638 -0.1320
vn 0.3784 0.9020 -0.2078
vn 0.2726 0.7998 0.5348
vn 0.3013 0.7803 0.5480
vn 0.2697 0.7996 0.5365
vn 0.3009 0.7803 0.5483
vn 0.3103 0.7840 0.5375
vn 0.3136 0.7836 0.5363
vn 0.3086 0.8159 0.4890
vn 0.3075 0.8158 0.4899
vn 0.3598 0.7608 0.5401
vn 0.3757 0.7523 0.5413
vn 0.2324 0.9144 0.3314
vn 0.2318 0.9148 0.3308
vn 0.0402 0.8075 0.5885
vn 0.0511 0.8099 0.5844
vn 0.1071 0.7998 0.5906
vn 0.1163 0.8008 0.5875
vn 0.1675 0.8007 0.5751
vn 0.1717 0.8011 0.5734
vn 0.2026 0.8009 0.5635
vn 0.2090 0.8028 0.5584
vn 0.2358 0.8053 0.5439
vn 0.2362 0.8055 0.5435
vn -0.4481 0.7940 0.4108
vn -0.3307 0.8300 0.4492
vn -0.4473 0.7948 0.4101
vn -0.3306 0.8305 0.4484
vn -0.1840 0.8204 0.5414
vn -0.1814 0.8198 0.5431
vn -0.0913 0.7909 0.6051
vn -0.0893 0.7911 0.6051
vn -0.0203 0.7375 0.6751
vn -0.0131 0.7381 0.6746
vn -0.6872 0.6116 0.3921
vn -0.5286 0.8378 -0.1366
vn -0.6858 0.6137 0.3913
vn -0.5178 0.8420 -0.1515
vn -0.2884 0.8079 -0.5140
vn -0.2870 0.8109 -0.5100
vn 0.3570 -0.4421 -0.8229
vn 0.3970 -0.5027 -0.7679
vn 0.5393 -0.4679 -0.7002
vn 0.1577 -0.4129 -0.8970
vn 0.1830 -0.4912 -0.8516
vn -0.0338 -0.4973 -0.8669
vn -0.1260 -0.4069 -0.9047
vn -0.1847 -0.4502 -0.8736
vn -0.2820 -0.3765 -0.8824
vn -0.3092 -0.3868 -0.8688
vn -0.4042 -0.3282 -0.8537
vn -0.4159 -0.3794 -0.8265
vn -0.4976 -0.2505 -0.8304
vn -0.4467 -0.2469 -0.8599
vn -0.4930 -0.3249 -0.8071
vn -0.3322 -0.3232 -0.8861
vn -0.1792 -0.3563 -0.9170
vn 0.1172 -0.3178 -0.9409
vn 0.3325 -0.3295 -0.8836
vn -0.5009 -0.1866 -0.8451
vn -0.5276 -0.1107 -0.8423
vn -0.5154 -0.1983 -0.8337
vn -0.4987 -0.2830 -0.8192
vn -0.0001 1.0000 0.0001
vn -0.0000 1.0000 0.0001
vn 0.3748 0.9016 -0.2158
vn 0.3726 0.9028 -0.2146
vn 0.2332 0.9638 -0.1294
vn 0.2307 0.9646 -0.1279
vn -0.4293 0.0066 0.9032
vn -0.4293 -0.0020 0.9031
vn -0.4293 -0.0021 0.9032
vn -0.4293 -0.0103 0.9031
vn -0.4293 -0.0104 0.9031
vn -0.4297 -0.0273 0.9026
vn 0.4295 -0.0038 -0.9030
vn 0.4294 -0.0135 -0.9030
vn 0.4295 -0.0134 -0.9030
vn 0.4293 -0.0225 -0.9029
vn 0.4294 -0.0224 -0.9028
vn 0.4290 -0.0411 -0.9024
vn 0.5822 -0.7635 0.2794
vn 0.8450 -0.3627 0.3930
vn 0.8483 -0.3533 0.3944
vn 0.7195 0.6169 0.3191
vn 0.7273 0.6056 0.3228
vn -0.1223 0.9898 -0.0727
vn -0.1460 0.9858 -0.0834
vn -0.8450 0.3627 -0.3930
vn -0.8483 0.3535 -0.3944
vn -0.7194 -0.6169 -0.3191
vn -0.7274 -0.6055 -0.3229
vn -0.3528 -0.9242 -0.1460
vn -0.3530 -0.9241 -0.1461
vn 0.0457 -0.9956 0.0813
vn 0.0603 -0.9979 0.0232
vn 0.0619 -0.9979 0.0168
vn 0.0765 -0.9961 -0.0430
vn -0.8716 0.0104 0.4901
vn 0.8830 -0.0000 -0.4694
vn 0.4775 0.0001 0.8786
vn 0.4791 0.0004 0.8778
vn 0.4843 0.0013 0.8749
vn 0.4850 0.0007 0.8745
vn 0.4849 -0.0000 0.8745
vn 0.4845 0.0010 0.8748
vn 0.4850 0.0006 0.8745
vn 0.3275 -0.8792 -0.3459
vn 0.3176 -0.8754 -0.3644
vn 0.4028 -0.8579 -0.3191
vn 0.2169 -0.8595 -0.4629
vn 0.2378 -0.8588 -0.4538
vn 0.1740 -0.8352 -0.5217
vn 0.1037 -0.8094 -0.5780
vn 0.1087 -0.7946 -0.5973
vn 0.0297 -0.8219 -0.5689
vn -0.0426 -0.7644 -0.6433
vn -0.0460 0.9956 -0.0814
vn -0.0352 0.9994 -0.0055
vn -0.0428 0.9974 -0.0587
vn -0.0318 0.9993 0.0179
vt 0.413300 0.032700
vt 0.413300 0.023400
vt 0.455800 0.028300
vt 0.220800 0.635000
vt 0.225100 0.633500
vt 0.225200 0.635000
vt 0.221100 0.633100
vt 0.216800 0.635300
vt 0.217200 0.632600
vt 0.213300 0.635500
vt 0.213400 0.632100
vt 0.209500 0.631800
vt 0.209500 0.635500
vt 0.209500 0.638900
vt 0.213300 0.638700
vt 0.217000 0.637900
vt 0.220900 0.637200
vt 0.225100 0.637000
vt 0.229900 0.635000
vt 0.229900 0.633300
vt 0.229900 0.500000
vt 0.229900 0.637000
vt 0.229900 0.732200
vt 0.225100 0.732200
vt 0.220900 0.731700
vt 0.217000 0.731000
vt 0.213300 0.730200
vt 0.213300 0.733400
vt 0.216800 0.733600
vt 0.221100 0.735800
vt 0.220800 0.733900
vt 0.229900 0.733900
vt 0.225200 0.733900
vt 0.225100 0.735600
vt 0.224100 0.869000
vt 0.219700 0.869100
vt 0.219700 0.878500
vt 0.215300 0.869300
vt 0.215100 0.877700
vt 0.224500 0.878100
vt 0.229900 0.869100
vt 0.229900 0.735600
vt 0.229900 0.876400
vt 0.209500 0.869300
vt 0.209500 0.876800
vt 0.213400 0.737100
vt 0.209500 0.737300
vt 0.209500 0.733400
vt 0.209500 0.730000
vt 0.217200 0.736600
vt 0.219500 0.188500
vt 0.207400 0.191900
vt 0.218500 0.185500
vt 0.207400 0.189500
vt 0.196300 0.185500
vt 0.195300 0.188500
vt 0.197400 0.145500
vt 0.217500 0.145500
vt -0.279800 0.536400
vt -0.273900 0.543500
vt -0.279800 0.543500
vt -0.279800 0.548300
vt -0.274200 0.548300
vt -0.274700 0.558300
vt -0.270800 0.558300
vt -0.279800 0.558300
vt -0.263700 0.548300
vt -0.267300 0.543500
vt -0.263900 0.543500
vt -0.267300 0.548300
vt -0.267100 0.558300
vt -0.270500 0.548300
vt -0.270800 0.543500
vt -0.274700 0.536400
vt -0.263200 0.558300
vt -0.258100 0.558300
vt -0.258100 0.548300
vt -0.258100 0.543500
vt -0.258100 0.536400
vt -0.273900 0.295400
vt -0.270500 0.290500
vt -0.270500 0.295400
vt -0.267300 0.290500
vt -0.267300 0.295400
vt -0.263900 0.295400
vt -0.263200 0.303200
vt -0.258100 0.303200
vt -0.263200 0.536400
vt -0.263700 0.290500
vt -0.270800 0.280300
vt -0.266800 0.280300
vt -0.263200 0.280800
vt -0.258100 0.281300
vt -0.258100 0.290500
vt -0.258100 0.295400
vt -0.274200 0.290500
vt -0.274700 0.303200
vt -0.279800 0.303200
vt -0.279800 0.295400
vt -0.279800 0.290500
vt -0.279800 0.280800
vt -0.274700 0.280300
vt -0.267100 0.303200
vt -0.267100 0.536400
vt -0.270800 0.303200
vt -0.270800 0.536400
vt 0.216700 0.477100
vt 0.213700 0.479500
vt 0.210700 0.477100
vt 0.220700 0.467300
vt 0.206700 0.467300
vt 0.223300 0.456500
vt 0.204100 0.456500
vt 0.224700 0.444300
vt 0.202600 0.444300
vt 0.224100 0.412600
vt 0.203200 0.412600
vt 0.223400 0.391600
vt 0.204000 0.391600
vt 0.217500 0.142600
vt 0.197400 0.142600
vt 0.208600 0.180700
vt 0.200900 0.177700
vt 0.216400 0.177700
vt 0.215600 0.150400
vt 0.201700 0.150400
vt 0.193200 0.185100
vt 0.194300 0.145500
vt 0.220500 0.145500
vt 0.221600 0.185100
vt 0.161700 0.913300
vt 0.161500 0.915000
vt 0.005900 0.913500
vt 0.006200 0.915200
vt 0.144500 0.827300
vt 0.022500 0.827500
vt 0.062700 0.997000
vt 0.112100 0.997000
vt 0.202600 0.759300
vt 0.202600 0.760500
vt 0.002800 0.759200
vt 0.002800 0.760500
vt 0.203700 0.701900
vt 0.203700 0.703900
vt 0.001900 0.701900
vt 0.001900 0.703900
vt 0.186600 0.637900
vt 0.014600 0.637900
vt 0.022100 0.822000
vt 0.183300 0.822000
vt 0.584500 0.983300
vt 0.584500 0.925000
vt 0.615700 0.983300
vt 0.615700 0.925400
vt 0.625000 0.930500
vt 0.625000 0.983300
vt 0.158100 0.022500
vt 0.206700 0.022500
vt 0.203400 0.053700
vt 0.051100 0.022500
vt 0.051900 0.002900
vt 0.005800 0.053700
vt 0.189800 0.099600
vt 0.019400 0.099600
vt 0.002500 0.022500
vt 0.157300 0.002900
vt 0.996100 0.217800
vt 0.997100 0.322800
vt 0.887200 0.265100
vt 0.887200 0.313500
vt 0.887200 0.361800
vt 0.996600 0.458000
vt 0.887200 0.459500
vt 0.996600 0.573200
vt 0.887200 0.573000
vt 0.887200 0.680700
vt 0.887200 0.803200
vt 0.995100 0.920700
vt 0.887200 0.920700
vt 0.887200 0.024900
vt 0.997100 0.046900
vt 0.887200 0.043000
vt 0.887200 0.064000
vt 0.887200 0.090800
vt 0.994600 0.127900
vt 0.887200 0.114300
vt 0.887200 0.146500
vt 0.887200 0.184100
vt 0.887200 0.230500
vt 0.858900 0.993000
vt 0.858900 0.987500
vt 0.876000 0.993000
vt 0.876000 0.981800
vt 0.844700 0.981800
vt 0.837900 0.987100
vt 0.877000 0.924900
vt 0.885300 0.932700
vt 0.877000 0.980800
vt 0.885300 0.980800
vt 0.876000 0.924400
vt 0.844200 0.925000
vt 0.835000 0.930400
vt 0.835000 0.981800
vt 0.845700 0.515100
vt 0.845700 0.680900
vt 0.836400 0.681600
vt 0.845700 0.799200
vt 0.835000 0.920700
vt 0.832500 0.117700
vt 0.844200 0.151400
vt 0.835000 0.184100
vt 0.845200 0.186500
vt 0.845700 0.230500
vt 0.835400 0.248500
vt 0.845700 0.271500
vt 0.845700 0.313000
vt 0.836400 0.363800
vt 0.845700 0.363300
vt 0.789600 0.034200
vt 0.820300 0.019500
vt 0.824200 0.036600
vt 0.794900 0.071800
vt 0.744100 0.053200
vt 0.827600 0.060100
vt 0.748000 0.081500
vt 0.798300 0.159200
vt 0.799800 0.245600
vt 0.799800 0.361800
vt 0.801300 0.687500
vt 0.747600 0.717000
vt 0.748000 0.409700
vt 0.747100 0.289100
vt 0.748500 0.183600
vt 0.800300 0.920700
vt 0.747600 0.920700
vt 0.451700 0.140600
vt 0.451400 0.154300
vt 0.448700 0.140600
vt 0.448500 0.153800
vt 0.451200 0.157200
vt 0.448500 0.157200
vt 0.451700 0.159700
vt 0.448700 0.159700
vt 0.455600 0.141100
vt 0.455600 0.154800
vt 0.455600 0.156700
vt 0.455600 0.159200
vt 0.455600 0.211900
vt 0.451700 0.211900
vt 0.448700 0.211400
vt 0.445800 0.211400
vt 0.445800 0.159700
vt 0.446000 0.157200
vt 0.445800 0.153800
vt 0.445800 0.140600
vt 0.445800 0.214400
vt 0.442900 0.211400
vt 0.442900 0.159200
vt 0.443400 0.157200
vt 0.443100 0.154300
vt 0.442600 0.140600
vt 0.438700 0.154800
vt 0.438700 0.141100
vt 0.438700 0.159200
vt 0.438700 0.156700
vt 0.451400 0.217300
vt 0.448500 0.214400
vt 0.451200 0.214400
vt 0.448500 0.217800
vt 0.445800 0.217800
vt 0.443100 0.217300
vt 0.443400 0.214400
vt 0.438700 0.211900
vt 0.438700 0.214400
vt 0.438700 0.216800
vt 0.438700 0.233400
vt 0.442600 0.233900
vt 0.445800 0.233900
vt 0.448700 0.233900
vt 0.451700 0.233900
vt 0.455600 0.233400
vt 0.455600 0.216800
vt 0.455600 0.214400
vt 0.832000 0.014200
vt 0.833500 0.022900
vt 0.834500 0.030300
vt 0.835400 0.043000
vt 0.837400 0.058100
vt 0.840300 0.086400
vt 0.842300 0.117700
vt 0.742700 0.959300
vt 0.742700 0.958500
vt 0.820300 0.959200
vt 0.819800 0.958500
vt 0.820800 0.958600
vt 0.820300 0.966400
vt 0.820800 0.966400
vt 0.742700 0.966400
vt 0.742200 0.966400
vt 0.742200 0.958600
vt 0.742200 0.929700
vt 0.742700 0.929700
vt 0.819800 0.929700
vt 0.820800 0.929700
vt 0.828100 0.929700
vt 0.828100 0.958600
vt 0.734900 0.929700
vt 0.734900 0.958600
vt 0.869600 0.115700
vt 0.866700 0.083500
vt 0.861800 0.055200
vt 0.858400 0.040500
vt 0.856000 0.028300
vt 0.855500 0.021500
vt 0.856000 0.012700
vt 0.638200 0.958200
vt 0.638200 0.957300
vt 0.721700 0.958200
vt 0.721700 0.957300
vt 0.722700 0.957400
vt 0.721700 0.965800
vt 0.722700 0.965800
vt 0.638200 0.965900
vt 0.637700 0.965900
vt 0.637700 0.957400
vt 0.637700 0.929200
vt 0.638200 0.929200
vt 0.721700 0.929200
vt 0.722700 0.929200
vt 0.730000 0.929200
vt 0.730000 0.957400
vt 0.629900 0.929200
vt 0.629900 0.957400
vt 0.876000 0.312500
vt 0.876000 0.271000
vt 0.875000 0.229500
vt 0.873500 0.185100
vt 0.872100 0.149400
vt 0.876000 0.799200
vt 0.876000 0.680900
vt 0.876000 0.569300
vt 0.876000 0.458000
vt 0.876000 0.363300
vt 0.873000 0.149400
vt 0.870600 0.115700
vt 0.885300 0.146500
vt 0.885300 0.114300
vt 0.885300 0.090800
vt 0.867700 0.084500
vt 0.885300 0.064000
vt 0.862800 0.056200
vt 0.885300 0.042500
vt 0.859400 0.040500
vt 0.856400 0.028800
vt 0.885300 0.024900
vt 0.856000 0.021500
vt 0.856900 0.013200
vt 0.877000 0.363300
vt 0.877000 0.312500
vt 0.885300 0.361800
vt 0.885300 0.313500
vt 0.876500 0.270500
vt 0.885300 0.265600
vt 0.876000 0.230000
vt 0.885300 0.230500
vt 0.885300 0.184600
vt 0.874500 0.185100
vt 0.877000 0.799200
vt 0.885300 0.920700
vt 0.877000 0.923900
vt 0.885300 0.802200
vt 0.885300 0.680700
vt 0.877000 0.681400
vt 0.885300 0.572500
vt 0.877000 0.569600
vt 0.885300 0.459500
vt 0.877000 0.458000
vt 0.997600 0.931800
vt 0.997600 0.933100
vt 0.991200 0.931800
vt 0.991200 0.990100
vt 0.997600 0.991500
vt 0.991200 0.991500
vt 0.997600 0.990100
vt 0.991200 0.961600
vt 0.991200 0.933100
vt 0.990200 0.932400
vt 0.990200 0.961600
vt 0.990200 0.990800
vt 0.943800 0.990800
vt 0.943800 0.991500
vt 0.897500 0.990800
vt 0.897900 0.991500
vt 0.897900 0.997800
vt 0.989700 0.997800
vt 0.989700 0.991500
vt 0.896500 0.990100
vt 0.896500 0.990900
vt 0.896500 0.961600
vt 0.897500 0.961600
vt 0.943800 0.961600
vt 0.943800 0.932400
vt 0.943800 0.931800
vt 0.989700 0.931800
vt 0.897500 0.932400
vt 0.989700 0.925400
vt 0.897900 0.925400
vt 0.897900 0.931800
vt 0.897000 0.931300
vt 0.896500 0.933100
vt 0.201700 0.892800
vt 0.202300 0.892800
vt 0.188100 0.892800
vt 0.174700 0.892800
vt 0.175200 0.895600
vt 0.174300 0.895700
vt 0.174000 0.892800
vt 0.231900 0.940200
vt 0.231900 0.893600
vt 0.238300 0.893600
vt 0.238300 0.986200
vt 0.238300 0.987000
vt 0.231900 0.986200
vt 0.231300 0.986300
vt 0.231300 0.939900
vt 0.202300 0.939900
vt 0.231300 0.893500
vt 0.202300 0.893500
vt 0.203100 0.892800
vt 0.231200 0.892800
vt 0.231900 0.939100
vt 0.173300 0.939900
vt 0.202300 0.986300
vt 0.203100 0.987000
vt 0.231200 0.987000
vt 0.231900 0.886400
vt 0.231200 0.886400
vt 0.201900 0.892800
vt 0.173500 0.886400
vt 0.173500 0.892800
vt 0.172700 0.893600
vt 0.173300 0.893500
vt 0.172700 0.939100
vt 0.172700 0.886400
vt 0.166300 0.893600
vt 0.166300 0.986200
vt 0.172700 0.986200
vt 0.173500 0.993300
vt 0.172700 0.993300
vt 0.173500 0.987000
vt 0.173300 0.986300
vt 0.172700 0.940200
vt 0.201900 0.987000
vt 0.231200 0.993300
vt 0.051500 0.132800
vt 0.052600 0.158700
vt 0.008400 0.132800
vt 0.007300 0.158700
vt 0.018400 0.170400
vt 0.043200 0.169900
vt 0.030800 0.173800
vt 0.027200 0.176300
vt 0.013600 0.171900
vt 0.003200 0.159700
vt 0.040700 0.171900
vt 0.052500 0.159200
vt 0.051700 0.131300
vt 0.004000 0.131300
vt 0.026000 0.177700
vt 0.012200 0.172900
vt 0.001500 0.159700
vt 0.053900 0.160200
vt 0.041100 0.173300
vt 0.027100 0.178200
vt 0.053500 0.131300
vt 0.002300 0.131300
vt 0.007600 0.132300
vt 0.051000 0.132300
vt 0.006400 0.158200
vt 0.052200 0.158200
vt 0.042700 0.169900
vt 0.017700 0.169900
vt 0.030200 0.173800
vt 0.052700 0.131300
vt 0.053000 0.158700
vt 0.050900 0.131300
vt 0.051600 0.158200
vt 0.002800 0.158700
vt 0.003500 0.131300
vt 0.004400 0.158700
vt 0.005200 0.131300
vt 0.040300 0.170400
vt 0.027500 0.174300
vt 0.026900 0.175800
vt 0.014400 0.170400
vt 0.013000 0.171900
vt 0.015600 0.172900
vt 0.016700 0.171400
vt 0.029300 0.176800
vt 0.029900 0.175300
vt 0.042900 0.172900
vt 0.043100 0.170900
vt 0.054500 0.158700
vt 0.055900 0.159200
vt 0.044000 0.172400
vt 0.015100 0.171900
vt 0.006600 0.159200
vt 0.005000 0.159200
vt 0.004100 0.130400
vt 0.052200 0.130400
vt 0.002800 0.159200
vt 0.053500 0.159200
vt 0.015200 0.172400
vt 0.042900 0.172400
vt 0.029100 0.176800
vt 0.007500 0.131300
vt 0.053700 0.131300
vt 0.028900 0.449700
vt 0.017300 0.444800
vt 0.040500 0.444800
vt 0.045300 0.433600
vt 0.012500 0.433600
vt 0.040500 0.422900
vt 0.017300 0.422900
vt 0.028900 0.418000
vt 0.494900 0.979600
vt 0.495400 0.937300
vt 0.499800 0.979800
vt 0.488300 0.937300
vt 0.490200 0.979900
vt 0.481000 0.937300
vt 0.485800 0.980900
vt 0.474400 0.937300
vt 0.480700 0.982500
vt 0.475100 0.984700
vt 0.494900 0.993500
vt 0.468500 0.937300
vt 0.504400 0.980800
vt 0.509300 0.982400
vt 0.514600 0.984800
vt 0.521500 0.937300
vt 0.515600 0.937300
vt 0.508800 0.937300
vt 0.502000 0.937300
vt 0.452600 0.048300
vt 0.448700 0.056600
vt 0.442600 0.053200
vt 0.457500 0.030300
vt 0.454600 0.011700
vt 0.445100 0.006300
vt 0.451400 0.003400
vt 0.425500 0.011700
vt 0.423800 0.045900
vt 0.405000 0.016100
vt 0.403800 0.039100
vt 0.381300 0.020000
vt 0.380600 0.033200
vt 0.258100 0.018600
vt 0.258100 0.022000
vt 0.279800 0.200700
vt 0.269000 0.230500
vt 0.258800 0.200200
vt 0.248800 0.173800
vt 0.290500 0.174300
vt 0.236800 0.148900
vt 0.303200 0.149900
vt 0.230100 0.139200
vt 0.235200 0.117200
vt 0.244900 0.109900
vt 0.270500 0.105500
vt 0.296100 0.110400
vt 0.305700 0.118200
vt 0.310100 0.140100
vt 0.055500 0.131300
vt 0.005700 0.131300
vt 0.387900 0.030300
vt 0.387900 0.024400
vt -0.789100 0.072800
vt -0.784200 0.072300
vt -0.787600 0.026400
vt -0.783200 0.013200
vt -0.777800 0.019000
vt -0.760300 0.032200
vt -0.763200 0.069300
vt -0.739700 0.042500
vt -0.741200 0.067900
vt -0.714800 0.050300
vt -0.715800 0.066400
vt -0.579100 0.050300
vt -0.579100 0.065400
vt -0.597700 0.083000
vt -0.714800 0.087400
vt -0.739700 0.088400
vt -0.760300 0.095200
vt -0.783200 0.104000
vt -0.790000 0.111300
vt 0.210200 0.380400
vt 0.252900 0.364700
vt 0.251500 0.386700
vt 0.154900 0.295900
vt 0.155500 0.364700
vt 0.129900 0.296900
vt 0.171300 0.358900
vt 0.168100 0.372600
vt 0.212300 0.360800
vt 0.255100 0.291500
vt 0.214800 0.291500
vt 0.211800 0.231900
vt 0.171000 0.236300
vt 0.173100 0.294400
vt 0.155600 0.230000
vt 0.129900 0.231000
vt 0.104900 0.295900
vt 0.104200 0.364700
vt 0.088500 0.358900
vt 0.252900 0.229000
vt 0.209800 0.206500
vt 0.168500 0.216800
vt 0.251500 0.198700
vt 0.163800 0.460900
vt 0.129800 0.462400
vt 0.159800 0.417500
vt 0.176400 0.416000
vt 0.155600 0.376000
vt 0.129900 0.363800
vt 0.104100 0.376000
vt 0.091600 0.372600
vt 0.180500 0.459500
vt 0.099800 0.417500
vt 0.083300 0.416000
vt 0.095800 0.460900
vt 0.079100 0.459500
vt 0.129800 0.419400
vt 0.129900 0.380400
vt 0.238500 0.749300
vt 0.235800 0.752700
vt 0.235800 0.749300
vt 0.238500 0.747800
vt 0.235800 0.747800
vt 0.238500 0.752600
vt 0.238600 0.756000
vt 0.241000 0.749300
vt 0.241000 0.747800
vt 0.243500 0.747800
vt 0.233300 0.747800
vt 0.235800 0.654100
vt 0.238300 0.654100
vt 0.240800 0.654100
vt 0.243400 0.654100
vt 0.246000 0.654100
vt 0.246000 0.747800
vt 0.248500 0.654100
vt 0.233300 0.654100
vt 0.248500 0.747800
vt 0.251000 0.654300
vt 0.251000 0.747800
vt 0.253700 0.654300
vt 0.253700 0.747800
vt 0.251000 0.749300
vt 0.253700 0.749300
vt 0.251000 0.752600
vt 0.253700 0.752400
vt 0.250700 0.756000
vt 0.248500 0.766200
vt 0.248200 0.761200
vt 0.251000 0.766200
vt 0.250700 0.761800
vt 0.248300 0.755900
vt 0.248500 0.752400
vt 0.248500 0.749300
vt 0.246000 0.749300
vt 0.253700 0.756100
vt 0.253700 0.762300
vt 0.253700 0.766200
vt 0.248500 0.882800
vt 0.243400 0.882900
vt 0.253700 0.882800
vt 0.245800 0.756100
vt 0.245700 0.761100
vt 0.246000 0.766200
vt 0.243500 0.766100
vt 0.238300 0.882900
vt 0.241000 0.766100
vt 0.238400 0.766000
vt 0.233300 0.882800
vt 0.243700 0.761100
vt 0.241300 0.761200
vt 0.243700 0.756100
vt 0.238600 0.761700
vt 0.236100 0.756100
vt 0.233300 0.752700
vt 0.233300 0.749300
vt 0.233300 0.755700
vt 0.233300 0.762100
vt 0.236100 0.762000
vt 0.235800 0.766000
vt 0.233300 0.766000
vt 0.129900 0.208500
vt 0.099400 0.172400
vt 0.129900 0.170400
vt 0.095000 0.130400
vt 0.129900 0.128900
vt 0.160300 0.172400
vt 0.156700 0.212400
vt 0.176900 0.175300
vt 0.181000 0.132800
vt 0.164700 0.130400
vt 0.103000 0.212400
vt 0.082800 0.175300
vt 0.078600 0.132800
vt 0.091300 0.216800
vt 0.104100 0.230000
vt 0.088700 0.236300
vt 0.086700 0.294400
vt 0.045000 0.291500
vt 0.047500 0.360800
vt 0.049600 0.380400
vt 0.006800 0.364700
vt 0.004700 0.291500
vt 0.048000 0.231900
vt 0.008200 0.386700
vt 0.006800 0.229000
vt 0.050000 0.207000
vt 0.008400 0.198700
vt 0.719700 0.536400
vt 0.725600 0.543500
vt 0.719700 0.543500
vt 0.719700 0.548300
vt 0.725600 0.548300
vt 0.725100 0.558300
vt 0.729000 0.558300
vt 0.719700 0.558300
vt 0.725600 0.295400
vt 0.719700 0.303200
vt 0.719700 0.295400
vt 0.725100 0.303200
vt 0.725100 0.536400
vt 0.729000 0.543500
vt 0.729000 0.548300
vt 0.732400 0.548300
vt 0.729000 0.295400
vt 0.728500 0.303200
vt 0.732400 0.295400
vt 0.732400 0.303200
vt 0.732400 0.536400
vt 0.728500 0.536400
vt 0.736300 0.303200
vt 0.736300 0.536400
vt 0.735800 0.295400
vt 0.732400 0.290500
vt 0.729000 0.290500
vt 0.725600 0.290500
vt 0.735800 0.290500
vt 0.736300 0.280800
vt 0.732400 0.280300
vt 0.729000 0.280300
vt 0.725100 0.280300
vt 0.719700 0.280800
vt 0.719700 0.290500
vt 0.732400 0.543500
vt 0.735800 0.543500
vt 0.741700 0.536400
vt 0.741700 0.303200
vt 0.741700 0.295400
vt 0.741700 0.290500
vt 0.741700 0.281300
vt 0.741700 0.543500
vt 0.741700 0.548300
vt 0.735800 0.548300
vt 0.732400 0.558300
vt 0.736300 0.558300
vt 0.741700 0.558300
vt 0.584500 0.801500
vt 0.583500 0.684100
vt 0.584500 0.683300
vt 0.583500 0.801500
vt 0.583500 0.924600
vt 0.584000 0.272900
vt 0.585000 0.273400
vt 0.583500 0.315400
vt 0.584500 0.315400
vt 0.583500 0.366700
vt 0.584500 0.366700
vt 0.583500 0.461400
vt 0.584500 0.461400
vt 0.584500 0.572800
vt 0.583500 0.572800
vt 0.591800 0.112300
vt 0.595200 0.079600
vt 0.596200 0.078600
vt 0.590800 0.112300
vt 0.588400 0.147900
vt 0.589400 0.147900
vt 0.586400 0.185500
vt 0.587400 0.185500
vt 0.585900 0.231900
vt 0.585000 0.231900
vt 0.607400 0.006800
vt 0.607900 0.016100
vt 0.606400 0.007300
vt 0.607400 0.016100
vt 0.606900 0.023900
vt 0.606400 0.023900
vt 0.604500 0.036600
vt 0.603500 0.037100
vt 0.601100 0.052700
vt 0.600100 0.053700
vt 0.216300 0.105000
vt 0.214800 0.072800
vt 0.237200 0.095700
vt 0.237100 0.069800
vt 0.239700 0.032200
vt 0.260300 0.043000
vt 0.258800 0.068400
vt 0.284700 0.050800
vt 0.284400 0.066900
vt 0.420900 0.065900
vt 0.402300 0.083500
vt 0.285400 0.087900
vt 0.259300 0.088900
vt 0.420900 0.050800
vt 0.981900 0.002000
vt 0.972200 0.031300
vt 0.971200 0.015600
vt 0.985400 0.039100
vt 0.995100 0.009800
vt 0.996100 0.025400
vt 0.219700 0.490700
vt 0.215300 0.500000
vt 0.215100 0.491200
vt 0.219700 0.500000
vt 0.224100 0.500000
vt 0.224400 0.490700
vt 0.229900 0.492700
vt 0.209500 0.499500
vt 0.209500 0.492700
vt 0.601600 0.988800
vt 0.623000 0.988800
vt 0.584500 0.993900
vt 0.601100 0.993900
vt 0.222200 0.018600
vt 0.209600 0.111800
vt 0.210400 0.072800
vt 0.212500 0.026400
vt 0.217000 0.013200
vt 0.415800 0.981300
vt 0.464100 0.999000
vt 0.416300 0.998900
vt 0.450400 0.892200
vt 0.262700 0.892200
vt 0.297400 0.981400
vt 0.249300 0.999000
vt 0.297100 0.998900
vt 0.417700 0.115700
vt 0.424300 0.114700
vt 0.416300 0.106000
vt 0.433600 0.125000
vt 0.434100 0.114700
vt 0.429200 0.125000
vt 0.429200 0.114700
vt 0.425000 0.125000
vt 0.420700 0.125000
vt 0.416500 0.125000
vt 0.409700 0.117700
vt 0.406300 0.106000
vt 0.441400 0.115700
vt 0.442400 0.106000
vt 0.434100 0.105500
vt 0.434300 0.097200
vt 0.441900 0.096700
vt 0.445100 0.084500
vt 0.439500 0.084500
vt 0.450700 0.095200
vt 0.452100 0.106000
vt 0.449700 0.117700
vt 0.445100 0.125000
vt 0.439500 0.125000
vt 0.423800 0.105500
vt 0.429000 0.106000
vt 0.429200 0.097200
vt 0.429200 0.084500
vt 0.433600 0.084500
vt 0.408400 0.095200
vt 0.417000 0.096700
vt 0.416500 0.084500
vt 0.420700 0.084500
vt 0.425000 0.084500
vt 0.424300 0.097200
vt 0.461200 0.220200
vt 0.573200 0.267600
vt 0.462400 0.326700
vt 0.573200 0.232400
vt 0.573200 0.184600
vt 0.460700 0.126000
vt 0.573200 0.145000
vt 0.573200 0.110400
vt 0.573200 0.085400
vt 0.457500 0.052200
vt 0.573200 0.061500
vt 0.573200 0.039100
vt 0.573200 0.020000
vt 0.932600 0.019500
vt 0.928700 0.003400
vt 0.934600 0.010300
vt 0.925800 0.024900
vt 0.916500 0.023400
vt 0.919900 0.001500
vt 0.912600 0.007300
vt 0.911100 0.016100
vt 0.246000 0.752400
vt 0.243500 0.752400
vt 0.243500 0.749300
vt 0.241000 0.752600
vt 0.241200 0.755900
vt 0.731900 0.005400
vt 0.731900 0.002900
vt 0.736300 0.005400
vt 0.736300 0.002900
vt 0.731900 0.016600
vt 0.729000 0.005400
vt 0.701200 0.016600
vt 0.701200 0.012200
vt 0.573200 0.804800
vt 0.573200 0.922500
vt 0.466100 0.922500
vt 0.464400 0.576700
vt 0.573200 0.683100
vt 0.573200 0.576200
vt 0.573200 0.463400
vt 0.463900 0.461900
vt 0.573200 0.364700
vt 0.573200 0.316400
vt 0.631300 0.114700
vt 0.627900 0.184600
vt 0.618200 0.149900
vt 0.617200 0.187000
vt 0.616200 0.232400
vt 0.627400 0.251000
vt 0.615700 0.273900
vt 0.615700 0.315900
vt 0.624000 0.367700
vt 0.615700 0.366700
vt 0.615700 0.518600
vt 0.623500 0.684300
vt 0.615700 0.683600
vt 0.615700 0.801500
vt 0.625000 0.922500
vt 0.738800 0.005400
vt 0.736300 0.016600
vt 0.767100 0.016600
vt 0.767100 0.012200
vt 0.206300 0.580300
vt 0.205800 0.580800
vt 0.001100 0.580300
vt 0.001600 0.581100
vt 0.200900 0.521500
vt 0.201400 0.522200
vt 0.005900 0.521500
vt 0.005500 0.522000
vt 0.191700 0.472700
vt 0.015100 0.472200
vt 0.015400 0.630100
vt 0.192000 0.630400
vt 0.781300 0.981600
vt 0.781300 0.979600
vt 0.784700 0.981400
vt 0.784700 0.979600
vt 0.784700 0.977700
vt 0.781300 0.977500
vt 0.781300 0.983900
vt 0.784700 0.983900
vt 0.820300 0.983900
vt 0.820300 0.981500
vt 0.820300 0.979600
vt 0.820300 0.977700
vt 0.820300 0.975200
vt 0.784700 0.975200
vt 0.781300 0.975200
vt 0.739700 0.981300
vt 0.739700 0.979200
vt 0.743200 0.981100
vt 0.743200 0.979200
vt 0.743200 0.977400
vt 0.739700 0.977200
vt 0.739700 0.983600
vt 0.743200 0.983600
vt 0.778800 0.983600
vt 0.778800 0.981100
vt 0.778800 0.979200
vt 0.778800 0.977400
vt 0.778800 0.974900
vt 0.743200 0.974900
vt 0.739700 0.974900
vt 0.620600 0.115200
vt 0.623500 0.082000
vt 0.627000 0.056600
vt 0.628900 0.040000
vt 0.630900 0.026900
vt 0.631800 0.018600
vt 0.633800 0.009300
vt 0.573200 0.983300
vt 0.575200 0.980200
vt 0.583500 0.980200
vt 0.583500 0.925500
vt 0.575200 0.933400
vt 0.573200 0.934300
vt 0.575200 0.365200
vt 0.575200 0.462900
vt 0.575200 0.575900
vt 0.575200 0.683300
vt 0.575200 0.803700
vt 0.575200 0.922500
vt 0.575200 0.145000
vt 0.575200 0.185100
vt 0.575200 0.232400
vt 0.575200 0.268100
vt 0.575200 0.316400
vt 0.575200 0.020000
vt 0.575200 0.039100
vt 0.575200 0.061500
vt 0.575200 0.085400
vt 0.575200 0.110400
vt 0.298300 0.988200
vt 0.415000 0.988200
vt 0.887200 0.981800
vt 0.678700 0.032200
vt 0.641600 0.033700
vt 0.646500 0.015100
vt 0.671900 0.071800
vt 0.637200 0.059100
vt 0.665500 0.159200
vt 0.663100 0.248500
vt 0.660600 0.365700
vt 0.658200 0.690200
vt 0.712400 0.414100
vt 0.711900 0.719500
vt 0.714800 0.293500
vt 0.716800 0.186000
vt 0.720200 0.087400
vt 0.726100 0.054200
vt 0.659200 0.922500
vt 0.711900 0.922500
vt 0.887200 0.933500
vt 0.966300 0.017100
vt 0.958500 0.003900
vt 0.955100 0.027800
vt 0.943400 0.003900
vt 0.940900 0.023400
vt 0.938000 0.013200
vt 0.464600 0.015600
vt 0.472400 0.032200
vt 0.479000 0.003900
vt 0.490200 0.033700
vt 0.495800 0.010700
vt 0.498500 0.023400
vt 0.718300 0.922500
vt 0.718300 0.565400
vt 0.721700 0.922400
vt 0.721700 0.565400
vt 0.724100 0.922400
vt 0.724100 0.565400
vt 0.727500 0.565400
vt 0.727500 0.922600
vt 0.730500 0.565700
vt 0.730500 0.922800
vt 0.733400 0.565700
vt 0.733400 0.922700
vt 0.736800 0.922500
vt 0.736800 0.565400
vt 0.736300 0.052200
vt 0.731900 0.052200
vt 0.736300 0.047400
vt 0.731900 0.047400
vt 0.729500 0.005400
vt 0.739300 0.005400
vt 0.356400 0.090800
vt 0.398400 0.143600
vt 0.314500 0.143600
vt 0.429200 0.218800
vt 0.283900 0.218800
vt 0.448700 0.312000
vt 0.264400 0.312000
vt 0.458700 0.438500
vt 0.254400 0.438500
vt 0.460200 0.550000
vt 0.252900 0.550000
s 1
usemtl Material.035
f 1/1/1 2/2/1 3/3/1
f 4/4/2 5/5/3 6/6/4
f 7/7/5 5/5/3 4/4/2
f 8/8/6 7/7/5 4/4/2
f 9/9/7 7/7/5 8/8/6
f 10/10/8 9/9/7 8/8/6
f 11/11/9 9/9/7 10/10/8
f 11/11/9 10/10/8 12/12/10
f 12/12/10 10/10/8 13/13/11
f 10/10/8 14/14/12 13/13/11
f 15/15/13 10/10/8 16/16/14
f 16/16/14 10/10/8 8/8/6
f 16/16/14 8/8/6 17/17/15
f 17/17/15 8/8/6 4/4/2
f 17/17/15 4/4/2 18/18/16
f 18/18/16 4/4/17 6/6/4
f 13/19/18 18/18/16 6/6/4
f 5/5/3 13/19/18 6/6/4
f 12/20/19 13/19/18 5/5/3
f 12/20/19 5/5/3 19/21/20
f 14/22/21 18/18/16 13/19/18
f 14/22/21 20/23/22 18/18/16
f 18/18/16 20/23/22 21/24/23
f 18/18/16 21/24/23 17/17/15
f 17/17/15 21/24/23 22/25/24
f 17/17/15 22/25/24 16/16/14
f 16/16/14 22/25/24 23/26/25
f 16/16/14 23/26/25 15/15/13
f 15/15/13 23/26/25 24/27/26
f 24/27/26 23/26/25 25/28/27
f 23/26/25 22/25/24 26/29/28
f 27/30/29 26/29/28 28/31/30
f 26/29/28 22/25/24 28/31/30
f 22/25/24 21/24/23 28/31/30
f 20/23/22 29/32/31 21/24/23
f 21/24/23 29/32/31 30/33/32
f 28/31/30 21/24/23 30/33/32
f 31/34/33 28/31/30 30/33/32
f 27/30/29 28/31/30 31/34/33
f 27/30/29 31/34/33 32/35/34
f 33/36/35 27/30/29 32/35/34
f 33/36/35 32/35/34 34/37/36
f 33/36/35 34/37/36 35/38/37
f 35/38/37 34/37/36 36/39/38
f 34/37/36 32/35/34 37/40/39
f 32/35/34 38/41/40 37/40/39
f 32/35/34 31/34/33 38/41/40
f 31/34/33 39/42/41 38/41/40
f 39/42/41 31/34/33 29/32/31
f 29/32/31 31/34/33 30/33/32
f 37/40/39 38/41/40 40/43/42
f 38/44/43 36/39/38 40/45/44
f 35/38/37 36/39/38 38/44/43
f 38/44/43 41/46/45 35/38/37
f 39/47/46 41/46/45 38/44/43
f 41/46/45 39/47/46 25/28/27
f 25/28/27 39/47/46 29/48/47
f 20/49/48 25/28/27 29/48/47
f 24/27/26 25/28/27 20/49/48
f 14/14/12 24/27/26 20/49/48
f 15/15/13 24/27/26 14/14/12
f 15/15/13 14/14/12 10/10/8
f 25/28/27 23/26/25 26/29/28
f 42/50/49 25/28/27 26/29/28
f 42/50/49 26/29/28 27/30/29
f 42/50/49 27/30/29 33/36/35
f 35/38/37 42/50/49 33/36/35
f 41/46/45 42/50/49 35/38/37
f 41/46/45 25/28/27 42/50/49
f 43/51/50 44/52/51 45/53/50
f 45/53/50 44/52/51 46/54/51
f 46/54/51 44/52/51 47/55/52
f 47/55/52 44/52/51 48/56/52
f 49/57/53 50/58/53 47/55/53
f 47/55/53 50/58/53 45/53/53
f 45/53/53 46/54/53 47/55/53
f 51/59/54 52/60/55 53/61/56
f 52/60/55 54/62/57 53/61/56
f 55/63/58 54/62/57 52/60/55
f 56/64/59 54/62/57 55/63/58
f 56/64/59 55/63/58 57/65/60
f 58/66/61 54/62/57 56/64/59
f 59/67/62 60/68/63 61/69/64
f 62/70/65 60/68/63 59/67/62
f 59/67/62 63/71/66 62/70/65
f 63/71/66 57/65/60 62/70/65
f 62/70/65 57/65/60 64/72/67
f 57/65/60 55/63/58 64/72/67
f 64/72/67 55/63/58 65/73/68
f 65/73/68 55/63/58 52/60/55
f 66/74/69 65/73/68 52/60/55
f 66/74/69 52/60/55 51/59/54
f 67/75/70 63/71/66 59/67/62
f 58/76/71 67/75/70 54/77/72
f 54/77/72 67/75/70 59/67/62
f 59/67/62 61/69/64 54/77/72
f 54/77/72 61/69/64 53/78/73
f 61/69/64 51/79/74 53/78/73
f 68/80/75 69/81/76 70/82/77
f 69/81/76 71/83/78 70/82/77
f 70/82/77 71/83/78 72/84/79
f 71/83/78 73/85/80 72/84/79
f 74/86/81 72/84/79 73/85/80
f 74/86/81 73/85/80 75/87/82
f 75/87/82 51/79/74 74/86/81
f 74/86/81 51/79/74 76/88/83
f 76/88/83 51/79/74 61/69/64
f 60/68/63 76/88/83 61/69/64
f 77/89/84 73/85/80 71/83/78
f 78/90/85 71/83/78 69/81/76
f 79/91/86 71/83/78 78/90/85
f 79/91/86 80/92/87 71/83/78
f 71/83/78 80/92/87 77/89/84
f 80/92/87 81/93/88 77/89/84
f 77/89/84 81/93/89 82/94/90
f 82/94/90 83/95/91 77/89/84
f 77/89/84 83/95/91 73/85/80
f 75/87/82 73/85/80 83/95/91
f 84/96/92 69/81/76 68/80/75
f 66/74/69 51/59/54 85/97/93
f 85/97/93 51/59/54 75/98/94
f 85/97/93 75/98/94 68/80/75
f 68/80/75 75/98/94 83/99/95
f 83/99/95 84/96/92 68/80/75
f 82/100/96 84/96/92 83/99/95
f 81/101/97 84/96/92 82/100/96
f 86/102/98 84/96/92 81/101/97
f 86/102/99 69/81/76 84/96/100
f 78/90/85 69/81/76 86/102/99
f 87/103/101 88/104/102 89/105/103
f 89/105/103 88/104/102 90/106/104
f 89/105/103 90/106/104 85/97/93
f 85/97/93 90/106/104 66/74/69
f 90/106/104 65/73/68 66/74/69
f 90/106/104 88/104/102 65/73/68
f 70/82/77 85/97/93 68/80/75
f 89/105/103 85/97/93 70/82/77
f 72/84/79 89/105/103 70/82/77
f 87/103/101 89/105/103 72/84/79
f 87/103/101 72/84/79 74/86/81
f 74/86/81 76/88/83 87/103/101
f 87/103/101 76/88/83 88/104/102
f 88/104/102 76/88/83 60/68/63
f 65/73/68 88/104/102 60/68/63
f 60/68/63 64/72/67 65/73/68
f 62/70/65 64/72/67 60/68/63
f 91/107/105 92/108/105 93/109/105
f 91/107/105 93/109/105 94/110/105
f 94/110/105 93/109/105 95/111/105
f 94/110/105 95/111/105 96/112/105
f 96/112/105 95/111/105 97/113/105
f 96/112/105 97/113/105 98/114/105
f 98/114/105 97/113/105 99/115/105
f 98/114/105 99/115/105 100/116/105
f 100/116/105 99/115/105 101/117/105
f 100/116/105 101/117/105 102/118/105
f 102/118/105 101/117/105 103/119/105
f 104/120/106 50/58/106 105/121/106
f 105/121/106 50/58/106 49/57/106
f 44/122/105 43/123/105 48/124/105
f 43/123/105 105/125/105 48/124/105
f 104/126/105 105/125/105 43/123/105
f 47/55/107 48/127/107 49/57/107
f 49/57/107 48/127/107 105/128/107
f 104/129/108 43/130/108 50/58/108
f 50/58/108 43/130/108 45/53/108
f 106/131/109 107/132/109 108/133/109
f 108/133/109 107/132/109 109/134/109
f 110/135/110 106/131/110 111/136/110
f 111/136/110 106/131/110 108/133/110
f 109/134/111 107/132/111 112/137/111
f 112/137/111 107/132/111 113/138/111
f 114/139/112 115/140/112 116/141/112
f 116/141/113 115/140/113 117/142/113
f 118/143/114 119/144/114 120/145/115
f 120/145/115 119/144/116 121/146/115
f 122/147/51 118/143/51 123/148/51
f 123/148/51 118/143/51 120/145/51
f 117/142/106 115/140/106 124/149/106
f 124/149/106 115/140/106 125/150/106
f 121/146/117 119/144/117 116/141/117
f 116/141/117 119/144/117 114/139/117
f 126/151/118 127/152/119 128/153/120
f 128/153/120 127/152/119 129/154/121
f 129/154/122 130/155/123 128/153/124
f 128/153/124 130/155/123 131/156/125
f 131/157/126 130/158/51 132/159/51
f 133/160/126 134/161/127 131/157/126
f 133/160/126 131/157/126 135/162/51
f 135/162/51 131/157/126 132/159/51
f 102/163/51 135/162/51 132/159/51
f 103/164/51 135/162/51 102/163/51
f 133/160/126 135/162/51 136/165/51
f 131/157/126 134/161/127 137/166/127
f 138/167/128 139/168/129 140/169/130
f 140/169/130 139/168/129 141/170/131
f 141/170/131 139/168/129 142/171/132
f 139/168/129 143/172/133 142/171/132
f 142/171/132 143/172/133 144/173/134
f 143/172/133 145/174/135 144/173/134
f 144/173/134 145/174/135 146/175/136
f 145/174/135 147/176/137 146/175/136
f 147/176/137 145/174/135 148/177/138
f 148/177/138 145/174/135 149/178/139
f 148/177/138 149/178/139 150/179/140
f 151/180/141 152/181/142 153/182/143
f 152/181/142 154/183/144 153/182/143
f 154/183/144 152/181/142 155/184/145
f 156/185/146 155/184/145 152/181/142
f 156/185/146 157/186/147 155/184/145
f 156/185/146 158/187/148 157/186/147
f 156/185/146 159/188/149 158/187/148
f 138/167/128 159/188/149 156/185/146
f 160/189/150 159/188/149 138/167/128
f 138/167/128 140/169/130 160/189/150
f 161/190/151 134/191/151 162/192/151
f 162/192/151 134/191/151 163/193/151
f 163/193/151 134/191/151 164/194/151
f 164/194/151 134/191/151 133/195/151
f 165/196/53 166/197/53 167/198/53
f 167/198/53 166/197/53 168/199/53
f 163/193/152 164/194/153 169/200/154
f 169/200/154 164/194/153 170/201/155
f 170/201/156 164/194/157 136/202/158
f 136/202/158 164/194/157 133/203/159
f 171/204/160 172/205/161 173/206/162
f 173/206/162 172/205/161 174/207/163
f 136/208/164 173/206/162 174/207/163
f 170/201/165 136/208/164 174/207/163
f 175/209/166 176/210/167 177/211/168
f 176/210/167 178/212/169 177/211/168
f 177/211/168 178/212/169 179/213/170
f 180/214/171 177/211/168 179/213/170
f 181/215/172 180/214/171 179/213/170
f 181/215/172 182/216/173 180/214/171
f 182/216/173 183/217/174 180/214/171
f 184/218/175 183/217/174 182/216/173
f 184/218/175 171/204/160 183/217/174
f 171/204/160 173/206/162 183/217/174
f 185/219/176 186/220/177 187/221/178
f 188/222/179 92/223/180 185/219/176
f 188/222/179 185/219/176 187/221/178
f 189/224/181 188/222/179 187/221/178
f 175/209/182 188/222/179 189/224/181
f 93/225/183 92/223/180 188/222/179
f 188/222/179 190/226/184 93/225/183
f 190/226/184 188/222/179 175/209/182
f 177/211/185 190/226/184 175/209/182
f 177/211/185 191/227/186 190/226/184
f 180/214/187 191/227/186 177/211/185
f 180/214/187 192/228/188 191/227/186
f 183/217/189 192/228/188 180/214/187
f 183/217/189 173/206/190 192/228/188
f 192/228/188 173/206/190 193/229/191
f 101/230/192 99/231/193 193/229/191
f 193/229/191 99/231/193 192/228/188
f 192/228/188 99/231/193 97/232/194
f 192/228/188 97/232/194 191/227/186
f 97/232/194 95/233/195 191/227/186
f 191/227/186 95/233/195 190/226/184
f 93/225/183 190/226/184 95/233/195
f 136/208/196 193/229/191 173/206/190
f 135/234/197 193/229/191 136/208/196
f 193/229/191 135/234/197 101/230/192
f 103/235/198 101/230/192 135/234/197
f 194/236/199 195/237/200 196/238/201
f 196/238/201 195/237/200 197/239/202
f 195/237/200 198/240/203 197/239/202
f 197/239/202 198/240/203 199/241/204
f 200/242/205 199/241/204 198/240/203
f 201/243/206 199/241/204 200/242/205
f 202/244/207 203/245/208 194/236/199
f 194/236/199 203/245/208 195/237/200
f 203/245/208 204/246/209 195/237/200
f 195/237/200 204/246/209 198/240/203
f 205/247/210 198/240/203 204/246/209
f 200/242/205 198/240/203 205/247/210
f 205/247/210 206/248/211 200/242/205
f 200/242/205 206/248/211 207/249/212
f 200/242/205 207/249/212 201/243/206
f 201/243/206 207/249/212 208/250/213
f 208/250/213 209/251/214 201/243/206
f 201/243/206 209/251/214 210/252/215
f 201/243/206 210/252/215 199/241/204
f 199/241/204 210/252/215 211/253/216
f 211/253/216 197/239/202 199/241/204
f 212/254/217 197/239/202 211/253/216
f 212/254/217 196/238/201 197/239/202
f 213/255/218 196/238/201 212/254/217
f 209/251/214 208/250/213 214/256/219
f 209/251/214 214/256/219 215/257/220
f 209/251/214 215/257/220 210/252/215
f 210/252/215 215/257/220 216/258/221
f 210/252/215 216/258/221 211/253/216
f 211/253/216 216/258/221 217/259/222
f 217/259/222 212/254/217 211/253/216
f 218/260/223 212/254/217 217/259/222
f 218/260/223 213/255/218 212/254/217
f 219/261/224 213/255/218 218/260/223
f 203/262/225 219/261/224 218/260/223
f 202/263/226 219/261/224 203/262/225
f 216/258/221 205/264/227 217/259/222
f 217/259/222 205/264/227 204/265/228
f 204/265/228 218/260/223 217/259/222
f 203/262/225 218/260/223 204/265/228
f 220/266/229 221/267/230 222/268/231
f 223/269/232 221/267/230 220/266/229
f 223/269/232 224/270/233 221/267/230
f 221/267/230 224/270/233 214/256/219
f 224/270/233 225/271/234 214/256/219
f 214/256/219 225/271/234 226/272/235
f 215/257/220 214/256/219 226/272/235
f 215/257/220 226/272/235 206/273/236
f 215/257/220 206/273/236 216/258/221
f 216/258/221 206/273/236 205/264/227
f 206/273/236 226/272/235 227/274/237
f 226/272/235 228/275/238 227/274/237
f 225/271/234 228/275/238 226/272/235
f 225/271/234 229/276/239 228/275/238
f 230/277/240 229/276/239 225/271/234
f 224/270/233 230/277/240 225/271/234
f 231/278/241 230/277/240 224/270/233
f 223/269/232 231/278/241 224/270/233
f 232/279/242 231/278/241 223/269/232
f 232/279/242 223/269/232 233/280/243
f 233/280/243 223/269/232 220/266/229
f 233/280/243 220/266/229 229/281/244
f 229/281/244 220/266/229 228/282/245
f 220/266/229 222/268/231 228/282/245
f 228/282/245 222/268/231 227/283/246
f 222/268/231 206/248/211 227/283/246
f 207/249/212 206/248/211 222/268/231
f 221/267/230 207/249/212 222/268/231
f 208/250/213 207/249/212 221/267/230
f 214/256/219 208/250/213 221/267/230
f 234/63/247 235/62/248 236/60/249
f 236/60/249 235/62/248 237/61/250
f 238/59/251 236/60/249 237/61/250
f 239/72/252 234/63/247 240/73/253
f 240/73/253 234/63/247 236/60/249
f 241/74/254 240/73/253 236/60/249
f 241/74/254 236/60/249 238/59/251
f 241/74/254 238/59/251 242/97/255
f 242/97/255 238/59/251 243/98/256
f 242/97/255 243/98/256 244/80/257
f 244/80/257 243/98/256 245/99/258
f 245/99/258 246/96/259 244/80/257
f 247/100/260 246/96/259 245/99/258
f 248/82/261 242/97/255 244/80/257
f 249/105/262 242/97/255 248/82/261
f 250/84/263 249/105/262 248/82/261
f 251/103/264 249/105/262 250/84/263
f 251/103/264 252/104/265 249/105/262
f 249/105/262 252/104/265 253/106/266
f 253/106/266 252/104/265 240/73/253
f 253/106/266 240/73/253 241/74/254
f 242/97/255 253/106/266 241/74/254
f 249/105/262 253/106/266 242/97/255
f 254/70/267 239/72/252 255/68/268
f 255/68/268 239/72/252 240/73/253
f 240/73/253 252/104/265 255/68/268
f 252/104/265 256/88/269 255/68/268
f 251/103/264 256/88/269 252/104/265
f 257/86/270 256/88/269 251/103/264
f 251/103/264 250/84/263 257/86/270
f 257/86/270 250/84/263 258/85/271
f 259/83/272 258/85/271 250/84/263
f 248/82/261 259/83/272 250/84/263
f 260/81/273 259/83/272 248/82/261
f 244/80/257 260/81/273 248/82/261
f 246/96/259 260/81/273 244/80/257
f 261/89/274 258/85/271 259/83/272
f 262/101/275 246/96/259 247/100/260
f 263/102/276 246/96/259 262/101/275
f 263/102/276 260/81/273 246/96/259
f 264/90/277 260/81/273 263/102/276
f 264/90/277 259/83/272 260/81/273
f 265/91/278 259/83/272 264/90/277
f 265/91/278 266/92/279 259/83/272
f 259/83/272 266/92/279 261/89/274
f 266/92/279 262/93/280 261/89/274
f 261/89/274 262/93/281 247/94/282
f 247/94/282 245/95/283 261/89/274
f 261/89/274 245/95/283 258/85/271
f 243/87/284 258/85/271 245/95/283
f 257/86/270 258/85/271 243/87/284
f 243/87/284 238/79/285 257/86/270
f 257/86/270 238/79/285 256/88/269
f 256/88/269 238/79/285 267/69/286
f 255/68/268 256/88/269 267/69/286
f 268/67/287 255/68/268 267/69/286
f 254/70/267 255/68/268 268/67/287
f 269/76/288 270/75/289 235/77/290
f 235/77/290 270/75/289 268/67/287
f 268/67/287 267/69/286 235/77/290
f 235/77/290 267/69/286 237/78/291
f 267/69/286 238/79/285 237/78/291
f 270/75/289 271/71/292 268/67/287
f 268/67/287 271/71/292 254/70/267
f 271/71/292 272/65/293 254/70/267
f 254/70/267 272/65/293 239/72/252
f 272/65/293 234/63/247 239/72/252
f 273/64/294 234/63/247 272/65/293
f 273/64/294 235/62/248 234/63/247
f 269/66/295 235/62/248 273/64/294
f 274/66/296 275/62/297 276/64/298
f 276/64/298 277/63/299 278/65/300
f 276/64/298 275/62/297 277/63/299
f 277/63/299 275/62/297 279/60/301
f 279/60/301 275/62/297 280/61/302
f 281/59/303 279/60/301 280/61/302
f 282/80/304 283/98/305 284/99/306
f 285/97/307 283/98/305 282/80/304
f 285/97/307 281/59/303 283/98/305
f 286/74/308 281/59/303 285/97/307
f 286/74/308 279/60/301 281/59/303
f 286/74/308 287/73/309 279/60/301
f 287/73/309 277/63/299 279/60/301
f 288/72/310 277/63/299 287/73/309
f 278/65/300 277/63/299 288/72/310
f 289/70/311 278/65/300 288/72/310
f 290/96/312 291/81/313 282/80/304
f 282/80/304 291/81/313 292/82/314
f 292/82/314 285/97/307 282/80/304
f 291/81/313 293/83/315 292/82/314
f 293/83/315 294/92/316 295/89/317
f 296/91/318 294/92/316 293/83/315
f 296/91/318 293/83/315 297/90/319
f 297/90/319 293/83/315 291/81/313
f 297/90/319 291/81/313 298/102/320
f 298/102/320 291/81/313 290/96/312
f 298/102/320 290/96/312 299/101/321
f 299/101/321 290/96/312 300/100/322
f 300/100/322 290/96/312 284/99/306
f 284/99/306 290/96/312 282/80/304
f 301/105/323 302/106/324 285/97/307
f 301/105/323 285/97/307 292/82/314
f 303/84/325 301/105/323 292/82/314
f 292/82/314 293/83/315 303/84/325
f 293/83/315 304/85/326 303/84/325
f 295/89/317 304/85/326 293/83/315
f 295/89/317 284/95/327 304/85/326
f 300/94/328 284/95/327 295/89/317
f 295/89/317 299/93/329 300/94/328
f 294/92/316 299/93/330 295/89/317
f 301/105/323 305/104/331 302/106/324
f 306/103/332 305/104/331 301/105/323
f 306/103/332 301/105/323 303/84/325
f 306/103/332 303/84/325 307/86/333
f 307/86/333 303/84/325 304/85/326
f 307/86/333 304/85/326 283/87/334
f 283/87/334 304/85/326 284/95/327
f 283/87/334 281/79/335 307/86/333
f 307/86/333 281/79/335 308/88/336
f 307/86/333 308/88/336 306/103/332
f 306/103/332 308/88/336 305/104/331
f 285/97/307 302/106/324 286/74/308
f 302/106/324 287/73/309 286/74/308
f 302/106/324 305/104/331 287/73/309
f 287/73/309 305/104/331 309/68/337
f 305/104/331 308/88/336 309/68/337
f 309/68/337 308/88/336 310/69/338
f 308/88/336 281/79/335 310/69/338
f 310/69/338 281/79/335 280/78/339
f 275/77/340 310/69/338 280/78/339
f 311/67/341 310/69/338 275/77/340
f 311/67/341 309/68/337 310/69/338
f 289/70/311 309/68/337 311/67/341
f 289/70/311 288/72/310 309/68/337
f 309/68/337 288/72/310 287/73/309
f 312/71/342 278/65/300 289/70/311
f 311/67/341 312/71/342 289/70/311
f 313/75/343 312/71/342 311/67/341
f 275/77/340 313/75/343 311/67/341
f 274/76/344 313/75/343 275/77/340
f 186/220/345 314/284/346 315/285/347
f 186/220/345 315/285/347 187/221/348
f 187/221/348 315/285/347 316/286/349
f 187/221/348 316/286/349 317/287/350
f 189/224/351 187/221/348 317/287/350
f 189/224/351 317/287/350 318/288/352
f 189/224/351 318/288/352 319/289/353
f 175/209/166 189/224/351 319/289/353
f 319/289/353 320/290/354 175/209/166
f 320/290/354 176/210/167 175/209/166
f 321/291/355 322/292/356 323/293/357
f 323/293/357 322/292/356 324/294/358
f 323/293/357 324/294/358 325/295/359
f 325/295/359 326/296/360 323/293/357
f 327/297/361 326/296/360 325/295/359
f 326/296/360 321/291/355 323/293/357
f 328/298/362 321/291/355 326/296/360
f 328/298/362 329/299/363 321/291/355
f 321/291/355 329/299/364 330/300/365
f 330/300/365 322/292/356 321/291/355
f 331/301/366 322/292/356 330/300/365
f 332/302/367 322/292/356 331/301/366
f 322/292/356 332/302/367 324/294/358
f 324/294/358 332/302/367 333/303/368
f 333/303/368 334/304/369 324/294/358
f 324/294/358 334/304/369 325/295/359
f 335/305/106 325/295/359 334/304/369
f 327/306/106 325/295/359 335/305/106
f 336/307/51 331/301/366 329/308/51
f 329/308/51 331/301/366 330/300/365
f 337/309/370 176/210/371 320/290/370
f 337/309/370 320/290/370 338/310/372
f 338/310/372 320/290/370 319/289/373
f 338/310/372 319/289/373 339/311/374
f 339/311/374 319/289/373 318/288/375
f 339/311/374 318/288/375 340/312/376
f 340/312/377 318/288/378 317/287/376
f 340/312/377 317/287/376 341/313/379
f 341/313/379 317/287/376 316/286/380
f 316/286/380 342/314/381 341/313/379
f 315/285/381 342/314/381 316/286/380
f 342/314/381 315/285/381 343/315/382
f 343/315/382 315/285/381 314/284/382
f 344/316/383 345/317/384 346/318/385
f 346/318/385 345/317/384 347/319/386
f 346/318/385 347/319/386 348/320/387
f 348/320/387 349/321/388 346/318/385
f 350/322/389 349/321/388 348/320/387
f 349/321/388 344/316/383 346/318/385
f 351/323/390 344/316/383 349/321/388
f 351/323/390 352/324/391 344/316/383
f 344/316/383 352/324/391 353/325/392
f 353/325/392 345/317/384 344/316/383
f 354/326/393 345/317/384 353/325/392
f 355/327/394 345/317/384 354/326/393
f 356/328/395 345/317/384 355/327/394
f 347/319/386 345/317/384 356/328/395
f 357/329/366 347/319/386 356/328/395
f 348/320/387 347/319/386 357/329/366
f 358/330/51 348/320/387 357/329/366
f 350/331/51 348/320/387 358/330/51
f 354/326/393 353/325/392 359/332/106
f 359/332/106 353/325/392 352/333/106
f 182/216/396 360/334/396 184/218/397
f 360/334/396 182/216/396 361/335/398
f 361/335/398 182/216/396 181/215/398
f 361/335/398 181/215/398 362/336/399
f 362/336/399 181/215/398 179/213/399
f 362/336/399 179/213/399 363/337/400
f 363/337/400 179/213/399 178/212/400
f 363/337/400 178/212/400 364/338/371
f 364/338/371 178/212/400 176/210/371
f 364/338/371 176/210/371 337/309/370
f 174/207/401 169/200/402 170/201/403
f 365/339/404 169/200/402 174/207/401
f 174/207/401 172/205/405 365/339/404
f 365/339/404 172/205/405 366/340/406
f 366/340/406 172/205/405 367/341/407
f 367/341/407 172/205/405 171/204/408
f 367/341/407 171/204/408 368/342/409
f 184/218/397 368/342/409 171/204/408
f 369/343/410 368/342/409 184/218/397
f 184/218/397 360/334/396 369/343/410
f 370/344/411 371/345/411 372/346/411
f 372/346/411 371/345/411 373/347/411
f 373/347/411 371/345/411 374/348/411
f 374/348/411 371/345/411 375/349/411
f 375/349/411 376/350/412 374/348/411
f 377/351/412 376/350/412 375/349/411
f 376/350/412 377/351/412 378/352/412
f 378/352/412 377/351/412 379/353/412
f 379/353/412 380/354/412 378/352/412
f 378/352/412 380/354/412 381/355/412
f 380/354/412 382/356/412 381/355/412
f 382/356/412 383/357/412 381/355/412
f 384/358/411 385/359/411 386/360/411
f 386/360/411 385/359/411 387/361/411
f 385/359/411 388/362/411 387/361/411
f 387/361/411 388/362/411 389/363/411
f 390/364/411 389/363/411 388/362/411
f 391/365/411 389/363/411 390/364/411
f 390/364/411 392/366/411 391/365/411
f 393/367/411 392/366/411 390/364/411
f 370/344/411 392/366/411 393/367/411
f 372/346/411 392/366/411 370/344/411
f 394/368/53 166/369/53 165/370/53
f 395/371/53 166/369/53 394/368/53
f 394/368/53 396/372/53 395/371/53
f 397/373/53 396/372/53 394/368/53
f 396/372/53 397/373/53 398/374/53
f 398/374/53 397/373/53 399/375/53
f 398/374/53 399/375/53 400/376/413
f 400/376/413 399/375/53 401/377/413
f 401/377/413 386/360/411 400/376/413
f 384/358/411 386/360/411 401/377/413
f 402/378/414 403/379/415 404/380/416
f 405/381/417 406/382/418 407/383/418
f 408/384/419 406/382/418 405/381/420
f 409/385/421 408/384/419 405/381/420
f 409/385/421 403/379/415 408/384/419
f 410/386/422 403/379/415 409/385/421
f 404/380/416 403/379/415 410/386/422
f 410/386/422 411/387/423 404/380/416
f 410/386/422 409/385/421 411/387/423
f 411/387/423 409/385/421 412/388/424
f 412/388/424 409/385/421 413/389/425
f 413/389/425 414/390/426 412/388/424
f 413/389/425 415/391/427 414/390/426
f 414/390/426 415/391/427 416/392/428
f 416/392/428 415/391/427 417/393/429
f 418/394/106 417/393/429 415/391/427
f 418/394/106 415/391/427 406/395/106
f 406/395/106 415/391/427 407/396/430
f 407/396/430 415/391/427 413/389/425
f 407/396/430 413/389/425 405/381/420
f 413/389/425 409/385/421 405/381/420
f 419/397/431 416/392/428 417/398/432
f 420/399/433 416/392/428 419/397/431
f 421/400/434 416/392/428 420/399/433
f 416/392/428 421/400/434 414/390/426
f 414/390/426 421/400/434 422/401/435
f 412/388/424 414/390/426 422/401/435
f 422/401/435 423/402/436 412/388/424
f 412/388/424 423/402/436 411/387/423
f 424/403/437 411/387/423 423/402/436
f 404/404/438 411/387/423 424/403/437
f 422/401/435 421/400/434 423/402/436
f 423/402/436 421/400/434 425/405/439
f 423/402/436 425/405/439 424/403/437
f 402/406/51 404/404/438 424/403/437
f 402/406/51 424/403/437 426/407/51
f 426/407/51 424/403/437 427/408/440
f 424/403/437 425/405/439 427/408/440
f 427/408/440 425/405/439 428/409/441
f 420/399/433 425/405/439 421/400/434
f 428/410/442 425/405/439 420/399/433
f 428/411/443 426/412/363 427/412/363
f 429/411/444 426/412/363 428/411/445
f 429/411/444 428/411/445 420/413/151
f 429/411/444 420/413/151 430/414/151
f 430/414/446 420/413/151 419/415/447
f 417/416/448 430/414/446 419/415/447
f 418/417/448 430/414/446 417/416/448
f 431/418/449 432/419/450 433/420/51
f 431/418/449 433/420/51 434/421/451
f 434/421/451 435/422/452 436/423/453
f 431/418/449 434/421/451 436/423/453
f 436/423/453 437/424/454 431/418/449
f 431/418/449 437/424/454 438/425/455
f 437/424/454 439/426/456 438/425/455
f 438/425/455 439/426/456 440/427/457
f 440/427/457 439/426/456 441/428/458
f 442/429/459 440/427/457 441/428/458
f 443/430/460 440/427/457 442/429/459
f 432/419/450 440/427/457 443/430/460
f 438/425/455 440/427/457 431/431/461
f 431/431/461 440/427/457 432/419/450
f 439/426/456 444/432/462 441/428/458
f 445/433/463 444/432/462 439/426/456
f 445/433/463 439/426/456 437/424/454
f 437/424/454 446/434/464 445/433/463
f 447/435/465 446/434/464 437/424/454
f 447/435/465 437/424/454 436/423/453
f 436/423/453 435/422/452 447/435/465
f 443/430/460 433/436/466 432/419/450
f 448/437/443 433/436/466 443/430/460
f 448/437/443 443/430/460 442/438/467
f 449/439/447 448/437/443 442/438/467
f 449/439/447 442/438/467 450/440/468
f 451/441/469 449/439/447 450/440/468
f 450/440/468 452/442/470 451/441/469
f 452/442/470 453/443/471 451/441/469
f 444/432/462 453/443/471 452/442/470
f 441/428/458 444/432/462 452/442/470
f 441/428/458 452/442/470 442/438/467
f 442/438/467 452/442/470 450/440/468
f 454/444/448 449/439/447 451/441/469
f 454/445/106 451/441/469 453/443/471
f 454/445/106 453/443/472 455/446/106
f 453/443/472 456/447/473 455/446/106
f 457/448/419 455/449/418 458/450/474
f 458/450/474 455/449/418 456/447/473
f 456/447/473 459/451/475 458/450/474
f 456/447/473 453/452/476 459/451/475
f 459/451/475 453/452/476 444/432/462
f 459/451/475 444/432/462 445/433/463
f 445/433/463 446/453/477 459/451/475
f 459/451/475 446/453/477 458/450/474
f 446/453/477 457/448/419 458/450/474
f 446/453/477 435/454/478 457/448/419
f 446/453/477 447/435/465 435/454/478
f 460/455/479 461/456/480 462/457/479
f 462/457/479 461/456/480 463/458/481
f 463/458/481 461/456/480 464/459/482
f 464/459/482 461/456/480 465/460/482
f 465/460/482 466/461/483 464/459/482
f 467/462/484 468/463/485 469/464/486
f 469/464/486 470/465/487 467/462/484
f 471/466/488 470/465/487 469/464/486
f 469/464/486 472/467/489 471/466/488
f 473/468/489 472/467/489 469/464/486
f 466/469/490 468/463/491 467/462/492
f 465/470/493 468/463/491 466/469/490
f 468/463/491 465/470/493 469/464/494
f 469/464/494 465/470/493 461/471/495
f 471/466/496 463/472/497 470/465/498
f 470/465/498 463/472/497 464/473/499
f 464/473/499 467/462/500 470/465/498
f 466/474/501 467/462/500 464/473/499
f 462/475/502 463/472/503 472/467/502
f 472/467/502 463/472/503 471/466/503
f 461/471/504 460/476/505 469/464/504
f 469/464/504 460/476/505 473/468/505
f 474/477/506 475/478/506 476/479/507
f 476/479/508 475/478/506 477/480/507
f 478/481/509 476/479/508 477/480/507
f 479/482/510 476/479/508 478/481/509
f 478/481/509 480/483/511 479/482/510
f 474/484/512 476/485/512 481/486/512
f 481/486/512 476/485/512 482/487/512
f 477/488/513 475/489/513 483/490/513
f 483/490/513 475/489/513 484/491/513
f 482/487/514 476/485/515 485/492/516
f 485/492/516 476/485/515 479/465/517
f 479/465/517 486/493/518 485/492/516
f 480/494/519 486/493/518 479/465/517
f 480/494/519 487/495/520 486/493/518
f 478/496/521 487/495/520 480/494/519
f 487/495/520 478/496/521 483/490/522
f 483/490/522 478/496/521 477/488/523
f 488/497/524 489/498/525 490/499/526
f 490/499/526 489/498/525 491/500/527
f 490/499/526 491/500/527 492/501/528
f 492/501/528 491/500/527 493/502/529
f 494/503/530 495/504/531 493/502/529
f 493/502/529 495/504/531 492/505/532
f 489/498/533 488/506/534 496/507/535
f 496/507/535 488/506/534 497/508/536
f 498/509/537 499/510/537 495/511/537
f 495/511/537 499/510/537 497/512/537
f 495/511/537 497/512/537 492/513/537
f 492/513/537 497/512/537 488/514/537
f 488/514/537 490/515/537 492/513/537
f 486/493/538 487/495/539 483/490/540
f 483/490/540 485/492/541 486/493/538
f 482/487/542 485/492/541 483/490/540
f 483/490/540 484/491/543 482/487/542
f 482/487/542 484/491/543 481/486/543
f 494/503/544 500/516/544 501/517/544
f 496/507/544 500/516/544 494/503/544
f 496/507/544 494/503/544 491/500/544
f 491/500/544 494/503/544 493/502/544
f 491/500/544 489/498/544 496/507/544
f 502/518/51 503/519/51 504/520/51
f 504/520/51 503/519/51 505/521/51
f 505/521/51 503/519/51 506/522/51
f 506/522/51 507/523/51 505/521/51
f 508/524/51 507/523/51 506/522/51
f 509/525/51 507/523/51 508/524/51
f 510/526/545 508/527/546 511/528/547
f 510/526/545 509/529/548 508/527/546
f 512/530/549 509/529/548 510/526/545
f 512/530/549 507/531/550 509/529/548
f 513/532/551 507/531/550 512/530/549
f 513/532/551 505/533/552 507/531/550
f 514/534/553 505/533/552 513/532/551
f 514/534/553 515/535/554 505/533/552
f 516/536/106 515/535/554 514/534/553
f 516/536/106 514/534/553 513/532/551
f 513/532/551 512/530/549 516/536/106
f 516/536/106 512/530/549 510/526/545
f 516/536/106 510/526/545 511/528/547
f 505/533/552 515/535/554 504/537/555
f 516/536/106 511/528/547 517/538/556
f 516/536/106 517/538/556 518/539/557
f 515/540/558 516/536/106 518/539/557
f 515/540/558 518/539/557 504/541/559
f 504/541/559 518/539/557 502/542/560
f 518/539/557 517/538/556 502/542/560
f 502/542/560 517/538/556 503/543/561
f 517/538/556 511/528/547 503/543/561
f 503/543/561 511/528/547 506/544/562
f 511/528/547 508/527/546 506/544/562
f 519/545/563 520/546/564 521/547/565
f 519/545/563 521/547/565 522/548/566
f 523/549/567 524/550/568 525/551/569
f 522/548/566 524/550/568 523/549/567
f 522/548/566 521/547/565 524/550/568
f 524/550/568 521/547/565 526/552/570
f 526/552/570 521/547/565 527/553/571
f 526/552/570 527/553/571 528/554/572
f 528/554/572 527/553/571 529/555/572
f 528/554/572 529/555/572 530/556/573
f 530/556/573 529/555/572 531/557/574
f 530/556/573 531/557/574 532/558/575
f 532/558/575 531/557/574 533/559/576
f 534/560/577 535/561/578 536/562/577
f 537/563/579 534/560/577 536/562/577
f 538/564/579 534/560/577 537/563/579
f 539/565/580 538/564/579 537/563/579
f 540/566/581 538/564/579 539/565/580
f 541/567/582 542/568/583 539/565/580
f 539/565/580 542/568/583 543/569/584
f 544/570/585 539/565/580 543/569/584
f 544/570/585 540/566/581 539/565/580
f 544/570/585 545/571/586 540/566/581
f 540/566/581 545/571/586 546/572/587
f 547/573/588 540/566/581 546/572/587
f 498/574/589 495/504/589 501/517/589
f 501/517/589 495/504/589 494/503/589
f 497/508/590 499/575/590 496/507/590
f 496/507/590 499/575/590 500/516/590
f 532/576/591 533/577/592 1/1/593
f 1/1/593 533/577/592 2/2/594
f 548/578/595 549/579/596 550/580/597
f 520/581/598 550/580/597 521/582/599
f 550/580/597 549/579/596 521/582/599
f 521/582/599 549/579/596 527/583/600
f 527/583/600 549/579/596 551/584/601
f 527/583/600 551/584/601 529/585/602
f 529/585/602 551/584/601 552/586/603
f 552/586/603 531/587/604 529/585/602
f 553/588/605 531/587/604 552/586/603
f 533/589/606 531/587/604 2/590/607
f 2/590/607 531/587/604 553/588/605
f 2/590/607 553/588/605 3/591/608
f 3/591/608 553/588/605 535/592/609
f 553/588/605 552/586/603 535/592/609
f 535/592/609 552/586/603 536/593/610
f 552/586/603 551/584/601 536/593/610
f 536/593/610 551/584/601 537/594/611
f 551/584/601 549/579/596 537/594/611
f 537/594/611 549/579/596 539/595/612
f 549/579/596 548/578/595 539/595/612
f 539/595/612 548/578/595 541/596/613
f 554/597/614 550/598/615 520/599/616
f 555/600/617 556/601/618 557/602/619
f 555/600/617 558/603/620 556/601/618
f 556/601/618 558/603/620 559/604/621
f 559/604/621 558/603/620 554/597/614
f 554/597/614 558/603/620 560/605/622
f 560/605/622 550/598/615 554/597/614
f 560/605/622 548/606/623 550/598/615
f 561/607/624 548/606/623 560/605/622
f 562/608/625 548/606/623 561/607/624
f 562/608/625 561/607/624 563/609/626
f 564/610/627 558/603/620 555/600/617
f 564/610/627 560/605/622 558/603/620
f 561/607/624 560/605/622 564/610/627
f 563/609/626 561/607/624 564/610/627
f 555/600/617 563/609/626 564/610/627
f 565/611/628 563/609/626 555/600/617
f 565/611/628 555/600/617 566/612/629
f 566/612/629 555/600/617 557/602/619
f 567/613/630 566/612/629 557/602/619
f 567/613/630 557/602/619 568/614/631
f 568/614/631 569/615/632 567/613/630
f 541/616/633 548/606/623 562/608/625
f 562/608/625 570/617/634 541/616/633
f 562/608/625 571/618/635 570/617/634
f 541/616/633 570/617/634 542/619/636
f 519/620/637 522/621/638 572/622/639
f 572/622/639 554/623/640 519/620/637
f 554/623/640 572/622/639 559/604/621
f 559/604/621 572/622/639 573/624/641
f 556/601/618 559/604/621 573/624/641
f 556/601/618 573/624/641 574/625/642
f 557/602/619 556/601/618 574/625/642
f 568/614/631 557/602/619 574/625/642
f 568/614/631 574/625/642 575/626/643
f 568/614/631 575/626/643 576/627/644
f 519/620/637 554/623/640 520/628/645
f 577/629/646 576/627/644 575/626/643
f 578/630/647 576/627/644 577/629/646
f 577/629/646 523/631/648 578/630/647
f 578/630/647 523/631/648 525/632/649
f 572/622/639 522/621/638 579/633/650
f 580/634/651 572/622/639 579/633/650
f 573/624/641 572/622/639 580/634/651
f 574/625/642 573/624/641 580/634/651
f 575/626/643 574/625/642 580/634/651
f 575/626/643 580/634/651 577/629/646
f 577/629/646 580/634/651 579/633/650
f 579/633/650 522/621/638 577/629/646
f 577/629/646 522/621/638 523/631/648
f 581/635/652 582/636/653 583/637/654
f 581/635/652 583/637/654 584/638/655
f 584/638/655 583/637/654 585/639/656
f 586/640/657 587/641/658 582/636/653
f 586/640/657 582/636/653 581/635/652
f 588/642/659 586/640/657 581/635/652
f 581/635/652 584/638/655 588/642/659
f 588/642/659 584/638/655 589/643/660
f 590/644/661 588/642/659 589/643/660
f 585/639/656 591/645/662 592/646/663
f 593/647/664 585/639/656 592/646/663
f 584/638/655 585/639/656 593/647/664
f 594/648/665 584/638/655 593/647/664
f 589/643/660 584/638/655 594/648/665
f 595/649/666 589/643/660 594/648/665
f 590/644/661 589/643/660 595/649/666
f 596/650/667 590/644/661 595/649/666
f 597/651/668 590/644/661 596/650/667
f 598/652/669 597/651/668 596/650/667
f 592/646/663 591/645/662 599/653/670
f 600/654/671 597/651/668 598/652/669
f 601/655/672 600/654/671 598/652/669
f 602/656/673 600/654/671 601/655/672
f 599/657/674 602/656/673 601/655/672
f 591/658/675 602/656/673 599/657/674
f 591/658/675 603/659/676 602/656/673
f 604/660/677 603/659/676 591/658/675
f 604/660/677 605/661/678 603/659/676
f 606/662/679 605/661/678 604/660/677
f 605/661/678 606/662/679 607/663/680
f 603/659/676 600/654/671 602/656/673
f 608/664/681 609/665/682 610/666/683
f 610/666/683 609/665/682 611/667/684
f 609/665/682 607/663/680 611/667/684
f 612/668/685 607/663/680 609/665/682
f 612/668/685 605/661/678 607/663/680
f 613/669/686 605/661/678 612/668/685
f 605/661/678 613/669/686 603/659/676
f 603/659/676 613/669/686 614/670/687
f 614/670/687 600/654/671 603/659/676
f 614/670/687 615/671/688 600/654/671
f 607/663/680 606/662/679 616/672/689
f 607/663/680 616/672/689 611/667/684
f 611/667/684 616/672/689 617/673/690
f 618/674/691 611/667/684 617/673/690
f 610/666/683 611/667/684 618/674/691
f 610/666/683 618/674/691 619/675/692
f 608/664/681 610/666/683 619/675/692
f 620/676/693 608/664/681 619/675/692
f 619/675/692 618/674/691 621/677/694
f 622/678/695 613/669/686 612/668/685
f 609/665/682 622/678/695 612/668/685
f 623/679/696 622/678/695 609/665/682
f 608/664/681 623/679/696 609/665/682
f 624/680/697 623/679/696 608/664/681
f 624/680/697 608/664/681 620/676/693
f 625/681/698 624/680/697 620/676/693
f 626/682/699 625/681/698 620/676/693
f 627/683/700 625/681/698 626/682/699
f 628/684/701 627/683/700 626/682/699
f 621/685/702 628/684/701 626/682/699
f 625/681/698 627/683/700 629/686/703
f 629/686/703 627/683/700 630/687/704
f 630/687/704 631/688/705 629/686/703
f 631/688/705 623/679/696 629/686/703
f 623/679/696 625/681/698 629/686/703
f 624/680/697 625/681/698 623/679/696
f 622/678/695 623/679/696 631/688/705
f 627/683/700 628/684/701 630/687/704
f 630/687/704 628/684/701 632/689/706
f 632/689/706 587/641/658 630/687/704
f 632/689/706 633/690/707 587/641/658
f 582/636/653 587/641/658 633/690/707
f 582/636/653 633/690/707 606/691/708
f 582/636/653 606/691/708 583/637/654
f 583/637/654 606/691/708 604/692/709
f 604/692/709 591/645/662 583/637/654
f 583/637/654 591/645/662 585/639/656
f 606/691/708 633/690/707 616/693/710
f 616/693/710 633/690/707 617/694/711
f 617/694/711 633/690/707 634/695/712
f 634/695/712 633/690/707 632/689/706
f 632/689/706 635/696/713 634/695/712
f 628/684/701 635/696/713 632/689/706
f 635/696/713 628/684/701 621/685/702
f 618/697/714 635/696/713 621/685/702
f 635/696/713 618/697/714 634/695/712
f 634/695/712 618/697/714 617/694/711
f 636/698/715 637/699/716 638/700/717
f 545/701/718 544/702/719 637/699/716
f 637/699/716 544/702/719 638/700/717
f 544/702/719 639/703/720 638/700/717
f 638/700/717 639/703/720 636/698/715
f 636/698/715 639/703/720 640/704/721
f 639/703/720 570/705/722 640/704/721
f 640/704/721 570/705/722 571/618/635
f 570/705/722 639/703/720 542/706/723
f 542/706/723 639/703/720 543/707/724
f 543/707/724 639/703/720 544/702/719
f 563/609/626 571/618/635 562/608/625
f 571/618/635 563/609/626 565/611/628
f 640/704/721 571/618/635 565/611/628
f 565/611/628 566/612/629 640/704/721
f 640/704/721 566/612/629 636/698/715
f 636/698/715 566/612/629 641/708/725
f 641/708/725 637/699/716 636/698/715
f 637/699/716 641/708/725 642/709/726
f 642/709/726 546/710/727 637/699/716
f 637/699/716 546/710/727 545/701/718
f 642/709/726 641/708/725 643/711/728
f 641/708/725 644/712/729 643/711/728
f 641/708/725 566/612/629 644/712/729
f 644/712/729 566/612/629 567/613/630
f 644/712/729 567/613/630 645/713/730
f 645/713/730 567/613/630 646/714/731
f 646/714/731 647/715/732 645/713/730
f 646/714/731 648/716/733 647/715/732
f 569/615/632 648/716/733 646/714/731
f 567/613/630 569/615/632 646/714/731
f 568/614/631 576/627/644 569/615/632
f 576/627/644 578/717/734 569/615/632
f 569/615/632 578/717/734 648/716/733
f 578/717/734 649/718/735 648/716/733
f 650/719/736 648/716/733 649/718/735
f 647/715/732 648/716/733 650/719/736
f 647/715/732 650/719/736 651/720/737
f 645/713/730 647/715/732 651/720/737
f 645/713/730 651/720/737 643/711/728
f 643/711/728 644/712/729 645/713/730
f 525/721/738 649/718/735 578/717/734
f 651/720/737 650/719/736 547/722/739
f 651/720/737 547/722/739 642/723/740
f 643/711/728 651/720/737 642/723/740
f 642/723/740 547/722/739 546/724/741
f 652/725/742 653/726/743 654/727/744
f 653/726/743 655/728/745 654/727/744
f 656/729/746 655/728/745 653/726/743
f 657/730/747 655/728/745 656/729/746
f 657/730/747 656/729/746 658/731/748
f 659/732/749 655/728/745 657/730/747
f 660/733/750 661/734/751 662/735/752
f 663/736/753 661/734/751 660/733/750
f 663/736/753 652/725/742 661/734/751
f 664/737/754 652/725/742 663/736/753
f 664/737/754 653/726/743 652/725/742
f 664/737/754 665/738/755 653/726/743
f 665/738/755 656/729/746 653/726/743
f 666/739/756 656/729/746 665/738/755
f 658/731/748 656/729/746 666/739/756
f 667/740/757 658/731/748 666/739/756
f 668/741/758 663/736/753 660/733/750
f 669/742/759 663/736/753 668/741/758
f 670/743/760 669/742/759 668/741/758
f 671/744/761 669/742/759 670/743/760
f 671/744/761 672/745/762 669/742/759
f 669/742/759 672/745/762 673/746/763
f 673/746/763 672/745/762 665/738/755
f 673/746/763 665/738/755 664/737/754
f 663/736/753 673/746/763 664/737/754
f 669/742/759 673/746/763 663/736/753
f 674/747/764 675/748/765 671/744/761
f 671/744/761 670/743/760 674/747/764
f 674/747/764 670/743/760 676/749/766
f 677/750/767 676/749/766 670/743/760
f 668/741/758 677/750/767 670/743/760
f 678/751/768 677/750/767 668/741/758
f 660/733/750 678/751/768 668/741/758
f 679/752/769 678/751/768 660/733/750
f 680/753/770 676/749/766 677/750/767
f 677/750/767 681/754/771 680/753/770
f 682/755/772 681/754/771 677/750/767
f 682/755/772 677/750/767 683/756/773
f 683/756/773 677/750/767 678/751/768
f 683/756/773 678/751/768 684/757/774
f 684/757/774 678/751/768 679/752/769
f 684/757/774 679/752/769 685/758/775
f 685/758/775 679/752/769 686/759/776
f 686/759/776 679/752/769 662/735/752
f 662/735/752 679/752/769 660/733/750
f 687/760/777 675/748/765 688/761/778
f 675/748/765 652/762/779 688/761/778
f 674/747/764 652/762/779 675/748/765
f 661/763/780 652/762/779 674/747/764
f 674/747/764 676/749/766 661/763/780
f 661/763/780 676/749/766 662/764/781
f 680/753/770 662/764/781 676/749/766
f 686/765/782 662/764/781 680/753/770
f 680/753/770 685/766/783 686/765/782
f 681/754/771 685/766/784 680/753/770
f 688/761/778 652/762/779 654/767/785
f 655/768/786 688/761/778 654/767/785
f 689/769/787 688/761/778 655/768/786
f 689/769/787 687/760/777 688/761/778
f 667/740/757 687/760/777 689/769/787
f 667/740/757 666/739/756 687/760/777
f 687/760/777 666/739/756 665/738/755
f 665/738/755 672/745/762 687/760/777
f 672/745/762 675/748/765 687/760/777
f 671/744/761 675/748/765 672/745/762
f 690/770/788 658/731/748 667/740/757
f 689/769/787 690/770/788 667/740/757
f 691/771/789 690/770/788 689/769/787
f 655/768/786 691/771/789 689/769/787
f 659/772/790 691/771/789 655/768/786
f 692/773/791 693/774/792 694/775/793
f 695/776/794 693/774/792 692/773/791
f 695/776/794 692/773/791 696/777/795
f 696/777/795 692/773/791 127/152/796
f 697/778/797 698/779/798 699/780/799
f 699/780/799 698/779/798 700/781/800
f 700/781/800 701/782/801 699/780/799
f 702/783/802 701/782/801 700/781/800
f 701/782/801 702/783/802 703/784/803
f 703/784/803 702/783/802 704/785/804
f 705/786/805 703/784/803 704/785/804
f 706/787/806 703/784/803 705/786/805
f 705/786/805 694/775/793 706/787/806
f 706/787/806 694/775/793 693/774/792
f 707/788/807 708/789/808 709/790/809
f 710/791/810 708/789/808 707/788/807
f 707/788/807 711/792/811 710/791/810
f 712/793/812 711/792/811 707/788/807
f 711/792/811 712/793/812 713/794/813
f 713/794/813 712/793/812 714/795/813
f 715/796/814 713/794/813 714/795/813
f 716/797/815 713/794/813 715/796/814
f 715/796/814 697/778/797 716/797/815
f 698/779/798 697/778/797 715/796/814
f 343/798/816 717/799/817 383/800/818
f 383/800/818 717/799/817 718/801/819
f 719/802/820 718/801/819 717/799/817
f 720/803/821 718/801/819 719/802/820
f 719/802/820 721/804/822 720/803/821
f 720/803/821 721/804/822 722/805/823
f 721/804/822 723/806/824 722/805/823
f 722/805/823 723/806/824 724/807/825
f 723/806/824 709/790/809 724/807/825
f 724/807/825 709/790/809 708/789/808
f 540/808/826 725/809/827 538/810/828
f 538/810/828 725/809/827 726/811/829
f 725/809/827 526/812/830 726/811/829
f 526/812/830 528/813/831 726/811/829
f 726/811/829 528/813/831 727/814/832
f 530/815/833 727/814/832 528/813/831
f 728/816/834 727/814/832 530/815/833
f 728/816/834 530/815/833 1/817/835
f 3/818/836 728/816/834 1/817/835
f 535/819/837 728/816/834 3/818/836
f 535/819/837 727/814/832 728/816/834
f 534/820/838 727/814/832 535/819/837
f 534/820/838 726/811/829 727/814/832
f 538/810/828 726/811/829 534/820/838
f 1/817/835 530/815/833 532/821/839
f 729/822/840 730/823/841 731/824/842
f 732/825/840 730/823/841 729/822/840
f 729/822/840 733/826/840 732/825/840
f 732/825/840 733/826/840 734/827/843
f 735/828/844 736/829/845 737/830/846
f 738/831/847 736/829/845 735/828/844
f 738/831/847 735/828/844 739/832/848
f 739/832/848 735/828/844 740/833/849
f 739/832/848 740/833/849 19/21/20
f 19/21/20 740/833/849 741/834/850
f 5/5/3 7/7/5 19/21/20
f 19/21/20 7/7/5 739/832/848
f 7/7/5 9/9/7 739/832/848
f 739/832/848 9/9/7 738/831/847
f 9/9/7 11/11/9 738/831/847
f 738/831/847 11/11/9 736/829/845
f 11/11/9 12/12/10 736/829/845
f 736/829/845 12/12/10 19/835/851
f 736/829/845 19/835/851 737/830/846
f 737/830/846 19/835/851 741/836/852
f 137/837/478 128/153/478 131/838/478
f 126/151/478 128/153/478 137/837/478
f 126/151/478 137/837/478 742/839/478
f 742/839/478 137/837/478 743/840/478
f 524/841/853 526/812/830 725/809/827
f 547/842/854 650/843/855 540/808/826
f 540/808/826 650/843/855 725/809/827
f 649/844/856 725/809/827 650/843/855
f 524/841/853 725/809/827 649/844/856
f 525/845/857 524/841/853 649/844/856
f 743/846/106 744/847/106 742/848/106
f 745/849/106 744/847/106 743/846/106
f 743/846/106 149/850/106 745/849/106
f 161/851/106 149/850/106 743/846/106
f 149/850/106 161/851/106 150/852/106
f 161/851/106 162/853/106 150/852/106
f 746/854/858 747/855/859 748/856/860
f 749/857/861 750/858/862 751/859/863
f 751/859/863 750/858/862 752/860/864
f 747/855/859 751/859/863 752/860/864
f 753/861/865 751/859/863 747/855/859
f 746/854/858 753/861/865 747/855/859
f 754/862/866 753/861/865 746/854/858
f 754/862/866 746/854/858 755/863/867
f 755/863/867 746/854/858 756/864/868
f 746/854/858 748/856/860 756/864/868
f 756/864/868 748/856/860 757/865/869
f 758/866/870 759/867/871 750/858/862
f 750/858/862 759/867/871 760/868/872
f 750/858/862 760/868/872 752/860/864
f 760/868/872 759/867/871 761/869/873
f 761/869/873 759/867/871 762/870/874
f 762/870/874 763/871/875 764/872/876
f 765/873/877 763/871/875 762/870/874
f 759/867/871 765/873/877 762/870/874
f 757/874/878 765/873/877 759/867/871
f 759/867/871 756/875/879 757/874/878
f 758/866/870 756/875/879 759/867/871
f 758/866/870 755/876/880 756/875/879
f 766/877/881 755/876/880 758/866/870
f 766/877/881 758/866/870 749/857/861
f 749/857/861 758/866/870 750/858/862
f 748/856/860 747/855/859 767/878/882
f 747/855/859 752/860/864 767/878/882
f 767/878/882 752/860/864 768/879/883
f 752/860/864 760/868/872 768/879/883
f 768/879/883 760/868/872 769/880/884
f 769/880/884 760/868/872 761/869/873
f 769/880/884 761/869/873 770/881/885
f 770/881/885 761/869/873 771/882/886
f 761/869/873 762/870/874 771/882/886
f 771/882/886 762/870/874 764/872/876
f 757/865/869 748/856/860 765/883/887
f 765/883/887 748/856/860 772/884/888
f 765/883/887 772/884/888 763/885/889
f 763/885/889 772/884/888 773/886/890
f 772/884/888 774/887/891 773/886/890
f 775/888/892 774/887/891 772/884/888
f 775/888/892 770/881/885 774/887/891
f 769/880/884 770/881/885 775/888/892
f 767/878/882 769/880/884 775/888/892
f 768/879/883 769/880/884 767/878/882
f 767/878/882 775/888/892 748/856/860
f 748/856/860 775/888/892 772/884/888
f 776/889/893 777/890/894 778/891/895
f 776/889/893 779/892/896 777/890/894
f 776/889/893 780/893/897 779/892/896
f 781/894/898 780/893/897 776/889/893
f 781/894/898 782/895/899 780/893/897
f 781/894/898 783/896/900 782/895/899
f 781/894/898 784/897/901 783/896/900
f 781/894/898 152/898/902 784/897/901
f 785/899/903 784/897/901 152/898/902
f 152/898/902 786/900/904 785/899/903
f 151/901/905 786/900/904 152/898/902
f 593/902/412 595/903/53 594/904/906
f 592/905/411 595/903/53 593/902/412
f 592/905/411 599/906/53 595/903/53
f 595/903/53 599/906/53 596/907/907
f 596/907/907 599/906/53 598/908/908
f 598/908/908 599/906/53 601/909/909
f 613/669/686 787/910/910 614/670/687
f 614/670/687 787/910/910 615/671/688
f 787/910/910 788/911/911 615/671/688
f 615/671/688 788/911/911 789/912/912
f 788/911/911 790/913/913 789/912/912
f 790/913/913 788/911/911 791/914/914
f 791/914/914 788/911/911 631/688/705
f 788/911/911 787/910/910 631/688/705
f 631/688/705 787/910/910 622/678/695
f 787/910/910 613/669/686 622/678/695
f 600/654/671 615/671/688 597/651/668
f 615/671/688 590/644/661 597/651/668
f 789/912/912 590/644/661 615/671/688
f 789/912/912 588/642/659 590/644/661
f 789/912/912 790/913/913 588/642/659
f 790/913/913 586/640/657 588/642/659
f 790/913/913 791/914/914 586/640/657
f 586/640/657 791/914/914 587/641/658
f 630/687/704 587/641/658 791/914/914
f 791/914/914 631/688/705 630/687/704
f 792/915/106 793/916/106 794/917/106
f 794/917/106 793/916/106 795/918/106
f 792/915/478 796/919/478 793/920/478
f 796/919/478 797/921/478 793/920/478
f 798/922/478 793/920/478 797/921/478
f 799/923/915 744/924/916 745/925/917
f 745/925/917 800/926/918 799/923/915
f 799/923/915 800/926/918 801/927/919
f 800/926/918 802/928/920 801/927/919
f 800/926/918 803/929/921 802/928/920
f 804/930/922 803/929/921 800/926/918
f 804/930/922 805/931/923 803/929/921
f 778/891/895 805/931/923 804/930/922
f 806/932/924 805/931/923 778/891/895
f 778/891/895 777/890/894 806/932/924
f 807/933/925 808/934/926 809/935/927
f 809/935/927 808/934/926 810/936/928
f 808/934/926 811/937/929 810/936/928
f 812/938/930 811/937/929 808/934/926
f 813/939/931 811/937/929 812/938/930
f 813/939/931 812/938/930 814/940/932
f 814/940/932 812/938/930 815/941/933
f 816/942/934 814/940/932 815/941/933
f 816/942/934 815/941/933 817/943/935
f 817/943/935 815/941/933 818/944/936
f 817/943/935 818/944/936 819/945/937
f 818/944/936 820/946/938 819/945/937
f 130/947/939 820/946/938 818/944/936
f 129/154/940 820/946/938 130/947/939
f 364/338/941 337/309/942 370/344/943
f 370/344/943 337/309/942 371/345/944
f 337/309/942 375/349/945 371/345/944
f 338/310/946 375/349/945 337/309/942
f 375/349/945 338/310/946 377/351/947
f 377/351/947 338/310/946 339/311/948
f 377/351/947 339/311/948 379/353/949
f 379/353/949 339/311/948 340/312/950
f 379/353/949 340/312/950 380/354/951
f 380/354/951 340/312/950 341/313/952
f 341/313/952 382/356/953 380/354/951
f 342/314/954 382/356/953 341/313/952
f 382/356/953 342/314/954 383/357/955
f 383/357/955 342/314/954 343/315/956
f 794/917/151 795/948/151 821/949/151
f 821/949/151 795/948/151 822/950/151
f 795/948/151 823/951/151 822/950/151
f 792/915/53 794/917/53 796/919/53
f 796/919/53 794/917/53 821/949/53
f 824/952/957 825/953/957 826/954/957
f 826/954/957 825/953/957 827/955/957
f 828/956/958 829/957/958 830/958/958
f 830/958/958 829/957/958 831/959/958
f 828/956/51 830/958/51 832/960/51
f 832/960/51 830/958/51 833/961/51
f 827/955/106 825/953/106 834/962/106
f 834/962/106 825/953/106 835/963/106
f 831/959/53 829/957/53 826/954/53
f 826/954/53 829/957/53 824/952/53
f 36/964/959 34/965/960 836/966/961
f 836/966/961 34/965/960 837/967/962
f 34/965/960 838/968/963 837/967/962
f 37/969/964 838/968/963 34/965/960
f 40/970/965 36/964/959 839/971/966
f 839/971/966 36/964/959 836/966/961
f 839/971/966 836/966/961 840/972/967
f 840/972/968 836/966/961 841/973/969
f 836/966/961 837/967/962 841/973/969
f 841/973/969 837/967/962 842/974/970
f 837/967/962 843/975/971 842/974/970
f 838/968/963 843/975/971 837/967/962
f 838/968/963 840/976/972 843/975/971
f 839/977/973 840/976/972 838/968/963
f 37/969/964 839/977/973 838/968/963
f 40/978/974 839/977/973 37/969/964
f 369/343/975 360/334/976 384/358/977
f 384/358/977 360/334/976 385/359/978
f 361/335/979 385/359/978 360/334/976
f 388/362/980 385/359/978 361/335/979
f 361/335/979 362/336/981 388/362/980
f 388/362/980 362/336/981 390/364/982
f 362/336/981 393/367/983 390/364/982
f 363/337/983 393/367/983 362/336/981
f 364/338/941 393/367/983 363/337/983
f 370/344/943 393/367/983 364/338/941
f 365/339/984 165/370/985 169/200/986
f 394/368/987 165/370/985 365/339/984
f 365/339/984 397/373/988 394/368/987
f 366/340/989 397/373/988 365/339/984
f 397/373/988 366/340/989 399/375/990
f 399/375/990 366/340/989 367/341/991
f 367/341/991 401/377/992 399/375/990
f 368/342/993 401/377/992 367/341/991
f 369/343/975 401/377/992 368/342/993
f 384/358/977 401/377/992 369/343/975
f 144/173/994 386/360/995 142/171/996
f 400/376/997 386/360/995 144/173/994
f 144/173/994 398/374/998 400/376/997
f 146/175/999 398/374/998 144/173/994
f 398/374/998 146/175/999 396/372/1000
f 396/372/1000 146/175/999 147/176/1001
f 396/372/1000 147/176/1001 395/371/1002
f 395/371/1002 147/176/1001 148/177/1003
f 148/177/1003 150/179/1004 395/371/1002
f 395/371/1002 150/179/1004 166/369/1005
f 158/187/1006 159/188/1007 372/346/1008
f 372/346/1008 159/188/1007 392/366/1009
f 159/188/1007 160/189/1010 392/366/1009
f 392/366/1009 160/189/1010 391/365/1011
f 140/169/1012 391/365/1011 160/189/1010
f 389/363/1013 391/365/1011 140/169/1012
f 140/169/1012 141/170/1014 389/363/1013
f 389/363/1013 141/170/1014 387/361/1015
f 142/171/996 387/361/1015 141/170/1014
f 386/360/995 387/361/1015 142/171/996
f 151/180/1016 378/352/1017 381/355/1018
f 153/182/1019 378/352/1017 151/180/1016
f 153/182/1019 376/350/1020 378/352/1017
f 154/183/1021 376/350/1020 153/182/1019
f 154/183/1021 374/348/1022 376/350/1020
f 155/184/1023 374/348/1022 154/183/1021
f 155/184/1023 157/186/1024 374/348/1022
f 374/348/1022 157/186/1024 373/347/1025
f 158/187/1006 373/347/1025 157/186/1024
f 372/346/1008 373/347/1025 158/187/1006
f 740/979/1026 735/980/1027 844/981/1028
f 844/981/1028 735/980/1027 845/982/1029
f 735/980/1027 846/983/1030 845/982/1029
f 737/984/1031 846/983/1030 735/980/1027
f 741/985/1032 740/979/1026 847/986/1033
f 847/986/1033 740/979/1026 844/981/1028
f 847/986/1033 844/981/1028 848/987/1034
f 848/987/1035 844/981/1028 849/988/1036
f 844/981/1028 845/982/1029 849/988/1036
f 849/988/1036 845/982/1029 850/989/1037
f 845/982/1029 851/990/1038 850/989/1037
f 846/983/1030 851/990/1038 845/982/1029
f 846/983/1030 848/991/1039 851/990/1038
f 847/992/1040 848/991/1039 846/983/1030
f 737/984/1031 847/992/1040 846/983/1030
f 741/993/1041 847/992/1040 737/984/1031
f 129/154/1042 127/152/1043 820/946/1044
f 820/946/1044 127/152/1043 692/773/1045
f 820/946/1044 692/773/1045 819/945/1046
f 819/945/1046 692/773/1045 694/775/1047
f 694/775/1047 705/786/1048 819/945/1046
f 819/945/1046 705/786/1048 817/943/1049
f 705/786/1048 704/785/1050 817/943/1049
f 817/943/1049 704/785/1050 816/942/1051
f 816/942/1051 704/785/1050 702/783/1052
f 700/781/1053 816/942/1051 702/783/1052
f 814/940/1053 816/942/1051 700/781/1053
f 700/781/1053 698/779/1054 814/940/1053
f 814/940/1053 698/779/1054 813/939/1054
f 698/779/1054 715/796/1055 813/939/1054
f 813/939/1054 715/796/1055 811/937/1055
f 715/796/1055 714/795/1056 811/937/1055
f 811/937/1055 714/795/1056 810/936/1056
f 714/795/1056 712/793/1057 810/936/1056
f 810/936/1056 712/793/1057 809/935/1057
f 712/793/1057 707/788/1058 809/935/1057
f 809/935/1057 707/788/1058 852/994/1058
f 707/788/1058 709/790/1059 852/994/1058
f 852/994/1058 709/790/1059 853/995/1059
f 709/790/1059 723/806/1060 853/995/1059
f 853/995/1059 723/806/1060 854/996/1060
f 723/806/1060 721/804/1061 854/996/1060
f 854/996/1060 721/804/1061 855/997/1061
f 721/804/1061 719/802/1062 855/997/1061
f 855/997/1061 719/802/1062 856/998/1062
f 717/799/1063 856/998/1062 719/802/1062
f 857/999/1063 856/998/1062 717/799/1063
f 717/799/1063 343/798/1064 857/999/1063
f 857/999/1063 343/798/1064 314/1000/1064
f 742/1001/1065 858/1002/1066 126/151/1067
f 126/151/1067 858/1002/1066 859/1003/1068
f 696/1004/1069 127/152/1070 859/1003/1071
f 859/1003/1071 127/152/1070 126/151/1072
f 860/1005/1073 858/1002/1074 744/1006/1075
f 744/1006/1075 858/1002/1074 742/1001/1076
f 861/1007/1077 803/929/1078 805/931/1079
f 862/1008/1080 803/929/1078 861/1007/1077
f 862/1008/1080 863/1009/1081 803/929/1078
f 803/929/1078 863/1009/1081 802/928/1082
f 864/1010/1083 802/928/1082 863/1009/1081
f 801/927/1084 802/928/1082 864/1010/1083
f 865/1011/1085 801/927/1084 864/1010/1083
f 799/923/1086 801/927/1084 865/1011/1085
f 799/923/1086 865/1011/1085 744/924/1087
f 744/924/1087 865/1011/1085 860/1012/1088
f 782/895/1089 866/1013/1090 780/893/1091
f 780/893/1091 866/1013/1090 867/1014/1092
f 780/893/1091 867/1014/1092 779/892/1093
f 779/892/1093 867/1014/1092 868/1015/1094
f 868/1015/1094 777/890/1095 779/892/1093
f 869/1016/1096 777/890/1095 868/1015/1094
f 777/890/1095 869/1016/1096 806/932/1097
f 806/932/1097 869/1016/1096 870/1017/1098
f 870/1017/1098 805/931/1079 806/932/1097
f 861/1007/1077 805/931/1079 870/1017/1098
f 381/1018/1099 871/1019/1100 151/901/1101
f 151/901/1101 871/1019/1100 786/900/1102
f 871/1019/1100 872/1020/1103 786/900/1102
f 786/900/1102 872/1020/1103 785/899/1104
f 872/1020/1103 873/1021/1105 785/899/1104
f 785/899/1104 873/1021/1105 784/897/1106
f 784/897/1106 873/1021/1105 783/896/1107
f 783/896/1107 873/1021/1105 874/1022/1108
f 874/1022/1108 782/895/1089 783/896/1107
f 866/1013/1090 782/895/1089 874/1022/1108
f 696/1004/53 859/1003/53 860/1005/53
f 860/1005/53 859/1003/53 858/1002/53
f 134/1023/53 161/851/53 137/1024/53
f 137/1024/53 161/851/53 743/846/53
f 165/196/1109 167/198/1110 169/200/1111
f 169/200/1111 167/198/1110 163/193/1112
f 168/199/1113 163/193/1112 167/198/1110
f 162/1025/1114 163/193/1112 168/199/1113
f 185/1026/1115 875/1027/1116 186/1028/1117
f 876/1029/1118 875/1027/1116 185/1026/1115
f 877/1030/1119 875/1027/1116 876/1029/1118
f 876/1029/1118 807/933/1120 877/1030/1119
f 878/1031/1121 807/933/1120 876/1029/1118
f 808/934/1122 807/933/1120 878/1031/1121
f 879/1032/1123 808/934/1122 878/1031/1121
f 812/938/1124 808/934/1122 879/1032/1123
f 880/1033/1125 812/938/1124 879/1032/1123
f 815/941/1126 812/938/1124 880/1033/1125
f 881/1034/1127 98/1035/1128 100/1036/1129
f 880/1033/1125 98/1035/1128 881/1034/1127
f 880/1033/1125 96/1037/1130 98/1035/1128
f 880/1033/1125 879/1032/1123 96/1037/1130
f 96/1037/1130 879/1032/1123 94/1038/1131
f 879/1032/1123 878/1031/1121 94/1038/1131
f 878/1031/1121 91/1039/1132 94/1038/1131
f 876/1029/1118 91/1039/1132 878/1031/1121
f 876/1029/1118 92/1040/1133 91/1039/1132
f 185/1026/1115 92/1040/1133 876/1029/1118
f 815/941/1126 880/1033/1125 818/944/1134
f 818/944/1134 880/1033/1125 881/1034/1127
f 881/1034/1127 130/947/1135 818/944/1134
f 132/1041/1136 130/947/1135 881/1034/1127
f 881/1034/1127 100/1036/1129 132/1041/1136
f 102/1042/1137 132/1041/1136 100/1036/1129
f 718/801/1138 381/1018/412 383/800/412
f 720/803/1138 381/1018/412 718/801/1138
f 381/1018/412 720/803/1138 871/1019/1138
f 871/1019/1138 720/803/1138 722/805/1138
f 724/807/1139 871/1019/1138 722/805/1138
f 872/1020/1139 871/1019/1138 724/807/1139
f 724/807/1139 708/789/1139 872/1020/1139
f 872/1020/1139 708/789/1139 873/1021/1139
f 710/791/1139 873/1021/1139 708/789/1139
f 874/1022/1139 873/1021/1139 710/791/1139
f 874/1022/1139 710/791/1139 866/1013/906
f 866/1013/906 710/791/1139 711/792/906
f 711/792/906 867/1014/906 866/1013/906
f 713/794/1139 867/1014/906 711/792/906
f 713/794/1139 716/797/906 867/1014/906
f 867/1014/906 716/797/906 868/1015/906
f 716/797/906 869/1016/1139 868/1015/906
f 697/778/907 869/1016/1139 716/797/906
f 869/1016/1139 697/778/907 870/1017/908
f 870/1017/908 697/778/907 699/780/908
f 870/1017/908 699/780/908 861/1007/907
f 861/1007/907 699/780/908 701/782/907
f 701/782/907 703/784/1139 861/1007/907
f 861/1007/907 703/784/1139 862/1008/1139
f 706/787/53 862/1008/1139 703/784/1139
f 863/1009/53 862/1008/1139 706/787/53
f 693/774/53 863/1009/53 706/787/53
f 864/1010/53 863/1009/53 693/774/53
f 693/774/53 695/776/53 864/1010/53
f 864/1010/53 695/776/53 865/1011/53
f 695/776/53 860/1012/53 865/1011/53
f 696/777/53 860/1012/53 695/776/53
f 162/1025/1140 168/199/1141 150/1043/1142
f 150/1043/1142 168/199/1141 166/197/1143
f 755/1044/1144 766/1045/1145 754/1046/1146
f 766/1045/1145 749/1047/1147 754/1046/1146
f 754/1046/1146 749/1047/1147 753/1048/1148
f 749/1047/1147 751/1049/1149 753/1048/1148
f 763/1050/1150 773/1051/1151 764/1052/1152
f 773/1051/1151 774/1053/1153 764/1052/1152
f 764/1052/1152 774/1053/1153 771/1054/1154
f 774/1053/1153 770/1055/1155 771/1054/1154
f 882/1056/1156 732/1057/1156 883/1058/1157
f 883/1058/1157 732/1057/1156 734/1059/1158
f 734/1059/1158 884/1060/1159 883/1058/1157
f 733/1061/1160 884/1060/1159 734/1059/1158
f 729/1062/1161 884/1060/1159 733/1061/1160
f 885/1063/1162 884/1060/1159 729/1062/1161
f 731/1064/1163 885/1063/1162 729/1062/1161
f 886/1065/1164 885/1063/1162 731/1064/1163
f 730/1066/1165 886/1065/1164 731/1064/1163
f 887/1067/1166 886/1065/1164 730/1066/1165
f 887/1067/1166 730/1066/1165 882/1068/1167
f 882/1068/1167 730/1066/1165 732/1069/1168
f 888/1070/1169 889/1071/1170 890/1072/1171
f 890/1072/1171 889/1071/1170 891/1073/1172
f 892/919/1173 893/949/1173 891/1073/1173
f 891/1073/1173 893/949/1173 890/1072/1173
f 894/915/1174 895/916/1174 896/917/1174
f 896/917/1174 895/916/1174 897/918/1174
f 891/921/1175 889/922/1176 892/919/1177
f 889/922/1176 895/1074/1178 892/919/1177
f 894/915/1179 892/919/1180 895/1074/1181
f 186/1028/1182 857/999/1183 314/1000/1184
f 875/1027/1185 857/999/1183 186/1028/1182
f 856/998/1186 857/999/1183 875/1027/1185
f 875/1027/1185 855/997/1187 856/998/1186
f 877/1030/1188 855/997/1187 875/1027/1185
f 877/1030/1188 854/996/1189 855/997/1187
f 877/1030/1188 853/995/1190 854/996/1189
f 807/933/925 853/995/1190 877/1030/1188
f 853/995/1190 807/933/925 852/994/1191
f 852/994/1191 807/933/925 809/935/927
f 896/917/151 897/1075/151 893/949/151
f 893/949/151 897/1075/151 890/950/151
f 897/1075/151 888/951/151 890/950/151
f 896/917/1192 893/949/1193 894/915/1194
f 894/915/1194 893/949/1193 892/919/1195
f 822/1072/105 823/1070/105 797/1073/105
f 797/1073/105 823/1070/105 798/1071/105
f 796/919/1173 821/949/1173 797/1073/1173
f 797/1073/1173 821/949/1173 822/1072/1173
f 152/1076/53 781/1077/53 156/1078/53
f 776/1079/53 156/1078/53 781/1077/53
f 138/1080/53 156/1078/53 776/1079/53
f 778/1081/53 138/1080/53 776/1079/53
f 139/1082/53 138/1080/53 778/1081/53
f 804/1083/53 139/1082/53 778/1081/53
f 143/1084/53 139/1082/53 804/1083/53
f 800/1085/53 143/1084/53 804/1083/53
f 145/1086/53 143/1084/53 800/1085/53
f 745/849/53 145/1086/53 800/1085/53
f 149/850/53 145/1086/53 745/849/53
