# Blender 4.3.2
# www.blender.org
mtllib brad.mtl
o lowpoyltree.005
v 86.965050 -34.590481 -73.544617
v 86.903305 -34.590481 -73.665794
v 86.807144 -34.590481 -73.761955
v 86.685966 -34.590481 -73.823692
v 86.551651 -34.590481 -73.844963
v 86.417336 -34.590481 -73.823692
v 86.296158 -34.590481 -73.761955
v 86.199997 -34.590481 -73.665794
v 86.138260 -34.590481 -73.544617
v 86.116982 -34.590481 -73.410301
v 86.138260 -34.590481 -73.275978
v 86.199997 -34.590481 -73.154808
v 86.296158 -34.590481 -73.058647
v 86.417336 -34.590481 -72.996902
v 86.551651 -34.590481 -72.975632
v 86.685966 -34.590481 -72.996902
v 86.807144 -34.590481 -73.058647
v 86.903305 -34.590481 -73.154808
v 86.965050 -34.590481 -73.275978
v 86.986320 -34.590481 -73.410301
v 86.965050 -30.189537 -73.544617
v 86.903305 -30.189537 -73.665794
v 86.807144 -30.189537 -73.761955
v 86.685966 -30.189537 -73.823692
v 86.551651 -30.189537 -73.844971
v 86.417336 -30.189537 -73.823692
v 86.296158 -30.189537 -73.761955
v 86.199997 -30.189537 -73.665794
v 86.138260 -30.189537 -73.544617
v 86.116982 -30.189537 -73.410301
v 86.138260 -30.189537 -73.275978
v 86.199997 -30.189537 -73.154808
v 86.296158 -30.189537 -73.058647
v 86.417336 -30.189537 -72.996902
v 86.551651 -30.189537 -72.975632
v 86.685966 -30.189537 -72.996902
v 86.807144 -30.189537 -73.058647
v 86.903305 -30.189537 -73.154808
v 86.965050 -30.189537 -73.275978
v 86.986320 -30.189537 -73.410301
v 86.551651 -34.591141 -73.410301
v 86.551651 -30.187950 -73.410301
v 87.013245 -34.038387 -73.560280
v 87.037003 -34.038387 -73.410301
v 87.013245 -34.038387 -73.260323
v 86.944305 -34.038387 -73.125015
v 86.836937 -34.038387 -73.017647
v 86.701630 -34.038387 -72.948708
v 86.551651 -34.038387 -72.924950
v 86.401672 -34.038387 -72.948708
v 86.266365 -34.038387 -73.017647
v 86.158997 -34.038387 -73.125015
v 86.090057 -34.038387 -73.260323
v 86.066299 -34.038387 -73.410301
v 86.090057 -34.038387 -73.560280
v 86.158997 -34.038387 -73.695587
v 86.266365 -34.038387 -73.802956
v 86.401672 -34.038387 -73.871895
v 86.551651 -34.038387 -73.895653
v 86.701630 -34.038387 -73.871895
v 86.836937 -34.038387 -73.802963
v 86.944313 -34.038387 -73.695587
v 86.158997 -30.747223 -73.695587
v 86.266365 -30.747223 -73.802956
v 86.401672 -30.747223 -73.871895
v 86.551651 -30.747223 -73.895653
v 86.701630 -30.747223 -73.871895
v 86.836937 -30.747223 -73.802963
v 86.944313 -30.747223 -73.695587
v 87.013245 -30.747223 -73.560280
v 87.037003 -30.747223 -73.410301
v 87.013245 -30.747223 -73.260323
v 86.944305 -30.747223 -73.125015
v 86.836937 -30.747223 -73.017647
v 86.701630 -30.747223 -72.948708
v 86.551651 -30.747223 -72.924950
v 86.401672 -30.747223 -72.948708
v 86.266365 -30.747223 -73.017647
v 86.158997 -30.747223 -73.125015
v 86.090057 -30.747223 -73.260323
v 86.066299 -30.747223 -73.410301
v 86.090057 -30.747223 -73.560280
v 86.401672 -30.194302 -73.871895
v 86.551651 -30.194302 -73.895653
v 86.701630 -30.194302 -73.871895
v 86.836937 -30.194302 -73.802956
v 86.944313 -30.194302 -73.695587
v 87.013245 -30.194302 -73.560280
v 87.037003 -30.194302 -73.410301
v 87.013245 -30.194302 -73.260323
v 86.944305 -30.194302 -73.125015
v 86.836937 -30.194302 -73.017647
v 86.701630 -30.194302 -72.948708
v 86.551651 -30.194302 -72.924950
v 86.401672 -30.194302 -72.948708
v 86.266365 -30.194302 -73.017647
v 86.158997 -30.194302 -73.125015
v 86.090057 -30.194302 -73.260323
v 86.066299 -30.194302 -73.410301
v 86.090057 -30.194302 -73.560280
v 86.932182 -34.590195 -73.604187
v 87.013245 -34.588512 -73.560280
v 86.944313 -34.588512 -73.695587
v 86.984070 -34.038387 -73.630623
v 86.853638 -34.590195 -73.712288
v 86.836937 -34.588512 -73.802963
v 86.894821 -34.038387 -73.753471
v 86.745537 -34.590195 -73.790825
v 86.701630 -34.588512 -73.871895
v 86.771980 -34.038387 -73.842720
v 86.618462 -34.590195 -73.832115
v 86.551651 -34.588512 -73.895653
v 86.627571 -34.038387 -73.889641
v 86.484840 -34.590195 -73.832115
v 86.401672 -34.588512 -73.871895
v 86.475731 -34.038387 -73.889641
v 86.357765 -34.590195 -73.790825
v 86.266365 -34.588512 -73.802956
v 86.331322 -34.038387 -73.842720
v 86.249664 -34.590195 -73.712288
v 86.158997 -34.588512 -73.695587
v 86.208481 -34.038387 -73.753471
v 86.171127 -34.590195 -73.604187
v 86.090057 -34.588512 -73.560280
v 86.119232 -34.038387 -73.630623
v 86.129837 -34.590195 -73.477104
v 86.066299 -34.588512 -73.410301
v 86.072311 -34.038387 -73.486221
v 86.129837 -34.590195 -73.343491
v 86.090057 -34.588512 -73.260323
v 86.072311 -34.038387 -73.334381
v 86.171127 -34.590195 -73.216415
v 86.158997 -34.588512 -73.125015
v 86.119232 -34.038387 -73.189972
v 86.249664 -34.590195 -73.108307
v 86.266365 -34.588512 -73.017647
v 86.208481 -34.038387 -73.067131
v 86.357765 -34.590195 -73.029770
v 86.401672 -34.588512 -72.948708
v 86.331322 -34.038387 -72.977882
v 86.484840 -34.590195 -72.988480
v 86.551651 -34.588512 -72.924950
v 86.475731 -34.038387 -72.930962
v 86.618462 -34.590195 -72.988480
v 86.701630 -34.588512 -72.948708
v 86.627571 -34.038387 -72.930962
v 86.745537 -34.590195 -73.029770
v 86.836937 -34.588512 -73.017647
v 86.771980 -34.038387 -72.977882
v 86.853638 -34.590195 -73.108307
v 86.944305 -34.588512 -73.125015
v 86.894821 -34.038387 -73.067131
v 86.932182 -34.590195 -73.216415
v 87.013245 -34.588512 -73.260323
v 86.984070 -34.038387 -73.189972
v 86.973473 -34.590195 -73.343491
v 87.037003 -34.588512 -73.410301
v 87.030991 -34.038387 -73.334381
v 86.973473 -34.590195 -73.477104
v 87.030991 -34.038387 -73.486221
v 86.806595 -34.591141 -73.595528
v 86.851357 -34.591141 -73.507683
v 86.736877 -34.591141 -73.665245
v 86.649033 -34.591141 -73.710007
v 86.551651 -34.591141 -73.725426
v 86.454269 -34.591141 -73.710007
v 86.366425 -34.591141 -73.665245
v 86.296707 -34.591141 -73.595528
v 86.251945 -34.591141 -73.507683
v 86.236526 -34.591141 -73.410301
v 86.251945 -34.591141 -73.312920
v 86.296707 -34.591141 -73.225075
v 86.366425 -34.591141 -73.155357
v 86.454269 -34.591141 -73.110596
v 86.551651 -34.591141 -73.095177
v 86.649033 -34.591141 -73.110596
v 86.736877 -34.591141 -73.155357
v 86.806595 -34.591141 -73.225075
v 86.851357 -34.591141 -73.312920
v 86.866776 -34.591141 -73.410301
v 86.932182 -30.190235 -73.604187
v 86.851357 -30.187946 -73.507683
v 86.806595 -30.187946 -73.595528
v 86.853638 -30.190235 -73.712288
v 86.736877 -30.187946 -73.665245
v 86.745537 -30.190235 -73.790825
v 86.649033 -30.187946 -73.710007
v 86.618462 -30.190235 -73.832115
v 86.551651 -30.187946 -73.725426
v 86.484840 -30.190235 -73.832115
v 86.454269 -30.187946 -73.710007
v 86.357765 -30.190235 -73.790825
v 86.366425 -30.187946 -73.665245
v 86.249664 -30.190235 -73.712288
v 86.296707 -30.187946 -73.595528
v 86.171127 -30.190235 -73.604187
v 86.251945 -30.187946 -73.507683
v 86.129837 -30.190235 -73.477112
v 86.236526 -30.187946 -73.410301
v 86.129837 -30.190235 -73.343491
v 86.251945 -30.187946 -73.312920
v 86.171127 -30.190235 -73.216415
v 86.296707 -30.187946 -73.225075
v 86.249664 -30.190235 -73.108307
v 86.366425 -30.187946 -73.155357
v 86.357765 -30.190235 -73.029770
v 86.454269 -30.187946 -73.110596
v 86.484840 -30.190235 -72.988480
v 86.551651 -30.187946 -73.095177
v 86.618462 -30.190235 -72.988480
v 86.649033 -30.187946 -73.110596
v 86.745537 -30.190235 -73.029770
v 86.736877 -30.187946 -73.155357
v 86.853638 -30.190235 -73.108307
v 86.806595 -30.187946 -73.225075
v 86.932182 -30.190235 -73.216415
v 86.851357 -30.187946 -73.312920
v 86.973473 -30.190235 -73.343491
v 86.866776 -30.187946 -73.410301
v 86.973473 -30.190235 -73.477112
v 87.037003 -32.393272 -73.410301
v 87.013245 -32.393272 -73.560280
v 87.030991 -30.747223 -73.486221
v 87.013245 -32.393272 -73.260323
v 87.030991 -30.747223 -73.334381
v 86.944305 -32.393272 -73.125015
v 86.984070 -30.747223 -73.189972
v 86.836937 -32.393272 -73.017647
v 86.894821 -30.747223 -73.067131
v 86.701630 -32.393272 -72.948708
v 86.771980 -30.747223 -72.977882
v 86.551651 -32.393272 -72.924950
v 86.627571 -30.747223 -72.930962
v 86.401672 -32.393272 -72.948708
v 86.475731 -30.747223 -72.930962
v 86.266365 -32.393272 -73.017647
v 86.331322 -30.747223 -72.977882
v 86.158997 -32.393272 -73.125015
v 86.208481 -30.747223 -73.067131
v 86.090057 -32.393272 -73.260323
v 86.119232 -30.747223 -73.189972
v 86.066299 -32.393272 -73.410301
v 86.072311 -30.747223 -73.334381
v 86.090057 -32.393272 -73.560280
v 86.072311 -30.747223 -73.486221
v 86.158997 -32.393272 -73.695587
v 86.119232 -30.747223 -73.630623
v 86.266365 -32.393272 -73.802956
v 86.208481 -30.747223 -73.753471
v 86.401672 -32.393272 -73.871895
v 86.331322 -30.747223 -73.842720
v 86.551651 -32.393272 -73.895653
v 86.475731 -30.747223 -73.889641
v 86.701630 -32.393272 -73.871895
v 86.627571 -30.747223 -73.889641
v 86.836937 -32.393272 -73.802956
v 86.771980 -30.747223 -73.842720
v 86.944313 -32.393272 -73.695587
v 86.894821 -30.747223 -73.753471
v 86.984070 -30.747223 -73.630623
v 86.266365 -30.194302 -73.802956
v 86.158997 -30.194302 -73.695587
v 86.984070 -34.588512 -73.630623
v 86.894821 -34.588512 -73.753471
v 86.771980 -34.588512 -73.842720
v 86.627571 -34.588512 -73.889641
v 86.475731 -34.588512 -73.889641
v 86.331322 -34.588512 -73.842720
v 86.208481 -34.588512 -73.753471
v 86.119232 -34.588512 -73.630623
v 86.072311 -34.588512 -73.486221
v 86.072311 -34.588512 -73.334381
v 86.119232 -34.588512 -73.189972
v 86.208481 -34.588512 -73.067131
v 86.331322 -34.588512 -72.977882
v 86.475731 -34.588512 -72.930962
v 86.627571 -34.588512 -72.930962
v 86.771980 -34.588512 -72.977882
v 86.894821 -34.588512 -73.067131
v 86.984070 -34.588512 -73.189972
v 87.030991 -34.588512 -73.334381
v 87.030991 -34.588512 -73.486221
v 86.839935 -34.591141 -73.557182
v 86.780434 -34.591141 -73.639084
v 86.698540 -34.591141 -73.698578
v 86.602264 -34.591141 -73.729858
v 86.501038 -34.591141 -73.729858
v 86.404762 -34.591141 -73.698578
v 86.322868 -34.591141 -73.639084
v 86.263367 -34.591141 -73.557182
v 86.232094 -34.591141 -73.460915
v 86.232094 -34.591141 -73.359688
v 86.263367 -34.591141 -73.263412
v 86.322868 -34.591141 -73.181519
v 86.404762 -34.591141 -73.122017
v 86.501038 -34.591141 -73.090744
v 86.602264 -34.591141 -73.090744
v 86.698540 -34.591141 -73.122017
v 86.780434 -34.591141 -73.181519
v 86.839935 -34.591141 -73.263412
v 86.871208 -34.591141 -73.359688
v 86.871208 -34.591141 -73.460915
v 86.839935 -30.187946 -73.557182
v 86.780434 -30.187946 -73.639084
v 86.698540 -30.187946 -73.698578
v 86.602264 -30.187946 -73.729858
v 86.501038 -30.187946 -73.729858
v 86.404762 -30.187946 -73.698578
v 86.322868 -30.187946 -73.639084
v 86.263367 -30.187946 -73.557182
v 86.232094 -30.187946 -73.460915
v 86.232094 -30.187946 -73.359688
v 86.263367 -30.187946 -73.263412
v 86.322868 -30.187946 -73.181519
v 86.404762 -30.187946 -73.122017
v 86.501038 -30.187946 -73.090744
v 86.602264 -30.187946 -73.090744
v 86.698540 -30.187946 -73.122017
v 86.780434 -30.187946 -73.181519
v 86.839935 -30.187946 -73.263412
v 86.871208 -30.187946 -73.359688
v 86.871208 -30.187946 -73.460915
v 87.030991 -32.393272 -73.486221
v 87.030991 -32.393272 -73.334381
v 86.984070 -32.393272 -73.189972
v 86.894821 -32.393272 -73.067131
v 86.771980 -32.393272 -72.977882
v 86.627571 -32.393272 -72.930962
v 86.475731 -32.393272 -72.930962
v 86.331322 -32.393272 -72.977882
v 86.208481 -32.393272 -73.067131
v 86.119232 -32.393272 -73.189972
v 86.072311 -32.393272 -73.334381
v 86.072311 -32.393272 -73.486221
v 86.119232 -32.393272 -73.630623
v 86.208481 -32.393272 -73.753471
v 86.331322 -32.393272 -73.842720
v 86.475731 -32.393272 -73.889641
v 86.627571 -32.393272 -73.889641
v 86.771980 -32.393272 -73.842720
v 86.894821 -32.393272 -73.753471
v 86.984070 -32.393272 -73.630623
v 86.208481 -30.194302 -73.753471
v 86.331322 -30.194302 -73.842720
v 86.475731 -30.194302 -73.889641
v 86.627571 -30.194302 -73.889641
v 86.771980 -30.194302 -73.842720
v 86.894821 -30.194302 -73.753471
v 86.984070 -30.194302 -73.630623
v 87.030991 -30.194302 -73.486221
v 87.030991 -30.194302 -73.334381
v 86.984070 -30.194302 -73.189972
v 86.894821 -30.194302 -73.067131
v 86.771980 -30.194302 -72.977882
v 86.627571 -30.194302 -72.930962
v 86.475731 -30.194302 -72.930962
v 86.331322 -30.194302 -72.977882
v 86.208481 -30.194302 -73.067131
v 86.119232 -30.194302 -73.189972
v 86.072311 -30.194302 -73.334381
v 86.072311 -30.194302 -73.486221
v 86.119232 -30.194302 -73.630623
v 90.257164 -31.435101 -74.614288
v 89.703751 -31.435101 -75.700432
v 88.841782 -31.435101 -76.562401
v 87.755646 -31.435102 -77.115814
v 86.551651 -31.435102 -77.306503
v 85.347656 -31.435102 -77.115814
v 84.261520 -31.435101 -76.562401
v 83.399551 -31.435101 -75.700432
v 82.846138 -31.435101 -74.614288
v 82.655449 -31.435101 -73.410301
v 82.846138 -31.435101 -72.206306
v 83.399551 -31.435101 -71.120171
v 84.261520 -31.435101 -70.258202
v 85.347656 -31.435101 -69.704788
v 86.551651 -31.435101 -69.514099
v 87.755646 -31.435101 -69.704788
v 88.841782 -31.435101 -70.258202
v 89.703751 -31.435101 -71.120171
v 90.257156 -31.435101 -72.206306
v 90.447853 -31.435101 -73.410301
v 86.634155 -25.430674 -73.437111
v 86.621834 -25.430674 -73.461288
v 86.602638 -25.430674 -73.480484
v 86.578453 -25.430674 -73.492805
v 86.551651 -25.430674 -73.497047
v 86.524841 -25.430674 -73.492805
v 86.500664 -25.430674 -73.480484
v 86.481468 -25.430674 -73.461288
v 86.469147 -25.430674 -73.437111
v 86.464905 -25.430674 -73.410301
v 86.469147 -25.430674 -73.383499
v 86.481468 -25.430674 -73.359314
v 86.500664 -25.430674 -73.340118
v 86.524841 -25.430674 -73.327797
v 86.551651 -25.430674 -73.323555
v 86.578453 -25.430674 -73.327805
v 86.602638 -25.430674 -73.340118
v 86.621834 -25.430674 -73.359314
v 86.634155 -25.430674 -73.383499
v 86.638397 -25.430674 -73.410301
v 86.551651 -31.435925 -73.410301
v 86.551651 -25.430502 -73.410301
v 87.180214 -26.170031 -73.410301
v 87.149452 -26.170031 -73.216064
v 87.060173 -26.170031 -73.040840
v 86.921112 -26.170031 -72.901779
v 86.745888 -26.170031 -72.812500
v 86.551651 -26.170031 -72.781738
v 86.357414 -26.170031 -72.812500
v 86.182190 -26.170031 -72.901779
v 86.043129 -26.170031 -73.040840
v 85.953850 -26.170031 -73.216064
v 85.923080 -26.170031 -73.410301
v 85.953850 -26.170031 -73.604538
v 86.043129 -26.170031 -73.779762
v 86.182190 -26.170031 -73.918823
v 86.357414 -26.170031 -74.008102
v 86.551651 -26.170031 -74.038872
v 86.745888 -26.170031 -74.008102
v 86.921112 -26.170031 -73.918823
v 87.060173 -26.170031 -73.779762
v 87.149452 -26.170031 -73.604538
v 90.370453 -30.611513 -73.410301
v 90.183540 -30.611513 -72.230225
v 89.641129 -30.611513 -71.165665
v 88.796280 -30.611513 -70.320824
v 87.731728 -30.611513 -69.778404
v 86.551651 -30.611513 -69.591499
v 85.371574 -30.611513 -69.778404
v 84.307022 -30.611513 -70.320824
v 83.462173 -30.611513 -71.165665
v 82.919762 -30.611513 -72.230225
v 82.732849 -30.611513 -73.410301
v 82.919762 -30.611513 -74.590378
v 83.462173 -30.611513 -75.654930
v 84.307014 -30.611513 -76.499779
v 85.371574 -30.611513 -77.042198
v 86.551651 -30.611513 -77.229103
v 87.731728 -30.611513 -77.042198
v 88.796288 -30.611513 -76.499779
v 89.641129 -30.611513 -75.654938
v 90.183548 -30.611513 -74.590378
v 90.689224 -31.418812 -72.065918
v 90.071281 -31.418812 -70.853134
v 89.108818 -31.418812 -69.890671
v 87.896027 -31.418812 -69.272720
v 86.551651 -31.418812 -69.059792
v 85.207275 -31.418812 -69.272720
v 83.994484 -31.418812 -69.890671
v 83.032021 -31.418812 -70.853134
v 82.414078 -31.418812 -72.065918
v 82.201141 -31.418812 -73.410301
v 82.414078 -31.418812 -74.754677
v 83.032021 -31.418812 -75.967461
v 83.994484 -31.418812 -76.929932
v 85.207275 -31.418812 -77.547874
v 86.551651 -31.418812 -77.760803
v 87.896027 -31.418812 -77.547874
v 89.108818 -31.418812 -76.929939
v 90.071289 -31.418812 -75.967461
v 90.689224 -31.418812 -74.754677
v 90.902161 -31.418812 -73.410301
v 89.108818 -31.383913 -69.890671
v 87.896027 -31.383913 -69.272720
v 86.551651 -31.383913 -69.059792
v 85.207275 -31.383913 -69.272720
v 83.994484 -31.383913 -69.890671
v 83.032021 -31.383913 -70.853134
v 82.414078 -31.383913 -72.065918
v 82.201141 -31.383913 -73.410301
v 82.414078 -31.383913 -74.754677
v 83.032021 -31.383913 -75.967461
v 83.994484 -31.383915 -76.929932
v 85.207275 -31.383915 -77.547874
v 86.551651 -31.383915 -77.760803
v 87.896027 -31.383915 -77.547874
v 89.108818 -31.383915 -76.929932
v 90.071281 -31.383913 -75.967461
v 90.689224 -31.383913 -74.754677
v 90.902161 -31.383913 -73.410301
v 89.962563 -31.434740 -75.148247
v 90.689224 -31.432636 -74.754677
v 90.071289 -31.432636 -75.967461
v 90.427689 -31.418812 -75.385239
v 89.258560 -31.434740 -76.117210
v 89.108818 -31.432636 -76.929932
v 89.627693 -31.418812 -76.486336
v 88.289597 -31.434742 -76.821213
v 87.896027 -31.432636 -77.547874
v 88.526588 -31.418812 -77.286331
v 87.150505 -31.434742 -77.191322
v 86.551651 -31.432636 -77.760803
v 87.232162 -31.418812 -77.706917
v 85.952797 -31.434742 -77.191322
v 85.207275 -31.432636 -77.547874
v 85.871140 -31.418812 -77.706917
v 84.813705 -31.434742 -76.821213
v 83.994484 -31.432636 -76.929932
v 84.576714 -31.418812 -77.286331
v 83.844742 -31.434740 -76.117210
v 83.032021 -31.432636 -75.967461
v 83.475616 -31.418812 -76.486336
v 83.140739 -31.434740 -75.148247
v 82.414078 -31.432636 -74.754677
v 82.675621 -31.418812 -75.385239
v 82.770630 -31.434740 -74.009155
v 82.201141 -31.432636 -73.410301
v 82.255035 -31.418812 -74.090813
v 82.770630 -31.434740 -72.811447
v 82.414078 -31.432636 -72.065918
v 82.255035 -31.418812 -72.729782
v 83.140739 -31.434740 -71.672356
v 83.032021 -31.432636 -70.853134
v 82.675621 -31.418812 -71.435364
v 83.844742 -31.434740 -70.703384
v 83.994484 -31.432636 -69.890671
v 83.475616 -31.418812 -70.334267
v 84.813705 -31.434740 -69.999397
v 85.207275 -31.432636 -69.272720
v 84.576714 -31.418812 -69.534271
v 85.952797 -31.434740 -69.629280
v 86.551651 -31.432636 -69.059792
v 85.871140 -31.418812 -69.113686
v 87.150505 -31.434740 -69.629280
v 87.896027 -31.432636 -69.272720
v 87.232162 -31.418812 -69.113686
v 88.289597 -31.434740 -69.999397
v 89.108818 -31.432636 -69.890671
v 88.526588 -31.418812 -69.534271
v 89.258560 -31.434740 -70.703384
v 90.071281 -31.432636 -70.853134
v 89.627686 -31.418812 -70.334267
v 89.962555 -31.434740 -71.672356
v 90.689224 -31.432636 -72.065918
v 90.427681 -31.418812 -71.435364
v 90.332672 -31.434740 -72.811447
v 90.902161 -31.432636 -73.410301
v 90.848267 -31.418812 -72.729782
v 90.332672 -31.434740 -74.009155
v 90.848267 -31.418812 -74.090813
v 88.836861 -31.435921 -75.070602
v 89.238075 -31.435921 -74.283173
v 88.211960 -31.435921 -75.695511
v 87.424522 -31.435921 -76.096725
v 86.551651 -31.435921 -76.234978
v 85.678780 -31.435921 -76.096725
v 84.891350 -31.435921 -75.695511
v 84.266441 -31.435921 -75.070602
v 83.865227 -31.435921 -74.283173
v 83.726974 -31.435921 -73.410301
v 83.865227 -31.435921 -72.537430
v 84.266441 -31.435921 -71.749992
v 84.891350 -31.435921 -71.125092
v 85.678780 -31.435921 -70.723877
v 86.551651 -31.435921 -70.585625
v 87.424522 -31.435921 -70.723877
v 88.211960 -31.435921 -71.125092
v 88.836861 -31.435921 -71.749992
v 89.238075 -31.435921 -72.537430
v 89.376328 -31.435921 -73.410301
v 86.627594 -25.430752 -73.448997
v 86.611458 -25.430502 -73.429733
v 86.602531 -25.430502 -73.447266
v 86.611916 -25.430752 -73.470566
v 86.588615 -25.430502 -73.461182
v 86.590347 -25.430752 -73.486244
v 86.571083 -25.430502 -73.470108
v 86.564980 -25.430752 -73.494484
v 86.551651 -25.430502 -73.473190
v 86.538315 -25.430752 -73.494484
v 86.532219 -25.430502 -73.470108
v 86.512955 -25.430752 -73.486244
v 86.514687 -25.430502 -73.461182
v 86.491386 -25.430752 -73.470566
v 86.500771 -25.430502 -73.447266
v 86.475708 -25.430752 -73.448997
v 86.491844 -25.430502 -73.429733
v 86.467468 -25.430752 -73.423637
v 86.488762 -25.430502 -73.410301
v 86.467468 -25.430752 -73.396973
v 86.491844 -25.430502 -73.390869
v 86.475708 -25.430752 -73.371605
v 86.500771 -25.430502 -73.373337
v 86.491386 -25.430752 -73.350037
v 86.514687 -25.430502 -73.359421
v 86.512955 -25.430752 -73.334366
v 86.532219 -25.430502 -73.350494
v 86.538315 -25.430752 -73.326118
v 86.551651 -25.430502 -73.347412
v 86.564980 -25.430752 -73.326118
v 86.571083 -25.430502 -73.350494
v 86.590347 -25.430752 -73.334366
v 86.588615 -25.430502 -73.359421
v 86.611916 -25.430752 -73.350037
v 86.602531 -25.430502 -73.373337
v 86.627586 -25.430752 -73.371605
v 86.611458 -25.430502 -73.390869
v 86.635834 -25.430752 -73.396973
v 86.614540 -25.430502 -73.410301
v 86.635834 -25.430752 -73.423637
v 87.172432 -26.170031 -73.311981
v 86.643768 -25.431192 -73.380371
v 86.648506 -25.431192 -73.410301
v 87.111664 -26.170031 -73.124962
v 86.630013 -25.431192 -73.353371
v 86.996078 -26.170031 -72.965866
v 86.608582 -25.431192 -73.331940
v 86.836990 -26.170031 -72.850288
v 86.581581 -25.431192 -73.318184
v 86.649971 -26.170031 -72.789520
v 86.551651 -25.431192 -73.313446
v 86.453331 -26.170031 -72.789520
v 86.521721 -25.431192 -73.318184
v 86.266304 -26.170031 -72.850288
v 86.494720 -25.431192 -73.331940
v 86.107224 -26.170031 -72.965866
v 86.473289 -25.431192 -73.353371
v 85.991638 -26.170031 -73.124962
v 86.459526 -25.431192 -73.380371
v 85.930870 -26.170031 -73.311981
v 86.454796 -25.431192 -73.410301
v 85.930870 -26.170031 -73.508629
v 86.459526 -25.431192 -73.440231
v 85.991638 -26.170031 -73.695641
v 86.473289 -25.431192 -73.467232
v 86.107224 -26.170031 -73.854729
v 86.494720 -25.431192 -73.488663
v 86.266304 -26.170031 -73.970314
v 86.521721 -25.431192 -73.502426
v 86.453331 -26.170031 -74.031082
v 86.551651 -25.431192 -73.507164
v 86.649971 -26.170031 -74.031082
v 86.581581 -25.431192 -73.502426
v 86.836990 -26.170031 -73.970314
v 86.608582 -25.431192 -73.488663
v 86.996078 -26.170031 -73.854729
v 86.630013 -25.431192 -73.467232
v 87.111664 -26.170031 -73.695641
v 86.643768 -25.431192 -73.440231
v 87.172432 -26.170031 -73.508629
v 90.323143 -30.611513 -72.812950
v 88.666496 -28.385181 -72.723145
v 88.775330 -28.385181 -73.410301
v 89.953964 -30.611513 -71.676735
v 88.350647 -28.385181 -72.103249
v 89.251740 -30.611513 -70.710213
v 87.858696 -28.385181 -71.611305
v 88.285217 -30.611513 -70.007988
v 87.238808 -28.385181 -71.295456
v 87.149002 -30.611513 -69.638809
v 86.551651 -28.385181 -71.186623
v 85.954300 -30.611513 -69.638809
v 85.864494 -28.385181 -71.295456
v 84.818085 -30.611513 -70.007988
v 85.244606 -28.385181 -71.611305
v 83.851555 -30.611513 -70.710213
v 84.752655 -28.385181 -72.103249
v 83.149338 -30.611513 -71.676735
v 84.436806 -28.385181 -72.723145
v 82.780159 -30.611513 -72.812950
v 84.327965 -28.385181 -73.410301
v 82.780159 -30.611513 -74.007645
v 84.436806 -28.385181 -74.097458
v 83.149338 -30.611513 -75.143867
v 84.752655 -28.385183 -74.717346
v 83.851555 -30.611513 -76.110397
v 85.244606 -28.385183 -75.209297
v 84.818085 -30.611513 -76.812614
v 85.864494 -28.385183 -75.525146
v 85.954300 -30.611513 -77.181801
v 86.551651 -28.385183 -75.633987
v 87.149002 -30.611513 -77.181801
v 87.238808 -28.385183 -75.525146
v 88.285217 -30.611513 -76.812614
v 87.858696 -28.385183 -75.209297
v 89.251747 -30.611513 -76.110397
v 88.350647 -28.385183 -74.717346
v 89.953964 -30.611513 -75.143867
v 88.666496 -28.385181 -74.097458
v 90.323143 -30.611513 -74.007645
v 90.071281 -31.383913 -70.853134
v 90.689224 -31.383913 -72.065918
v 90.427689 -31.432636 -75.385239
v 89.627693 -31.432636 -76.486336
v 88.526588 -31.432636 -77.286331
v 87.232162 -31.432636 -77.706917
v 85.871140 -31.432636 -77.706917
v 84.576714 -31.432636 -77.286331
v 83.475616 -31.432636 -76.486336
v 82.675621 -31.432636 -75.385239
v 82.255035 -31.432636 -74.090813
v 82.255035 -31.432636 -72.729782
v 82.675621 -31.432636 -71.435364
v 83.475616 -31.432636 -70.334267
v 84.576714 -31.432636 -69.534271
v 85.871140 -31.432636 -69.113686
v 87.232162 -31.432636 -69.113686
v 88.526588 -31.432636 -69.534271
v 89.627686 -31.432636 -70.334267
v 90.427681 -31.432636 -71.435364
v 90.848267 -31.432636 -72.729782
v 90.848267 -31.432636 -74.090813
v 89.135674 -31.435921 -74.726929
v 88.602341 -31.435921 -75.460991
v 87.868271 -31.435921 -75.994324
v 87.005325 -31.435921 -76.274712
v 86.097977 -31.435921 -76.274712
v 85.235031 -31.435921 -75.994324
v 84.500961 -31.435921 -75.460991
v 83.967628 -31.435921 -74.726921
v 83.687241 -31.435921 -73.863976
v 83.687241 -31.435921 -72.956627
v 83.967628 -31.435921 -72.093681
v 84.500961 -31.435921 -71.359612
v 85.235031 -31.435921 -70.826279
v 86.097977 -31.435921 -70.545891
v 87.005325 -31.435921 -70.545891
v 87.868271 -31.435921 -70.826279
v 88.602341 -31.435921 -71.359612
v 89.135666 -31.435921 -72.093681
v 89.416061 -31.435921 -72.956627
v 89.416061 -31.435921 -73.863976
v 86.609184 -25.430502 -73.439613
v 86.597305 -25.430502 -73.455956
v 86.580963 -25.430502 -73.467834
v 86.561752 -25.430502 -73.474075
v 86.541550 -25.430502 -73.474075
v 86.522339 -25.430502 -73.467827
v 86.505997 -25.430502 -73.455956
v 86.494125 -25.430502 -73.439613
v 86.487877 -25.430502 -73.420403
v 86.487877 -25.430502 -73.400200
v 86.494125 -25.430502 -73.380989
v 86.505997 -25.430502 -73.364647
v 86.522339 -25.430502 -73.352768
v 86.541550 -25.430502 -73.346527
v 86.561752 -25.430502 -73.346527
v 86.580963 -25.430502 -73.352768
v 86.597305 -25.430502 -73.364647
v 86.609184 -25.430502 -73.380989
v 86.615425 -25.430502 -73.400200
v 86.615425 -25.430502 -73.420403
v 86.647308 -25.431192 -73.395149
v 86.637947 -25.431192 -73.366333
v 86.620140 -25.431192 -73.341812
v 86.595619 -25.431192 -73.324005
v 86.566803 -25.431192 -73.314644
v 86.536499 -25.431192 -73.314644
v 86.507675 -25.431192 -73.324005
v 86.483162 -25.431192 -73.341812
v 86.465355 -25.431192 -73.366333
v 86.455994 -25.431192 -73.395149
v 86.455994 -25.431192 -73.425453
v 86.465355 -25.431192 -73.454277
v 86.483162 -25.431192 -73.478790
v 86.507675 -25.431192 -73.496597
v 86.536499 -25.431192 -73.505959
v 86.566803 -25.431192 -73.505959
v 86.595619 -25.431192 -73.496597
v 86.620140 -25.431192 -73.478790
v 86.637947 -25.431192 -73.454277
v 86.647308 -25.431192 -73.425453
v 88.747787 -28.385181 -73.062469
v 88.532814 -28.385181 -72.400848
v 88.123909 -28.385181 -71.838043
v 87.561104 -28.385181 -71.429138
v 86.899483 -28.385181 -71.214165
v 86.203812 -28.385181 -71.214165
v 85.542198 -28.385181 -71.429138
v 84.979385 -28.385181 -71.838043
v 84.570488 -28.385181 -72.400848
v 84.355515 -28.385181 -73.062469
v 84.355515 -28.385181 -73.758133
v 84.570488 -28.385183 -74.419754
v 84.979385 -28.385183 -74.982559
v 85.542198 -28.385183 -75.391464
v 86.203812 -28.385183 -75.606438
v 86.899483 -28.385183 -75.606438
v 87.561104 -28.385183 -75.391464
v 88.123917 -28.385183 -74.982559
v 88.532814 -28.385183 -74.419754
v 88.747787 -28.385181 -73.758133
v 90.427681 -31.383913 -71.435364
v 89.627686 -31.383913 -70.334267
v 88.526588 -31.383913 -69.534271
v 87.232162 -31.383913 -69.113686
v 85.871140 -31.383913 -69.113686
v 84.576714 -31.383913 -69.534271
v 83.475616 -31.383913 -70.334267
v 82.675621 -31.383913 -71.435364
v 82.255035 -31.383913 -72.729782
v 82.255035 -31.383913 -74.090813
v 82.675621 -31.383913 -75.385239
v 83.475616 -31.383913 -76.486336
v 84.576714 -31.383915 -77.286331
v 85.871140 -31.383915 -77.706917
v 87.232162 -31.383915 -77.706917
v 88.526588 -31.383915 -77.286331
v 89.627693 -31.383913 -76.486336
v 90.427689 -31.383913 -75.385239
v 90.848267 -31.383913 -74.090813
v 90.848267 -31.383913 -72.729782
v 89.525673 -28.985689 -74.376617
v 89.081505 -28.985689 -75.248344
v 88.389694 -28.985689 -75.940155
v 87.517967 -28.985689 -76.384323
v 86.551651 -28.985689 -76.537369
v 85.585335 -28.985689 -76.384323
v 84.713608 -28.985689 -75.940155
v 84.021797 -28.985689 -75.248344
v 83.577637 -28.985689 -74.376617
v 83.424583 -28.985689 -73.410301
v 83.577637 -28.985687 -72.443985
v 84.021797 -28.985687 -71.572258
v 84.713608 -28.985687 -70.880447
v 85.585335 -28.985687 -70.436279
v 86.551651 -28.985687 -70.283234
v 87.517967 -28.985687 -70.436279
v 88.389694 -28.985687 -70.880447
v 89.081505 -28.985687 -71.572258
v 89.525673 -28.985687 -72.443985
v 89.678719 -28.985689 -73.410301
v 86.617859 -24.166571 -73.431816
v 86.607979 -24.166571 -73.451225
v 86.592575 -24.166571 -73.466629
v 86.573166 -24.166571 -73.476517
v 86.551651 -24.166571 -73.479919
v 86.530136 -24.166571 -73.476517
v 86.510727 -24.166571 -73.466629
v 86.495323 -24.166571 -73.451225
v 86.485435 -24.166571 -73.431816
v 86.482033 -24.166571 -73.410301
v 86.485435 -24.166571 -73.388786
v 86.495323 -24.166571 -73.369377
v 86.510727 -24.166571 -73.353981
v 86.530136 -24.166571 -73.344093
v 86.551651 -24.166571 -73.340683
v 86.573166 -24.166571 -73.344093
v 86.592575 -24.166571 -73.353981
v 86.607971 -24.166571 -73.369377
v 86.617859 -24.166571 -73.388786
v 86.621269 -24.166571 -73.410301
v 86.551651 -28.986345 -73.410301
v 86.551651 -24.166431 -73.410301
v 87.056129 -24.759979 -73.410301
v 87.031441 -24.759979 -73.254410
v 86.959785 -24.759979 -73.113770
v 86.848183 -24.759979 -73.002167
v 86.707542 -24.759979 -72.930511
v 86.551651 -24.759979 -72.905823
v 86.395752 -24.759979 -72.930511
v 86.255127 -24.759979 -73.002167
v 86.143517 -24.759979 -73.113770
v 86.071861 -24.759979 -73.254410
v 86.047165 -24.759979 -73.410301
v 86.071861 -24.759979 -73.566193
v 86.143517 -24.759979 -73.706825
v 86.255127 -24.759979 -73.818436
v 86.395752 -24.759979 -73.890091
v 86.551651 -24.759979 -73.914787
v 86.707542 -24.759979 -73.890091
v 86.848183 -24.759979 -73.818436
v 86.959785 -24.759979 -73.706825
v 87.031441 -24.759979 -73.566193
v 89.616592 -28.324682 -73.410301
v 89.466583 -28.324682 -72.463181
v 89.031242 -28.324682 -71.608772
v 88.353180 -28.324682 -70.930710
v 87.498772 -28.324682 -70.495369
v 86.551651 -28.324682 -70.345360
v 85.604530 -28.324682 -70.495369
v 84.750122 -28.324682 -70.930710
v 84.072060 -28.324682 -71.608772
v 83.636719 -28.324682 -72.463181
v 83.486702 -28.324682 -73.410301
v 83.636719 -28.324682 -74.357422
v 84.072060 -28.324682 -75.211830
v 84.750122 -28.324684 -75.889893
v 85.604530 -28.324684 -76.325241
v 86.551651 -28.324684 -76.475250
v 87.498772 -28.324684 -76.325241
v 88.353180 -28.324684 -75.889893
v 89.031242 -28.324682 -75.211830
v 89.466583 -28.324682 -74.357422
v 89.872444 -28.972612 -72.331314
v 89.376488 -28.972612 -71.357941
v 88.604012 -28.972612 -70.585464
v 87.630638 -28.972612 -70.089508
v 86.551651 -28.972612 -69.918617
v 85.472656 -28.972612 -70.089508
v 84.499290 -28.972612 -70.585464
v 83.726814 -28.972612 -71.357941
v 83.230858 -28.972612 -72.331314
v 83.059959 -28.972612 -73.410301
v 83.230858 -28.972612 -74.489296
v 83.726814 -28.972612 -75.462662
v 84.499290 -28.972612 -76.235138
v 85.472656 -28.972612 -76.731094
v 86.551651 -28.972612 -76.901993
v 87.630646 -28.972612 -76.731094
v 88.604012 -28.972612 -76.235138
v 89.376488 -28.972612 -75.462662
v 89.872444 -28.972612 -74.489296
v 90.043335 -28.972612 -73.410301
v 88.604012 -28.944601 -70.585464
v 87.630638 -28.944601 -70.089508
v 86.551651 -28.944601 -69.918617
v 85.472656 -28.944601 -70.089508
v 84.499290 -28.944601 -70.585464
v 83.726814 -28.944601 -71.357941
v 83.230858 -28.944601 -72.331314
v 83.059959 -28.944601 -73.410301
v 83.230858 -28.944601 -74.489296
v 83.726814 -28.944601 -75.462662
v 84.499290 -28.944603 -76.235138
v 85.472656 -28.944603 -76.731094
v 86.551651 -28.944603 -76.901993
v 87.630646 -28.944603 -76.731094
v 88.604012 -28.944603 -76.235138
v 89.376488 -28.944601 -75.462662
v 89.872444 -28.944601 -74.489296
v 90.043335 -28.944601 -73.410301
v 89.289223 -28.985397 -74.805168
v 89.872444 -28.983709 -74.489296
v 89.376488 -28.983709 -75.462662
v 89.662529 -28.972612 -74.995377
v 88.724205 -28.985397 -75.582855
v 88.604012 -28.983709 -76.235138
v 89.020454 -28.972612 -75.879105
v 87.946518 -28.985397 -76.147873
v 87.630646 -28.983709 -76.731094
v 88.136719 -28.972612 -76.521179
v 87.032288 -28.985397 -76.444923
v 86.551651 -28.983709 -76.901993
v 87.097832 -28.972612 -76.858734
v 86.071014 -28.985397 -76.444923
v 85.472656 -28.983709 -76.731094
v 86.005470 -28.972612 -76.858734
v 85.156784 -28.985397 -76.147873
v 84.499290 -28.983709 -76.235138
v 84.966576 -28.972612 -76.521179
v 84.379097 -28.985397 -75.582855
v 83.726814 -28.983709 -75.462662
v 84.082848 -28.972612 -75.879105
v 83.814079 -28.985397 -74.805168
v 83.230858 -28.983709 -74.489296
v 83.440773 -28.972612 -74.995369
v 83.517029 -28.985397 -73.890938
v 83.059959 -28.983709 -73.410301
v 83.103218 -28.972612 -73.956482
v 83.517029 -28.985397 -72.929665
v 83.230858 -28.983709 -72.331314
v 83.103218 -28.972612 -72.864120
v 83.814079 -28.985397 -72.015434
v 83.726814 -28.983709 -71.357941
v 83.440773 -28.972612 -71.825233
v 84.379097 -28.985397 -71.237747
v 84.499290 -28.983709 -70.585464
v 84.082848 -28.972612 -70.941498
v 85.156784 -28.985397 -70.672729
v 85.472656 -28.983709 -70.089508
v 84.966583 -28.972612 -70.299423
v 86.071014 -28.985397 -70.375679
v 86.551651 -28.983709 -69.918617
v 86.005470 -28.972612 -69.961868
v 87.032288 -28.985397 -70.375679
v 87.630638 -28.983709 -70.089508
v 87.097832 -28.972612 -69.961868
v 87.946518 -28.985397 -70.672729
v 88.604012 -28.983709 -70.585464
v 88.136719 -28.972612 -70.299423
v 88.724205 -28.985397 -71.237747
v 89.376488 -28.983709 -71.357941
v 89.020454 -28.972612 -70.941498
v 89.289223 -28.985397 -72.015434
v 89.872444 -28.983709 -72.331314
v 89.662529 -28.972612 -71.825233
v 89.586273 -28.985397 -72.929665
v 90.043335 -28.983709 -73.410301
v 90.000084 -28.972612 -72.864120
v 89.586273 -28.985397 -73.890938
v 90.000084 -28.972612 -73.956482
v 88.385750 -28.986345 -74.742851
v 88.707764 -28.986345 -74.110863
v 87.884201 -28.986345 -75.244400
v 87.252213 -28.986345 -75.566406
v 86.551651 -28.986345 -75.677368
v 85.851089 -28.986345 -75.566406
v 85.219101 -28.986345 -75.244400
v 84.717552 -28.986345 -74.742851
v 84.395546 -28.986345 -74.110863
v 84.284584 -28.986345 -73.410301
v 84.395546 -28.986345 -72.709740
v 84.717552 -28.986345 -72.077751
v 85.219101 -28.986345 -71.576202
v 85.851089 -28.986345 -71.254189
v 86.551651 -28.986345 -71.143234
v 87.252213 -28.986345 -71.254189
v 87.884201 -28.986345 -71.576202
v 88.385750 -28.986345 -72.077751
v 88.707764 -28.986345 -72.709740
v 88.818718 -28.986345 -73.410301
v 86.612602 -24.166632 -73.441353
v 86.599655 -24.166431 -73.425896
v 86.592484 -24.166431 -73.439972
v 86.600021 -24.166632 -73.458672
v 86.581314 -24.166431 -73.451134
v 86.582703 -24.166632 -73.471252
v 86.567245 -24.166431 -73.458305
v 86.562347 -24.166632 -73.477859
v 86.551651 -24.166431 -73.460777
v 86.540947 -24.166632 -73.477859
v 86.536057 -24.166431 -73.458305
v 86.520599 -24.166632 -73.471252
v 86.521988 -24.166431 -73.451134
v 86.503281 -24.166632 -73.458672
v 86.510811 -24.166431 -73.439972
v 86.490700 -24.166632 -73.441353
v 86.503647 -24.166431 -73.425896
v 86.484093 -24.166632 -73.421005
v 86.501175 -24.166431 -73.410301
v 86.484093 -24.166632 -73.399605
v 86.503647 -24.166431 -73.394707
v 86.490700 -24.166632 -73.379250
v 86.510811 -24.166431 -73.380630
v 86.503281 -24.166632 -73.361931
v 86.521988 -24.166431 -73.369469
v 86.520599 -24.166632 -73.349350
v 86.536057 -24.166431 -73.362297
v 86.540947 -24.166632 -73.342735
v 86.551651 -24.166431 -73.359833
v 86.562347 -24.166632 -73.342735
v 86.567245 -24.166431 -73.362297
v 86.582703 -24.166632 -73.349350
v 86.581314 -24.166431 -73.369469
v 86.600021 -24.166632 -73.361931
v 86.592484 -24.166431 -73.380630
v 86.612602 -24.166632 -73.379250
v 86.599655 -24.166431 -73.394707
v 86.619209 -24.166632 -73.399605
v 86.602127 -24.166431 -73.410301
v 86.619209 -24.166632 -73.421005
v 87.049881 -24.759979 -73.331390
v 86.625587 -24.166988 -73.386276
v 86.629387 -24.166988 -73.410301
v 87.001114 -24.759979 -73.181290
v 86.614540 -24.166988 -73.364609
v 86.908348 -24.759979 -73.053604
v 86.597343 -24.166988 -73.347412
v 86.780663 -24.759979 -72.960838
v 86.575676 -24.166988 -73.336365
v 86.630562 -24.759979 -72.912071
v 86.551651 -24.166988 -73.332565
v 86.472740 -24.759979 -72.912071
v 86.527626 -24.166988 -73.336365
v 86.322639 -24.759979 -72.960838
v 86.505959 -24.166988 -73.347412
v 86.194954 -24.759979 -73.053604
v 86.488754 -24.166988 -73.364609
v 86.102188 -24.759979 -73.181290
v 86.477715 -24.166988 -73.386276
v 86.053421 -24.759979 -73.331390
v 86.473907 -24.166988 -73.410301
v 86.053421 -24.759979 -73.489212
v 86.477715 -24.166988 -73.434326
v 86.102188 -24.759979 -73.639313
v 86.488754 -24.166988 -73.455994
v 86.194954 -24.759979 -73.766998
v 86.505959 -24.166988 -73.473198
v 86.322639 -24.759979 -73.859764
v 86.527626 -24.166988 -73.484238
v 86.472740 -24.759979 -73.908539
v 86.551651 -24.166988 -73.488045
v 86.630562 -24.759979 -73.908539
v 86.575676 -24.166988 -73.484238
v 86.780663 -24.759979 -73.859764
v 86.597343 -24.166988 -73.473198
v 86.908348 -24.759979 -73.766998
v 86.614548 -24.166988 -73.455994
v 87.001114 -24.759979 -73.639313
v 86.625587 -24.166988 -73.434326
v 87.049881 -24.759979 -73.489212
v 89.578629 -28.324682 -72.930878
v 88.249016 -26.537840 -72.858795
v 88.336365 -26.537840 -73.410301
v 89.282326 -28.324682 -72.018951
v 87.995514 -26.537840 -72.361275
v 88.718727 -28.324682 -71.243225
v 87.600677 -26.537840 -71.966438
v 87.943001 -28.324682 -70.679626
v 87.103157 -26.537840 -71.712936
v 87.031075 -28.324682 -70.383324
v 86.551651 -26.537840 -71.625587
v 86.072227 -28.324682 -70.383324
v 86.000145 -26.537840 -71.712936
v 85.160301 -28.324682 -70.679626
v 85.502617 -26.537840 -71.966438
v 84.384575 -28.324682 -71.243225
v 85.107788 -26.537840 -72.361275
v 83.820976 -28.324682 -72.018951
v 84.854286 -26.537840 -72.858795
v 83.524673 -28.324682 -72.930878
v 84.766937 -26.537840 -73.410301
v 83.524673 -28.324682 -73.889725
v 84.854286 -26.537840 -73.961807
v 83.820976 -28.324682 -74.801651
v 85.107788 -26.537840 -74.459328
v 84.384575 -28.324682 -75.577377
v 85.502617 -26.537840 -74.854164
v 85.160301 -28.324684 -76.140976
v 86.000145 -26.537840 -75.107666
v 86.072227 -28.324684 -76.437279
v 86.551651 -26.537840 -75.195015
v 87.031075 -28.324684 -76.437279
v 87.103157 -26.537840 -75.107666
v 87.943001 -28.324684 -76.140976
v 87.600685 -26.537840 -74.854164
v 88.718735 -28.324682 -75.577377
v 87.995514 -26.537840 -74.459328
v 89.282326 -28.324682 -74.801651
v 88.249016 -26.537840 -73.961807
v 89.578629 -28.324682 -73.889725
v 89.376488 -28.944601 -71.357941
v 89.872444 -28.944601 -72.331314
v 89.662529 -28.983709 -74.995377
v 89.020454 -28.983709 -75.879105
v 88.136719 -28.983709 -76.521179
v 87.097832 -28.983709 -76.858734
v 86.005470 -28.983709 -76.858734
v 84.966576 -28.983709 -76.521179
v 84.082848 -28.983709 -75.879105
v 83.440773 -28.983709 -74.995369
v 83.103218 -28.983709 -73.956482
v 83.103218 -28.983709 -72.864120
v 83.440773 -28.983709 -71.825233
v 84.082848 -28.983709 -70.941498
v 84.966583 -28.983709 -70.299423
v 86.005470 -28.983709 -69.961868
v 87.097832 -28.983709 -69.961868
v 88.136719 -28.983709 -70.299423
v 89.020454 -28.983709 -70.941498
v 89.662529 -28.983709 -71.825233
v 90.000084 -28.983709 -72.864120
v 90.000084 -28.983709 -73.956482
v 88.625572 -28.986345 -74.467010
v 88.197525 -28.986345 -75.056175
v 87.608368 -28.986345 -75.484222
v 86.915771 -28.986345 -75.709259
v 86.187531 -28.986345 -75.709259
v 85.494934 -28.986345 -75.484215
v 84.905777 -28.986345 -75.056175
v 84.477737 -28.986345 -74.467010
v 84.252693 -28.986345 -73.774414
v 84.252693 -28.986345 -73.046181
v 84.477737 -28.986345 -72.353584
v 84.905785 -28.986345 -71.764427
v 85.494934 -28.986345 -71.336380
v 86.187531 -28.986345 -71.111343
v 86.915771 -28.986345 -71.111343
v 87.608368 -28.986345 -71.336380
v 88.197517 -28.986345 -71.764427
v 88.625572 -28.986345 -72.353584
v 88.850609 -28.986345 -73.046181
v 88.850609 -28.986345 -73.774414
v 86.597824 -24.166431 -73.433830
v 86.588295 -24.166431 -73.446945
v 86.575172 -24.166431 -73.456474
v 86.559761 -24.166431 -73.461487
v 86.543541 -24.166431 -73.461487
v 86.528122 -24.166431 -73.456474
v 86.515007 -24.166431 -73.446945
v 86.505478 -24.166431 -73.433830
v 86.500465 -24.166431 -73.418411
v 86.500465 -24.166431 -73.402199
v 86.505478 -24.166431 -73.386780
v 86.515007 -24.166431 -73.373657
v 86.528122 -24.166431 -73.364128
v 86.543541 -24.166431 -73.359116
v 86.559761 -24.166431 -73.359116
v 86.575172 -24.166431 -73.364128
v 86.588295 -24.166431 -73.373657
v 86.597824 -24.166431 -73.386780
v 86.602837 -24.166431 -73.402199
v 86.602837 -24.166431 -73.418411
v 86.628426 -24.166988 -73.398140
v 86.620911 -24.166988 -73.375008
v 86.606621 -24.166988 -73.355331
v 86.586945 -24.166988 -73.341042
v 86.563812 -24.166988 -73.333527
v 86.539490 -24.166988 -73.333527
v 86.516357 -24.166988 -73.341042
v 86.496681 -24.166988 -73.355331
v 86.482391 -24.166988 -73.375008
v 86.474876 -24.166988 -73.398140
v 86.474876 -24.166988 -73.422462
v 86.482391 -24.166988 -73.445595
v 86.496681 -24.166988 -73.465271
v 86.516357 -24.166988 -73.479561
v 86.539490 -24.166988 -73.487076
v 86.563812 -24.166988 -73.487076
v 86.586945 -24.166988 -73.479561
v 86.606621 -24.166988 -73.465271
v 86.620911 -24.166988 -73.445595
v 86.628426 -24.166988 -73.422462
v 88.314255 -26.537840 -73.131134
v 88.141724 -26.537840 -72.600121
v 87.813538 -26.537840 -72.148415
v 87.361832 -26.537840 -71.820229
v 86.830818 -26.537840 -71.647690
v 86.272484 -26.537840 -71.647690
v 85.741470 -26.537840 -71.820229
v 85.289764 -26.537840 -72.148415
v 84.961578 -26.537840 -72.600121
v 84.789047 -26.537840 -73.131134
v 84.789047 -26.537840 -73.689468
v 84.961578 -26.537840 -74.220482
v 85.289764 -26.537840 -74.672188
v 85.741470 -26.537840 -75.000374
v 86.272484 -26.537840 -75.172905
v 86.830818 -26.537840 -75.172905
v 87.361832 -26.537840 -75.000374
v 87.813538 -26.537840 -74.672188
v 88.141724 -26.537840 -74.220482
v 88.314255 -26.537840 -73.689468
v 89.662529 -28.944601 -71.825233
v 89.020454 -28.944601 -70.941498
v 88.136719 -28.944601 -70.299423
v 87.097832 -28.944601 -69.961868
v 86.005470 -28.944601 -69.961868
v 84.966583 -28.944601 -70.299423
v 84.082848 -28.944601 -70.941498
v 83.440773 -28.944601 -71.825233
v 83.103218 -28.944601 -72.864120
v 83.103218 -28.944601 -73.956482
v 83.440773 -28.944601 -74.995369
v 84.082848 -28.944603 -75.879105
v 84.966576 -28.944603 -76.521179
v 86.005470 -28.944603 -76.858734
v 87.097832 -28.944603 -76.858734
v 88.136719 -28.944603 -76.521179
v 89.020454 -28.944603 -75.879105
v 89.662529 -28.944601 -74.995377
v 90.000084 -28.944601 -73.956482
v 90.000084 -28.944601 -72.864120
v 88.707420 -26.500175 -74.110748
v 88.385452 -26.500175 -74.742638
v 87.883987 -26.500175 -75.244110
v 87.252098 -26.500175 -75.566071
v 86.551651 -26.500175 -75.677010
v 85.851204 -26.500175 -75.566071
v 85.219315 -26.500175 -75.244102
v 84.717850 -26.500175 -74.742638
v 84.395882 -26.500175 -74.110748
v 84.284943 -26.500175 -73.410301
v 84.395882 -26.500175 -72.709854
v 84.717850 -26.500175 -72.077965
v 85.219315 -26.500175 -71.576492
v 85.851204 -26.500175 -71.254532
v 86.551651 -26.500175 -71.143593
v 87.252098 -26.500175 -71.254532
v 87.883987 -26.500175 -71.576492
v 88.385452 -26.500175 -72.077965
v 88.707420 -26.500175 -72.709854
v 88.818359 -26.500175 -73.410301
v 86.599648 -23.006958 -73.425896
v 86.592476 -23.006958 -73.439964
v 86.581314 -23.006958 -73.451126
v 86.567245 -23.006958 -73.458298
v 86.551651 -23.006958 -73.460770
v 86.536057 -23.006958 -73.458298
v 86.521988 -23.006958 -73.451126
v 86.510826 -23.006958 -73.439964
v 86.503654 -23.006958 -73.425896
v 86.501183 -23.006958 -73.410301
v 86.503654 -23.006958 -73.394707
v 86.510826 -23.006958 -73.380638
v 86.521988 -23.006958 -73.369476
v 86.536057 -23.006958 -73.362305
v 86.551651 -23.006958 -73.359833
v 86.567245 -23.006958 -73.362305
v 86.581314 -23.006958 -73.369476
v 86.592476 -23.006958 -73.380638
v 86.599648 -23.006958 -73.394707
v 86.602119 -23.006958 -73.410301
v 86.551651 -26.500652 -73.410301
v 86.551651 -23.006857 -73.410301
v 86.917328 -23.437098 -73.410301
v 86.899437 -23.437098 -73.297302
v 86.847496 -23.437098 -73.195358
v 86.766594 -23.437098 -73.114456
v 86.664650 -23.437098 -73.062515
v 86.551651 -23.437098 -73.044617
v 86.438652 -23.437098 -73.062515
v 86.336708 -23.437098 -73.114456
v 86.255806 -23.437098 -73.195358
v 86.203865 -23.437098 -73.297302
v 86.185966 -23.437098 -73.410301
v 86.203865 -23.437098 -73.523300
v 86.255806 -23.437098 -73.625244
v 86.336708 -23.437098 -73.706146
v 86.438652 -23.437098 -73.758087
v 86.551651 -23.437098 -73.775986
v 86.664650 -23.437098 -73.758087
v 86.766594 -23.437098 -73.706146
v 86.847496 -23.437098 -73.625244
v 86.899437 -23.437098 -73.523308
v 88.773331 -26.021032 -73.410301
v 88.664589 -26.021032 -72.723763
v 88.349030 -26.021032 -72.104431
v 87.857521 -26.021032 -71.612930
v 87.238190 -26.021032 -71.297363
v 86.551651 -26.021032 -71.188622
v 85.865112 -26.021032 -71.297363
v 85.245781 -26.021032 -71.612930
v 84.754272 -26.021032 -72.104431
v 84.438713 -26.021032 -72.723763
v 84.329971 -26.021032 -73.410301
v 84.438713 -26.021032 -74.096840
v 84.754272 -26.021032 -74.716171
v 85.245781 -26.021032 -75.207680
v 85.865112 -26.021032 -75.523239
v 86.551651 -26.021032 -75.631981
v 87.238190 -26.021032 -75.523239
v 87.857521 -26.021032 -75.207680
v 88.349030 -26.021032 -74.716171
v 88.664589 -26.021032 -74.096840
v 88.958786 -26.490698 -72.628174
v 88.599281 -26.490698 -71.922615
v 88.039337 -26.490698 -71.362671
v 87.333778 -26.490698 -71.003166
v 86.551651 -26.490698 -70.879295
v 85.769531 -26.490698 -71.003166
v 85.063965 -26.490698 -71.362671
v 84.504021 -26.490698 -71.922615
v 84.144516 -26.490698 -72.628174
v 84.020645 -26.490698 -73.410301
v 84.144516 -26.490698 -74.192421
v 84.504021 -26.490698 -74.897987
v 85.063965 -26.490698 -75.457932
v 85.769531 -26.490698 -75.817436
v 86.551651 -26.490698 -75.941315
v 87.333778 -26.490698 -75.817436
v 88.039337 -26.490698 -75.457932
v 88.599281 -26.490698 -74.897987
v 88.958786 -26.490698 -74.192421
v 89.082657 -26.490698 -73.410301
v 88.039337 -26.470392 -71.362671
v 87.333778 -26.470392 -71.003166
v 86.551651 -26.470392 -70.879295
v 85.769531 -26.470392 -71.003166
v 85.063965 -26.470392 -71.362671
v 84.504021 -26.470392 -71.922615
v 84.144516 -26.470392 -72.628174
v 84.020645 -26.470392 -73.410301
v 84.144516 -26.470392 -74.192421
v 84.504021 -26.470392 -74.897987
v 85.063965 -26.470392 -75.457932
v 85.769531 -26.470392 -75.817436
v 86.551651 -26.470392 -75.941315
v 87.333778 -26.470392 -75.817436
v 88.039337 -26.470392 -75.457932
v 88.599281 -26.470392 -74.897987
v 88.958786 -26.470392 -74.192421
v 89.082657 -26.470392 -73.410301
v 88.536026 -26.499964 -74.421387
v 88.958786 -26.498737 -74.192421
v 88.599281 -26.498737 -74.897987
v 88.806625 -26.490698 -74.559265
v 88.126465 -26.499964 -74.985115
v 88.039337 -26.498737 -75.457932
v 88.341209 -26.490698 -75.199860
v 87.562744 -26.499964 -75.394676
v 87.333778 -26.498737 -75.817436
v 87.700615 -26.490698 -75.665276
v 86.900047 -26.499964 -75.610001
v 86.551651 -26.498737 -75.941315
v 86.947556 -26.490698 -75.909958
v 86.203255 -26.499964 -75.610001
v 85.769531 -26.498737 -75.817436
v 86.155746 -26.490698 -75.909958
v 85.540565 -26.499964 -75.394676
v 85.063965 -26.498737 -75.457932
v 85.402687 -26.490698 -75.665276
v 84.976837 -26.499964 -74.985115
v 84.504021 -26.498737 -74.897987
v 84.762093 -26.490698 -75.199860
v 84.567276 -26.499964 -74.421387
v 84.144516 -26.498737 -74.192421
v 84.296677 -26.490698 -74.559265
v 84.351952 -26.499964 -73.758698
v 84.020645 -26.498737 -73.410301
v 84.051994 -26.490698 -73.806206
v 84.351952 -26.499964 -73.061905
v 84.144516 -26.498737 -72.628174
v 84.051994 -26.490698 -73.014397
v 84.567276 -26.499964 -72.399208
v 84.504021 -26.498737 -71.922615
v 84.296677 -26.490698 -72.261337
v 84.976837 -26.499964 -71.835495
v 85.063965 -26.498737 -71.362671
v 84.762100 -26.490698 -71.620743
v 85.540565 -26.499964 -71.425926
v 85.769531 -26.498737 -71.003166
v 85.402687 -26.490698 -71.155334
v 86.203255 -26.499964 -71.210602
v 86.551651 -26.498737 -70.879295
v 86.155746 -26.490698 -70.910645
v 86.900047 -26.499964 -71.210602
v 87.333778 -26.498737 -71.003166
v 86.947556 -26.490698 -70.910645
v 87.562744 -26.499964 -71.425926
v 88.039337 -26.498737 -71.362671
v 87.700615 -26.490698 -71.155334
v 88.126457 -26.499964 -71.835495
v 88.599281 -26.498737 -71.922615
v 88.341202 -26.490698 -71.620743
v 88.536026 -26.499964 -72.399208
v 88.958786 -26.498737 -72.628174
v 88.806618 -26.490698 -72.261337
v 88.751350 -26.499964 -73.061905
v 89.082657 -26.498737 -73.410301
v 89.051308 -26.490698 -73.014397
v 88.751350 -26.499964 -73.758698
v 89.051308 -26.490698 -73.806206
v 87.881126 -26.500652 -74.376221
v 88.114540 -26.500652 -73.918114
v 87.517570 -26.500652 -74.739777
v 87.059464 -26.500652 -74.973190
v 86.551651 -26.500652 -75.053619
v 86.043839 -26.500652 -74.973190
v 85.585732 -26.500652 -74.739777
v 85.222176 -26.500652 -74.376221
v 84.988762 -26.500652 -73.918114
v 84.908333 -26.500652 -73.410301
v 84.988762 -26.500652 -72.902481
v 85.222176 -26.500652 -72.444382
v 85.585732 -26.500652 -72.080826
v 86.043839 -26.500652 -71.847412
v 86.551651 -26.500652 -71.766983
v 87.059464 -26.500652 -71.847412
v 87.517570 -26.500652 -72.080826
v 87.881126 -26.500652 -72.444382
v 88.114540 -26.500652 -72.902481
v 88.194969 -26.500652 -73.410301
v 86.595833 -23.007000 -73.432816
v 86.586449 -23.006857 -73.421608
v 86.581245 -23.006857 -73.431808
v 86.586708 -23.007000 -73.445366
v 86.573151 -23.006857 -73.439903
v 86.574165 -23.007000 -73.454483
v 86.562958 -23.006857 -73.445099
v 86.559410 -23.007000 -73.459274
v 86.551651 -23.006857 -73.446884
v 86.543892 -23.007000 -73.459274
v 86.540344 -23.006857 -73.445099
v 86.529137 -23.007000 -73.454483
v 86.530144 -23.006857 -73.439903
v 86.516586 -23.007000 -73.445366
v 86.522049 -23.006857 -73.431808
v 86.507469 -23.007000 -73.432816
v 86.516853 -23.006857 -73.421608
v 86.502678 -23.007000 -73.418060
v 86.515068 -23.006857 -73.410301
v 86.502678 -23.007000 -73.402542
v 86.516853 -23.006857 -73.398994
v 86.507469 -23.007000 -73.387787
v 86.522049 -23.006857 -73.388802
v 86.516586 -23.007000 -73.375244
v 86.530144 -23.006857 -73.380707
v 86.529137 -23.007000 -73.366119
v 86.540344 -23.006857 -73.375504
v 86.543892 -23.007000 -73.361328
v 86.551651 -23.006857 -73.373718
v 86.559410 -23.007000 -73.361328
v 86.562958 -23.006857 -73.375504
v 86.574165 -23.007000 -73.366119
v 86.573151 -23.006857 -73.380707
v 86.586708 -23.007000 -73.375244
v 86.581245 -23.006857 -73.388802
v 86.595833 -23.007000 -73.387787
v 86.586449 -23.006857 -73.398994
v 86.600624 -23.007000 -73.402542
v 86.588234 -23.006857 -73.410301
v 86.600624 -23.007000 -73.418060
v 86.912804 -23.437098 -73.353096
v 86.605247 -23.007259 -73.392883
v 86.608002 -23.007259 -73.410301
v 86.877449 -23.437098 -73.244301
v 86.597237 -23.007259 -73.377182
v 86.810211 -23.437098 -73.151741
v 86.584770 -23.007259 -73.364716
v 86.717651 -23.437098 -73.084503
v 86.569069 -23.007259 -73.356705
v 86.608849 -23.437098 -73.049149
v 86.551651 -23.007259 -73.353951
v 86.494453 -23.437098 -73.049149
v 86.534241 -23.007259 -73.356705
v 86.385643 -23.437098 -73.084503
v 86.518532 -23.007259 -73.364716
v 86.293091 -23.437098 -73.151741
v 86.506058 -23.007259 -73.377182
v 86.225853 -23.437098 -73.244301
v 86.498055 -23.007259 -73.392883
v 86.190498 -23.437098 -73.353096
v 86.495300 -23.007259 -73.410301
v 86.190498 -23.437098 -73.467499
v 86.498055 -23.007259 -73.427711
v 86.225853 -23.437098 -73.576309
v 86.506058 -23.007259 -73.443420
v 86.293091 -23.437098 -73.668861
v 86.518532 -23.007259 -73.455894
v 86.385643 -23.437098 -73.736099
v 86.534241 -23.007259 -73.463898
v 86.494453 -23.437098 -73.771454
v 86.551651 -23.007259 -73.466652
v 86.608849 -23.437098 -73.771454
v 86.569069 -23.007259 -73.463898
v 86.717651 -23.437098 -73.736099
v 86.584770 -23.007259 -73.455894
v 86.810211 -23.437098 -73.668861
v 86.597237 -23.007259 -73.443420
v 86.877449 -23.437098 -73.576309
v 86.605247 -23.007259 -73.427711
v 86.912804 -23.437098 -73.467499
v 88.745811 -26.021032 -73.062782
v 87.782013 -24.725811 -73.010529
v 87.845329 -24.725811 -73.410301
v 88.531029 -26.021032 -72.401756
v 87.598259 -24.725811 -72.649895
v 88.122498 -26.021032 -71.839455
v 87.312057 -24.725811 -72.363693
v 87.560196 -26.021032 -71.430923
v 86.951424 -24.725811 -72.179939
v 86.899170 -26.021032 -71.216141
v 86.551651 -24.725811 -72.116623
v 86.204132 -26.021032 -71.216141
v 86.151886 -24.725811 -72.179939
v 85.543114 -26.021032 -71.430923
v 85.791245 -24.725811 -72.363693
v 84.980812 -26.021032 -71.839455
v 85.505043 -24.725811 -72.649895
v 84.572273 -26.021032 -72.401756
v 85.321289 -24.725811 -73.010529
v 84.357498 -26.021032 -73.062782
v 85.257973 -24.725811 -73.410301
v 84.357498 -26.021032 -73.757820
v 85.321289 -24.725811 -73.810066
v 84.572273 -26.021032 -74.418839
v 85.505043 -24.725811 -74.170708
v 84.980812 -26.021032 -74.981140
v 85.791245 -24.725811 -74.456909
v 85.543114 -26.021032 -75.389679
v 86.151886 -24.725811 -74.640663
v 86.204132 -26.021032 -75.604454
v 86.551651 -24.725811 -74.703979
v 86.899170 -26.021032 -75.604454
v 86.951424 -24.725811 -74.640663
v 87.560196 -26.021032 -75.389679
v 87.312057 -24.725811 -74.456909
v 88.122498 -26.021032 -74.981140
v 87.598259 -24.725811 -74.170708
v 88.531029 -26.021032 -74.418846
v 87.782013 -24.725811 -73.810066
v 88.745811 -26.021032 -73.757820
v 88.599281 -26.470392 -71.922615
v 88.958786 -26.470392 -72.628174
v 88.806625 -26.498737 -74.559265
v 88.341209 -26.498737 -75.199860
v 87.700615 -26.498737 -75.665276
v 86.947556 -26.498737 -75.909958
v 86.155746 -26.498737 -75.909958
v 85.402687 -26.498737 -75.665276
v 84.762093 -26.498737 -75.199860
v 84.296677 -26.498737 -74.559265
v 84.051994 -26.498737 -73.806206
v 84.051994 -26.498737 -73.014397
v 84.296677 -26.498737 -72.261337
v 84.762100 -26.498737 -71.620743
v 85.402687 -26.498737 -71.155334
v 86.155746 -26.498737 -70.910645
v 86.947556 -26.498737 -70.910645
v 87.700615 -26.498737 -71.155334
v 88.341202 -26.498737 -71.620743
v 88.806618 -26.498737 -72.261337
v 89.051308 -26.498737 -73.014397
v 89.051308 -26.498737 -73.806206
v 88.054962 -26.500652 -74.176277
v 87.744690 -26.500652 -74.603340
v 87.317627 -26.500652 -74.913620
v 86.815590 -26.500652 -75.076736
v 86.287712 -26.500652 -75.076736
v 85.785675 -26.500652 -74.913612
v 85.358612 -26.500652 -74.603340
v 85.048340 -26.500652 -74.176277
v 84.885216 -26.500652 -73.674240
v 84.885216 -26.500652 -73.146362
v 85.048340 -26.500652 -72.644325
v 85.358612 -26.500652 -72.217262
v 85.785675 -26.500652 -71.906990
v 86.287712 -26.500652 -71.743866
v 86.815590 -26.500652 -71.743866
v 87.317627 -26.500652 -71.906990
v 87.744682 -26.500652 -72.217262
v 88.054962 -26.500652 -72.644325
v 88.218086 -26.500652 -73.146362
v 88.218086 -26.500652 -73.674240
v 86.585121 -23.006857 -73.427353
v 86.578217 -23.006857 -73.436867
v 86.568703 -23.006857 -73.443771
v 86.557526 -23.006857 -73.447403
v 86.545769 -23.006857 -73.447403
v 86.534599 -23.006857 -73.443771
v 86.525085 -23.006857 -73.436867
v 86.518181 -23.006857 -73.427353
v 86.514549 -23.006857 -73.416176
v 86.514549 -23.006857 -73.404427
v 86.518181 -23.006857 -73.393250
v 86.525085 -23.006857 -73.383736
v 86.534599 -23.006857 -73.376831
v 86.545769 -23.006857 -73.373199
v 86.557526 -23.006857 -73.373199
v 86.568703 -23.006857 -73.376831
v 86.578217 -23.006857 -73.383736
v 86.585121 -23.006857 -73.393250
v 86.588753 -23.006857 -73.404427
v 86.588753 -23.006857 -73.416176
v 86.607300 -23.007259 -73.401482
v 86.601852 -23.007259 -73.384720
v 86.591492 -23.007259 -73.370461
v 86.577232 -23.007259 -73.360100
v 86.560471 -23.007259 -73.354652
v 86.542839 -23.007259 -73.354652
v 86.526070 -23.007259 -73.360100
v 86.511810 -23.007259 -73.370461
v 86.501442 -23.007259 -73.384720
v 86.496002 -23.007259 -73.401482
v 86.496002 -23.007259 -73.419113
v 86.501442 -23.007259 -73.435883
v 86.511810 -23.007259 -73.450142
v 86.526070 -23.007259 -73.460510
v 86.542839 -23.007259 -73.465950
v 86.560471 -23.007259 -73.465950
v 86.577232 -23.007259 -73.460510
v 86.591492 -23.007259 -73.450142
v 86.601852 -23.007259 -73.435883
v 86.607300 -23.007259 -73.419113
v 87.829308 -24.725811 -73.207939
v 87.704239 -24.725811 -72.823029
v 87.466347 -24.725811 -72.495605
v 87.138924 -24.725811 -72.257713
v 86.754013 -24.725811 -72.132645
v 86.349289 -24.725811 -72.132645
v 85.964378 -24.725811 -72.257713
v 85.636955 -24.725811 -72.495605
v 85.399063 -24.725811 -72.823029
v 85.273994 -24.725811 -73.207939
v 85.273994 -24.725811 -73.612663
v 85.399063 -24.725811 -73.997574
v 85.636955 -24.725811 -74.324997
v 85.964378 -24.725811 -74.562889
v 86.349289 -24.725811 -74.687958
v 86.754013 -24.725811 -74.687958
v 87.138924 -24.725811 -74.562889
v 87.466347 -24.725811 -74.325005
v 87.704239 -24.725811 -73.997574
v 87.829308 -24.725811 -73.612663
v 88.806618 -26.470392 -72.261337
v 88.341202 -26.470392 -71.620743
v 87.700615 -26.470392 -71.155334
v 86.947556 -26.470392 -70.910645
v 86.155746 -26.470392 -70.910645
v 85.402687 -26.470392 -71.155334
v 84.762100 -26.470392 -71.620743
v 84.296677 -26.470392 -72.261337
v 84.051994 -26.470392 -73.014397
v 84.051994 -26.470392 -73.806206
v 84.296677 -26.470392 -74.559265
v 84.762093 -26.470392 -75.199860
v 85.402687 -26.470392 -75.665276
v 86.155746 -26.470392 -75.909958
v 86.947556 -26.470392 -75.909958
v 87.700615 -26.470392 -75.665276
v 88.341209 -26.470392 -75.199860
v 88.806625 -26.470392 -74.559265
v 89.051308 -26.470392 -73.806206
v 89.051308 -26.470392 -73.014397
v 88.109375 -24.898951 -73.916435
v 87.876732 -24.898951 -74.373032
v 87.514381 -24.898951 -74.735374
v 87.057785 -24.898951 -74.968025
v 86.551651 -24.898951 -75.048187
v 86.045517 -24.898951 -74.968025
v 85.588921 -24.898951 -74.735374
v 85.226570 -24.898951 -74.373032
v 84.993927 -24.898951 -73.916435
v 84.913765 -24.898951 -73.410301
v 84.993927 -24.898951 -72.904167
v 85.226570 -24.898951 -72.447571
v 85.588921 -24.898951 -72.085220
v 86.045517 -24.898951 -71.852577
v 86.551651 -24.898949 -71.772415
v 87.057785 -24.898951 -71.852577
v 87.514381 -24.898951 -72.085220
v 87.876732 -24.898951 -72.447571
v 88.109375 -24.898951 -72.904167
v 88.189537 -24.898951 -73.410301
v 86.586334 -22.374811 -73.421570
v 86.581154 -22.374811 -73.431732
v 86.573082 -22.374811 -73.439804
v 86.562920 -22.374811 -73.444984
v 86.551651 -22.374811 -73.446770
v 86.540382 -22.374811 -73.444984
v 86.530220 -22.374811 -73.439804
v 86.522148 -22.374811 -73.431732
v 86.516968 -22.374811 -73.421570
v 86.515182 -22.374811 -73.410301
v 86.516968 -22.374811 -73.399033
v 86.522148 -22.374811 -73.388870
v 86.530220 -22.374811 -73.380798
v 86.540382 -22.374811 -73.375618
v 86.551651 -22.374811 -73.373833
v 86.562920 -22.374811 -73.375618
v 86.573082 -22.374811 -73.380798
v 86.581154 -22.374811 -73.388870
v 86.586334 -22.374811 -73.399033
v 86.588120 -22.374811 -73.410301
v 86.551651 -24.899296 -73.410301
v 86.551651 -22.374737 -73.410301
v 86.815887 -22.685621 -73.410301
v 86.802956 -22.685621 -73.328644
v 86.765427 -22.685621 -73.254990
v 86.706963 -22.685621 -73.196526
v 86.633308 -22.685621 -73.158997
v 86.551651 -22.685621 -73.146065
v 86.469994 -22.685621 -73.158997
v 86.396332 -22.685621 -73.196526
v 86.337883 -22.685621 -73.254990
v 86.300346 -22.685621 -73.328644
v 86.287415 -22.685621 -73.410301
v 86.300346 -22.685621 -73.491959
v 86.337883 -22.685621 -73.565620
v 86.396332 -22.685621 -73.624069
v 86.469994 -22.685621 -73.661606
v 86.551651 -22.685621 -73.674538
v 86.633308 -22.685621 -73.661606
v 86.706963 -22.685621 -73.624069
v 86.765427 -22.685621 -73.565620
v 86.802956 -22.685621 -73.491959
v 88.156998 -24.552732 -73.410301
v 88.078430 -24.552732 -72.914223
v 87.850403 -24.552732 -72.466705
v 87.495247 -24.552732 -72.111549
v 87.047729 -24.552732 -71.883522
v 86.551651 -24.552732 -71.804955
v 86.055573 -24.552732 -71.883522
v 85.608047 -24.552732 -72.111549
v 85.252899 -24.552732 -72.466705
v 85.024872 -24.552732 -72.914223
v 84.946304 -24.552732 -73.410301
v 85.024872 -24.552732 -73.906380
v 85.252899 -24.552732 -74.353905
v 85.608047 -24.552732 -74.709053
v 86.055573 -24.552732 -74.937080
v 86.551651 -24.552732 -75.015648
v 87.047729 -24.552732 -74.937080
v 87.495255 -24.552732 -74.709053
v 87.850403 -24.552732 -74.353905
v 88.078430 -24.552732 -73.906380
v 88.291008 -24.892105 -72.845146
v 88.031235 -24.892105 -72.335320
v 87.626633 -24.892105 -71.930717
v 87.116798 -24.892103 -71.670944
v 86.551651 -24.892103 -71.581436
v 85.986504 -24.892103 -71.670944
v 85.476669 -24.892105 -71.930717
v 85.072067 -24.892105 -72.335320
v 84.812294 -24.892105 -72.845146
v 84.722786 -24.892105 -73.410301
v 84.812294 -24.892105 -73.975449
v 85.072067 -24.892105 -74.485283
v 85.476669 -24.892105 -74.889885
v 85.986504 -24.892105 -75.149658
v 86.551651 -24.892105 -75.239166
v 87.116798 -24.892105 -75.149658
v 87.626633 -24.892105 -74.889885
v 88.031235 -24.892105 -74.485283
v 88.291008 -24.892105 -73.975449
v 88.380516 -24.892105 -73.410301
v 87.626633 -24.877434 -71.930717
v 87.116798 -24.877434 -71.670944
v 86.551651 -24.877434 -71.581436
v 85.986504 -24.877434 -71.670944
v 85.476669 -24.877434 -71.930717
v 85.072067 -24.877434 -72.335320
v 84.812294 -24.877434 -72.845146
v 84.722786 -24.877434 -73.410301
v 84.812294 -24.877434 -73.975449
v 85.072067 -24.877434 -74.485283
v 85.476669 -24.877434 -74.889885
v 85.986504 -24.877434 -75.149658
v 86.551651 -24.877434 -75.239166
v 87.116798 -24.877434 -75.149658
v 87.626633 -24.877434 -74.889885
v 88.031235 -24.877434 -74.485283
v 88.291008 -24.877434 -73.975449
v 88.380516 -24.877434 -73.410301
v 87.985527 -24.898796 -74.140900
v 88.291008 -24.897913 -73.975449
v 88.031235 -24.897913 -74.485283
v 88.181061 -24.892105 -74.240524
v 87.689583 -24.898796 -74.548233
v 87.626633 -24.897913 -74.889885
v 87.844757 -24.892105 -74.703407
v 87.282249 -24.898796 -74.844177
v 87.116798 -24.897913 -75.149658
v 87.381874 -24.892105 -75.039711
v 86.803398 -24.898796 -74.999771
v 86.551651 -24.897913 -75.239166
v 86.837723 -24.892105 -75.216507
v 86.299904 -24.898796 -74.999771
v 85.986504 -24.897913 -75.149658
v 86.265579 -24.892105 -75.216507
v 85.821053 -24.898796 -74.844177
v 85.476669 -24.897913 -74.889885
v 85.721428 -24.892105 -75.039711
v 85.413719 -24.898796 -74.548233
v 85.072067 -24.897913 -74.485283
v 85.258545 -24.892105 -74.703407
v 85.117775 -24.898796 -74.140900
v 84.812294 -24.897913 -73.975449
v 84.922241 -24.892105 -74.240524
v 84.962189 -24.898796 -73.662048
v 84.722786 -24.897913 -73.410301
v 84.745438 -24.892105 -73.696373
v 84.962189 -24.898796 -73.158554
v 84.812294 -24.897913 -72.845146
v 84.745438 -24.892105 -73.124229
v 85.117775 -24.898796 -72.679703
v 85.072067 -24.897913 -72.335320
v 84.922241 -24.892105 -72.580078
v 85.413719 -24.898796 -72.272369
v 85.476669 -24.897913 -71.930717
v 85.258545 -24.892105 -72.117195
v 85.821053 -24.898796 -71.976425
v 85.986504 -24.897913 -71.670944
v 85.721428 -24.892103 -71.780891
v 86.299904 -24.898796 -71.820839
v 86.551651 -24.897913 -71.581436
v 86.265579 -24.892103 -71.604088
v 86.803398 -24.898796 -71.820839
v 87.116798 -24.897913 -71.670944
v 86.837723 -24.892103 -71.604088
v 87.282249 -24.898796 -71.976425
v 87.626633 -24.897913 -71.930717
v 87.381874 -24.892103 -71.780891
v 87.689583 -24.898796 -72.272369
v 88.031235 -24.897913 -72.335320
v 87.844757 -24.892105 -72.117195
v 87.985527 -24.898796 -72.679703
v 88.291008 -24.897913 -72.845146
v 88.181061 -24.892105 -72.580078
v 88.141113 -24.898796 -73.158554
v 88.380516 -24.897913 -73.410301
v 88.357864 -24.892105 -73.124229
v 88.141113 -24.898796 -73.662048
v 88.357864 -24.892105 -73.696373
v 87.512314 -24.899296 -74.108261
v 87.680969 -24.899296 -73.777237
v 87.249611 -24.899296 -74.370964
v 86.918587 -24.899296 -74.539619
v 86.551651 -24.899296 -74.597740
v 86.184715 -24.899296 -74.539619
v 85.853691 -24.899296 -74.370964
v 85.590988 -24.899296 -74.108261
v 85.422333 -24.899296 -73.777237
v 85.364212 -24.899296 -73.410301
v 85.422333 -24.899296 -73.043365
v 85.590988 -24.899296 -72.712341
v 85.853691 -24.899296 -72.449646
v 86.184715 -24.899296 -72.280983
v 86.551651 -24.899296 -72.222862
v 86.918587 -24.899296 -72.280983
v 87.249611 -24.899296 -72.449646
v 87.512306 -24.899296 -72.712341
v 87.680969 -24.899296 -73.043365
v 87.739090 -24.899296 -73.410301
v 86.583572 -22.374838 -73.426567
v 86.576797 -22.374737 -73.418472
v 86.573036 -22.374737 -73.425842
v 86.576981 -22.374838 -73.435638
v 86.567192 -22.374737 -73.431686
v 86.567917 -22.374838 -73.442223
v 86.559822 -22.374737 -73.435448
v 86.557259 -22.374838 -73.445686
v 86.551651 -22.374737 -73.436737
v 86.546043 -22.374838 -73.445686
v 86.543480 -22.374737 -73.435448
v 86.535385 -22.374838 -73.442223
v 86.536110 -22.374737 -73.431686
v 86.526314 -22.374838 -73.435638
v 86.530266 -22.374737 -73.425842
v 86.519730 -22.374838 -73.426567
v 86.526505 -22.374737 -73.418472
v 86.516266 -22.374838 -73.415909
v 86.525215 -22.374737 -73.410301
v 86.516266 -22.374838 -73.404694
v 86.526505 -22.374737 -73.402130
v 86.519730 -22.374838 -73.394035
v 86.530266 -22.374737 -73.394760
v 86.526314 -22.374838 -73.384972
v 86.536110 -22.374737 -73.388916
v 86.535385 -22.374838 -73.378380
v 86.543480 -22.374737 -73.385155
v 86.546043 -22.374838 -73.374916
v 86.551651 -22.374737 -73.383865
v 86.557259 -22.374838 -73.374916
v 86.559822 -22.374737 -73.385155
v 86.567917 -22.374838 -73.378380
v 86.567192 -22.374737 -73.388916
v 86.576981 -22.374838 -73.384972
v 86.573036 -22.374737 -73.394760
v 86.583572 -22.374838 -73.394035
v 86.576797 -22.374737 -73.402130
v 86.587036 -22.374838 -73.404694
v 86.578087 -22.374737 -73.410301
v 86.587036 -22.374838 -73.415909
v 86.812614 -22.685621 -73.368973
v 86.590378 -22.375027 -73.397720
v 86.592369 -22.375027 -73.410301
v 86.787071 -22.685621 -73.290352
v 86.584595 -22.375027 -73.386368
v 86.738480 -22.685621 -73.223473
v 86.575584 -22.375027 -73.377357
v 86.671600 -22.685621 -73.174881
v 86.564232 -22.375027 -73.371574
v 86.592979 -22.685621 -73.149338
v 86.551651 -22.375027 -73.369583
v 86.510323 -22.685621 -73.149338
v 86.539070 -22.375027 -73.371574
v 86.431702 -22.685621 -73.174881
v 86.527718 -22.375027 -73.377357
v 86.364822 -22.685621 -73.223473
v 86.518707 -22.375027 -73.386368
v 86.316231 -22.685621 -73.290352
v 86.512924 -22.375027 -73.397720
v 86.290688 -22.685621 -73.368973
v 86.510933 -22.375027 -73.410301
v 86.290688 -22.685621 -73.451630
v 86.512924 -22.375027 -73.422890
v 86.316231 -22.685621 -73.530251
v 86.518707 -22.375027 -73.434235
v 86.364822 -22.685621 -73.597130
v 86.527718 -22.375027 -73.443245
v 86.431702 -22.685621 -73.645721
v 86.539070 -22.375027 -73.449028
v 86.510323 -22.685621 -73.671265
v 86.551651 -22.375027 -73.451019
v 86.592979 -22.685621 -73.671265
v 86.564232 -22.375027 -73.449028
v 86.671600 -22.685621 -73.645721
v 86.575584 -22.375027 -73.443245
v 86.738480 -22.685621 -73.597130
v 86.584595 -22.375027 -73.434235
v 86.787071 -22.685621 -73.530251
v 86.590378 -22.375027 -73.422890
v 86.812614 -22.685621 -73.451630
v 88.137115 -24.552732 -73.159187
v 87.440697 -23.616827 -73.121429
v 87.486443 -23.616827 -73.410301
v 87.981918 -24.552732 -72.681541
v 87.307915 -23.616827 -72.860840
v 87.686714 -24.552732 -72.275238
v 87.101105 -23.616827 -72.654037
v 87.280411 -24.552732 -71.980034
v 86.840523 -23.616827 -72.521263
v 86.802765 -24.552732 -71.824837
v 86.551651 -23.616827 -72.475510
v 86.300537 -24.552732 -71.824837
v 86.262787 -23.616827 -72.521255
v 85.822891 -24.552732 -71.980034
v 86.002197 -23.616827 -72.654037
v 85.416588 -24.552732 -72.275238
v 85.795387 -23.616827 -72.860840
v 85.121384 -24.552732 -72.681541
v 85.662613 -23.616827 -73.121429
v 84.966187 -24.552732 -73.159187
v 85.616859 -23.616827 -73.410301
v 84.966187 -24.552732 -73.661415
v 85.662613 -23.616827 -73.699165
v 85.121384 -24.552732 -74.139061
v 85.795387 -23.616827 -73.959755
v 85.416588 -24.552732 -74.545364
v 86.002197 -23.616827 -74.166565
v 85.822891 -24.552732 -74.840569
v 86.262787 -23.616827 -74.299339
v 86.300537 -24.552732 -74.995766
v 86.551651 -23.616827 -74.345093
v 86.802765 -24.552732 -74.995766
v 86.840523 -23.616827 -74.299339
v 87.280411 -24.552732 -74.840569
v 87.101105 -23.616827 -74.166565
v 87.686714 -24.552732 -74.545364
v 87.307915 -23.616827 -73.959755
v 87.981918 -24.552732 -74.139061
v 87.440697 -23.616827 -73.699165
v 88.137115 -24.552732 -73.661415
v 88.031235 -24.877434 -72.335320
v 88.291008 -24.877434 -72.845146
v 88.181061 -24.897913 -74.240524
v 87.844757 -24.897913 -74.703407
v 87.381874 -24.897913 -75.039711
v 86.837723 -24.897913 -75.216507
v 86.265579 -24.897913 -75.216507
v 85.721428 -24.897913 -75.039711
v 85.258545 -24.897913 -74.703407
v 84.922241 -24.897913 -74.240524
v 84.745438 -24.897913 -73.696373
v 84.745438 -24.897913 -73.124229
v 84.922241 -24.897913 -72.580078
v 85.258545 -24.897913 -72.117195
v 85.721428 -24.897913 -71.780891
v 86.265579 -24.897913 -71.604088
v 86.837723 -24.897913 -71.604088
v 87.381874 -24.897913 -71.780891
v 87.844757 -24.897913 -72.117195
v 88.181061 -24.897913 -72.580078
v 88.357864 -24.897913 -73.124229
v 88.357864 -24.897913 -73.696373
v 87.637924 -24.899296 -73.963783
v 87.413719 -24.899296 -74.272369
v 87.105133 -24.899296 -74.496574
v 86.742363 -24.899296 -74.614441
v 86.360931 -24.899296 -74.614441
v 85.998169 -24.899296 -74.496574
v 85.689583 -24.899296 -74.272369
v 85.465378 -24.899296 -73.963783
v 85.347511 -24.899296 -73.601021
v 85.347511 -24.899296 -73.219589
v 85.465378 -24.899296 -72.856819
v 85.689583 -24.899296 -72.548233
v 85.998169 -24.899296 -72.324028
v 86.360931 -24.899296 -72.206161
v 86.742363 -24.899296 -72.206161
v 87.105133 -24.899296 -72.324028
v 87.413719 -24.899296 -72.548233
v 87.637917 -24.899296 -72.856819
v 87.755791 -24.899296 -73.219589
v 87.755791 -24.899296 -73.601021
v 86.575836 -22.374737 -73.422623
v 86.570847 -22.374737 -73.429497
v 86.563972 -22.374737 -73.434486
v 86.555901 -22.374737 -73.437111
v 86.547401 -22.374737 -73.437111
v 86.539330 -22.374737 -73.434486
v 86.532455 -22.374737 -73.429497
v 86.527466 -22.374737 -73.422623
v 86.524841 -22.374737 -73.414543
v 86.524841 -22.374737 -73.406052
v 86.527466 -22.374737 -73.397980
v 86.532455 -22.374737 -73.391113
v 86.539330 -22.374737 -73.386116
v 86.547401 -22.374737 -73.383492
v 86.555901 -22.374737 -73.383492
v 86.563972 -22.374737 -73.386116
v 86.570847 -22.374737 -73.391113
v 86.575836 -22.374737 -73.397980
v 86.578461 -22.374737 -73.406052
v 86.578461 -22.374737 -73.414543
v 86.591866 -22.375027 -73.403931
v 86.587929 -22.375027 -73.391815
v 86.580437 -22.375027 -73.381516
v 86.570137 -22.375027 -73.374023
v 86.558022 -22.375027 -73.370087
v 86.545280 -22.375027 -73.370087
v 86.533165 -22.375027 -73.374023
v 86.522858 -22.375027 -73.381516
v 86.515373 -22.375027 -73.391815
v 86.511436 -22.375027 -73.403931
v 86.511436 -22.375027 -73.416672
v 86.515373 -22.375027 -73.428787
v 86.522858 -22.375027 -73.439095
v 86.533165 -22.375027 -73.446579
v 86.545280 -22.375027 -73.450516
v 86.558022 -22.375027 -73.450516
v 86.570137 -22.375027 -73.446579
v 86.580437 -22.375027 -73.439095
v 86.587929 -22.375027 -73.428787
v 86.591866 -22.375027 -73.416672
v 87.474861 -23.616827 -73.264084
v 87.384491 -23.616827 -72.985947
v 87.212593 -23.616827 -72.749359
v 86.976006 -23.616827 -72.577461
v 86.697876 -23.616827 -72.487091
v 86.405426 -23.616827 -72.487091
v 86.127296 -23.616827 -72.577461
v 85.890701 -23.616827 -72.749359
v 85.718803 -23.616827 -72.985947
v 85.628441 -23.616827 -73.264076
v 85.628441 -23.616827 -73.556526
v 85.718803 -23.616827 -73.834656
v 85.890701 -23.616827 -74.071251
v 86.127296 -23.616827 -74.243149
v 86.405426 -23.616827 -74.333511
v 86.697876 -23.616827 -74.333511
v 86.976006 -23.616827 -74.243149
v 87.212593 -23.616827 -74.071251
v 87.384491 -23.616827 -73.834656
v 87.474861 -23.616827 -73.556526
v 88.181061 -24.877434 -72.580078
v 87.844757 -24.877434 -72.117195
v 87.381874 -24.877434 -71.780891
v 86.837723 -24.877434 -71.604088
v 86.265579 -24.877434 -71.604088
v 85.721428 -24.877434 -71.780891
v 85.258545 -24.877434 -72.117195
v 84.922241 -24.877434 -72.580078
v 84.745438 -24.877434 -73.124229
v 84.745438 -24.877434 -73.696373
v 84.922241 -24.877434 -74.240524
v 85.258545 -24.877434 -74.703407
v 85.721428 -24.877434 -75.039711
v 86.265579 -24.877434 -75.216507
v 86.837723 -24.877434 -75.216507
v 87.381874 -24.877434 -75.039711
v 87.844757 -24.877434 -74.703407
v 88.181061 -24.877434 -74.240524
v 88.357864 -24.877434 -73.696373
v 88.357864 -24.877434 -73.124229
vn 0.0175 -0.9998 -0.0057
vn 0.0151 -0.9999 -0.0077
vn 0.8876 -0.0882 -0.4522
vn 0.9474 -0.0881 -0.3076
vn 0.0148 -0.9998 -0.0108
vn 0.8059 -0.0882 -0.5855
vn 0.8090 -0.0000 -0.5878
vn 0.8910 -0.0000 -0.4540
vn 0.9511 -0.0000 -0.3090
vn 0.0120 -0.9999 -0.0120
vn 0.7044 -0.0882 -0.7043
vn 0.0108 -0.9998 -0.0148
vn 0.5856 -0.0882 -0.8058
vn 0.5878 -0.0000 -0.8090
vn 0.7071 -0.0000 -0.7071
vn 0.0077 -0.9999 -0.0152
vn 0.4522 -0.0882 -0.8875
vn 0.0057 -0.9998 -0.0174
vn 0.3079 -0.0881 -0.9473
vn 0.3090 -0.0000 -0.9511
vn 0.4540 -0.0000 -0.8910
vn 0.0027 -0.9999 -0.0168
vn 0.1558 -0.0882 -0.9838
vn -0.0000 -0.9998 -0.0183
vn 0.0001 -0.0882 -0.9961
vn -0.0000 -0.0000 -1.0000
vn 0.1564 -0.0000 -0.9877
vn -0.0027 -0.9999 -0.0168
vn -0.1558 -0.0882 -0.9838
vn -0.0057 -0.9998 -0.0174
vn -0.3077 -0.0881 -0.9474
vn -0.3090 -0.0000 -0.9511
vn -0.1564 -0.0000 -0.9877
vn -0.0077 -0.9999 -0.0152
vn -0.4522 -0.0882 -0.8875
vn -0.0108 -0.9998 -0.0148
vn -0.5854 -0.0881 -0.8059
vn -0.5878 -0.0000 -0.8090
vn -0.4540 -0.0000 -0.8910
vn -0.0120 -0.9999 -0.0120
vn -0.7043 -0.0882 -0.7044
vn -0.0148 -0.9998 -0.0108
vn -0.8058 -0.0881 -0.5855
vn -0.8090 -0.0000 -0.5878
vn -0.7071 -0.0000 -0.7071
vn -0.0151 -0.9999 -0.0077
vn -0.8875 -0.0882 -0.4522
vn -0.0175 -0.9998 -0.0057
vn -0.9473 -0.0881 -0.3079
vn -0.9511 -0.0000 -0.3090
vn -0.8910 -0.0000 -0.4540
vn -0.0168 -0.9999 -0.0027
vn -0.9838 -0.0882 -0.1558
vn -0.0183 -0.9998 -0.0000
vn -0.9961 -0.0882 -0.0001
vn -1.0000 -0.0000 -0.0000
vn -0.9877 -0.0000 -0.1564
vn -0.0168 -0.9999 0.0027
vn -0.9838 -0.0882 0.1558
vn -0.0174 -0.9998 0.0057
vn -0.9474 -0.0881 0.3077
vn -0.9511 -0.0000 0.3090
vn -0.9877 -0.0000 0.1564
vn -0.0151 -0.9999 0.0077
vn -0.8875 -0.0882 0.4522
vn -0.0148 -0.9998 0.0108
vn -0.8059 -0.0881 0.5854
vn -0.8090 -0.0000 0.5878
vn -0.8910 -0.0000 0.4540
vn -0.0120 -0.9999 0.0120
vn -0.7044 -0.0882 0.7043
vn -0.0108 -0.9998 0.0148
vn -0.5855 -0.0881 0.8058
vn -0.5878 -0.0000 0.8090
vn -0.7071 -0.0000 0.7071
vn -0.0077 -0.9999 0.0152
vn -0.4522 -0.0882 0.8875
vn -0.0057 -0.9998 0.0174
vn -0.3079 -0.0881 0.9473
vn -0.3090 -0.0000 0.9511
vn -0.4540 -0.0000 0.8910
vn -0.0027 -0.9999 0.0168
vn -0.1558 -0.0882 0.9838
vn -0.0000 -0.9998 0.0183
vn -0.0001 -0.0882 0.9961
vn -0.0000 -0.0000 1.0000
vn -0.1564 -0.0000 0.9877
vn 0.0027 -0.9999 0.0168
vn 0.1558 -0.0882 0.9838
vn 0.0057 -0.9998 0.0174
vn 0.3077 -0.0881 0.9474
vn 0.3090 -0.0000 0.9511
vn 0.1564 -0.0000 0.9877
vn 0.0077 -0.9999 0.0151
vn 0.4522 -0.0882 0.8875
vn 0.0108 -0.9998 0.0148
vn 0.5854 -0.0881 0.8059
vn 0.5878 -0.0000 0.8090
vn 0.4540 -0.0000 0.8910
vn 0.0120 -0.9999 0.0120
vn 0.7043 -0.0882 0.7044
vn 0.0149 -0.9998 0.0108
vn 0.8058 -0.0881 0.5855
vn 0.8090 -0.0000 0.5878
vn 0.7071 -0.0000 0.7071
vn 0.0151 -0.9999 0.0077
vn 0.8875 -0.0882 0.4522
vn 0.0175 -0.9998 0.0057
vn 0.9473 -0.0881 0.3079
vn 0.9511 -0.0000 0.3090
vn 0.8910 -0.0000 0.4540
vn 0.0168 -0.9999 0.0027
vn 0.9838 -0.0882 0.1558
vn 0.0183 -0.9998 -0.0000
vn 0.9961 -0.0882 0.0001
vn 1.0000 -0.0000 -0.0000
vn 0.9877 -0.0000 0.1564
vn 0.0168 -0.9999 -0.0027
vn 0.9838 -0.0882 -0.1558
vn 0.9877 -0.0000 -0.1564
vn 0.0024 -1.0000 -0.0012
vn 0.0015 -1.0000 -0.0011
vn 0.0017 -1.0000 -0.0006
vn -0.0000 -1.0000 -0.0000
vn 0.0019 -1.0000 -0.0019
vn 0.0011 -1.0000 -0.0015
vn 0.0012 -1.0000 -0.0024
vn 0.0006 -1.0000 -0.0018
vn 0.0004 -1.0000 -0.0026
vn -0.0000 -1.0000 -0.0018
vn -0.0004 -1.0000 -0.0026
vn -0.0006 -1.0000 -0.0017
vn -0.0012 -1.0000 -0.0024
vn -0.0011 -1.0000 -0.0015
vn -0.0019 -1.0000 -0.0019
vn -0.0015 -1.0000 -0.0011
vn -0.0024 -1.0000 -0.0012
vn -0.0017 -1.0000 -0.0006
vn -0.0026 -1.0000 -0.0004
vn -0.0018 -1.0000 -0.0000
vn -0.0026 -1.0000 0.0004
vn -0.0017 -1.0000 0.0006
vn -0.0024 -1.0000 0.0012
vn -0.0015 -1.0000 0.0011
vn -0.0019 -1.0000 0.0019
vn -0.0011 -1.0000 0.0015
vn -0.0012 -1.0000 0.0024
vn -0.0006 -1.0000 0.0017
vn -0.0004 -1.0000 0.0026
vn -0.0000 -1.0000 0.0018
vn 0.0004 -1.0000 0.0026
vn 0.0006 -1.0000 0.0017
vn 0.0012 -1.0000 0.0024
vn 0.0011 -1.0000 0.0015
vn 0.0019 -1.0000 0.0019
vn 0.0015 -1.0000 0.0011
vn 0.0024 -1.0000 0.0012
vn 0.0017 -1.0000 0.0006
vn 0.0026 -1.0000 0.0004
vn 0.0018 -1.0000 -0.0000
vn 0.0026 -1.0000 -0.0004
vn 0.0421 0.9990 -0.0137
vn 0.0366 0.9992 -0.0187
vn 0.0057 1.0000 -0.0029
vn 0.0044 1.0000 -0.0014
vn 0.0358 0.9990 -0.0260
vn 0.0037 1.0000 -0.0027
vn -0.0000 1.0000 -0.0000
vn 0.0290 0.9992 -0.0290
vn 0.0045 1.0000 -0.0045
vn 0.0260 0.9990 -0.0358
vn 0.0027 1.0000 -0.0037
vn 0.0187 0.9992 -0.0366
vn 0.0029 1.0000 -0.0057
vn 0.0137 0.9990 -0.0421
vn 0.0014 1.0000 -0.0043
vn 0.0064 0.9992 -0.0406
vn 0.0010 1.0000 -0.0064
vn -0.0000 0.9990 -0.0443
vn -0.0000 1.0000 -0.0045
vn -0.0064 0.9992 -0.0406
vn -0.0010 1.0000 -0.0064
vn -0.0137 0.9990 -0.0421
vn -0.0014 1.0000 -0.0043
vn -0.0187 0.9992 -0.0366
vn -0.0029 1.0000 -0.0057
vn -0.0260 0.9990 -0.0358
vn -0.0027 1.0000 -0.0037
vn -0.0291 0.9992 -0.0291
vn -0.0046 1.0000 -0.0045
vn -0.0358 0.9990 -0.0260
vn -0.0037 1.0000 -0.0027
vn -0.0366 0.9992 -0.0187
vn -0.0057 1.0000 -0.0029
vn -0.0421 0.9990 -0.0137
vn -0.0044 1.0000 -0.0014
vn -0.0406 0.9992 -0.0064
vn -0.0064 1.0000 -0.0010
vn -0.0443 0.9990 -0.0000
vn -0.0045 1.0000 -0.0000
vn -0.0406 0.9992 0.0064
vn -0.0064 1.0000 0.0010
vn -0.0421 0.9990 0.0137
vn -0.0044 1.0000 0.0014
vn -0.0366 0.9992 0.0187
vn -0.0057 1.0000 0.0029
vn -0.0358 0.9990 0.0260
vn -0.0037 1.0000 0.0027
vn -0.0291 0.9992 0.0291
vn -0.0046 1.0000 0.0045
vn -0.0260 0.9990 0.0358
vn -0.0027 1.0000 0.0037
vn -0.0187 0.9992 0.0366
vn -0.0029 1.0000 0.0057
vn -0.0137 0.9990 0.0421
vn -0.0014 1.0000 0.0043
vn -0.0064 0.9992 0.0406
vn -0.0010 1.0000 0.0064
vn -0.0000 0.9990 0.0443
vn -0.0000 1.0000 0.0045
vn 0.0064 0.9992 0.0406
vn 0.0010 1.0000 0.0064
vn 0.0137 0.9990 0.0421
vn 0.0014 1.0000 0.0043
vn 0.0187 0.9992 0.0366
vn 0.0029 1.0000 0.0057
vn 0.0260 0.9990 0.0358
vn 0.0027 1.0000 0.0037
vn 0.0291 0.9992 0.0291
vn 0.0045 1.0000 0.0045
vn 0.0358 0.9990 0.0260
vn 0.0037 1.0000 0.0027
vn 0.0366 0.9992 0.0187
vn 0.0057 1.0000 0.0029
vn 0.0421 0.9990 0.0137
vn 0.0044 1.0000 0.0014
vn 0.0406 0.9992 0.0064
vn 0.0064 1.0000 0.0010
vn 0.0443 0.9990 -0.0000
vn 0.0045 1.0000 -0.0000
vn 0.0406 0.9992 -0.0064
vn 0.0064 1.0000 -0.0010
vn -0.7044 0.0874 -0.7044
vn -0.5855 0.0874 -0.8059
vn -0.8059 0.0874 -0.5856
vn -0.4522 0.0874 -0.8876
vn -0.3078 0.0874 -0.9474
vn -0.1558 0.0874 -0.9839
vn -0.0000 0.0874 -0.9962
vn 0.1559 0.0874 -0.9839
vn 0.3078 0.0874 -0.9474
vn 0.4523 0.0874 -0.8876
vn 0.5855 0.0874 -0.8059
vn 0.7044 0.0874 -0.7044
vn 0.8059 0.0874 -0.5855
vn 0.8876 0.0874 -0.4522
vn 0.9474 0.0874 -0.3078
vn 0.9839 0.0874 -0.1558
vn 0.9962 0.0874 -0.0000
vn 0.9839 0.0874 0.1559
vn 0.9474 0.0874 0.3078
vn 0.8876 0.0874 0.4523
vn 0.8059 0.0874 0.5855
vn 0.7044 0.0874 0.7044
vn 0.5855 0.0874 0.8059
vn 0.4522 0.0874 0.8876
vn 0.3078 0.0874 0.9474
vn 0.1558 0.0874 0.9839
vn -0.0000 0.0874 0.9962
vn -0.1559 0.0874 0.9839
vn -0.3078 0.0874 0.9474
vn -0.4523 0.0874 0.8876
vn -0.5855 0.0874 0.8059
vn -0.7044 0.0874 0.7044
vn -0.8059 0.0874 0.5855
vn -0.8876 0.0874 0.4522
vn -0.9474 0.0874 0.3078
vn -0.9839 0.0874 0.1558
vn -0.9962 0.0874 -0.0000
vn -0.9839 0.0874 -0.1559
vn -0.9474 0.0874 -0.3078
vn -0.8876 0.0874 -0.4523
vn 0.0029 -1.0000 -0.0009
vn 0.0025 -1.0000 -0.0013
vn 0.0323 -0.9993 -0.0164
vn 0.0344 -0.9993 -0.0112
vn 0.0021 -1.0000 -0.0015
vn 0.0292 -0.9993 -0.0213
vn 0.0018 -1.0000 -0.0018
vn 0.0256 -0.9993 -0.0256
vn 0.0015 -1.0000 -0.0021
vn 0.0212 -0.9993 -0.0292
vn 0.0013 -1.0000 -0.0025
vn 0.0165 -0.9993 -0.0322
vn 0.0008 -1.0000 -0.0024
vn 0.0112 -0.9993 -0.0344
vn 0.0004 -1.0000 -0.0028
vn 0.0057 -0.9993 -0.0358
vn -0.0000 -1.0000 -0.0025
vn -0.0000 -0.9993 -0.0362
vn -0.0004 -1.0000 -0.0028
vn -0.0056 -0.9993 -0.0358
vn -0.0009 -1.0000 -0.0029
vn -0.0112 -0.9993 -0.0344
vn -0.0013 -1.0000 -0.0025
vn -0.0164 -0.9993 -0.0323
vn -0.0015 -1.0000 -0.0021
vn -0.0213 -0.9993 -0.0292
vn -0.0018 -1.0000 -0.0018
vn -0.0256 -0.9993 -0.0256
vn -0.0024 -1.0000 -0.0018
vn -0.0293 -0.9993 -0.0212
vn -0.0025 -1.0000 -0.0013
vn -0.0323 -0.9993 -0.0165
vn -0.0029 -1.0000 -0.0009
vn -0.0344 -0.9993 -0.0112
vn -0.0028 -1.0000 -0.0004
vn -0.0358 -0.9993 -0.0057
vn -0.0025 -1.0000 -0.0000
vn -0.0362 -0.9993 -0.0000
vn -0.0028 -1.0000 0.0004
vn -0.0358 -0.9993 0.0056
vn -0.0029 -1.0000 0.0009
vn -0.0344 -0.9993 0.0112
vn -0.0025 -1.0000 0.0013
vn -0.0323 -0.9993 0.0164
vn -0.0021 -1.0000 0.0015
vn -0.0292 -0.9993 0.0213
vn -0.0018 -1.0000 0.0018
vn -0.0256 -0.9993 0.0256
vn -0.0015 -1.0000 0.0021
vn -0.0212 -0.9993 0.0293
vn -0.0013 -1.0000 0.0025
vn -0.0165 -0.9993 0.0323
vn -0.0009 -1.0000 0.0029
vn -0.0112 -0.9993 0.0344
vn -0.0004 -1.0000 0.0028
vn -0.0056 -0.9993 0.0358
vn -0.0000 -1.0000 0.0025
vn -0.0000 -0.9993 0.0362
vn 0.0004 -1.0000 0.0028
vn 0.0056 -0.9993 0.0358
vn 0.0008 -1.0000 0.0024
vn 0.0112 -0.9993 0.0344
vn 0.0013 -1.0000 0.0025
vn 0.0164 -0.9993 0.0323
vn 0.0015 -1.0000 0.0021
vn 0.0213 -0.9993 0.0292
vn 0.0018 -1.0000 0.0018
vn 0.0256 -0.9993 0.0256
vn 0.0021 -1.0000 0.0015
vn 0.0293 -0.9993 0.0212
vn 0.0025 -1.0000 0.0013
vn 0.0323 -0.9993 0.0165
vn 0.0029 -1.0000 0.0009
vn 0.0344 -0.9993 0.0112
vn 0.0028 -1.0000 0.0004
vn 0.0358 -0.9993 0.0057
vn 0.0025 -1.0000 -0.0000
vn 0.0362 -0.9993 -0.0000
vn 0.0028 -1.0000 -0.0004
vn 0.0358 -0.9993 -0.0056
vn 0.0005 -1.0000 -0.0003
vn 0.0001 -1.0000 -0.0001
vn 0.0004 -1.0000 -0.0001
vn 0.0004 -1.0000 -0.0004
vn 0.0003 -1.0000 -0.0004
vn 0.0003 -1.0000 -0.0005
vn 0.0001 -1.0000 -0.0004
vn 0.0001 -1.0000 -0.0006
vn -0.0000 -1.0000 -0.0005
vn -0.0001 -1.0000 -0.0006
vn -0.0000 -1.0000 -0.0001
vn -0.0003 -1.0000 -0.0005
vn -0.0001 -1.0000 -0.0001
vn -0.0004 -1.0000 -0.0004
vn -0.0005 -1.0000 -0.0003
vn -0.0004 -1.0000 -0.0001
vn -0.0006 -1.0000 -0.0001
vn -0.0005 -1.0000 -0.0000
vn -0.0006 -1.0000 0.0001
vn -0.0001 -1.0000 -0.0000
vn -0.0005 -1.0000 0.0003
vn -0.0001 -1.0000 0.0001
vn -0.0004 -1.0000 0.0004
vn -0.0003 -1.0000 0.0005
vn -0.0000 -1.0000 0.0001
vn -0.0001 -1.0000 0.0006
vn -0.0000 -1.0000 0.0005
vn 0.0001 -1.0000 0.0006
vn 0.0001 -1.0000 0.0004
vn 0.0003 -1.0000 0.0005
vn 0.0001 -1.0000 0.0001
vn 0.0004 -1.0000 0.0004
vn 0.0005 -1.0000 0.0003
vn 0.0001 -1.0000 -0.0000
vn 0.0006 -1.0000 0.0001
vn 0.0005 -1.0000 -0.0000
vn 0.0006 -1.0000 -0.0001
vn 0.0230 0.9997 -0.0074
vn 0.0199 0.9998 -0.0101
vn 0.0031 1.0000 -0.0016
vn 0.0024 1.0000 -0.0007
vn 0.0195 0.9997 -0.0142
vn 0.0020 1.0000 -0.0015
vn 0.0159 0.9997 -0.0159
vn 0.0025 1.0000 -0.0025
vn 0.0142 0.9997 -0.0195
vn 0.0015 1.0000 -0.0021
vn 0.0102 0.9997 -0.0200
vn 0.0016 1.0000 -0.0032
vn 0.0074 0.9997 -0.0229
vn 0.0008 1.0000 -0.0024
vn 0.0035 0.9998 -0.0221
vn 0.0006 1.0000 -0.0035
vn -0.0000 0.9997 -0.0241
vn -0.0000 1.0000 -0.0025
vn -0.0035 0.9997 -0.0221
vn -0.0006 1.0000 -0.0035
vn -0.0075 0.9997 -0.0230
vn -0.0008 1.0000 -0.0024
vn -0.0102 0.9997 -0.0199
vn -0.0016 1.0000 -0.0031
vn -0.0142 0.9997 -0.0195
vn -0.0015 1.0000 -0.0020
vn -0.0159 0.9997 -0.0159
vn -0.0025 1.0000 -0.0025
vn -0.0196 0.9997 -0.0142
vn -0.0020 1.0000 -0.0015
vn -0.0199 0.9997 -0.0102
vn -0.0031 1.0000 -0.0016
vn -0.0230 0.9997 -0.0075
vn -0.0024 1.0000 -0.0008
vn -0.0221 0.9997 -0.0035
vn -0.0035 1.0000 -0.0007
vn -0.0241 0.9997 -0.0000
vn -0.0025 1.0000 -0.0000
vn -0.0221 0.9997 0.0034
vn -0.0035 1.0000 0.0006
vn -0.0230 0.9997 0.0075
vn -0.0024 1.0000 0.0008
vn -0.0199 0.9997 0.0102
vn -0.0031 1.0000 0.0016
vn -0.0195 0.9997 0.0142
vn -0.0020 1.0000 0.0014
vn -0.0158 0.9997 0.0158
vn -0.0025 1.0000 0.0025
vn -0.0142 0.9997 0.0195
vn -0.0015 1.0000 0.0020
vn -0.0102 0.9997 0.0199
vn -0.0016 1.0000 0.0031
vn -0.0074 0.9997 0.0229
vn -0.0008 1.0000 0.0024
vn -0.0035 0.9997 0.0222
vn -0.0005 1.0000 0.0035
vn -0.0000 0.9997 0.0242
vn -0.0000 1.0000 0.0025
vn 0.0035 0.9997 0.0222
vn 0.0006 1.0000 0.0035
vn 0.0075 0.9997 0.0230
vn 0.0008 1.0000 0.0024
vn 0.0102 0.9997 0.0199
vn 0.0016 1.0000 0.0032
vn 0.0142 0.9997 0.0195
vn 0.0015 1.0000 0.0020
vn 0.0159 0.9997 0.0159
vn 0.0025 1.0000 0.0025
vn 0.0195 0.9997 0.0142
vn 0.0020 1.0000 0.0015
vn 0.0199 0.9997 0.0102
vn 0.0032 1.0000 0.0016
vn 0.0229 0.9997 0.0074
vn 0.0024 1.0000 0.0008
vn 0.0221 0.9997 0.0035
vn 0.0035 1.0000 0.0006
vn 0.0241 0.9997 -0.0000
vn 0.0025 1.0000 0.0001
vn 0.0221 0.9997 -0.0035
vn 0.0035 1.0000 -0.0005
vn 0.7719 0.5842 0.2508
vn 0.8016 0.5842 0.1270
vn 0.8004 0.5859 0.1268
vn 0.7707 0.5859 0.2504
vn 0.8116 0.5842 -0.0000
vn 0.8104 0.5859 -0.0000
vn 0.6566 0.5842 0.4770
vn 0.7231 0.5842 0.3685
vn 0.7221 0.5859 0.3679
vn 0.6556 0.5859 0.4763
vn 0.4770 0.5842 0.6566
vn 0.5739 0.5842 0.5739
vn 0.5730 0.5859 0.5731
vn 0.4763 0.5859 0.6556
vn 0.2508 0.5842 0.7719
vn 0.3685 0.5842 0.7231
vn 0.3679 0.5858 0.7221
vn 0.2504 0.5859 0.7707
vn -0.0000 0.5842 0.8116
vn 0.1270 0.5842 0.8016
vn 0.1268 0.5859 0.8004
vn -0.0000 0.5859 0.8104
vn -0.2508 0.5842 0.7719
vn -0.1270 0.5842 0.8016
vn -0.1268 0.5859 0.8004
vn -0.2504 0.5859 0.7707
vn -0.4770 0.5842 0.6566
vn -0.3685 0.5842 0.7231
vn -0.3679 0.5858 0.7221
vn -0.4763 0.5859 0.6556
vn -0.6566 0.5842 0.4770
vn -0.5739 0.5842 0.5739
vn -0.5730 0.5859 0.5730
vn -0.6556 0.5859 0.4763
vn -0.7719 0.5842 0.2508
vn -0.7231 0.5842 0.3685
vn -0.7221 0.5859 0.3679
vn -0.7707 0.5859 0.2504
vn -0.8116 0.5842 -0.0000
vn -0.8016 0.5842 0.1270
vn -0.8004 0.5859 0.1268
vn -0.8104 0.5859 -0.0000
vn -0.7719 0.5842 -0.2508
vn -0.8016 0.5842 -0.1270
vn -0.8004 0.5859 -0.1267
vn -0.7707 0.5859 -0.2504
vn -0.6566 0.5842 -0.4770
vn -0.7231 0.5842 -0.3685
vn -0.7221 0.5859 -0.3679
vn -0.6556 0.5859 -0.4763
vn -0.4770 0.5842 -0.6566
vn -0.5739 0.5842 -0.5739
vn -0.5730 0.5859 -0.5731
vn -0.4763 0.5859 -0.6556
vn -0.2508 0.5842 -0.7719
vn -0.3685 0.5842 -0.7231
vn -0.3679 0.5859 -0.7221
vn -0.2504 0.5859 -0.7707
vn -0.0000 0.5842 -0.8116
vn -0.1270 0.5842 -0.8016
vn -0.1267 0.5858 -0.8005
vn -0.0000 0.5859 -0.8104
vn 0.2508 0.5842 -0.7719
vn 0.1270 0.5842 -0.8016
vn 0.1268 0.5859 -0.8004
vn 0.2504 0.5859 -0.7707
vn 0.4770 0.5842 -0.6566
vn 0.3684 0.5842 -0.7231
vn 0.3680 0.5858 -0.7221
vn 0.4763 0.5859 -0.6556
vn 0.6566 0.5842 -0.4770
vn 0.5739 0.5842 -0.5739
vn 0.5730 0.5859 -0.5731
vn 0.6556 0.5859 -0.4763
vn 0.7719 0.5842 -0.2508
vn 0.7231 0.5842 -0.3685
vn 0.7221 0.5859 -0.3679
vn 0.7707 0.5859 -0.2504
vn 0.8016 0.5842 -0.1270
vn 0.8004 0.5859 -0.1268
vn 0.7765 0.5774 0.2523
vn 0.8064 0.5773 0.1277
vn 0.8025 0.5829 0.1271
vn 0.7728 0.5829 0.2511
vn 0.8165 0.5774 -0.0000
vn 0.8122 0.5834 -0.0000
vn 0.6606 0.5773 0.4799
vn 0.7275 0.5773 0.3707
vn 0.7240 0.5829 0.3689
vn 0.6573 0.5830 0.4776
vn 0.4799 0.5774 0.6605
vn 0.5774 0.5773 0.5774
vn 0.5743 0.5833 0.5743
vn 0.4775 0.5831 0.6573
vn 0.2523 0.5774 0.7765
vn 0.3707 0.5773 0.7275
vn 0.3688 0.5831 0.7239
vn 0.2511 0.5830 0.7727
vn -0.0000 0.5774 0.8165
vn 0.1277 0.5773 0.8064
vn 0.1271 0.5829 0.8025
vn -0.0000 0.5834 0.8122
vn -0.2523 0.5774 0.7765
vn -0.1277 0.5773 0.8064
vn -0.1271 0.5833 0.8022
vn -0.2511 0.5830 0.7727
vn -0.4799 0.5774 0.6605
vn -0.3707 0.5773 0.7275
vn -0.3689 0.5829 0.7240
vn -0.4774 0.5834 0.6571
vn -0.6605 0.5774 0.4799
vn -0.5774 0.5773 0.5774
vn -0.5743 0.5833 0.5743
vn -0.6571 0.5834 0.4774
vn -0.7765 0.5773 0.2523
vn -0.7275 0.5773 0.3707
vn -0.7240 0.5829 0.3689
vn -0.7727 0.5831 0.2510
vn -0.8165 0.5774 -0.0000
vn -0.8064 0.5773 0.1277
vn -0.8025 0.5829 0.1271
vn -0.8125 0.5830 -0.0000
vn -0.7765 0.5774 -0.2523
vn -0.8065 0.5773 -0.1277
vn -0.8024 0.5831 -0.1271
vn -0.7727 0.5830 -0.2511
vn -0.6605 0.5774 -0.4799
vn -0.7275 0.5773 -0.3707
vn -0.7239 0.5831 -0.3688
vn -0.6573 0.5831 -0.4775
vn -0.4799 0.5774 -0.6605
vn -0.5774 0.5773 -0.5774
vn -0.5745 0.5829 -0.5745
vn -0.4774 0.5834 -0.6571
vn -0.2523 0.5774 -0.7765
vn -0.3707 0.5773 -0.7275
vn -0.3688 0.5831 -0.7239
vn -0.2510 0.5831 -0.7727
vn -0.0000 0.5774 -0.8165
vn -0.1277 0.5773 -0.8065
vn -0.1271 0.5829 -0.8025
vn -0.0000 0.5830 -0.8125
vn 0.2523 0.5774 -0.7765
vn 0.1277 0.5773 -0.8064
vn 0.1271 0.5831 -0.8024
vn 0.2511 0.5830 -0.7727
vn 0.4799 0.5774 -0.6605
vn 0.3707 0.5773 -0.7275
vn 0.3688 0.5831 -0.7239
vn 0.4775 0.5831 -0.6573
vn 0.6605 0.5774 -0.4799
vn 0.5774 0.5773 -0.5774
vn 0.5743 0.5833 -0.5743
vn 0.6573 0.5831 -0.4775
vn 0.7765 0.5774 -0.2523
vn 0.7275 0.5773 -0.3707
vn 0.7240 0.5829 -0.3689
vn 0.7728 0.5829 -0.2511
vn 0.8064 0.5773 -0.1277
vn 0.8024 0.5831 -0.1271
vn 0.7451 0.5484 0.3797
vn 0.6765 0.5484 0.4915
vn 0.7953 0.5484 0.2584
vn 0.5913 0.5484 0.5913
vn 0.4915 0.5484 0.6765
vn 0.3796 0.5484 0.7451
vn 0.2584 0.5484 0.7953
vn 0.1308 0.5484 0.8259
vn 0.0001 0.5484 0.8362
vn -0.1308 0.5484 0.8259
vn -0.2585 0.5484 0.7952
vn -0.3797 0.5484 0.7451
vn -0.4915 0.5484 0.6765
vn -0.5913 0.5484 0.5913
vn -0.6765 0.5484 0.4915
vn -0.7451 0.5484 0.3796
vn -0.7952 0.5484 0.2585
vn -0.8259 0.5484 0.1308
vn -0.8362 0.5484 -0.0000
vn -0.8259 0.5484 -0.1308
vn -0.7953 0.5484 -0.2584
vn -0.7451 0.5484 -0.3797
vn -0.6765 0.5484 -0.4915
vn -0.5913 0.5484 -0.5913
vn -0.4915 0.5484 -0.6765
vn -0.3796 0.5484 -0.7451
vn -0.2584 0.5484 -0.7953
vn -0.1308 0.5484 -0.8259
vn -0.0000 0.5484 -0.8362
vn 0.1308 0.5484 -0.8259
vn 0.2584 0.5484 -0.7953
vn 0.3796 0.5484 -0.7451
vn 0.4914 0.5484 -0.6766
vn 0.5913 0.5484 -0.5913
vn 0.6765 0.5484 -0.4915
vn 0.7451 0.5484 -0.3796
vn 0.7953 0.5484 -0.2584
vn 0.8259 0.5484 -0.1308
vn 0.8362 0.5484 -0.0000
vn 0.8259 0.5484 0.1308
vn 0.0322 -0.9993 -0.0165
vn 0.0016 -1.0000 -0.0016
vn 0.0255 -0.9993 -0.0257
vn 0.0018 -1.0000 -0.0024
vn 0.0212 -0.9993 -0.0293
vn 0.0165 -0.9993 -0.0323
vn 0.0111 -0.9993 -0.0344
vn -0.0058 -0.9993 -0.0358
vn -0.0008 -1.0000 -0.0024
vn -0.5878 -0.0001 -0.8090
vn -0.0256 -0.9993 -0.0257
vn -0.0021 -1.0000 -0.0015
vn -0.0323 -0.9993 -0.0164
vn -0.0344 -0.9993 -0.0111
vn -0.0358 -0.9993 -0.0056
vn -0.0024 -1.0000 0.0008
vn -0.0255 -0.9993 0.0257
vn -0.0018 -1.0000 0.0024
vn -0.0008 -1.0000 0.0024
vn -0.0057 -0.9993 0.0358
vn 0.0009 -1.0000 0.0029
vn 0.0024 -1.0000 0.0008
vn 0.0004 -1.0000 -0.0003
vn -0.0001 -1.0000 -0.0004
vn -0.0003 -1.0000 -0.0004
vn -0.0004 -1.0000 -0.0003
vn -0.0004 -1.0000 0.0001
vn -0.0004 -1.0000 0.0003
vn -0.0003 -1.0000 0.0004
vn -0.0001 -1.0000 0.0004
vn 0.0003 -1.0000 0.0004
vn 0.0004 -1.0000 0.0003
vn 0.0004 -1.0000 0.0001
vn 0.0229 0.9997 -0.0075
vn 0.0200 0.9997 -0.0102
vn 0.0032 1.0000 -0.0016
vn 0.0024 1.0000 -0.0008
vn 0.0020 1.0000 -0.0014
vn 0.0158 0.9997 -0.0158
vn 0.0141 0.9997 -0.0194
vn 0.0015 1.0000 -0.0020
vn 0.0101 0.9998 -0.0199
vn 0.0016 1.0000 -0.0031
vn 0.0008 1.0000 -0.0023
vn 0.0035 0.9998 -0.0220
vn -0.0035 0.9998 -0.0221
vn -0.0006 1.0000 -0.0034
vn -0.0074 0.9997 -0.0229
vn -0.0008 1.0000 -0.0023
vn -0.0101 0.9998 -0.0199
vn -0.0141 0.9997 -0.0194
vn -0.0158 0.9997 -0.0158
vn -0.0195 0.9997 -0.0142
vn -0.0200 0.9997 -0.0102
vn -0.0032 1.0000 -0.0017
vn -0.0229 0.9997 -0.0074
vn -0.0024 1.0000 -0.0007
vn -0.0221 0.9998 -0.0035
vn -0.0035 1.0000 -0.0004
vn -0.0221 0.9998 0.0035
vn -0.0035 1.0000 0.0004
vn -0.0230 0.9997 0.0074
vn -0.0200 0.9997 0.0102
vn -0.0032 1.0000 0.0017
vn -0.0021 1.0000 0.0015
vn -0.0158 0.9998 0.0158
vn -0.0025 1.0000 0.0024
vn -0.0141 0.9997 0.0194
vn -0.0101 0.9998 0.0199
vn -0.0008 1.0000 0.0023
vn -0.0035 0.9998 0.0220
vn -0.0006 1.0000 0.0035
vn -0.0000 0.9997 0.0241
vn 0.0035 0.9998 0.0221
vn 0.0006 1.0000 0.0034
vn 0.0074 0.9997 0.0229
vn 0.0008 1.0000 0.0023
vn 0.0102 0.9997 0.0200
vn 0.0158 0.9997 0.0158
vn 0.0025 1.0000 0.0024
vn 0.0020 1.0000 0.0014
vn 0.0200 0.9997 0.0102
vn 0.0229 0.9997 0.0075
vn 0.0221 0.9998 0.0035
vn 0.0035 1.0000 0.0007
vn 0.0025 1.0000 -0.0000
vn 0.0221 0.9997 -0.0036
vn 0.0035 1.0000 -0.0007
vn 0.3679 0.5859 0.7221
vn -0.3679 0.5859 0.7221
vn -0.5731 0.5859 0.5730
vn -0.8004 0.5859 -0.1268
vn -0.2504 0.5859 -0.7708
vn 0.2504 0.5860 -0.7707
vn 0.3685 0.5842 -0.7231
vn 0.3680 0.5859 -0.7220
vn 0.5730 0.5859 -0.5730
vn 0.7727 0.5831 0.2511
vn 0.8125 0.5830 -0.0000
vn 0.7237 0.5833 0.3687
vn 0.6571 0.5834 0.4774
vn 0.5745 0.5831 0.5745
vn 0.1271 0.5833 0.8022
vn -0.0000 0.5830 0.8125
vn -0.1271 0.5829 0.8025
vn -0.4799 0.5773 0.6606
vn -0.3688 0.5831 0.7239
vn -0.4776 0.5830 0.6573
vn -0.6573 0.5830 0.4776
vn -0.7765 0.5774 0.2523
vn -0.7237 0.5833 0.3687
vn -0.8024 0.5831 0.1271
vn -0.8064 0.5773 -0.1277
vn -0.8025 0.5829 -0.1271
vn -0.7237 0.5833 -0.3687
vn -0.6573 0.5830 -0.4776
vn -0.5746 0.5829 -0.5746
vn -0.4776 0.5830 -0.6573
vn -0.3687 0.5833 -0.7237
vn -0.2511 0.5830 -0.7727
vn -0.1277 0.5773 -0.8064
vn 0.2523 0.5773 -0.7765
vn 0.1271 0.5829 -0.8025
vn 0.4774 0.5834 -0.6571
vn 0.5745 0.5829 -0.5745
vn 0.7728 0.5828 -0.2511
vn 0.8025 0.5829 -0.1271
vn -0.0000 0.5484 0.8362
vn -0.2583 0.5484 0.7953
vn -0.4914 0.5484 0.6765
vn -0.6764 0.5484 0.4916
vn -0.7953 0.5484 0.2584
vn 0.3797 0.5484 -0.7451
vn 0.4915 0.5484 -0.6765
vn 0.7953 0.5484 -0.2585
vn 0.0024 -1.0000 -0.0008
vn 0.0020 -1.0000 -0.0020
vn 0.0018 -1.0000 -0.0025
vn 0.0009 -1.0000 -0.0029
vn 0.0004 -1.0000 -0.0023
vn 0.0056 -0.9993 -0.0358
vn -0.0000 -1.0000 -0.0030
vn -0.0020 -1.0000 -0.0020
vn -0.0257 -0.9993 -0.0255
vn -0.0025 -1.0000 -0.0018
vn -0.0023 -1.0000 -0.0004
vn -0.0026 -1.0000 -0.0000
vn -0.0025 -1.0000 0.0018
vn -0.0000 -1.0000 0.0030
vn 0.0020 -1.0000 0.0020
vn 0.0257 -0.9993 0.0255
vn 0.0323 -0.9993 0.0164
vn 0.0026 -1.0000 -0.0000
vn 0.0229 0.9997 -0.0076
vn 0.0031 1.0000 -0.0017
vn 0.0195 0.9997 -0.0141
vn 0.0020 1.0000 -0.0016
vn 0.0158 0.9998 -0.0158
vn 0.0101 0.9998 -0.0198
vn 0.0016 1.0000 -0.0030
vn -0.0000 1.0000 -0.0026
vn -0.0006 1.0000 -0.0036
vn -0.0008 1.0000 -0.0025
vn -0.0016 1.0000 -0.0032
vn -0.0158 0.9998 -0.0158
vn -0.0021 1.0000 -0.0016
vn -0.0199 0.9998 -0.0101
vn -0.0229 0.9997 -0.0075
vn -0.0220 0.9998 -0.0036
vn -0.0035 1.0000 -0.0005
vn -0.0240 0.9997 -0.0000
vn -0.0220 0.9998 0.0036
vn -0.0229 0.9997 0.0076
vn -0.0199 0.9998 0.0101
vn -0.0141 0.9997 0.0195
vn -0.0015 1.0000 0.0021
vn -0.0016 1.0000 0.0032
vn -0.0075 0.9997 0.0230
vn -0.0008 1.0000 0.0025
vn -0.0035 0.9997 0.0221
vn -0.0000 1.0000 0.0026
vn 0.0101 0.9998 0.0199
vn 0.0016 1.0000 0.0031
vn 0.0141 0.9997 0.0196
vn 0.0158 0.9997 0.0159
vn 0.0195 0.9997 0.0141
vn 0.0199 0.9998 0.0101
vn 0.0031 1.0000 0.0015
vn 0.0024 1.0000 0.0007
vn 0.0035 1.0000 0.0005
vn 0.0240 0.9997 -0.0000
vn 0.0221 0.9998 -0.0035
vn 0.0034 1.0000 -0.0004
vn 0.5730 0.5858 0.5731
vn 0.4763 0.5858 0.6557
vn 0.2504 0.5858 0.7708
vn 0.1268 0.5858 0.8005
vn -0.0000 0.5858 0.8104
vn -0.1268 0.5858 0.8005
vn -0.6556 0.5859 -0.4764
vn -0.4764 0.5859 -0.6556
vn -0.1268 0.5859 -0.8004
vn -0.0000 0.5858 -0.8104
vn 0.1268 0.5858 -0.8005
vn 0.8016 0.5842 -0.1269
vn 0.7765 0.5773 0.2523
vn 0.8065 0.5773 0.1277
vn 0.7727 0.5830 0.2511
vn 0.6605 0.5774 0.4799
vn 0.6573 0.5831 0.4775
vn 0.4776 0.5830 0.6573
vn 0.3689 0.5829 0.7240
vn 0.2511 0.5831 0.7727
vn 0.1277 0.5773 0.8065
vn 0.1271 0.5831 0.8024
vn -0.2511 0.5831 0.7727
vn -0.6606 0.5773 0.4799
vn -0.5745 0.5829 0.5745
vn -0.6573 0.5831 0.4775
vn -0.7239 0.5831 0.3688
vn -0.7725 0.5834 -0.2510
vn -0.7240 0.5829 -0.3689
vn -0.5743 0.5833 -0.5743
vn -0.4775 0.5831 -0.6573
vn -0.3689 0.5829 -0.7240
vn -0.0000 0.5834 -0.8122
vn 0.3687 0.5833 -0.7237
vn 0.4776 0.5830 -0.6573
vn 0.7237 0.5833 -0.3687
vn 0.7727 0.5831 -0.2510
vn 0.7451 0.5484 0.3796
vn 0.6765 0.5484 0.4914
vn 0.4914 0.5484 0.6765
vn -0.2584 0.5484 0.7953
vn -0.3796 0.5484 0.7451
vn -0.7451 0.5484 -0.3796
vn -0.3797 0.5484 -0.7451
vn 0.6765 0.5484 -0.4914
vn 0.0024 -1.0000 -0.0018
vn -0.0024 -1.0000 -0.0008
vn -0.0030 -1.0000 -0.0000
vn -0.0020 -1.0000 0.0020
vn -0.0256 -0.9993 0.0257
vn -0.0018 -1.0000 0.0025
vn -0.0212 -0.9993 0.0292
vn -0.5878 0.0001 0.8090
vn -0.0165 -0.9993 0.0322
vn -0.4540 0.0001 0.8910
vn 0.0058 -0.9993 0.0358
vn 0.0165 -0.9993 0.0322
vn 0.0018 -1.0000 0.0025
vn 0.5878 0.0001 0.8090
vn 0.0256 -0.9993 0.0257
vn 0.0292 -0.9993 0.0212
vn 0.8090 0.0002 0.5878
vn 0.7070 -0.0004 0.7072
vn 0.8910 0.0001 0.4540
vn 0.0358 -0.9993 0.0056
vn 0.0030 -1.0000 -0.0000
vn -0.0002 -1.0000 -0.0002
vn 0.0002 -1.0000 0.0002
vn 0.0230 0.9997 -0.0075
vn 0.0023 1.0000 -0.0006
vn 0.0196 0.9997 -0.0143
vn 0.0025 1.0000 -0.0027
vn 0.0142 0.9997 -0.0194
vn 0.0075 0.9997 -0.0230
vn 0.0035 0.9997 -0.0221
vn 0.0006 1.0000 -0.0036
vn -0.0035 0.9998 -0.0219
vn -0.0005 1.0000 -0.0034
vn -0.0102 0.9997 -0.0201
vn -0.0142 0.9997 -0.0196
vn -0.0015 1.0000 -0.0021
vn -0.0158 0.9998 -0.0157
vn -0.0195 0.9997 -0.0141
vn -0.0020 1.0000 -0.0016
vn -0.0230 0.9997 -0.0076
vn -0.0242 0.9997 -0.0000
vn -0.0221 0.9997 0.0035
vn -0.0034 1.0000 0.0003
vn -0.0230 0.9997 0.0077
vn -0.0024 1.0000 0.0007
vn -0.0031 1.0000 0.0017
vn -0.0195 0.9997 0.0141
vn -0.0020 1.0000 0.0015
vn -0.0159 0.9998 0.0157
vn -0.0142 0.9997 0.0196
vn -0.0102 0.9997 0.0201
vn -0.0016 1.0000 0.0033
vn -0.0035 0.9998 0.0221
vn -0.0000 0.9997 0.0240
vn 0.0035 0.9998 0.0220
vn 0.0005 1.0000 0.0034
vn 0.0075 0.9997 0.0231
vn 0.0007 1.0000 0.0023
vn 0.0102 0.9997 0.0201
vn 0.0015 1.0000 0.0019
vn 0.0158 0.9998 0.0158
vn 0.0032 1.0000 0.0017
vn 0.0230 0.9997 0.0074
vn 0.0221 0.9998 0.0034
vn 0.0035 1.0000 0.0004
vn 0.0242 0.9997 -0.0000
vn 0.0221 0.9998 -0.0034
vn 0.0035 1.0000 -0.0002
vn 0.8004 0.5859 0.1267
vn 0.4763 0.5860 0.6556
vn 0.2507 0.5845 0.7717
vn 0.3684 0.5842 0.7231
vn 0.1267 0.5859 0.8004
vn -0.3684 0.5842 0.7232
vn -0.3680 0.5859 0.7221
vn -0.8016 0.5842 0.1269
vn -0.8004 0.5859 0.1267
vn -0.8016 0.5842 -0.1269
vn -0.5730 0.5859 -0.5730
vn -0.4763 0.5859 -0.6557
vn -0.3678 0.5858 -0.7221
vn -0.0000 0.5860 -0.8103
vn 0.3679 0.5859 -0.7220
vn 0.4763 0.5860 -0.6556
vn 0.6556 0.5859 -0.4764
vn 0.7232 0.5842 -0.3684
vn 0.8004 0.5859 -0.1267
vn 0.4774 0.5834 0.6571
vn -0.1277 0.5773 0.8065
vn -0.1271 0.5831 0.8024
vn -0.7727 0.5830 0.2511
vn -0.8065 0.5773 0.1277
vn -0.7765 0.5773 -0.2523
vn -0.8022 0.5833 -0.1271
vn -0.7728 0.5829 -0.2511
vn -0.7237 0.5833 -0.3688
vn -0.2523 0.5773 -0.7765
vn -0.1271 0.5831 -0.8024
vn 0.2511 0.5831 -0.7727
vn 0.3689 0.5829 -0.7240
vn 0.6606 0.5773 -0.4799
vn 0.7239 0.5831 -0.3688
vn 0.7725 0.5834 -0.2510
vn 0.8065 0.5773 -0.1277
vn -0.0001 0.5484 0.8362
vn -0.7451 0.5484 0.3797
vn -0.6766 0.5484 -0.4914
vn -0.4915 0.5484 -0.6766
vn 0.7451 0.5484 -0.3797
vt 0.726728 0.838370
vt 0.729271 0.836334
vt 0.730590 0.838373
vt 0.727560 0.840351
vt 0.731915 0.834454
vt 0.733351 0.835979
vt 0.723568 0.515934
vt 0.725781 0.515934
vt 0.725781 0.531044
vt 0.723568 0.531044
vt 0.721171 0.515934
vt 0.721171 0.531044
vt 0.733830 0.831802
vt 0.735771 0.833223
vt 0.735895 0.829259
vt 0.737795 0.830177
vt 0.727753 0.515934
vt 0.729439 0.515934
vt 0.729439 0.531044
vt 0.727753 0.531044
vt 0.644205 0.053633
vt 0.637716 0.067478
vt 0.626054 0.061536
vt 0.634990 0.046938
vt 0.630329 0.080865
vt 0.619497 0.077345
vt 0.746804 0.636634
vt 0.744407 0.636634
vt 0.744407 0.621523
vt 0.746804 0.621523
vt 0.730794 0.515934
vt 0.730794 0.531044
vt 0.628436 0.096037
vt 0.615509 0.093990
vt 0.625548 0.111052
vt 0.614158 0.111052
vt 0.741884 0.636634
vt 0.739297 0.636634
vt 0.739297 0.621523
vt 0.741884 0.621523
vt 0.628436 0.126067
vt 0.615509 0.128114
vt 0.630329 0.141239
vt 0.619497 0.144758
vt 0.799321 0.608431
vt 0.798904 0.609180
vt 0.798904 0.602967
vt 0.799321 0.602218
vt 0.799617 0.583816
vt 0.799273 0.583816
vt 0.799273 0.570613
vt 0.799617 0.570613
vt 0.637716 0.154626
vt 0.626054 0.160568
vt 0.644205 0.168471
vt 0.634990 0.175166
vt 0.796723 0.568379
vt 0.796365 0.568379
vt 0.796365 0.555176
vt 0.796723 0.555176
vt 0.798485 0.609837
vt 0.798485 0.603623
vt 0.655367 0.178920
vt 0.646112 0.188175
vt 0.665816 0.190082
vt 0.659121 0.199297
vt 0.796020 0.568379
vt 0.795697 0.568379
vt 0.795697 0.555176
vt 0.796020 0.555176
vt 0.679661 0.196571
vt 0.673719 0.208233
vt 0.693048 0.203957
vt 0.689528 0.214790
vt 0.795404 0.568379
vt 0.795148 0.568379
vt 0.795148 0.555176
vt 0.795404 0.555176
vt 0.708220 0.205850
vt 0.706173 0.218777
vt 0.723235 0.208738
vt 0.723235 0.220129
vt 0.794935 0.568379
vt 0.794770 0.568379
vt 0.794770 0.555176
vt 0.794935 0.555176
vt 0.738249 0.205850
vt 0.740297 0.218777
vt 0.753422 0.203957
vt 0.756941 0.214790
vt 0.791056 0.597525
vt 0.791371 0.597471
vt 0.791371 0.606217
vt 0.791056 0.606272
vt 0.790793 0.597762
vt 0.790793 0.606509
vt 0.766809 0.196571
vt 0.772751 0.208233
vt 0.780654 0.190082
vt 0.787349 0.199297
vt 0.791732 0.597602
vt 0.792128 0.597914
vt 0.792128 0.606660
vt 0.791732 0.606348
vt 0.791103 0.178920
vt 0.800358 0.188175
vt 0.802265 0.168470
vt 0.811480 0.175166
vt 0.792550 0.598400
vt 0.792988 0.599048
vt 0.792988 0.607794
vt 0.792550 0.607146
vt 0.808754 0.154626
vt 0.820415 0.160568
vt 0.816140 0.141239
vt 0.826973 0.144758
vt 0.793431 0.599842
vt 0.793868 0.600762
vt 0.793868 0.609509
vt 0.793431 0.608588
vt 0.818033 0.126067
vt 0.830960 0.128114
vt 0.820921 0.111052
vt 0.832312 0.111052
vt 0.783097 0.515934
vt 0.785684 0.515934
vt 0.785684 0.531044
vt 0.783097 0.531044
vt 0.780574 0.515934
vt 0.780574 0.531044
vt 0.818033 0.096037
vt 0.830960 0.093990
vt 0.816140 0.080865
vt 0.826973 0.077345
vt 0.788270 0.515934
vt 0.790794 0.515934
vt 0.790794 0.531044
vt 0.788270 0.531044
vt 0.808754 0.067478
vt 0.820415 0.061536
vt 0.802265 0.053633
vt 0.811480 0.046938
vt 0.701329 0.515934
vt 0.702683 0.515934
vt 0.702683 0.531044
vt 0.701329 0.531044
vt 0.793190 0.515934
vt 0.793190 0.531044
vt 0.704763 0.836125
vt 0.707095 0.837698
vt 0.705390 0.839923
vt 0.703033 0.837844
vt 0.709296 0.839442
vt 0.708095 0.841548
vt 0.704370 0.515934
vt 0.706342 0.515934
vt 0.706342 0.531044
vt 0.704370 0.531044
vt 0.712106 0.840119
vt 0.711084 0.842674
vt 0.714837 0.840993
vt 0.714282 0.843279
vt 0.708555 0.515934
vt 0.710952 0.515934
vt 0.710952 0.531044
vt 0.708555 0.531044
vt 0.717850 0.840706
vt 0.717612 0.843342
vt 0.720844 0.840623
vt 0.720989 0.842867
vt 0.713475 0.515934
vt 0.716061 0.515934
vt 0.716061 0.531044
vt 0.713475 0.531044
vt 0.723764 0.839402
vt 0.724333 0.841859
vt 0.718648 0.515934
vt 0.718648 0.531044
vt 0.726925 0.832709
vt 0.728526 0.830859
vt 0.724766 0.833698
vt 0.719594 0.821382
vt 0.730379 0.829276
vt 0.731412 0.827093
vt 0.658448 0.078041
vt 0.655880 0.089167
vt 0.665940 0.069424
vt 0.723235 0.111052
vt 0.651418 0.099677
vt 0.652414 0.111052
vt 0.651418 0.122427
vt 0.655880 0.132937
vt 0.658448 0.144063
vt 0.665940 0.152679
vt 0.671820 0.162467
vt 0.681607 0.168347
vt 0.690224 0.175839
vt 0.701350 0.178407
vt 0.711860 0.182869
vt 0.723235 0.181873
vt 0.734610 0.182869
vt 0.745120 0.178407
vt 0.756245 0.175839
vt 0.764862 0.168347
vt 0.774650 0.162467
vt 0.780530 0.152679
vt 0.788022 0.144063
vt 0.790590 0.132937
vt 0.795052 0.122427
vt 0.794056 0.111052
vt 0.795052 0.099677
vt 0.790590 0.089167
vt 0.788022 0.078041
vt 0.780530 0.069424
vt 0.710125 0.833742
vt 0.712128 0.834476
vt 0.708842 0.832070
vt 0.713921 0.835577
vt 0.716145 0.835599
vt 0.718272 0.836022
vt 0.720500 0.835331
vt 0.722753 0.835034
vt 0.981837 0.363384
vt 0.974450 0.376771
vt 0.953718 0.366208
vt 0.956286 0.355082
vt 0.967961 0.390616
vt 0.946227 0.374825
vt 0.888931 0.333197
vt 0.956800 0.401066
vt 0.940347 0.384613
vt 0.946350 0.412227
vt 0.930559 0.390493
vt 0.932505 0.418716
vt 0.921942 0.397985
vt 0.919118 0.426103
vt 0.910816 0.400552
vt 0.903946 0.427996
vt 0.900306 0.405014
vt 0.888931 0.430884
vt 0.888931 0.404018
vt 0.873917 0.427996
vt 0.877557 0.405014
vt 0.858744 0.426103
vt 0.867046 0.400552
vt 0.845357 0.418716
vt 0.855921 0.397985
vt 0.831513 0.412227
vt 0.847304 0.390493
vt 0.821063 0.401066
vt 0.837516 0.384613
vt 0.809901 0.390616
vt 0.831636 0.374825
vt 0.803412 0.376771
vt 0.824144 0.366208
vt 0.796026 0.363384
vt 0.821577 0.355082
vt 0.794133 0.348212
vt 0.817114 0.344572
vt 0.791245 0.333197
vt 0.818110 0.333197
vt 0.794133 0.318183
vt 0.817114 0.321823
vt 0.796026 0.303011
vt 0.821577 0.311313
vt 0.803412 0.289623
vt 0.824144 0.300187
vt 0.809901 0.275779
vt 0.831636 0.291570
vt 0.821063 0.265329
vt 0.837516 0.281782
vt 0.831513 0.254167
vt 0.847304 0.275902
vt 0.845357 0.247678
vt 0.855921 0.268410
vt 0.858744 0.240292
vt 0.867046 0.265843
vt 0.873917 0.238399
vt 0.877557 0.261380
vt 0.888931 0.235511
vt 0.888931 0.262376
vt 0.903946 0.238399
vt 0.900306 0.261380
vt 0.919118 0.240292
vt 0.910816 0.265843
vt 0.932505 0.247678
vt 0.921942 0.268410
vt 0.946350 0.254167
vt 0.930559 0.275902
vt 0.956799 0.265329
vt 0.940346 0.281782
vt 0.967961 0.275779
vt 0.946227 0.291570
vt 0.974450 0.289623
vt 0.953718 0.300187
vt 0.981837 0.303011
vt 0.956286 0.311313
vt 0.983730 0.318183
vt 0.960748 0.321823
vt 0.986618 0.333197
vt 0.959752 0.333197
vt 0.983730 0.348212
vt 0.960748 0.344572
vt 0.718648 0.576232
vt 0.716061 0.576232
vt 0.721171 0.576232
vt 0.812662 0.563137
vt 0.815185 0.563137
vt 0.815185 0.608351
vt 0.812662 0.608351
vt 0.810075 0.563137
vt 0.810075 0.608351
vt 0.713475 0.576232
vt 0.710952 0.576232
vt 0.807489 0.563137
vt 0.807489 0.608351
vt 0.804966 0.563137
vt 0.804966 0.608351
vt 0.708555 0.576232
vt 0.706342 0.576232
vt 0.802569 0.563137
vt 0.802569 0.608351
vt 0.800356 0.563137
vt 0.800356 0.608351
vt 0.704370 0.576232
vt 0.702683 0.576232
vt 0.798384 0.563137
vt 0.798384 0.608351
vt 0.796698 0.563137
vt 0.796698 0.608351
vt 0.793190 0.576232
vt 0.790794 0.576232
vt 0.701329 0.576232
vt 0.795343 0.563137
vt 0.795343 0.608351
vt 0.884808 0.563137
vt 0.887204 0.563137
vt 0.887204 0.608351
vt 0.884808 0.608351
vt 0.788270 0.576232
vt 0.785684 0.576232
vt 0.882285 0.563137
vt 0.882285 0.608351
vt 0.879698 0.563137
vt 0.879698 0.608351
vt 0.783097 0.576232
vt 0.780574 0.576232
vt 0.877111 0.563137
vt 0.877111 0.608351
vt 0.874588 0.563137
vt 0.874588 0.608351
vt 0.793431 0.634743
vt 0.792988 0.633949
vt 0.793868 0.635664
vt 0.872192 0.563137
vt 0.872192 0.608351
vt 0.869870 0.563137
vt 0.871224 0.563137
vt 0.871224 0.608351
vt 0.869870 0.608351
vt 0.792550 0.633301
vt 0.792128 0.632815
vt 0.868183 0.563137
vt 0.868183 0.608351
vt 0.866211 0.563137
vt 0.866211 0.608351
vt 0.791732 0.632503
vt 0.791371 0.632372
vt 0.863998 0.563137
vt 0.863998 0.608351
vt 0.861602 0.563137
vt 0.861602 0.608351
vt 0.791056 0.632427
vt 0.790793 0.632664
vt 0.859078 0.563137
vt 0.859078 0.608351
vt 0.856492 0.563137
vt 0.856492 0.608351
vt 0.794935 0.515692
vt 0.795148 0.515692
vt 0.794770 0.515692
vt 0.853905 0.563137
vt 0.853905 0.608351
vt 0.851382 0.563137
vt 0.851382 0.608351
vt 0.795404 0.515692
vt 0.795697 0.515692
vt 0.931541 0.512502
vt 0.933938 0.512502
vt 0.933938 0.557716
vt 0.931541 0.557716
vt 0.846772 0.563137
vt 0.848985 0.563137
vt 0.848985 0.608351
vt 0.846772 0.608351
vt 0.796020 0.515692
vt 0.796365 0.515692
vt 0.844800 0.563137
vt 0.844800 0.608351
vt 0.843114 0.563137
vt 0.843114 0.608351
vt 0.734187 0.621523
vt 0.731791 0.621523
vt 0.731791 0.576335
vt 0.734187 0.576335
vt 0.796723 0.515692
vt 0.841760 0.563137
vt 0.841760 0.608351
vt 0.828201 0.563240
vt 0.825805 0.563240
vt 0.825805 0.518026
vt 0.828201 0.518026
vt 0.736711 0.621523
vt 0.736711 0.576335
vt 0.739297 0.576335
vt 0.830725 0.563240
vt 0.830725 0.518026
vt 0.833311 0.563240
vt 0.833311 0.518026
vt 0.741884 0.576335
vt 0.744407 0.576335
vt 0.835898 0.563240
vt 0.835898 0.518026
vt 0.838421 0.563240
vt 0.838421 0.518026
vt 0.730794 0.576232
vt 0.729439 0.576232
vt 0.746804 0.576335
vt 0.840818 0.563240
vt 0.840818 0.518026
vt 0.823453 0.563137
vt 0.824808 0.563137
vt 0.824808 0.608351
vt 0.823453 0.608351
vt 0.727753 0.576232
vt 0.725781 0.576232
vt 0.821767 0.563137
vt 0.821767 0.608351
vt 0.819795 0.563137
vt 0.819795 0.608351
vt 0.723568 0.576232
vt 0.817582 0.563137
vt 0.817582 0.608351
vt 0.317108 0.865259
vt 0.328230 0.865259
vt 0.328230 0.989521
vt 0.317108 0.989521
vt 0.341240 0.865259
vt 0.341240 0.989521
vt 0.811808 0.410320
vt 0.800686 0.397311
vt 0.824817 0.421442
vt 0.218738 0.126237
vt 0.202929 0.126237
vt 0.202929 0.001975
vt 0.218738 0.001975
vt 0.308173 0.865259
vt 0.308173 0.989521
vt 0.839415 0.430378
vt 0.855225 0.436935
vt 0.252445 0.126237
vt 0.235383 0.126237
vt 0.235383 0.001975
vt 0.252445 0.001975
vt 0.871869 0.440923
vt 0.888931 0.442274
vt 0.286152 0.126237
vt 0.269507 0.126237
vt 0.269507 0.001975
vt 0.286152 0.001975
vt 0.905993 0.440923
vt 0.922638 0.436935
vt 0.187417 0.865259
vt 0.196353 0.865259
vt 0.196353 0.989521
vt 0.187417 0.989521
vt 0.301961 0.126237
vt 0.301961 0.001975
vt 0.938447 0.430378
vt 0.953045 0.421442
vt 0.163286 0.865259
vt 0.176296 0.865259
vt 0.176296 0.989521
vt 0.163286 0.989521
vt 0.966054 0.410320
vt 0.977176 0.397311
vt 0.132879 0.865259
vt 0.148688 0.865259
vt 0.148688 0.989521
vt 0.132879 0.989521
vt 0.986112 0.382713
vt 0.992669 0.366904
vt 0.099172 0.865259
vt 0.116235 0.865259
vt 0.116235 0.989521
vt 0.099172 0.989521
vt 0.996657 0.350259
vt 0.998008 0.333197
vt 0.065466 0.865259
vt 0.082110 0.865259
vt 0.082110 0.989521
vt 0.065466 0.989521
vt 0.996657 0.316135
vt 0.992669 0.299491
vt 0.035059 0.865259
vt 0.049656 0.865259
vt 0.049656 0.989521
vt 0.035059 0.989521
vt 0.986112 0.283681
vt 0.977176 0.269084
vt 0.010927 0.865259
vt 0.022049 0.865259
vt 0.022049 0.989521
vt 0.010927 0.989521
vt 0.966054 0.256074
vt 0.953045 0.244952
vt 0.592137 0.865259
vt 0.607947 0.865259
vt 0.607947 0.989521
vt 0.592137 0.989521
vt 0.001992 0.865259
vt 0.001992 0.989521
vt 0.938447 0.236017
vt 0.922638 0.229459
vt 0.558431 0.865259
vt 0.575493 0.865259
vt 0.575493 0.989521
vt 0.558431 0.989521
vt 0.905993 0.225472
vt 0.888931 0.224120
vt 0.524724 0.865259
vt 0.541369 0.865259
vt 0.541369 0.989521
vt 0.524724 0.989521
vt 0.871869 0.225472
vt 0.855225 0.229459
vt 0.493598 0.865259
vt 0.502534 0.865259
vt 0.502534 0.989521
vt 0.493598 0.989521
vt 0.508915 0.865259
vt 0.508915 0.989521
vt 0.839415 0.236017
vt 0.824817 0.244952
vt 0.469467 0.865259
vt 0.482476 0.865259
vt 0.482476 0.989521
vt 0.469467 0.989521
vt 0.811808 0.256074
vt 0.800686 0.269084
vt 0.439060 0.865259
vt 0.454869 0.865259
vt 0.454869 0.989521
vt 0.439060 0.989521
vt 0.791751 0.283681
vt 0.785193 0.299491
vt 0.238443 0.740487
vt 0.247706 0.739915
vt 0.248932 0.807375
vt 0.239669 0.807947
vt 0.422415 0.865259
vt 0.422415 0.989521
vt 0.781206 0.316135
vt 0.779854 0.333197
vt 0.371647 0.865259
vt 0.388291 0.865259
vt 0.388291 0.989521
vt 0.371647 0.989521
vt 0.405353 0.865259
vt 0.405353 0.989521
vt 0.781206 0.350259
vt 0.785193 0.366904
vt 0.355837 0.865259
vt 0.355837 0.989521
vt 0.791751 0.382713
vt 0.487721 0.191754
vt 0.469954 0.159552
vt 0.498005 0.145259
vt 0.513778 0.183287
vt 0.454345 0.126250
vt 0.476511 0.110146
vt 0.396522 0.395144
vt 0.396522 0.360031
vt 0.397355 0.360031
vt 0.397355 0.395144
vt 0.396522 0.433172
vt 0.397355 0.433172
vt 0.427497 0.101115
vt 0.449758 0.078853
vt 0.402361 0.074266
vt 0.418465 0.052101
vt 0.396522 0.328739
vt 0.396522 0.301986
vt 0.397355 0.301986
vt 0.397355 0.328739
vt 0.369059 0.058658
vt 0.383352 0.030607
vt 0.336858 0.040891
vt 0.345324 0.014834
vt 0.203275 0.530492
vt 0.203275 0.568520
vt 0.202441 0.568520
vt 0.202441 0.530492
vt 0.396522 0.280492
vt 0.397355 0.280492
vt 0.300363 0.036337
vt 0.305288 0.005242
vt 0.264246 0.029390
vt 0.264246 0.001992
vt 0.203275 0.608557
vt 0.203275 0.649598
vt 0.202441 0.649598
vt 0.202441 0.608557
vt 0.228130 0.036337
vt 0.223205 0.005242
vt 0.191635 0.040891
vt 0.183169 0.014834
vt 0.203275 0.690639
vt 0.203275 0.730675
vt 0.202441 0.730675
vt 0.202441 0.690639
vt 0.159434 0.058658
vt 0.145141 0.030607
vt 0.126132 0.074267
vt 0.110028 0.052101
vt 0.209045 0.998008
vt 0.209045 0.976514
vt 0.209879 0.976514
vt 0.209879 0.998008
vt 0.203275 0.768703
vt 0.202441 0.768703
vt 0.277037 0.730372
vt 0.292785 0.674270
vt 0.312232 0.688566
vt 0.291829 0.749137
vt 0.310030 0.619268
vt 0.328670 0.625079
vt 0.209045 0.949761
vt 0.209045 0.918469
vt 0.209879 0.918469
vt 0.209879 0.949761
vt 0.317823 0.561319
vt 0.340684 0.560213
vt 0.327376 0.503285
vt 0.348037 0.495572
vt 0.209045 0.883356
vt 0.209045 0.845328
vt 0.209879 0.845328
vt 0.209879 0.883356
vt 0.326451 0.449162
vt 0.350488 0.432762
vt 0.327376 0.393777
vt 0.348038 0.373296
vt 0.471333 0.082334
vt 0.471333 0.000000
vt 0.472343 0.000000
vt 0.472343 0.082334
vt 0.209045 0.805291
vt 0.209879 0.805291
vt 0.317823 0.348778
vt 0.340684 0.318689
vt 0.242395 0.768979
vt 0.248403 0.706040
vt 0.272100 0.736792
vt 0.269289 0.813527
vt 0.209045 0.723209
vt 0.209045 0.683172
vt 0.209879 0.683172
vt 0.209879 0.723209
vt 0.531346 0.610118
vt 0.531346 0.531996
vt 0.532357 0.531996
vt 0.532357 0.610118
vt 0.242395 0.627506
vt 0.269289 0.652762
vt 0.292785 0.269992
vt 0.277037 0.235379
vt 0.291829 0.196429
vt 0.312232 0.229160
vt 0.209045 0.645144
vt 0.209045 0.610031
vt 0.209879 0.610031
vt 0.209879 0.645144
vt 0.074148 0.402480
vt 0.100996 0.427615
vt 0.078735 0.449876
vt 0.051982 0.418584
vt 0.126132 0.454463
vt 0.110028 0.476629
vt 0.531346 0.174690
vt 0.531346 0.085145
vt 0.532357 0.085145
vt 0.532357 0.174690
vt 0.209045 0.578739
vt 0.209879 0.578739
vt 0.159434 0.470072
vt 0.145141 0.498123
vt 0.191635 0.487839
vt 0.183169 0.513896
vt 0.191628 0.768703
vt 0.191628 0.730675
vt 0.192461 0.730675
vt 0.192461 0.768703
vt 0.209045 0.551986
vt 0.209045 0.530492
vt 0.209879 0.530492
vt 0.209879 0.551986
vt 0.228130 0.492393
vt 0.223206 0.523488
vt 0.264246 0.499340
vt 0.264246 0.526738
vt 0.191628 0.690639
vt 0.191628 0.649598
vt 0.192461 0.649598
vt 0.192461 0.690639
vt 0.300363 0.492393
vt 0.305287 0.523488
vt 0.336858 0.487839
vt 0.345324 0.513896
vt 0.191628 0.608557
vt 0.191628 0.568520
vt 0.192461 0.568520
vt 0.192461 0.608557
vt 0.369059 0.470072
vt 0.383352 0.498123
vt 0.402361 0.454463
vt 0.418465 0.476629
vt 0.396522 0.748008
vt 0.396522 0.726514
vt 0.397355 0.726514
vt 0.397355 0.748008
vt 0.191628 0.530492
vt 0.192461 0.530492
vt 0.427496 0.427615
vt 0.449758 0.449876
vt 0.454345 0.402480
vt 0.476511 0.418584
vt 0.396522 0.699762
vt 0.396522 0.668469
vt 0.397355 0.668469
vt 0.397355 0.699762
vt 0.469953 0.369178
vt 0.498004 0.383471
vt 0.487721 0.336976
vt 0.513778 0.345443
vt 0.396522 0.633356
vt 0.396522 0.595328
vt 0.397355 0.595328
vt 0.397355 0.633356
vt 0.492274 0.300481
vt 0.523369 0.305406
vt 0.499221 0.264365
vt 0.526619 0.264365
vt 0.396522 0.555291
vt 0.396522 0.514250
vt 0.397355 0.514250
vt 0.397355 0.555291
vt 0.492274 0.228249
vt 0.523369 0.223324
vt 0.396522 0.473209
vt 0.397355 0.473209
vt 0.420085 0.184961
vt 0.402064 0.164234
vt 0.426261 0.211723
vt 0.264246 0.264365
vt 0.387921 0.140691
vt 0.364377 0.126547
vt 0.343650 0.108526
vt 0.316888 0.102350
vt 0.291607 0.091616
vt 0.264246 0.094013
vt 0.236886 0.091616
vt 0.211605 0.102350
vt 0.184843 0.108526
vt 0.164116 0.126547
vt 0.074148 0.126250
vt 0.100996 0.101115
vt 0.140572 0.140691
vt 0.126429 0.164234
vt 0.040772 0.191754
vt 0.058539 0.159552
vt 0.108408 0.184961
vt 0.102232 0.211723
vt 0.029272 0.264365
vt 0.036219 0.228249
vt 0.091498 0.237004
vt 0.093894 0.264365
vt 0.040772 0.336976
vt 0.036219 0.300481
vt 0.091498 0.291726
vt 0.102232 0.317007
vt 0.058539 0.369178
vt 0.108408 0.343769
vt 0.126429 0.364495
vt 0.140572 0.388039
vt 0.164116 0.402183
vt 0.184843 0.420204
vt 0.211605 0.426380
vt 0.236886 0.437113
vt 0.264246 0.434717
vt 0.291607 0.437113
vt 0.316888 0.426380
vt 0.343650 0.420204
vt 0.364377 0.402183
vt 0.387921 0.388039
vt 0.402064 0.364495
vt 0.343703 0.660794
vt 0.481521 0.760924
vt 0.467378 0.784468
vt 0.443834 0.798612
vt 0.420085 0.343769
vt 0.426261 0.317007
vt 0.436995 0.291726
vt 0.434599 0.264365
vt 0.436995 0.237004
vt 0.692856 0.265982
vt 0.692460 0.266698
vt 0.691350 0.266133
vt 0.691488 0.265537
vt 0.692113 0.267440
vt 0.690949 0.266594
vt 0.687881 0.264365
vt 0.691515 0.268000
vt 0.690634 0.267118
vt 0.690956 0.268597
vt 0.690110 0.267433
vt 0.690214 0.268945
vt 0.689648 0.267835
vt 0.689497 0.269340
vt 0.689053 0.267972
vt 0.688685 0.269442
vt 0.688490 0.268211
vt 0.687881 0.269596
vt 0.687881 0.268158
vt 0.687076 0.269442
vt 0.687271 0.268211
vt 0.686264 0.269340
vt 0.686709 0.267972
vt 0.685547 0.268945
vt 0.686113 0.267835
vt 0.684806 0.268597
vt 0.685651 0.267433
vt 0.684246 0.268000
vt 0.685127 0.267118
vt 0.683648 0.267440
vt 0.684812 0.266594
vt 0.683301 0.266698
vt 0.684411 0.266133
vt 0.682905 0.265982
vt 0.684273 0.265537
vt 0.682804 0.265169
vt 0.684034 0.264974
vt 0.682649 0.264365
vt 0.684088 0.264365
vt 0.682804 0.263561
vt 0.684034 0.263756
vt 0.682905 0.262748
vt 0.684273 0.263193
vt 0.683301 0.262031
vt 0.684411 0.262597
vt 0.683648 0.261290
vt 0.684812 0.262136
vt 0.684246 0.260730
vt 0.685127 0.261611
vt 0.684806 0.260133
vt 0.685651 0.261297
vt 0.685547 0.259785
vt 0.686113 0.260895
vt 0.686264 0.259390
vt 0.686709 0.260758
vt 0.687076 0.259288
vt 0.687271 0.260519
vt 0.687881 0.259133
vt 0.687881 0.260572
vt 0.688685 0.259288
vt 0.688490 0.260519
vt 0.689497 0.259390
vt 0.689053 0.260758
vt 0.690214 0.259785
vt 0.689648 0.260895
vt 0.690956 0.260133
vt 0.690110 0.261297
vt 0.691515 0.260730
vt 0.690634 0.261611
vt 0.692113 0.261290
vt 0.690949 0.262136
vt 0.692460 0.262031
vt 0.691350 0.262597
vt 0.692856 0.262748
vt 0.691488 0.263193
vt 0.692957 0.263561
vt 0.691727 0.263756
vt 0.693112 0.264365
vt 0.691673 0.264365
vt 0.692957 0.265169
vt 0.691727 0.264974
vt 0.789349 0.662458
vt 0.789423 0.663597
vt 0.780711 0.666520
vt 0.780699 0.666345
vt 0.789499 0.664765
vt 0.780722 0.666700
vt 0.693650 0.263451
vt 0.693722 0.264365
vt 0.693436 0.262560
vt 0.789214 0.660376
vt 0.789279 0.661375
vt 0.780689 0.666178
vt 0.780679 0.666024
vt 0.693085 0.261713
vt 0.692606 0.260931
vt 0.789106 0.658724
vt 0.789156 0.659486
vt 0.780670 0.665887
vt 0.780662 0.665769
vt 0.692011 0.260235
vt 0.691314 0.259639
vt 0.699595 0.228312
vt 0.705089 0.230591
vt 0.690532 0.259161
vt 0.689686 0.258809
vt 0.710162 0.233697
vt 0.687881 0.226457
vt 0.693810 0.226927
vt 0.688794 0.258596
vt 0.687881 0.258523
vt 0.676166 0.228312
vt 0.681951 0.226927
vt 0.686967 0.258596
vt 0.686076 0.258809
vt 0.665599 0.233697
vt 0.670672 0.230591
vt 0.685229 0.259161
vt 0.684447 0.259639
vt 0.526425 0.741968
vt 0.526425 0.737447
vt 0.570984 0.760120
vt 0.570984 0.760816
vt 0.526425 0.733582
vt 0.570984 0.759524
vt 0.683750 0.260235
vt 0.683155 0.260931
vt 0.526425 0.752536
vt 0.526425 0.747042
vt 0.570984 0.761598
vt 0.570984 0.762445
vt 0.682676 0.261713
vt 0.682325 0.262560
vt 0.526425 0.764250
vt 0.526425 0.758320
vt 0.570984 0.763336
vt 0.570984 0.764250
vt 0.682112 0.263451
vt 0.682039 0.264365
vt 0.526425 0.775964
vt 0.526425 0.770180
vt 0.570984 0.765164
vt 0.570984 0.766055
vt 0.682112 0.265279
vt 0.682325 0.266170
vt 0.526425 0.786532
vt 0.526425 0.781458
vt 0.570984 0.766902
vt 0.570984 0.767684
vt 0.682676 0.267017
vt 0.683155 0.267799
vt 0.526425 0.794918
vt 0.526425 0.791053
vt 0.570984 0.768380
vt 0.570984 0.768976
vt 0.683750 0.268495
vt 0.684447 0.269091
vt 0.676166 0.300417
vt 0.670672 0.298138
vt 0.685229 0.269569
vt 0.686076 0.269921
vt 0.665599 0.295033
vt 0.687881 0.302273
vt 0.681951 0.301803
vt 0.686967 0.270134
vt 0.687881 0.270206
vt 0.699595 0.300418
vt 0.693810 0.301803
vt 0.688794 0.270134
vt 0.689686 0.269921
vt 0.710162 0.295033
vt 0.705089 0.298139
vt 0.690532 0.269569
vt 0.691314 0.269091
vt 0.789784 0.669154
vt 0.789842 0.670044
vt 0.780775 0.667514
vt 0.780766 0.667377
vt 0.789891 0.670805
vt 0.780783 0.667631
vt 0.692011 0.268495
vt 0.692606 0.267799
vt 0.789649 0.667072
vt 0.789719 0.668154
vt 0.780756 0.667223
vt 0.780746 0.667056
vt 0.693085 0.267017
vt 0.693436 0.266170
vt 0.789575 0.665933
vt 0.780734 0.666880
vt 0.693650 0.265279
vt 0.280416 0.235785
vt 0.280416 0.255843
vt 0.203787 0.264430
vt 0.203787 0.252752
vt 0.280416 0.276403
vt 0.203787 0.276403
vt 0.127543 0.276403
vt 0.127543 0.273018
vt 0.127543 0.269717
vt 0.280416 0.199144
vt 0.280416 0.216735
vt 0.203787 0.241658
vt 0.203787 0.231415
vt 0.127543 0.266581
vt 0.127543 0.263686
vt 0.280416 0.170065
vt 0.280416 0.183467
vt 0.203787 0.222287
vt 0.203787 0.214483
vt 0.127543 0.261106
vt 0.127543 0.258900
vt 0.204639 0.686704
vt 0.185588 0.678803
vt 0.210512 0.629887
vt 0.221605 0.634489
vt 0.167998 0.668035
vt 0.200268 0.623617
vt 0.232540 0.579200
vt 0.235435 0.580973
vt 0.238571 0.582273
vt 0.245256 0.693137
vt 0.224696 0.691510
vt 0.233284 0.637287
vt 0.245256 0.638235
vt 0.241872 0.583064
vt 0.687881 0.130258
vt 0.708858 0.131919
vt 0.285874 0.686704
vt 0.265816 0.691510
vt 0.257229 0.637287
vt 0.268908 0.634489
vt 0.666903 0.131919
vt 0.646439 0.136821
vt 0.322515 0.668035
vt 0.304924 0.678803
vt 0.280001 0.629887
vt 0.290244 0.623617
vt 0.627002 0.144884
vt 0.609054 0.155870
vt 0.490275 0.353662
vt 0.490275 0.369338
vt 0.413646 0.330519
vt 0.413646 0.321390
vt 0.490275 0.382740
vt 0.413646 0.338323
vt 0.392833 0.669429
vt 0.392833 0.655755
vt 0.392833 0.685424
vt 0.490275 0.317020
vt 0.490275 0.336071
vt 0.413646 0.311148
vt 0.413646 0.300054
vt 0.392833 0.703371
vt 0.392833 0.722809
vt 0.490275 0.276403
vt 0.490275 0.296963
vt 0.413646 0.288375
vt 0.413646 0.276403
vt 0.392833 0.743273
vt 0.392833 0.764250
vt 0.490275 0.235785
vt 0.490275 0.255843
vt 0.413646 0.264431
vt 0.413646 0.252752
vt 0.392833 0.785227
vt 0.392833 0.805691
vt 0.490275 0.199144
vt 0.490275 0.216735
vt 0.413646 0.241658
vt 0.413646 0.231415
vt 0.392833 0.825129
vt 0.392833 0.843076
vt 0.490275 0.170065
vt 0.490275 0.183467
vt 0.413646 0.222287
vt 0.413646 0.214483
vt 0.392833 0.859071
vt 0.392833 0.872745
vt 0.285874 0.436690
vt 0.304924 0.444592
vt 0.280001 0.493507
vt 0.268908 0.488906
vt 0.322515 0.455359
vt 0.290244 0.499777
vt 0.627002 0.383846
vt 0.609054 0.372860
vt 0.646439 0.391908
vt 0.245256 0.430257
vt 0.265816 0.431885
vt 0.257229 0.486108
vt 0.245256 0.485160
vt 0.666903 0.396811
vt 0.248640 0.540331
vt 0.245256 0.540062
vt 0.204639 0.436690
vt 0.224696 0.431885
vt 0.233284 0.486108
vt 0.221605 0.488906
vt 0.241872 0.540331
vt 0.238571 0.541121
vt 0.167998 0.455359
vt 0.185588 0.444592
vt 0.210512 0.493507
vt 0.200268 0.499777
vt 0.018921 0.437449
vt 0.037972 0.429547
vt 0.054938 0.481763
vt 0.043845 0.486364
vt 0.235435 0.542422
vt 0.232540 0.544194
vt 0.280416 0.353662
vt 0.280416 0.369338
vt 0.203787 0.330519
vt 0.203787 0.321390
vt 0.280416 0.382740
vt 0.203787 0.338323
vt 0.127543 0.293906
vt 0.127543 0.291700
vt 0.127543 0.289120
vt 0.280416 0.317020
vt 0.280416 0.336071
vt 0.203787 0.311148
vt 0.203787 0.300054
vt 0.127543 0.286224
vt 0.127543 0.283088
vt 0.280416 0.296963
vt 0.203787 0.288375
vt 0.127543 0.279787
vt 0.354720 0.729183
vt 0.354720 0.694070
vt 0.356825 0.694070
vt 0.356825 0.729183
vt 0.354720 0.656042
vt 0.356825 0.656042
vt 0.347253 0.695824
vt 0.347253 0.679627
vt 0.367093 0.675406
vt 0.367093 0.689624
vt 0.347253 0.710779
vt 0.367093 0.702751
vt 0.354720 0.787228
vt 0.354720 0.760476
vt 0.356825 0.760476
vt 0.356825 0.787228
vt 0.347253 0.724107
vt 0.367093 0.714450
vt 0.347253 0.735502
vt 0.367093 0.724452
vt 0.194566 0.530492
vt 0.194566 0.568520
vt 0.174487 0.558722
vt 0.174487 0.537228
vt 0.176592 0.537228
vt 0.176592 0.558722
vt 0.444062 0.332620
vt 0.459017 0.341775
vt 0.450990 0.352824
vt 0.437862 0.344788
vt 0.427865 0.325902
vt 0.423645 0.338891
vt 0.194566 0.608557
vt 0.194566 0.649598
vt 0.410813 0.321816
vt 0.408676 0.335305
vt 0.269430 0.361758
vt 0.275742 0.319719
vt 0.290532 0.319584
vt 0.284992 0.356485
vt 0.194566 0.690639
vt 0.194566 0.730675
vt 0.263918 0.406091
vt 0.280153 0.395400
vt 0.259331 0.451604
vt 0.276127 0.435351
vt 0.211984 0.530492
vt 0.211984 0.551986
vt 0.194566 0.768703
vt 0.255794 0.497184
vt 0.273022 0.475360
vt 0.328178 0.355849
vt 0.328178 0.319584
vt 0.352222 0.333263
vt 0.352222 0.365095
vt 0.532357 0.266391
vt 0.534907 0.174690
vt 0.534907 0.266391
vt 0.534907 0.085145
vt 0.328178 0.393988
vt 0.352222 0.398574
vt 0.328178 0.433045
vt 0.352222 0.432858
vt 0.532357 0.447285
vt 0.532357 0.358003
vt 0.534907 0.358003
vt 0.534907 0.447285
vt 0.328178 0.472065
vt 0.352222 0.467108
vt 0.328178 0.510092
vt 0.352222 0.500487
vt 0.534907 0.531996
vt 0.534907 0.610118
vt 0.328178 0.546172
vt 0.352222 0.532158
vt 0.328178 0.579446
vt 0.352222 0.561365
vt 0.472343 0.170030
vt 0.474894 0.082334
vt 0.474894 0.170030
vt 0.474894 0.000000
vt 0.302617 0.354652
vt 0.302617 0.319584
vt 0.326661 0.335275
vt 0.326661 0.366057
vt 0.302617 0.392003
vt 0.326661 0.398844
vt 0.472343 0.352923
vt 0.472343 0.260982
vt 0.474894 0.260982
vt 0.474894 0.352923
vt 0.302617 0.430741
vt 0.326661 0.432847
vt 0.302617 0.469901
vt 0.326661 0.467221
vt 0.472343 0.530777
vt 0.472343 0.443590
vt 0.474894 0.443590
vt 0.474894 0.530777
vt 0.302617 0.508518
vt 0.326661 0.501118
vt 0.302617 0.545653
vt 0.326661 0.533715
vt 0.472343 0.686181
vt 0.472343 0.612283
vt 0.474894 0.612283
vt 0.474893 0.686181
vt 0.369821 0.592771
vt 0.367633 0.652198
vt 0.352222 0.638817
vt 0.354142 0.586652
vt 0.370933 0.528278
vt 0.355119 0.530042
vt 0.381846 0.403541
vt 0.384440 0.567527
vt 0.383346 0.569561
vt 0.380753 0.405575
vt 0.384446 0.727235
vt 0.383352 0.729269
vt 0.370930 0.460255
vt 0.355116 0.470332
vt 0.369826 0.390410
vt 0.354147 0.409023
vt 0.200336 0.608557
vt 0.200336 0.568520
vt 0.376699 0.239286
vt 0.375605 0.241320
vt 0.367633 0.320450
vt 0.352222 0.347613
vt 0.427865 0.538463
vt 0.410813 0.542548
vt 0.408676 0.529059
vt 0.423645 0.525474
vt 0.234596 0.518838
vt 0.195506 0.456083
vt 0.195774 0.451946
vt 0.234864 0.514701
vt 0.200336 0.530492
vt 0.444062 0.531745
vt 0.437862 0.519577
vt 0.277148 0.645286
vt 0.260499 0.618557
vt 0.260385 0.552851
vt 0.274999 0.576313
vt 0.354720 0.420745
vt 0.354720 0.389453
vt 0.356825 0.389453
vt 0.356825 0.420745
vt 0.354720 0.362700
vt 0.356825 0.362700
vt 0.347253 0.566081
vt 0.347253 0.554686
vt 0.367093 0.565735
vt 0.367093 0.575737
vt 0.347253 0.579409
vt 0.367093 0.587437
vt 0.354720 0.493886
vt 0.354720 0.455858
vt 0.356825 0.455858
vt 0.356825 0.493886
vt 0.347253 0.594364
vt 0.367093 0.600564
vt 0.347253 0.610561
vt 0.367093 0.614782
vt 0.354720 0.574964
vt 0.354720 0.533923
vt 0.356825 0.533923
vt 0.356825 0.574964
vt 0.347253 0.627614
vt 0.367093 0.629750
vt 0.347253 0.645094
vt 0.367093 0.645094
vt 0.354720 0.616005
vt 0.356825 0.616005
vt 0.347253 0.662574
vt 0.367093 0.660438
vt 0.576755 0.645144
vt 0.576755 0.610031
vt 0.577589 0.610031
vt 0.577589 0.645144
vt 0.576755 0.683172
vt 0.577589 0.683172
vt 0.576755 0.578739
vt 0.576755 0.551986
vt 0.577589 0.551986
vt 0.577589 0.578739
vt 0.345324 0.014833
vt 0.576755 0.530492
vt 0.577589 0.530492
vt 0.305287 0.005242
vt 0.467667 0.237981
vt 0.470675 0.368030
vt 0.470313 0.368580
vt 0.467305 0.238531
vt 0.183169 0.014833
vt 0.470675 0.632318
vt 0.467667 0.760091
vt 0.467305 0.760642
vt 0.470313 0.632868
vt 0.308525 0.822050
vt 0.327805 0.792155
vt 0.338046 0.820250
vt 0.315034 0.849558
vt 0.355695 0.697088
vt 0.363451 0.611240
vt 0.377800 0.591632
vt 0.371419 0.685862
vt 0.209046 0.998008
vt 0.209046 0.976514
vt 0.363930 0.535335
vt 0.380777 0.502053
vt 0.101838 0.683809
vt 0.102028 0.641152
vt 0.109589 0.620245
vt 0.110655 0.665176
vt 0.221436 0.447335
vt 0.220717 0.407830
vt 0.221158 0.407803
vt 0.221876 0.447308
vt 0.523616 0.418855
vt 0.523616 0.348879
vt 0.524427 0.348879
vt 0.524427 0.418856
vt 0.365706 0.456870
vt 0.360073 0.397473
vt 0.376393 0.345391
vt 0.380319 0.419261
vt 0.354637 0.477102
vt 0.352682 0.448786
vt 0.358686 0.425595
vt 0.361926 0.453842
vt 0.212752 0.690912
vt 0.212752 0.673928
vt 0.213124 0.673928
vt 0.213124 0.690912
vt 0.427677 0.422901
vt 0.427677 0.389945
vt 0.428039 0.389945
vt 0.428039 0.422901
vt 0.370539 0.569411
vt 0.371045 0.550054
vt 0.379822 0.548513
vt 0.377985 0.570350
vt 0.396813 0.560820
vt 0.399459 0.517213
vt 0.416572 0.509177
vt 0.416465 0.557369
vt 0.209046 0.805291
vt 0.209046 0.764250
vt 0.209879 0.764250
vt 0.212752 0.656047
vt 0.213124 0.656047
vt 0.393428 0.477681
vt 0.412618 0.462893
vt 0.411635 0.395688
vt 0.416457 0.345173
vt 0.435476 0.369856
vt 0.433220 0.431442
vt 0.209046 0.723209
vt 0.209046 0.683172
vt 0.411635 0.282143
vt 0.433220 0.302414
vt 0.376268 0.405158
vt 0.364959 0.371406
vt 0.378048 0.346369
vt 0.393118 0.380480
vt 0.209046 0.645144
vt 0.209046 0.610031
vt 0.347012 0.350349
vt 0.359873 0.318198
vt 0.330055 0.326819
vt 0.339075 0.296584
vt 0.209046 0.578739
vt 0.209046 0.551986
vt 0.308525 0.318621
vt 0.316137 0.282143
vt 0.159433 0.470072
vt 0.191627 0.768703
vt 0.191627 0.730675
vt 0.209046 0.530492
vt 0.223205 0.523488
vt 0.264246 0.499339
vt 0.191627 0.690639
vt 0.191627 0.649598
vt 0.191627 0.608557
vt 0.191627 0.568520
vt 0.576755 0.998008
vt 0.576755 0.976514
vt 0.577589 0.976514
vt 0.577589 0.998008
vt 0.191627 0.530492
vt 0.454345 0.402479
vt 0.231794 0.931905
vt 0.231794 0.900612
vt 0.232628 0.900612
vt 0.232628 0.931905
vt 0.231794 0.958657
vt 0.232628 0.958657
vt 0.260473 0.487607
vt 0.268618 0.469005
vt 0.283987 0.475824
vt 0.272666 0.495607
vt 0.576755 0.883356
vt 0.576755 0.845328
vt 0.577589 0.845328
vt 0.577589 0.883356
vt 0.332020 0.763629
vt 0.331674 0.744567
vt 0.332126 0.744539
vt 0.332473 0.763601
vt 0.576755 0.805291
vt 0.576755 0.764250
vt 0.577589 0.764250
vt 0.577589 0.805291
vt 0.576755 0.723209
vt 0.577589 0.723209
vt 0.155907 0.418998
vt 0.229739 0.360019
vt 0.239727 0.370667
vt 0.243344 0.384989
vt 0.208907 0.340822
vt 0.221829 0.347711
vt 0.182887 0.329277
vt 0.197477 0.331733
vt 0.154226 0.326516
vt 0.169056 0.324297
vt 0.125730 0.332806
vt 0.139349 0.326131
vt 0.126132 0.074266
vt 0.159433 0.058658
vt 0.100188 0.347534
vt 0.111262 0.337056
vt 0.051342 0.350388
vt 0.065670 0.335843
vt 0.087546 0.356002
vt 0.080100 0.369257
vt 0.036218 0.228249
vt 0.036218 0.300481
vt 0.074148 0.402479
vt 0.231715 0.468738
vt 0.241294 0.456882
vt 0.244383 0.442146
vt 0.248390 0.413288
vt 0.249961 0.428062
vt 0.249421 0.398354
vt 0.148425 0.531004
vt 0.148367 0.531109
vt 0.148203 0.531026
vt 0.148223 0.530938
vt 0.248315 0.260297
vt 0.247151 0.259451
vt 0.247552 0.258990
vt 0.248663 0.259555
vt 0.082146 0.529710
vt 0.082679 0.529883
vt 0.082658 0.529971
vt 0.082599 0.530039
vt 0.247717 0.260857
vt 0.246836 0.259975
vt 0.247158 0.261454
vt 0.246312 0.260290
vt 0.082553 0.530116
vt 0.082475 0.530163
vt 0.246416 0.261802
vt 0.245851 0.260692
vt 0.245699 0.262197
vt 0.245255 0.260829
vt 0.082407 0.530222
vt 0.082319 0.530243
vt 0.244887 0.262299
vt 0.244692 0.261068
vt 0.244083 0.262453
vt 0.244083 0.261015
vt 0.082236 0.530278
vt 0.082146 0.530270
vt 0.243279 0.262299
vt 0.243473 0.261068
vt 0.242466 0.262197
vt 0.242911 0.260829
vt 0.082056 0.530278
vt 0.081973 0.530243
vt 0.241749 0.261802
vt 0.242315 0.260692
vt 0.241008 0.261454
vt 0.241853 0.260290
vt 0.081885 0.530222
vt 0.081817 0.530163
vt 0.240448 0.260857
vt 0.241329 0.259975
vt 0.239850 0.260297
vt 0.241014 0.259451
vt 0.081739 0.530116
vt 0.081693 0.530039
vt 0.239503 0.259555
vt 0.240613 0.258990
vt 0.239107 0.258839
vt 0.240476 0.258394
vt 0.081634 0.529971
vt 0.081613 0.529883
vt 0.081411 0.529949
vt 0.081396 0.529829
vt 0.081578 0.529800
vt 0.238851 0.257222
vt 0.240290 0.257222
vt 0.240237 0.257831
vt 0.239006 0.258026
vt 0.081586 0.529710
vt 0.239006 0.256418
vt 0.240237 0.256613
vt 0.239107 0.255605
vt 0.240476 0.256050
vt 0.244083 0.257222
vt 0.081411 0.529471
vt 0.081470 0.529365
vt 0.081634 0.529449
vt 0.081613 0.529537
vt 0.239850 0.254147
vt 0.241014 0.254993
vt 0.240613 0.255454
vt 0.239503 0.254888
vt 0.081693 0.529381
vt 0.240448 0.253587
vt 0.241329 0.254468
vt 0.081692 0.529085
vt 0.081817 0.529257
vt 0.081739 0.529303
vt 0.081609 0.529173
vt 0.241008 0.252990
vt 0.241749 0.252642
vt 0.242315 0.253752
vt 0.241853 0.254154
vt 0.242466 0.252247
vt 0.242911 0.253615
vt 0.081885 0.529197
vt 0.081973 0.529177
vt 0.243279 0.252145
vt 0.243473 0.253376
vt 0.244083 0.251990
vt 0.244083 0.253429
vt 0.082056 0.529142
vt 0.082146 0.529150
vt 0.244887 0.252145
vt 0.244692 0.253376
vt 0.245699 0.252247
vt 0.245255 0.253615
vt 0.082236 0.529142
vt 0.082319 0.529177
vt 0.246416 0.252642
vt 0.245851 0.253752
vt 0.247158 0.252990
vt 0.246312 0.254154
vt 0.082407 0.529197
vt 0.082475 0.529257
vt 0.522351 0.602990
vt 0.522910 0.603587
vt 0.522029 0.604468
vt 0.521505 0.604154
vt 0.248315 0.254147
vt 0.247151 0.254993
vt 0.246836 0.254468
vt 0.247717 0.253587
vt 0.147690 0.530765
vt 0.148019 0.530312
vt 0.148097 0.530358
vt 0.148143 0.530436
vt 0.248663 0.254888
vt 0.247552 0.255454
vt 0.249058 0.255605
vt 0.247690 0.256050
vt 0.148203 0.530504
vt 0.148223 0.530592
vt 0.082881 0.529471
vt 0.082896 0.529591
vt 0.082714 0.529620
vt 0.082679 0.529537
vt 0.082919 0.529710
vt 0.082706 0.529710
vt 0.148258 0.530675
vt 0.148250 0.530765
vt 0.082896 0.529829
vt 0.082714 0.529800
vt 0.082881 0.529949
vt 0.247875 0.257222
vt 0.247929 0.257831
vt 0.247690 0.258394
vt 0.450337 0.768821
vt 0.450337 0.763037
vt 0.494895 0.758021
vt 0.494895 0.758912
vt 0.450337 0.757107
vt 0.494895 0.757107
vt 0.148542 0.530630
vt 0.148553 0.530765
vt 0.148463 0.530765
vt 0.148440 0.530646
vt 0.148511 0.530498
vt 0.148425 0.530526
vt 0.112607 0.606828
vt 0.112607 0.606079
vt 0.119188 0.603929
vt 0.119188 0.604045
vt 0.450337 0.774316
vt 0.494895 0.759759
vt 0.148459 0.530373
vt 0.148367 0.530420
vt 0.148388 0.530258
vt 0.148315 0.530311
vt 0.450337 0.787775
vt 0.450337 0.783910
vt 0.494895 0.761237
vt 0.494895 0.761833
vt 0.450337 0.779389
vt 0.494895 0.760541
vt 0.148300 0.530155
vt 0.148227 0.530228
vt 0.148197 0.530067
vt 0.148144 0.530140
vt 0.255797 0.221169
vt 0.261291 0.223448
vt 0.246735 0.252017
vt 0.245888 0.251666
vt 0.266364 0.226554
vt 0.247516 0.252496
vt 0.148082 0.529996
vt 0.148035 0.530088
vt 0.147957 0.529944
vt 0.147929 0.530030
vt 0.244083 0.219314
vt 0.250012 0.219784
vt 0.244996 0.251453
vt 0.244083 0.251380
vt 0.147825 0.529913
vt 0.147809 0.530015
vt 0.147690 0.529902
vt 0.147690 0.529992
vt 0.232369 0.221169
vt 0.238153 0.219784
vt 0.243169 0.251453
vt 0.242278 0.251666
vt 0.147555 0.529913
vt 0.147571 0.530015
vt 0.147424 0.529944
vt 0.147451 0.530030
vt 0.078855 0.525180
vt 0.079604 0.524722
vt 0.081754 0.528941
vt 0.081639 0.529012
vt 0.226874 0.223448
vt 0.241431 0.252017
vt 0.147299 0.529996
vt 0.147345 0.530088
vt 0.147183 0.530067
vt 0.147236 0.530140
vt 0.082628 0.734825
vt 0.082628 0.730304
vt 0.127186 0.752977
vt 0.127186 0.753674
vt 0.082628 0.726439
vt 0.127186 0.752381
vt 0.147080 0.530155
vt 0.147153 0.530228
vt 0.146992 0.530258
vt 0.147065 0.530311
vt 0.082628 0.745393
vt 0.082628 0.739899
vt 0.127186 0.754455
vt 0.127186 0.755302
vt 0.146921 0.530373
vt 0.147014 0.530420
vt 0.146870 0.530498
vt 0.146955 0.530526
vt 0.082628 0.757107
vt 0.082628 0.751177
vt 0.127186 0.756193
vt 0.127186 0.757107
vt 0.146838 0.530630
vt 0.146940 0.530646
vt 0.146827 0.530765
vt 0.146918 0.530765
vt 0.058301 0.605267
vt 0.058301 0.604413
vt 0.064882 0.603672
vt 0.064882 0.603804
vt 0.082628 0.763037
vt 0.127186 0.758021
vt 0.146838 0.530900
vt 0.146940 0.530883
vt 0.146870 0.531031
vt 0.146955 0.531004
vt 0.082628 0.779389
vt 0.082628 0.774316
vt 0.127186 0.759759
vt 0.127186 0.760541
vt 0.082628 0.768821
vt 0.127186 0.758912
vt 0.238878 0.259874
vt 0.238527 0.259027
vt 0.239357 0.260656
vt 0.082628 0.787775
vt 0.082628 0.783910
vt 0.127186 0.761237
vt 0.127186 0.761833
vt 0.239952 0.261352
vt 0.240649 0.261948
vt 0.232369 0.293274
vt 0.226874 0.290995
vt 0.241431 0.262426
vt 0.242278 0.262778
vt 0.221801 0.287890
vt 0.244083 0.295130
vt 0.238153 0.294660
vt 0.243169 0.262991
vt 0.244083 0.263063
vt 0.255797 0.293274
vt 0.250012 0.294660
vt 0.244996 0.262991
vt 0.245888 0.262778
vt 0.266364 0.287890
vt 0.261291 0.290995
vt 0.246735 0.262426
vt 0.247516 0.261948
vt 0.450337 0.734825
vt 0.450337 0.730304
vt 0.494895 0.752977
vt 0.494895 0.753673
vt 0.450337 0.726439
vt 0.494895 0.752381
vt 0.248213 0.261352
vt 0.248809 0.260656
vt 0.450337 0.745393
vt 0.450337 0.739899
vt 0.494895 0.754455
vt 0.494895 0.755302
vt 0.249287 0.259874
vt 0.249638 0.259027
vt 0.249058 0.258839
vt 0.450337 0.751177
vt 0.494895 0.756193
vt 0.249852 0.258136
vt 0.249159 0.258026
vt 0.249924 0.257222
vt 0.249314 0.257222
vt 0.358084 0.716882
vt 0.357738 0.697803
vt 0.430481 0.685134
vt 0.430683 0.696243
vt 0.357382 0.678245
vt 0.430274 0.673745
vt 0.158421 0.607690
vt 0.158421 0.604592
vt 0.178152 0.604592
vt 0.178152 0.605468
vt 0.158421 0.610713
vt 0.178152 0.606322
vt 0.358718 0.751737
vt 0.358414 0.735004
vt 0.430875 0.706796
vt 0.431052 0.716539
vt 0.158421 0.613583
vt 0.178152 0.607134
vt 0.158421 0.616234
vt 0.178152 0.607883
vt 0.359221 0.779398
vt 0.358989 0.766649
vt 0.431210 0.725223
vt 0.431345 0.732646
vt 0.121353 0.400954
vt 0.121422 0.404736
vt 0.103080 0.413661
vt 0.103040 0.411459
vt 0.158421 0.618596
vt 0.178152 0.608551
vt 0.158421 0.620616
vt 0.178152 0.609122
vt 0.422369 0.283503
vt 0.440627 0.289900
vt 0.417765 0.337894
vt 0.407133 0.334168
vt 0.457546 0.299110
vt 0.427617 0.343256
vt 0.156681 0.513119
vt 0.159332 0.514741
vt 0.150981 0.526235
vt 0.150232 0.525777
vt 0.153811 0.511928
vt 0.149420 0.525440
vt 0.383621 0.279768
vt 0.403207 0.280109
vt 0.395975 0.332192
vt 0.384570 0.331994
vt 0.150788 0.511204
vt 0.148566 0.525236
vt 0.147690 0.510959
vt 0.147690 0.525166
vt 0.202591 0.521249
vt 0.208577 0.560238
vt 0.182068 0.697375
vt 0.178583 0.674672
vt 0.364092 0.282524
vt 0.373198 0.333599
vt 0.144592 0.511204
vt 0.146814 0.525236
vt 0.141570 0.511928
vt 0.145960 0.525440
vt 0.188816 0.450739
vt 0.195947 0.484459
vt 0.174714 0.653249
vt 0.170562 0.633614
vt 0.138699 0.513119
vt 0.145149 0.525777
vt 0.136048 0.514741
vt 0.144399 0.526235
vt 0.173787 0.395816
vt 0.181367 0.420965
vt 0.166224 0.616277
vt 0.161811 0.601632
vt 0.526426 0.733582
vt 0.526426 0.737447
vt 0.526426 0.741968
vt 0.158977 0.361856
vt 0.166263 0.375973
vt 0.157429 0.590078
vt 0.153187 0.581858
vt 0.526426 0.747042
vt 0.526426 0.752536
vt 0.145835 0.352184
vt 0.152114 0.353887
vt 0.149190 0.577217
vt 0.145534 0.576225
vt 0.526426 0.758320
vt 0.526426 0.764250
vt 0.135647 0.367746
vt 0.140304 0.356868
vt 0.142313 0.578953
vt 0.139601 0.585287
vt 0.526426 0.770180
vt 0.526426 0.775964
vt 0.268149 0.459090
vt 0.261518 0.459499
vt 0.272198 0.268137
vt 0.276059 0.267898
vt 0.255716 0.459857
vt 0.268819 0.268345
vt 0.526426 0.781459
vt 0.526426 0.786532
vt 0.283247 0.458157
vt 0.275454 0.458639
vt 0.280312 0.267636
vt 0.284850 0.267355
vt 0.526426 0.791053
vt 0.526426 0.794918
vt 0.299532 0.457152
vt 0.291340 0.457658
vt 0.289563 0.267064
vt 0.294333 0.266770
vt 0.138699 0.548411
vt 0.136048 0.546788
vt 0.144399 0.535294
vt 0.145149 0.535753
vt 0.141570 0.549601
vt 0.145960 0.536089
vt 0.276607 0.580622
vt 0.272963 0.543494
vt 0.309512 0.571189
vt 0.311634 0.592809
vt 0.307621 0.456653
vt 0.299043 0.266479
vt 0.144592 0.550326
vt 0.146814 0.536294
vt 0.147690 0.550571
vt 0.147690 0.536363
vt 0.426692 0.521325
vt 0.407696 0.527073
vt 0.398589 0.475999
vt 0.409650 0.472652
vt 0.388167 0.529829
vt 0.387217 0.477604
vt 0.150788 0.550326
vt 0.148566 0.536294
vt 0.153811 0.549601
vt 0.149420 0.536089
vt 0.461224 0.501414
vt 0.444677 0.512690
vt 0.420123 0.467623
vt 0.429758 0.461058
vt 0.156681 0.548411
vt 0.150232 0.535753
vt 0.159332 0.546788
vt 0.150981 0.535294
vt 0.356046 0.604754
vt 0.355775 0.589842
vt 0.429338 0.622268
vt 0.429496 0.630952
vt 0.355543 0.577093
vt 0.429203 0.614845
vt 0.158421 0.590588
vt 0.158421 0.588569
vt 0.178152 0.600063
vt 0.178152 0.600634
vt 0.158421 0.592951
vt 0.178152 0.601301
vt 0.356680 0.639609
vt 0.356350 0.621487
vt 0.429673 0.640695
vt 0.429865 0.651248
vt 0.158421 0.595601
vt 0.178152 0.602051
vt 0.158421 0.598472
vt 0.178152 0.602862
vt 0.357027 0.658688
vt 0.430067 0.662357
vt 0.158421 0.601494
vt 0.178152 0.603716
vt 0.333269 0.744468
vt 0.333615 0.763530
vt 0.021387 0.604785
vt 0.021387 0.566757
vt 0.023491 0.566757
vt 0.023491 0.604785
vt 0.332893 0.723823
vt 0.234732 0.931905
vt 0.234732 0.958657
vt 0.577589 0.949762
vt 0.577589 0.918469
vt 0.579693 0.918469
vt 0.579693 0.949762
vt 0.333924 0.780519
vt 0.334188 0.795042
vt 0.232628 0.980151
vt 0.234732 0.980151
vt 0.448248 0.273902
vt 0.467523 0.284394
vt 0.427447 0.266614
vt 0.405617 0.262749
vt 0.383305 0.262360
vt 0.361056 0.265500
vt 0.339415 0.272049
vt 0.345095 0.288273
vt 0.318926 0.281886
vt 0.327110 0.296908
vt 0.195076 0.388198
vt 0.203201 0.426613
vt 0.228682 0.583582
vt 0.228682 0.509984
vt 0.230729 0.509984
vt 0.230729 0.583582
vt 0.228682 0.438115
vt 0.230729 0.438115
vt 0.140136 0.553465
vt 0.139426 0.514448
vt 0.164196 0.522389
vt 0.164818 0.556637
vt 0.140862 0.593421
vt 0.165456 0.591710
vt 0.228682 0.728767
vt 0.228682 0.657110
vt 0.230729 0.657110
vt 0.230729 0.728767
vt 0.141588 0.633338
vt 0.166093 0.626748
vt 0.142295 0.672240
vt 0.166713 0.660895
vt 0.228682 0.859456
vt 0.228682 0.796755
vt 0.230729 0.796755
vt 0.230729 0.859456
vt 0.142966 0.709149
vt 0.167302 0.693294
vt 0.143585 0.743189
vt 0.167846 0.723174
vt 0.428039 0.357344
vt 0.428039 0.325909
vt 0.428953 0.325909
vt 0.428953 0.357344
vt 0.502474 0.329099
vt 0.502474 0.299587
vt 0.503388 0.299587
vt 0.503388 0.329099
vt 0.386792 0.296977
vt 0.386140 0.261102
vt 0.411029 0.275636
vt 0.411602 0.307126
vt 0.387487 0.335187
vt 0.412212 0.340667
vt 0.502474 0.426091
vt 0.502474 0.393135
vt 0.503388 0.393135
vt 0.503388 0.426091
vt 0.502474 0.360534
vt 0.503388 0.360534
vt 0.388207 0.374816
vt 0.412844 0.375452
vt 0.388936 0.414877
vt 0.413483 0.410617
vt 0.526474 0.348879
vt 0.526474 0.418855
vt 0.388542 0.454451
vt 0.387824 0.414946
vt 0.389654 0.454382
vt 0.414113 0.445294
vt 0.390344 0.492371
vt 0.414720 0.478640
vt 0.524427 0.543582
vt 0.524427 0.484272
vt 0.526474 0.484271
vt 0.526474 0.543582
vt 0.269066 0.748023
vt 0.266497 0.808242
vt 0.250778 0.791272
vt 0.253033 0.738412
vt 0.270561 0.682400
vt 0.254346 0.680809
vt 0.471333 0.501110
vt 0.469400 0.634258
vt 0.470419 0.502500
vt 0.466392 0.762031
vt 0.270933 0.612932
vt 0.254672 0.619832
vt 0.514170 0.520482
vt 0.514917 0.592046
vt 0.498656 0.598946
vt 0.498000 0.536128
vt 0.469400 0.369970
vt 0.466392 0.239921
vt 0.268325 0.469453
vt 0.270187 0.541368
vt 0.254017 0.557014
vt 0.252383 0.493889
vt 0.265409 0.398952
vt 0.249823 0.432004
vt 0.021387 0.273415
vt 0.021387 0.251921
vt 0.023491 0.251921
vt 0.023491 0.273415
vt 0.462358 0.114218
vt 0.461445 0.115608
vt 0.261496 0.331630
vt 0.246388 0.372910
vt 0.256696 0.269094
vt 0.242175 0.318016
vt 0.021387 0.331460
vt 0.021387 0.300168
vt 0.023491 0.300168
vt 0.023491 0.331460
vt 0.330262 0.579095
vt 0.329998 0.564571
vt 0.330571 0.596083
vt 0.021387 0.404601
vt 0.021387 0.366573
vt 0.023491 0.366573
vt 0.023491 0.404601
vt 0.330918 0.615146
vt 0.331293 0.635790
vt 0.021387 0.485679
vt 0.021387 0.444638
vt 0.023491 0.444638
vt 0.023491 0.485679
vt 0.331688 0.657526
vt 0.332093 0.679807
vt 0.021387 0.526720
vt 0.023491 0.526720
vt 0.332498 0.702087
vt 0.577588 0.610031
vt 0.577588 0.645144
vt 0.577588 0.683172
vt 0.449758 0.078854
vt 0.576755 0.578738
vt 0.577588 0.551986
vt 0.577588 0.578738
vt 0.230285 0.584956
vt 0.244030 0.559157
vt 0.244030 0.591566
vt 0.228682 0.615675
vt 0.257775 0.535853
vt 0.259378 0.560847
vt 0.577588 0.530492
vt 0.270707 0.499874
vt 0.274345 0.524199
vt 0.283920 0.465767
vt 0.288571 0.482590
vt 0.294774 0.423129
vt 0.301693 0.436989
vt 0.306160 0.381559
vt 0.313404 0.388563
vt 0.203275 0.730676
vt 0.202441 0.730676
vt 0.771318 0.362839
vt 0.770579 0.458346
vt 0.770317 0.458745
vt 0.771056 0.363238
vt 0.313873 0.336436
vt 0.323397 0.338474
vt 0.322318 0.291471
vt 0.331447 0.287970
vt 0.203275 0.768704
vt 0.202441 0.768704
vt 0.326135 0.248280
vt 0.337331 0.238296
vt 0.393558 0.915134
vt 0.399267 0.861486
vt 0.411617 0.844811
vt 0.407222 0.902949
vt 0.209046 0.949761
vt 0.209046 0.918469
vt 0.398714 0.816291
vt 0.413082 0.790628
vt 0.399267 0.769123
vt 0.411617 0.741679
vt 0.209046 0.883356
vt 0.209046 0.845328
vt 0.393558 0.735871
vt 0.407222 0.699241
vt 0.101329 0.183538
vt 0.097512 0.153982
vt 0.106641 0.124872
vt 0.112525 0.153524
vt 0.276038 0.537034
vt 0.276038 0.486015
vt 0.276625 0.486015
vt 0.276625 0.537034
vt 0.089067 0.139187
vt 0.098591 0.103126
vt 0.434582 0.529511
vt 0.423263 0.531493
vt 0.423263 0.481370
vt 0.436126 0.470623
vt 0.081354 0.121618
vt 0.069968 0.120722
vt 0.076887 0.082143
vt 0.088598 0.088734
vt 0.059114 0.116859
vt 0.063765 0.083420
vt 0.423263 0.288486
vt 0.423263 0.231442
vt 0.434894 0.258674
vt 0.433208 0.318424
vt 0.270708 0.047808
vt 0.257775 0.058029
vt 0.259378 0.027309
vt 0.274345 0.010488
vt 0.244030 0.083827
vt 0.244030 0.051418
vt 0.230285 0.107132
vt 0.228682 0.082136
vt 0.506054 0.605313
vt 0.505285 0.661614
vt 0.497323 0.665248
vt 0.499336 0.601855
vt 0.503903 0.718195
vt 0.496934 0.727900
vt 0.506054 0.769855
vt 0.498198 0.788249
vt 0.577588 0.976514
vt 0.577588 0.998008
vt 0.576755 0.949761
vt 0.576755 0.918469
vt 0.577588 0.918469
vt 0.577588 0.949761
vt 0.576755 0.883355
vt 0.576755 0.845327
vt 0.577588 0.845327
vt 0.577588 0.883355
vt 0.577588 0.764250
vt 0.577588 0.805291
vt 0.577588 0.723209
vt 0.126429 0.364496
vt 0.402064 0.364496
vt 0.481521 0.760925
vt 0.692856 0.265981
vt 0.692461 0.266698
vt 0.691515 0.267999
vt 0.689649 0.267834
vt 0.687077 0.269442
vt 0.686113 0.267834
vt 0.684246 0.267999
vt 0.682905 0.265981
vt 0.684274 0.265537
vt 0.684035 0.264974
vt 0.684035 0.263756
vt 0.684274 0.263193
vt 0.684812 0.262135
vt 0.684806 0.260132
vt 0.685651 0.261296
vt 0.686264 0.259389
vt 0.687077 0.259288
vt 0.689497 0.259389
vt 0.689649 0.260895
vt 0.690956 0.260132
vt 0.690110 0.261296
vt 0.690949 0.262135
vt 0.692461 0.262031
vt 0.789423 0.663597
vt 0.789279 0.661376
vt 0.692607 0.260931
vt 0.690532 0.259160
vt 0.676167 0.228312
vt 0.681951 0.226926
vt 0.685229 0.259160
vt 0.683155 0.267798
vt 0.676167 0.300417
vt 0.686076 0.269920
vt 0.699595 0.300417
vt 0.689686 0.269920
vt 0.780775 0.667514
vt 0.692607 0.267798
vt 0.789719 0.668154
vt 0.325887 0.860418
vt 0.325887 0.825275
vt 0.460154 0.810227
vt 0.460154 0.830691
vt 0.325887 0.789250
vt 0.460154 0.789250
vt 0.815543 0.654830
vt 0.815812 0.658962
vt 0.815282 0.650800
vt 0.325887 0.924621
vt 0.325887 0.893799
vt 0.460154 0.850129
vt 0.460154 0.868076
vt 0.058026 0.760004
vt 0.057697 0.741882
vt 0.130296 0.721243
vt 0.130487 0.731796
vt 0.815033 0.646971
vt 0.814804 0.643436
vt 0.325887 0.975572
vt 0.325887 0.952089
vt 0.460154 0.884071
vt 0.460154 0.897745
vt 0.814599 0.640286
vt 0.814424 0.637592
vt 0.458661 0.070331
vt 0.492042 0.084176
vt 0.448371 0.169884
vt 0.428934 0.161821
vt 0.522863 0.103043
vt 0.466319 0.180870
vt 0.748759 0.144884
vt 0.766707 0.155870
vt 0.729322 0.136821
vt 0.387493 0.059059
vt 0.423518 0.061911
vt 0.408470 0.156919
vt 0.387493 0.155258
vt 0.316324 0.070331
vt 0.351468 0.061911
vt 0.366515 0.156919
vt 0.346051 0.161821
vt 0.252122 0.103043
vt 0.282944 0.084176
vt 0.326614 0.169884
vt 0.308666 0.180870
vt 0.258566 0.628879
vt 0.258566 0.601411
vt 0.258566 0.577928
vt 0.258566 0.693081
vt 0.258566 0.659701
vt 0.258566 0.764250
vt 0.258566 0.728225
vt 0.258566 0.835419
vt 0.258566 0.800275
vt 0.258566 0.899621
vt 0.258566 0.868799
vt 0.258566 0.950572
vt 0.258566 0.927089
vt 0.316324 0.508399
vt 0.282944 0.494554
vt 0.326614 0.408846
vt 0.346051 0.416908
vt 0.252122 0.475687
vt 0.308666 0.397860
vt 0.387493 0.519671
vt 0.351468 0.516818
vt 0.366515 0.421811
vt 0.387493 0.423472
vt 0.687881 0.398472
vt 0.458661 0.508399
vt 0.423518 0.516818
vt 0.408470 0.421811
vt 0.428934 0.416908
vt 0.708858 0.396811
vt 0.729322 0.391908
vt 0.522863 0.475687
vt 0.492042 0.494554
vt 0.448371 0.408846
vt 0.466319 0.397860
vt 0.748759 0.383846
vt 0.766707 0.372860
vt 0.325887 0.653879
vt 0.325887 0.626411
vt 0.460154 0.694429
vt 0.460154 0.710424
vt 0.325887 0.602928
vt 0.460154 0.680755
vt 0.817025 0.677638
vt 0.817199 0.680332
vt 0.816820 0.674488
vt 0.325887 0.718081
vt 0.325887 0.684701
vt 0.460154 0.728371
vt 0.460154 0.747808
vt 0.816590 0.670953
vt 0.816342 0.667125
vt 0.325887 0.753225
vt 0.460154 0.768272
vt 0.816080 0.663094
vt 0.356658 0.447040
vt 0.356658 0.411926
vt 0.358763 0.411926
vt 0.358763 0.447040
vt 0.356658 0.373898
vt 0.358763 0.373898
vt 0.328469 0.720361
vt 0.328469 0.703521
vt 0.349097 0.699133
vt 0.349097 0.713916
vt 0.328469 0.735911
vt 0.349097 0.727565
vt 0.356658 0.505085
vt 0.356658 0.478332
vt 0.358763 0.478332
vt 0.358763 0.505085
vt 0.328469 0.749768
vt 0.349097 0.739728
vt 0.328469 0.761615
vt 0.349097 0.750127
vt 0.356658 0.526579
vt 0.358763 0.526579
vt 0.429121 0.342738
vt 0.444671 0.352256
vt 0.436324 0.363744
vt 0.422675 0.355390
vt 0.412281 0.335753
vt 0.407893 0.349259
vt 0.394552 0.331506
vt 0.392331 0.345530
vt 0.376378 0.330067
vt 0.376378 0.344267
vt 0.358204 0.331506
vt 0.360425 0.345530
vt 0.340474 0.335753
vt 0.344862 0.349259
vt 0.323634 0.342738
vt 0.330080 0.355390
vt 0.334328 0.555067
vt 0.335383 0.527914
vt 0.345593 0.512935
vt 0.344667 0.536769
vt 0.341412 0.653122
vt 0.341412 0.599773
vt 0.342896 0.599773
vt 0.342896 0.653122
vt 0.211984 0.578739
vt 0.223608 0.594783
vt 0.223608 0.571713
vt 0.238152 0.577307
vt 0.238152 0.597556
vt 0.223608 0.618407
vt 0.238152 0.618294
vt 0.341412 0.758362
vt 0.341412 0.706420
vt 0.342896 0.706420
vt 0.342896 0.758362
vt 0.223608 0.642009
vt 0.238152 0.639011
vt 0.223608 0.665011
vt 0.238152 0.659201
vt 0.341412 0.853093
vt 0.341412 0.807644
vt 0.342896 0.807644
vt 0.342896 0.853093
vt 0.223608 0.686834
vt 0.238152 0.678358
vt 0.223608 0.706961
vt 0.238152 0.696024
vt 0.278109 0.486015
vt 0.278109 0.537034
vt 0.276625 0.438115
vt 0.278109 0.438115
vt 0.194918 0.544407
vt 0.194918 0.523195
vt 0.209462 0.532687
vt 0.209462 0.551306
vt 0.194918 0.567000
vt 0.209462 0.571137
vt 0.276625 0.643436
vt 0.276625 0.589947
vt 0.278109 0.589947
vt 0.278109 0.643436
vt 0.194918 0.590431
vt 0.209462 0.591705
vt 0.194918 0.614118
vt 0.209462 0.612497
vt 0.276625 0.746907
vt 0.276625 0.696184
vt 0.278109 0.696184
vt 0.278109 0.746907
vt 0.194918 0.637476
vt 0.209462 0.633000
vt 0.194918 0.659938
vt 0.209462 0.652717
vt 0.276625 0.837317
vt 0.276625 0.794325
vt 0.278109 0.794325
vt 0.278109 0.837317
vt 0.410036 0.612494
vt 0.407872 0.647967
vt 0.398771 0.637371
vt 0.400670 0.606233
vt 0.411624 0.573791
vt 0.402064 0.572261
vt 0.276870 0.509666
vt 0.276131 0.605174
vt 0.275468 0.606181
vt 0.276207 0.510674
vt 0.273950 0.697792
vt 0.273288 0.698799
vt 0.412590 0.532777
vt 0.402912 0.536260
vt 0.412917 0.490483
vt 0.403199 0.499135
vt 0.273950 0.319332
vt 0.276131 0.413600
vt 0.275468 0.414607
vt 0.273288 0.320340
vt 0.412590 0.447942
vt 0.402912 0.461793
vt 0.411624 0.406198
vt 0.402064 0.425150
vt 0.083402 0.698415
vt 0.083402 0.676921
vt 0.085507 0.676921
vt 0.085507 0.698415
vt 0.270364 0.229221
vt 0.269702 0.230229
vt 0.410036 0.366294
vt 0.400670 0.390123
vt 0.407872 0.329185
vt 0.398771 0.357549
vt 0.083402 0.756460
vt 0.083402 0.725167
vt 0.085507 0.725167
vt 0.085507 0.756460
vt 0.328469 0.585468
vt 0.328469 0.573621
vt 0.349097 0.585109
vt 0.349097 0.595508
vt 0.328469 0.599325
vt 0.349097 0.607672
vt 0.166735 0.790315
vt 0.166735 0.752287
vt 0.168840 0.752287
vt 0.168840 0.790315
vt 0.166735 0.717174
vt 0.168840 0.717174
vt 0.328469 0.614874
vt 0.349097 0.621321
vt 0.328469 0.631714
vt 0.349097 0.636102
vt 0.166735 0.871393
vt 0.166735 0.830352
vt 0.168840 0.830352
vt 0.168840 0.871393
vt 0.328469 0.649444
vt 0.349097 0.651665
vt 0.328469 0.667618
vt 0.349097 0.667618
vt 0.356658 0.333862
vt 0.358763 0.333862
vt 0.356658 0.292821
vt 0.358763 0.292821
vt 0.328469 0.685792
vt 0.349097 0.683571
vt 0.498004 0.145259
vt 0.576755 0.683173
vt 0.577588 0.683173
vt 0.427496 0.101115
vt 0.577588 0.578739
vt 0.028175 0.501194
vt 0.027161 0.511010
vt 0.025909 0.508382
vt 0.027223 0.497802
vt 0.026051 0.520624
vt 0.024851 0.519498
vt 0.025549 0.530810
vt 0.024078 0.530881
vt 0.024934 0.541001
vt 0.023604 0.542250
vt 0.088558 0.482625
vt 0.088582 0.486468
vt 0.087960 0.487580
vt 0.088023 0.483128
vt 0.024994 0.550558
vt 0.024934 0.560328
vt 0.023604 0.563831
vt 0.023446 0.553322
vt 0.272806 0.652184
vt 0.272806 0.667475
vt 0.272471 0.667475
vt 0.272471 0.652184
vt 0.025549 0.568322
vt 0.024078 0.573508
vt 0.026051 0.576715
vt 0.024851 0.582129
vt 0.209045 0.949762
vt 0.209879 0.949762
vt 0.047854 0.513199
vt 0.048052 0.521459
vt 0.045477 0.526513
vt 0.045628 0.516557
vt 0.048052 0.530108
vt 0.045850 0.535438
vt 0.202043 0.546729
vt 0.203197 0.537475
vt 0.211082 0.538724
vt 0.208650 0.548876
vt 0.204959 0.528317
vt 0.211906 0.528317
vt 0.209045 0.764250
vt 0.047809 0.498977
vt 0.048052 0.506146
vt 0.044894 0.504631
vt 0.045080 0.496846
vt 0.194517 0.595742
vt 0.194517 0.587804
vt 0.197557 0.588336
vt 0.198072 0.597447
vt 0.069222 0.701739
vt 0.069222 0.690313
vt 0.069460 0.690313
vt 0.069460 0.701739
vt 0.473589 0.794449
vt 0.475206 0.767044
vt 0.482421 0.788611
vt 0.479570 0.816085
vt 0.477379 0.741299
vt 0.483801 0.756739
vt 0.209045 0.683173
vt 0.209879 0.683173
vt 0.476294 0.707726
vt 0.483657 0.721203
vt 0.475776 0.675190
vt 0.482012 0.682920
vt 0.472097 0.638733
vt 0.478887 0.642803
vt 0.468939 0.602590
vt 0.474378 0.601855
vt 0.233587 0.616392
vt 0.234319 0.657042
vt 0.228682 0.661747
vt 0.228682 0.615675
vt 0.183344 0.896190
vt 0.183344 0.864898
vt 0.184177 0.864898
vt 0.184177 0.896190
vt 0.498004 0.383470
vt 0.487720 0.336976
vt 0.577588 0.845328
vt 0.577588 0.883356
vt 0.152037 0.570788
vt 0.150054 0.560481
vt 0.158928 0.559075
vt 0.159856 0.570788
vt 0.174164 0.713452
vt 0.174164 0.701739
vt 0.174402 0.701739
vt 0.174402 0.713452
vt 0.268126 0.374813
vt 0.276156 0.399527
vt 0.265394 0.402010
vt 0.255177 0.381958
vt 0.297323 0.464675
vt 0.257060 0.409257
vt 0.178975 0.535794
vt 0.016961 0.483152
vt 0.023137 0.456390
vt 0.041158 0.435663
vt 0.180913 0.335794
vt 0.010561 0.335794
vt 0.008165 0.308433
vt 0.018899 0.283152
vt 0.021198 0.591511
vt 0.019899 0.581095
vt 0.035675 0.578597
vt 0.038739 0.585812
vt 0.084976 0.570788
vt 0.036359 0.570788
vt 0.045644 0.599365
vt 0.040501 0.593450
vt 0.056400 0.610121
vt 0.049681 0.606084
vt 0.069953 0.617026
vt 0.062315 0.615264
vt 0.084976 0.619406
vt 0.077168 0.620089
vt 0.100000 0.617026
vt 0.092785 0.620089
vt 0.113553 0.610121
vt 0.107638 0.615264
vt 0.107653 0.683926
vt 0.146985 0.712503
vt 0.142949 0.719222
vt 0.136230 0.723259
vt 0.131214 0.585812
vt 0.129452 0.593450
vt 0.124309 0.599365
vt 0.133594 0.570788
vt 0.134278 0.578597
vt 0.134278 0.562980
vt 0.131214 0.555764
vt 0.469672 0.465325
vt 0.469513 0.465613
vt 0.469067 0.465386
vt 0.469122 0.465146
vt 0.469374 0.465911
vt 0.468906 0.465571
vt 0.467672 0.464675
vt 0.469133 0.466137
vt 0.468779 0.465782
vt 0.468908 0.466377
vt 0.468568 0.465909
vt 0.468610 0.466517
vt 0.468382 0.466070
vt 0.468322 0.466675
vt 0.468143 0.466125
vt 0.467995 0.466716
vt 0.467917 0.466221
vt 0.467672 0.466779
vt 0.467672 0.466200
vt 0.467348 0.466716
vt 0.467427 0.466221
vt 0.467022 0.466675
vt 0.467201 0.466125
vt 0.466733 0.466517
vt 0.466961 0.466070
vt 0.466435 0.466377
vt 0.466775 0.465909
vt 0.286420 0.487918
vt 0.286195 0.487678
vt 0.286549 0.487324
vt 0.286760 0.487450
vt 0.465970 0.465911
vt 0.466438 0.465571
vt 0.466564 0.465782
vt 0.466210 0.466137
vt 0.287657 0.486217
vt 0.286423 0.487113
vt 0.465830 0.465613
vt 0.466276 0.465386
vt 0.465671 0.465325
vt 0.466221 0.465146
vt 0.286261 0.486928
vt 0.286206 0.486688
vt 0.465630 0.464998
vt 0.466125 0.464920
vt 0.465568 0.464675
vt 0.466147 0.464675
vt 0.286110 0.486462
vt 0.286132 0.486217
vt 0.465630 0.464352
vt 0.466125 0.464430
vt 0.465671 0.464025
vt 0.466221 0.464204
vt 0.286110 0.485972
vt 0.286206 0.485745
vt 0.465830 0.463736
vt 0.466276 0.463964
vt 0.465970 0.463438
vt 0.466438 0.463779
vt 0.286261 0.485506
vt 0.286423 0.485320
vt 0.466210 0.463213
vt 0.466564 0.463568
vt 0.466435 0.462973
vt 0.466775 0.463441
vt 0.286549 0.485109
vt 0.286760 0.484983
vt 0.466733 0.462833
vt 0.466961 0.463280
vt 0.467022 0.462674
vt 0.467201 0.463225
vt 0.286946 0.484821
vt 0.287186 0.484766
vt 0.467348 0.462633
vt 0.467427 0.463128
vt 0.287657 0.484113
vt 0.287657 0.484691
vt 0.287412 0.484670
vt 0.287333 0.484175
vt 0.467672 0.462572
vt 0.467995 0.462633
vt 0.467917 0.463128
vt 0.467672 0.463150
vt 0.468322 0.462674
vt 0.468143 0.463225
vt 0.468610 0.462833
vt 0.468382 0.463280
vt 0.468908 0.462973
vt 0.468568 0.463441
vt 0.469133 0.463213
vt 0.468779 0.463568
vt 0.469374 0.463438
vt 0.468906 0.463779
vt 0.469513 0.463736
vt 0.469067 0.463964
vt 0.469672 0.464025
vt 0.469122 0.464204
vt 0.469713 0.464352
vt 0.469218 0.464430
vt 0.469775 0.464675
vt 0.469197 0.464675
vt 0.469713 0.464998
vt 0.469218 0.464920
vt 0.446461 0.829535
vt 0.446461 0.823751
vt 0.491019 0.818735
vt 0.491019 0.819626
vt 0.446461 0.817821
vt 0.491019 0.817821
vt 0.469992 0.464307
vt 0.470021 0.464675
vt 0.469906 0.463949
vt 0.446461 0.840103
vt 0.446461 0.835030
vt 0.491019 0.820473
vt 0.491019 0.821255
vt 0.469764 0.463609
vt 0.469572 0.463294
vt 0.446461 0.848489
vt 0.446461 0.844624
vt 0.491019 0.821951
vt 0.491019 0.822547
vt 0.469333 0.463014
vt 0.469052 0.462775
vt 0.251921 0.281883
vt 0.257415 0.284162
vt 0.242858 0.312732
vt 0.242012 0.312380
vt 0.262488 0.287268
vt 0.243640 0.313210
vt 0.468738 0.462582
vt 0.468398 0.462441
vt 0.240207 0.280028
vt 0.246136 0.280498
vt 0.241120 0.312167
vt 0.240207 0.312095
vt 0.468039 0.462355
vt 0.241011 0.312859
vt 0.240207 0.312705
vt 0.228492 0.281883
vt 0.234277 0.280498
vt 0.239293 0.312167
vt 0.238401 0.312380
vt 0.239402 0.312859
vt 0.238590 0.312961
vt 0.217925 0.287268
vt 0.222998 0.284162
vt 0.237555 0.312732
vt 0.236773 0.313210
vt 0.237873 0.313356
vt 0.237132 0.313704
vt 0.078751 0.795539
vt 0.078751 0.791018
vt 0.123310 0.813691
vt 0.123310 0.814388
vt 0.078751 0.787153
vt 0.123310 0.813095
vt 0.236076 0.313806
vt 0.236572 0.314301
vt 0.235481 0.314502
vt 0.235974 0.314861
vt 0.078751 0.806107
vt 0.078751 0.800613
vt 0.123310 0.815169
vt 0.123310 0.816016
vt 0.235002 0.315284
vt 0.235627 0.315602
vt 0.234651 0.316131
vt 0.235231 0.316319
vt 0.078751 0.817821
vt 0.078751 0.811892
vt 0.123310 0.816907
vt 0.123310 0.817821
vt 0.234437 0.317022
vt 0.235130 0.317132
vt 0.234365 0.317936
vt 0.234975 0.317936
vt 0.078751 0.829535
vt 0.078751 0.823751
vt 0.123310 0.818735
vt 0.123310 0.819626
vt 0.234437 0.318850
vt 0.235130 0.318740
vt 0.234651 0.319741
vt 0.235231 0.319553
vt 0.078751 0.840103
vt 0.078751 0.835030
vt 0.123310 0.820473
vt 0.123310 0.821255
vt 0.235002 0.320588
vt 0.235627 0.320270
vt 0.235481 0.321370
vt 0.235974 0.321011
vt 0.078751 0.848489
vt 0.078751 0.844624
vt 0.123310 0.821951
vt 0.123310 0.822547
vt 0.236076 0.322066
vt 0.236572 0.321571
vt 0.236773 0.322662
vt 0.237132 0.322168
vt 0.282946 0.500714
vt 0.280737 0.499798
vt 0.286590 0.488309
vt 0.286931 0.488451
vt 0.222998 0.351710
vt 0.217925 0.348604
vt 0.237555 0.323140
vt 0.237873 0.322516
vt 0.286718 0.488058
vt 0.287007 0.488217
vt 0.240207 0.355844
vt 0.234277 0.355374
vt 0.239293 0.323705
vt 0.240207 0.323777
vt 0.228492 0.353989
vt 0.238401 0.323492
vt 0.238590 0.322911
vt 0.239402 0.323013
vt 0.240207 0.323168
vt 0.251921 0.353989
vt 0.246136 0.355374
vt 0.241120 0.323705
vt 0.242012 0.323492
vt 0.241011 0.323013
vt 0.241823 0.322911
vt 0.262488 0.348604
vt 0.257415 0.351710
vt 0.242858 0.323140
vt 0.243640 0.322662
vt 0.468738 0.466768
vt 0.468398 0.466909
vt 0.469052 0.466575
vt 0.446461 0.795539
vt 0.446461 0.791018
vt 0.491019 0.813691
vt 0.491019 0.814388
vt 0.446461 0.787153
vt 0.491019 0.813095
vt 0.469333 0.466336
vt 0.469572 0.466056
vt 0.446461 0.806107
vt 0.446461 0.800612
vt 0.491019 0.815169
vt 0.491019 0.816016
vt 0.469764 0.465741
vt 0.469906 0.465401
vt 0.446461 0.811892
vt 0.491019 0.816907
vt 0.469992 0.465042
vt 0.015810 0.828276
vt 0.015810 0.793132
vt 0.150077 0.778085
vt 0.150077 0.798549
vt 0.015810 0.757107
vt 0.150077 0.757107
vt 0.312868 0.838799
vt 0.312868 0.817821
vt 0.312868 0.859263
vt 0.015810 0.892478
vt 0.015810 0.861656
vt 0.150077 0.817986
vt 0.150077 0.835933
vt 0.312868 0.878700
vt 0.312868 0.896647
vt 0.015810 0.943429
vt 0.015810 0.919946
vt 0.150077 0.851928
vt 0.150077 0.865602
vt 0.312868 0.912642
vt 0.312868 0.926316
vt 0.148584 0.038188
vt 0.181964 0.052033
vt 0.138294 0.137741
vt 0.118857 0.129679
vt 0.212786 0.070900
vt 0.156242 0.148727
vt 0.301085 0.198455
vt 0.319033 0.209441
vt 0.281648 0.190393
vt 0.077416 0.026916
vt 0.113441 0.029769
vt 0.098393 0.124776
vt 0.077416 0.123115
vt 0.261184 0.185490
vt 0.240207 0.183829
vt 0.508367 0.685012
vt 0.513439 0.722963
vt 0.485445 0.853434
vt 0.482491 0.831336
vt 0.041390 0.029768
vt 0.056438 0.124776
vt 0.219229 0.185490
vt 0.198765 0.190392
vt 0.496350 0.616193
vt 0.502621 0.649138
vt 0.479145 0.810446
vt 0.475494 0.791262
vt 0.179328 0.198455
vt 0.161380 0.209441
vt 0.200006 0.517013
vt 0.190042 0.517013
vt 0.194040 0.284709
vt 0.199842 0.284709
vt 0.489704 0.587029
vt 0.471624 0.774280
vt 0.467632 0.759889
vt 0.453616 0.960973
vt 0.452488 0.956905
vt 0.219661 0.517013
vt 0.209960 0.517013
vt 0.205639 0.284709
vt 0.211287 0.284709
vt 0.199678 0.053571
vt 0.201317 0.053571
vt 0.202914 0.053571
vt 0.237353 0.517013
vt 0.228865 0.517013
vt 0.216647 0.284709
vt 0.221589 0.284709
vt 0.204428 0.053571
vt 0.205826 0.053571
vt 0.403315 0.084237
vt 0.412843 0.084237
vt 0.402899 0.316540
vt 0.397351 0.316540
vt 0.421789 0.084237
vt 0.408108 0.316540
vt 0.394428 0.547678
vt 0.392955 0.547678
vt 0.391387 0.547678
vt 0.383443 0.084237
vt 0.393433 0.084237
vt 0.391596 0.316540
vt 0.385779 0.316540
vt 0.389760 0.547678
vt 0.388116 0.547678
vt 0.364118 0.084237
vt 0.373591 0.084237
vt 0.380043 0.316540
vt 0.374527 0.316540
vt 0.386494 0.547678
vt 0.384935 0.547678
vt 0.291624 0.401015
vt 0.290229 0.379012
vt 0.308397 0.370390
vt 0.309209 0.383202
vt 0.246604 0.051333
vt 0.244379 0.000000
vt 0.290490 -0.000000
vt 0.291786 0.029891
vt 0.336481 0.000397
vt 0.336847 0.008846
vt 0.326517 0.361928
vt 0.326747 0.365549
vt 0.260396 0.220279
vt 0.254712 0.162837
vt 0.296507 0.094819
vt 0.299817 0.128268
vt 0.250072 0.106050
vt 0.293805 0.061752
vt 0.337418 0.017853
vt 0.338182 0.027200
vt 0.339117 0.036655
vt 0.274339 0.331506
vt 0.266996 0.276961
vt 0.303660 0.161274
vt 0.307936 0.193036
vt 0.340204 0.045984
vt 0.341412 0.054963
vt 0.212786 0.443544
vt 0.181965 0.462411
vt 0.138294 0.376703
vt 0.156242 0.365717
vt 0.282253 0.382535
vt 0.312544 0.222749
vt 0.301085 0.437417
vt 0.281648 0.445480
vt 0.319033 0.426431
vt 0.015810 0.621736
vt 0.015810 0.594268
vt 0.150077 0.662286
vt 0.150077 0.678281
vt 0.015810 0.570785
vt 0.150077 0.648612
vt 0.312868 0.723000
vt 0.312868 0.709326
vt 0.312868 0.738995
vt 0.015810 0.685939
vt 0.015810 0.652558
vt 0.150077 0.696228
vt 0.150077 0.715666
vt 0.312868 0.756942
vt 0.312868 0.776380
vt 0.015810 0.721082
vt 0.150077 0.736130
vt 0.312868 0.796844
vt 0.184177 0.829785
vt 0.186282 0.829785
vt 0.186282 0.864898
vt 0.184177 0.791757
vt 0.186282 0.791757
vt 0.078104 0.615302
vt 0.078104 0.604449
vt 0.091398 0.601621
vt 0.091398 0.611147
vt 0.078104 0.625323
vt 0.091398 0.619943
vt 0.480689 0.844371
vt 0.480689 0.817618
vt 0.482794 0.817618
vt 0.482794 0.844371
vt 0.579693 0.949761
vt 0.078104 0.634253
vt 0.091398 0.627783
vt 0.078104 0.641888
vt 0.091398 0.634485
vt 0.480689 0.865865
vt 0.482794 0.865865
vt 0.239871 0.504075
vt 0.249892 0.510209
vt 0.244513 0.517613
vt 0.235716 0.512229
vt 0.229018 0.499574
vt 0.226190 0.508277
vt 0.217592 0.496836
vt 0.216160 0.505875
vt 0.205879 0.495909
vt 0.205879 0.505060
vt 0.194166 0.496836
vt 0.195598 0.505874
vt 0.182740 0.499574
vt 0.185568 0.508277
vt 0.171887 0.504075
vt 0.176042 0.512229
vt 0.161866 0.510209
vt 0.167245 0.517613
vt 0.647735 0.547678
vt 0.636384 0.547678
vt 0.636384 0.544037
vt 0.647735 0.544037
vt 0.070061 0.660509
vt 0.070061 0.652873
vt 0.083355 0.660277
vt 0.083355 0.666979
vt 0.194422 0.650605
vt 0.191182 0.650605
vt 0.191563 0.627603
vt 0.194406 0.627603
vt 0.211984 0.645144
vt 0.211984 0.683173
vt 0.211984 0.610031
vt 0.197658 0.650605
vt 0.197247 0.627603
vt 0.200812 0.650605
vt 0.200016 0.627603
vt 0.690282 0.547678
vt 0.680612 0.547678
vt 0.680612 0.544037
vt 0.690282 0.544037
vt 0.203805 0.651644
vt 0.200812 0.651644
vt 0.203805 0.650605
vt 0.202642 0.627603
vt 0.206564 0.650605
vt 0.205065 0.627603
vt 0.405303 0.000000
vt 0.416158 -0.000000
vt 0.416158 0.003642
vt 0.405303 0.003642
vt 0.426349 -0.000000
vt 0.426349 0.003641
vt 0.128331 0.496379
vt 0.131240 0.496379
vt 0.129938 0.519381
vt 0.127385 0.519381
vt 0.125233 0.496379
vt 0.124666 0.519381
vt 0.382664 0.000000
vt 0.394045 0.000000
vt 0.394045 0.003642
vt 0.382664 0.003642
vt 0.122020 0.496379
vt 0.121845 0.519381
vt 0.118772 0.496379
vt 0.118994 0.519381
vt 0.360649 0.000000
vt 0.371441 -0.000000
vt 0.371441 0.003642
vt 0.360649 0.003642
vt 0.115569 0.496379
vt 0.116183 0.519381
vt 0.112489 0.496379
vt 0.113479 0.519381
vt 0.328353 0.358371
vt 0.332031 0.358371
vt 0.332031 0.359835
vt 0.328353 0.359835
vt 0.350560 -0.000000
vt 0.350560 0.003642
vt 0.075550 0.512338
vt 0.074827 0.495648
vt 0.079306 0.495340
vt 0.079942 0.509990
vt 0.221900 0.571541
vt 0.221447 0.564388
vt 0.223212 0.563444
vt 0.223610 0.569723
vt 0.246553 0.253269
vt 0.240078 0.187829
vt 0.240454 0.186587
vt 0.246929 0.252027
vt 0.234792 0.123135
vt 0.235168 0.121894
vt 0.078186 0.548591
vt 0.076678 0.530128
vt 0.080931 0.525606
vt 0.082255 0.541813
vt 0.080034 0.567267
vt 0.083878 0.558206
vt 0.200336 0.649598
vt 0.082180 0.585696
vt 0.085761 0.574383
vt 0.084568 0.603430
vt 0.087857 0.589950
vt 0.579693 0.530492
vt 0.579693 0.551986
vt 0.271454 0.438115
vt 0.262438 0.379982
vt 0.262814 0.378740
vt 0.271830 0.436874
vt 0.087141 0.620021
vt 0.090116 0.604513
vt 0.249892 0.631367
vt 0.239871 0.637501
vt 0.235717 0.629348
vt 0.244513 0.623963
vt 0.579693 0.578739
vt 0.579693 0.610031
vt 0.175003 0.660509
vt 0.175003 0.652873
vt 0.188297 0.660277
vt 0.188297 0.666979
vt 0.175003 0.669439
vt 0.188297 0.674818
vt 0.579693 0.645144
vt 0.579693 0.683173
vt 0.175003 0.679460
vt 0.188297 0.683615
vt 0.175003 0.690313
vt 0.188297 0.693141
vt 0.175003 0.701739
vt 0.175003 0.713452
vt 0.184177 0.669638
vt 0.184177 0.629602
vt 0.186282 0.629602
vt 0.186282 0.669638
vt 0.188297 0.703171
vt 0.188297 0.713452
vt 0.184177 0.751720
vt 0.186282 0.751720
vt 0.184177 0.710679
vt 0.186282 0.710679
vt 0.078104 0.593022
vt 0.078104 0.581309
vt 0.091398 0.581309
vt 0.091398 0.591591
s 1
usemtl Material.005
f 1/1/1 101/2/2 263/3/3 102/4/4
f 101/2/2 2/5/5 103/6/6 263/3/3
f 263/7/3 103/8/6 62/9/7 104/10/8
f 102/11/4 263/7/3 104/10/8 43/12/9
f 2/5/5 105/13/10 264/14/11 103/6/6
f 105/13/10 3/15/12 106/16/13 264/14/11
f 264/17/11 106/18/13 61/19/14 107/20/15
f 103/8/6 264/17/11 107/20/15 62/9/7
f 3/21/12 108/22/16 265/23/17 106/24/13
f 108/22/16 4/25/18 109/26/19 265/23/17
f 265/27/17 109/28/19 60/29/20 110/30/21
f 106/18/13 265/31/17 110/32/21 61/19/14
f 4/25/18 111/33/22 266/34/23 109/26/19
f 111/33/22 5/35/24 112/36/25 266/34/23
f 266/37/23 112/38/25 59/39/26 113/40/27
f 109/28/19 266/37/23 113/40/27 60/29/20
f 5/35/24 114/41/28 267/42/29 112/36/25
f 114/41/28 6/43/30 115/44/31 267/42/29
f 267/45/29 115/46/31 58/47/32 116/48/33
f 112/49/25 267/50/29 116/51/33 59/52/26
f 6/43/30 117/53/34 268/54/35 115/44/31
f 117/53/34 7/55/36 118/56/37 268/54/35
f 268/57/35 118/58/37 57/59/38 119/60/39
f 115/46/31 268/61/35 119/62/39 58/47/32
f 7/55/36 120/63/40 269/64/41 118/56/37
f 120/63/40 8/65/42 121/66/43 269/64/41
f 269/67/41 121/68/43 56/69/44 122/70/45
f 118/58/37 269/67/41 122/70/45 57/59/38
f 8/65/42 123/71/46 270/72/47 121/66/43
f 123/71/46 9/73/48 124/74/49 270/72/47
f 270/75/47 124/76/49 55/77/50 125/78/51
f 121/68/43 270/75/47 125/78/51 56/69/44
f 9/73/48 126/79/52 271/80/53 124/74/49
f 126/79/52 10/81/54 127/82/55 271/80/53
f 271/83/53 127/84/55 54/85/56 128/86/57
f 124/76/49 271/83/53 128/86/57 55/77/50
f 10/81/54 129/87/58 272/88/59 127/82/55
f 129/87/58 11/89/60 130/90/61 272/88/59
f 272/91/59 130/92/61 53/93/62 131/94/63
f 127/95/55 272/91/59 131/94/63 54/96/56
f 11/89/60 132/97/64 273/98/65 130/90/61
f 132/97/64 12/99/66 133/100/67 273/98/65
f 273/101/65 133/102/67 52/103/68 134/104/69
f 130/92/61 273/101/65 134/104/69 53/93/62
f 12/99/66 135/105/70 274/106/71 133/100/67
f 135/105/70 13/107/72 136/108/73 274/106/71
f 274/109/71 136/110/73 51/111/74 137/112/75
f 133/102/67 274/109/71 137/112/75 52/103/68
f 13/107/72 138/113/76 275/114/77 136/108/73
f 138/113/76 14/115/78 139/116/79 275/114/77
f 275/117/77 139/118/79 50/119/80 140/120/81
f 136/110/73 275/117/77 140/120/81 51/111/74
f 14/115/78 141/121/82 276/122/83 139/116/79
f 141/121/82 15/123/84 142/124/85 276/122/83
f 276/125/83 142/126/85 49/127/86 143/128/87
f 139/129/79 276/125/83 143/128/87 50/130/80
f 15/123/84 144/131/88 277/132/89 142/124/85
f 144/131/88 16/133/90 145/134/91 277/132/89
f 277/135/89 145/136/91 48/137/92 146/138/93
f 142/126/85 277/135/89 146/138/93 49/127/86
f 16/133/90 147/139/94 278/140/95 145/134/91
f 147/139/94 17/141/96 148/142/97 278/140/95
f 278/143/95 148/144/97 47/145/98 149/146/99
f 145/136/91 278/147/95 149/148/99 48/137/92
f 17/149/96 150/150/100 279/151/101 148/152/97
f 150/150/100 18/153/102 151/154/103 279/151/101
f 279/155/101 151/156/103 46/157/104 152/158/105
f 148/144/97 279/155/101 152/158/105 47/145/98
f 18/153/102 153/159/106 280/160/107 151/154/103
f 153/159/106 19/161/108 154/162/109 280/160/107
f 280/163/107 154/164/109 45/165/110 155/166/111
f 151/156/103 280/163/107 155/166/111 46/157/104
f 19/161/108 156/167/112 281/168/113 154/162/109
f 156/167/112 20/169/114 157/170/115 281/168/113
f 281/171/113 157/172/115 44/173/116 158/174/117
f 154/164/109 281/171/113 158/174/117 45/165/110
f 20/169/114 159/175/118 282/176/119 157/170/115
f 159/175/118 1/1/1 102/4/4 282/176/119
f 282/177/119 102/11/4 43/12/9 160/178/120
f 157/172/115 282/177/119 160/178/120 44/173/116
f 2/5/5 101/2/2 283/179/121 161/180/122
f 1/1/1 162/181/123 283/179/121 101/2/2
f 41/182/124 161/180/122 283/179/121 162/181/123
f 3/15/12 105/13/10 284/183/125 163/184/126
f 2/5/5 161/180/122 284/183/125 105/13/10
f 41/182/124 163/184/126 284/183/125 161/180/122
f 4/25/18 108/22/16 285/185/127 164/186/128
f 3/21/12 163/187/126 285/185/127 108/22/16
f 41/188/124 164/186/128 285/185/127 163/187/126
f 5/35/24 111/33/22 286/189/129 165/190/130
f 4/25/18 164/186/128 286/189/129 111/33/22
f 41/188/124 165/190/130 286/189/129 164/186/128
f 6/43/30 114/41/28 287/191/131 166/192/132
f 5/35/24 165/190/130 287/191/131 114/41/28
f 41/188/124 166/192/132 287/191/131 165/190/130
f 7/55/36 117/53/34 288/193/133 167/194/134
f 6/43/30 166/192/132 288/193/133 117/53/34
f 41/188/124 167/194/134 288/193/133 166/192/132
f 8/65/42 120/63/40 289/195/135 168/196/136
f 7/55/36 167/194/134 289/195/135 120/63/40
f 41/188/124 168/196/136 289/195/135 167/194/134
f 9/73/48 123/71/46 290/197/137 169/198/138
f 8/65/42 168/196/136 290/197/137 123/71/46
f 41/188/124 169/198/138 290/197/137 168/196/136
f 10/81/54 126/79/52 291/199/139 170/200/140
f 9/73/48 169/198/138 291/199/139 126/79/52
f 41/188/124 170/200/140 291/199/139 169/198/138
f 11/89/60 129/87/58 292/201/141 171/202/142
f 10/81/54 170/200/140 292/201/141 129/87/58
f 41/188/124 171/202/142 292/201/141 170/200/140
f 12/99/66 132/97/64 293/203/143 172/204/144
f 11/89/60 171/202/142 293/203/143 132/97/64
f 41/188/124 172/204/144 293/203/143 171/202/142
f 13/107/72 135/105/70 294/205/145 173/206/146
f 12/99/66 172/204/144 294/205/145 135/105/70
f 41/188/124 173/206/146 294/205/145 172/204/144
f 14/115/78 138/113/76 295/207/147 174/208/148
f 13/107/72 173/206/146 295/207/147 138/113/76
f 41/188/124 174/208/148 295/207/147 173/206/146
f 15/123/84 141/121/82 296/209/149 175/210/150
f 14/115/78 174/208/148 296/209/149 141/121/82
f 41/188/124 175/210/150 296/209/149 174/208/148
f 16/133/90 144/131/88 297/211/151 176/212/152
f 15/123/84 175/210/150 297/211/151 144/131/88
f 41/188/124 176/212/152 297/211/151 175/210/150
f 17/141/96 147/139/94 298/213/153 177/214/154
f 16/133/90 176/212/152 298/213/153 147/139/94
f 41/188/124 177/214/154 298/213/153 176/212/152
f 18/153/102 150/150/100 299/215/155 178/216/156
f 17/149/96 177/217/154 299/215/155 150/150/100
f 41/182/124 178/216/156 299/215/155 177/217/154
f 19/161/108 153/159/106 300/218/157 179/219/158
f 18/153/102 178/216/156 300/218/157 153/159/106
f 41/182/124 179/219/158 300/218/157 178/216/156
f 20/169/114 156/167/112 301/220/159 180/221/160
f 19/161/108 179/219/158 301/220/159 156/167/112
f 41/182/124 180/221/160 301/220/159 179/219/158
f 1/1/1 159/175/118 302/222/161 162/181/123
f 20/169/114 180/221/160 302/222/161 159/175/118
f 41/182/124 162/181/123 302/222/161 180/221/160
f 21/223/162 181/224/163 303/225/164 182/226/165
f 22/227/166 183/228/167 303/225/164 181/224/163
f 42/229/168 182/226/165 303/225/164 183/228/167
f 22/227/166 184/230/169 304/231/170 183/228/167
f 23/232/171 185/233/172 304/231/170 184/230/169
f 42/229/168 183/228/167 304/231/170 185/233/172
f 23/232/171 186/234/173 305/235/174 185/233/172
f 24/236/175 187/237/176 305/235/174 186/234/173
f 42/229/168 185/233/172 305/235/174 187/237/176
f 24/236/175 188/238/177 306/239/178 187/237/176
f 25/240/179 189/241/180 306/239/178 188/238/177
f 42/229/168 187/237/176 306/239/178 189/241/180
f 25/240/179 190/242/181 307/243/182 189/241/180
f 26/244/183 191/245/184 307/243/182 190/242/181
f 42/229/168 189/241/180 307/243/182 191/245/184
f 26/244/183 192/246/185 308/247/186 191/245/184
f 27/248/187 193/249/188 308/247/186 192/246/185
f 42/229/168 191/245/184 308/247/186 193/249/188
f 27/248/187 194/250/189 309/251/190 193/249/188
f 28/252/191 195/253/192 309/251/190 194/250/189
f 42/229/168 193/249/188 309/251/190 195/253/192
f 28/252/191 196/254/193 310/255/194 195/253/192
f 29/256/195 197/257/196 310/255/194 196/254/193
f 42/229/168 195/253/192 310/255/194 197/257/196
f 29/256/195 198/258/197 311/259/198 197/257/196
f 30/260/199 199/261/200 311/259/198 198/258/197
f 42/229/168 197/257/196 311/259/198 199/261/200
f 30/260/199 200/262/201 312/263/202 199/261/200
f 31/264/203 201/265/204 312/263/202 200/262/201
f 42/229/168 199/261/200 312/263/202 201/265/204
f 31/264/203 202/266/205 313/267/206 201/265/204
f 32/268/207 203/269/208 313/267/206 202/266/205
f 42/229/168 201/265/204 313/267/206 203/269/208
f 32/268/207 204/270/209 314/271/210 203/269/208
f 33/272/211 205/273/212 314/271/210 204/270/209
f 42/229/168 203/269/208 314/271/210 205/273/212
f 33/272/211 206/274/213 315/275/214 205/273/212
f 34/276/215 207/277/216 315/275/214 206/274/213
f 42/229/168 205/273/212 315/275/214 207/277/216
f 34/276/215 208/278/217 316/279/218 207/277/216
f 35/280/219 209/281/220 316/279/218 208/278/217
f 42/229/168 207/277/216 316/279/218 209/281/220
f 35/280/219 210/282/221 317/283/222 209/281/220
f 36/284/223 211/285/224 317/283/222 210/282/221
f 42/229/168 209/281/220 317/283/222 211/285/224
f 36/284/223 212/286/225 318/287/226 211/285/224
f 37/288/227 213/289/228 318/287/226 212/286/225
f 42/229/168 211/285/224 318/287/226 213/289/228
f 37/288/227 214/290/229 319/291/230 213/289/228
f 38/292/231 215/293/232 319/291/230 214/290/229
f 42/229/168 213/289/228 319/291/230 215/293/232
f 38/292/231 216/294/233 320/295/234 215/293/232
f 39/296/235 217/297/236 320/295/234 216/294/233
f 42/229/168 215/293/232 320/295/234 217/297/236
f 39/296/235 218/298/237 321/299/238 217/297/236
f 40/300/239 219/301/240 321/299/238 218/298/237
f 42/229/168 217/297/236 321/299/238 219/301/240
f 40/300/239 220/302/241 322/303/242 219/301/240
f 21/223/162 182/226/165 322/303/242 220/302/241
f 42/229/168 219/301/240 322/303/242 182/226/165
f 44/173/116 160/178/120 323/304/120 221/305/116
f 160/178/120 43/12/9 222/306/9 323/304/120
f 323/307/120 222/308/9 70/309/9 223/310/120
f 221/311/116 323/307/120 223/310/120 71/312/116
f 45/165/110 158/174/117 324/313/117 224/314/110
f 158/174/117 44/173/116 221/305/116 324/313/117
f 324/315/117 221/311/116 71/312/116 225/316/117
f 224/317/110 324/315/117 225/316/117 72/318/110
f 46/157/104 155/166/111 325/319/111 226/320/104
f 155/166/111 45/165/110 224/314/110 325/319/111
f 325/321/111 224/317/110 72/318/110 227/322/111
f 226/323/104 325/321/111 227/322/111 73/324/104
f 47/145/98 152/158/105 326/325/105 228/326/98
f 152/158/105 46/157/104 226/320/104 326/325/105
f 326/327/105 226/323/104 73/324/104 229/328/105
f 228/329/98 326/327/105 229/328/105 74/330/98
f 48/137/92 149/148/99 327/331/99 230/332/92
f 149/146/99 47/145/98 228/326/98 327/333/99
f 327/334/99 228/329/98 74/330/98 231/335/99
f 230/336/92 327/337/99 231/338/99 75/339/92
f 49/127/86 146/138/93 328/340/93 232/341/86
f 146/138/93 48/137/92 230/332/92 328/340/93
f 328/342/93 230/336/92 75/339/92 233/343/93
f 232/344/86 328/342/93 233/343/93 76/345/86
f 50/130/80 143/128/87 329/346/87 234/347/80
f 143/128/87 49/127/86 232/341/86 329/346/87
f 329/348/87 232/344/86 76/345/86 235/349/87
f 234/350/80 329/348/87 235/349/87 77/351/80
f 51/111/74 140/120/81 330/352/81 236/353/74
f 140/120/81 50/119/80 234/354/80 330/352/81
f 330/355/81 234/350/80 77/351/80 237/356/81
f 236/357/74 330/358/81 237/359/81 78/360/74
f 52/103/68 137/112/75 331/361/75 238/362/68
f 137/112/75 51/111/74 236/353/74 331/361/75
f 331/363/75 236/357/74 78/360/74 239/364/75
f 238/365/68 331/363/75 239/364/75 79/366/68
f 53/93/62 134/104/69 332/367/69 240/368/62
f 134/104/69 52/103/68 238/362/68 332/367/69
f 332/369/69 238/365/68 79/366/68 241/370/69
f 240/371/62 332/369/69 241/370/69 80/372/62
f 54/96/56 131/94/63 333/373/63 242/374/56
f 131/94/63 53/93/62 240/368/62 333/373/63
f 333/375/63 240/371/62 80/372/62 243/376/63
f 242/377/56 333/375/63 243/376/63 81/378/56
f 55/77/50 128/86/57 334/379/57 244/380/50
f 128/86/57 54/85/56 242/381/56 334/379/57
f 334/382/57 242/377/56 81/378/56 245/383/57
f 244/384/50 334/382/57 245/383/57 82/385/50
f 56/69/44 125/78/51 335/386/51 246/387/44
f 125/78/51 55/77/50 244/380/50 335/386/51
f 335/388/51 244/389/50 82/390/50 247/391/51
f 246/392/44 335/393/51 247/394/51 63/395/44
f 57/59/38 122/70/45 336/396/45 248/397/38
f 122/70/45 56/69/44 246/387/44 336/396/45
f 336/398/45 246/392/44 63/395/44 249/399/45
f 248/400/38 336/398/45 249/399/45 64/401/38
f 58/402/32 119/403/39 337/404/39 250/405/32
f 119/60/39 57/59/38 248/397/38 337/406/39
f 337/407/39 248/400/38 64/401/38 251/408/39
f 250/409/32 337/410/39 251/411/39 65/412/32
f 59/39/26 116/413/33 338/414/33 252/415/26
f 116/413/33 58/402/32 250/405/32 338/414/33
f 338/416/33 250/409/32 65/412/32 253/417/33
f 252/418/26 338/416/33 253/417/33 66/419/26
f 60/29/20 113/40/27 339/420/27 254/421/20
f 113/40/27 59/39/26 252/415/26 339/420/27
f 339/422/27 252/418/26 66/419/26 255/423/27
f 254/424/20 339/422/27 255/423/27 67/425/20
f 61/19/14 110/32/21 340/426/21 256/427/14
f 110/30/21 60/29/20 254/421/20 340/428/21
f 340/429/21 254/424/20 67/425/20 257/430/21
f 256/431/14 340/432/21 257/433/21 68/434/14
f 62/9/7 107/20/15 341/435/15 258/436/7
f 107/20/15 61/19/14 256/427/14 341/435/15
f 341/437/15 256/431/14 68/434/14 259/438/15
f 258/439/7 341/437/15 259/438/15 69/440/7
f 43/12/9 104/10/8 342/441/8 222/306/9
f 104/10/8 62/9/7 258/436/7 342/441/8
f 342/442/8 258/439/7 69/440/7 260/443/8
f 222/308/9 342/442/8 260/443/8 70/309/9
f 64/444/38 249/445/45 343/446/243 261/447/244
f 249/445/45 63/448/44 262/449/245 343/446/243
f 343/450/243 262/451/245 28/252/191 194/250/189
f 261/452/244 343/450/243 194/250/189 27/248/187
f 65/453/32 251/454/39 344/455/246 83/456/247
f 251/457/39 64/444/38 261/447/244 344/458/246
f 344/459/246 261/452/244 27/248/187 192/246/185
f 83/460/247 344/459/246 192/246/185 26/244/183
f 66/461/26 253/462/33 345/463/248 84/464/249
f 253/462/33 65/453/32 83/456/247 345/463/248
f 345/465/248 83/460/247 26/244/183 190/242/181
f 84/466/249 345/465/248 190/242/181 25/240/179
f 67/467/20 255/468/27 346/469/250 85/470/251
f 255/468/27 66/461/26 84/464/249 346/469/250
f 346/471/250 84/466/249 25/240/179 188/238/177
f 85/472/251 346/471/250 188/238/177 24/236/175
f 68/473/14 257/474/21 347/475/252 86/476/253
f 257/477/21 67/467/20 85/470/251 347/478/252
f 347/479/252 85/472/251 24/236/175 186/234/173
f 86/480/253 347/479/252 186/234/173 23/232/171
f 69/481/7 259/482/15 348/483/254 87/484/255
f 259/482/15 68/473/14 86/476/253 348/483/254
f 348/485/254 86/480/253 23/232/171 184/230/169
f 87/486/255 348/485/254 184/230/169 22/227/166
f 70/487/9 260/488/8 349/489/256 88/490/257
f 260/488/8 69/481/7 87/484/255 349/489/256
f 349/491/256 87/486/255 22/227/166 181/224/163
f 88/492/257 349/491/256 181/224/163 21/223/162
f 71/493/116 223/494/120 350/495/258 89/496/259
f 223/494/120 70/487/9 88/490/257 350/495/258
f 350/497/258 88/492/257 21/223/162 220/302/241
f 89/498/259 350/497/258 220/302/241 40/300/239
f 72/499/110 225/500/117 351/501/260 90/502/261
f 225/500/117 71/493/116 89/496/259 351/501/260
f 351/503/260 89/498/259 40/300/239 218/298/237
f 90/504/261 351/503/260 218/298/237 39/296/235
f 73/505/104 227/506/111 352/507/262 91/508/263
f 227/506/111 72/499/110 90/502/261 352/507/262
f 352/509/262 90/504/261 39/296/235 216/294/233
f 91/510/263 352/509/262 216/294/233 38/292/231
f 74/511/98 229/512/105 353/513/264 92/514/265
f 229/512/105 73/505/104 91/508/263 353/513/264
f 353/515/264 91/510/263 38/292/231 214/290/229
f 92/516/265 353/515/264 214/290/229 37/288/227
f 75/517/92 231/518/99 354/519/266 93/520/267
f 231/521/99 74/511/98 92/514/265 354/522/266
f 354/523/266 92/516/265 37/288/227 212/286/225
f 93/524/267 354/523/266 212/286/225 36/284/223
f 76/525/86 233/526/93 355/527/268 94/528/269
f 233/526/93 75/517/92 93/520/267 355/527/268
f 355/529/268 93/524/267 36/284/223 210/282/221
f 94/530/269 355/529/268 210/282/221 35/280/219
f 77/531/80 235/532/87 356/533/270 95/534/271
f 235/532/87 76/525/86 94/528/269 356/533/270
f 356/535/270 94/530/269 35/280/219 208/278/217
f 95/536/271 356/535/270 208/278/217 34/276/215
f 78/537/74 237/538/81 357/539/272 96/540/273
f 237/541/81 77/531/80 95/534/271 357/542/272
f 357/543/272 95/536/271 34/276/215 206/274/213
f 96/544/273 357/543/272 206/274/213 33/272/211
f 79/545/68 239/546/75 358/547/274 97/548/275
f 239/546/75 78/537/74 96/540/273 358/547/274
f 358/549/274 96/544/273 33/272/211 204/270/209
f 97/550/275 358/549/274 204/270/209 32/268/207
f 80/551/62 241/552/69 359/553/276 98/554/277
f 241/552/69 79/545/68 97/548/275 359/553/276
f 359/555/276 97/550/275 32/268/207 202/266/205
f 98/556/277 359/555/276 202/266/205 31/264/203
f 81/557/56 243/558/63 360/559/278 99/560/279
f 243/561/63 80/551/62 98/554/277 360/562/278
f 360/563/278 98/556/277 31/264/203 200/262/201
f 99/564/279 360/563/278 200/262/201 30/260/199
f 82/565/50 245/566/57 361/567/280 100/568/281
f 245/566/57 81/569/56 99/570/279 361/567/280
f 361/571/280 99/564/279 30/260/199 198/258/197
f 100/572/281 361/571/280 198/258/197 29/256/195
f 63/448/44 247/573/51 362/574/282 262/449/245
f 247/573/51 82/565/50 100/568/281 362/574/282
f 362/575/282 100/572/281 29/256/195 196/254/193
f 262/451/245 362/575/282 196/254/193 28/252/191
f 363/576/283 483/577/284 685/578/285 484/579/286
f 483/577/284 364/580/287 485/581/288 685/578/285
f 685/582/285 485/583/288 462/584/7 486/585/8
f 484/586/286 685/582/285 486/585/8 463/587/9
f 364/580/287 487/588/289 686/589/290 485/581/288
f 487/588/289 365/590/291 488/591/292 686/589/290
f 686/592/290 488/593/292 461/594/14 489/595/15
f 485/583/288 686/592/290 489/595/15 462/584/7
f 365/590/291 490/596/293 687/597/294 488/591/292
f 490/596/293 366/598/295 491/599/296 687/597/294
f 687/600/294 491/601/296 460/602/20 492/603/21
f 488/593/292 687/604/294 492/605/21 461/594/14
f 366/598/295 493/606/297 688/607/298 491/599/296
f 493/606/297 367/608/299 494/609/300 688/607/298
f 688/610/298 494/611/300 459/612/26 495/613/27
f 491/601/296 688/610/298 495/613/27 460/602/20
f 367/608/299 496/614/301 689/615/302 494/609/300
f 496/614/301 368/616/303 497/617/304 689/615/302
f 689/618/302 497/619/304 458/620/32 498/621/33
f 494/611/300 689/618/302 498/621/33 459/612/26
f 368/616/303 499/622/305 690/623/306 497/617/304
f 499/622/305 369/624/307 500/625/308 690/623/306
f 690/626/306 500/627/308 457/628/38 501/629/39
f 497/619/304 690/630/306 501/631/39 458/620/32
f 369/632/307 502/633/309 691/634/310 500/635/308
f 502/633/309 370/636/311 503/637/312 691/634/310
f 691/638/310 503/639/312 456/640/44 504/641/45
f 500/627/308 691/638/310 504/641/45 457/628/38
f 370/636/311 505/642/313 692/643/314 503/637/312
f 505/642/313 371/644/315 506/645/316 692/643/314
f 692/646/314 506/647/316 455/648/50 507/649/51
f 503/639/312 692/646/314 507/649/51 456/640/44
f 371/644/315 508/650/317 693/651/318 506/645/316
f 508/650/317 372/652/319 509/653/320 693/651/318
f 693/654/318 509/655/320 454/656/56 510/657/57
f 506/647/316 693/658/318 510/659/57 455/648/50
f 372/652/319 511/660/321 694/661/322 509/653/320
f 511/662/321 373/663/323 512/664/324 694/665/322
f 694/666/322 512/667/324 453/668/62 513/669/63
f 509/670/320 694/671/322 513/672/63 454/673/56
f 373/663/323 514/674/325 695/675/326 512/664/324
f 514/676/325 374/677/327 515/678/328 695/679/326
f 695/680/326 515/681/328 452/682/68 516/683/69
f 512/667/324 695/680/326 516/683/69 453/668/62
f 374/684/327 517/685/329 696/686/330 515/687/328
f 517/685/329 375/688/331 518/689/332 696/686/330
f 696/690/330 518/691/332 451/692/74 519/693/75
f 515/681/328 696/694/330 519/695/75 452/682/68
f 375/688/331 520/696/333 697/697/334 518/689/332
f 520/696/333 376/698/335 521/699/336 697/697/334
f 697/700/334 521/701/336 450/702/80 522/703/81
f 518/704/332 697/705/334 522/706/81 451/707/74
f 376/698/335 523/708/337 698/709/338 521/699/336
f 523/708/337 377/710/339 524/711/340 698/709/338
f 698/712/338 524/713/340 449/714/86 525/715/87
f 521/701/336 698/712/338 525/715/87 450/702/80
f 377/710/339 526/716/341 699/717/342 524/711/340
f 526/716/341 378/718/343 527/719/344 699/717/342
f 699/720/342 527/721/344 448/722/92 528/723/93
f 524/713/340 699/720/342 528/723/93 449/714/86
f 378/718/343 529/724/345 700/725/346 527/719/344
f 529/724/345 379/726/347 530/727/348 700/725/346
f 700/728/346 530/729/348 447/730/98 531/731/99
f 527/721/344 700/732/346 531/733/99 448/722/92
f 379/726/347 532/734/349 701/735/350 530/727/348
f 532/734/349 380/736/351 533/737/352 701/735/350
f 701/738/350 533/739/352 446/740/104 534/741/105
f 530/729/348 701/738/350 534/741/105 447/730/98
f 380/736/351 535/742/353 702/743/354 533/737/352
f 535/742/353 381/744/355 536/745/356 702/743/354
f 702/746/354 536/747/356 445/748/110 537/749/111
f 533/739/352 702/746/354 537/749/111 446/740/104
f 381/744/355 538/750/357 703/751/358 536/745/356
f 538/750/357 382/752/359 539/753/360 703/751/358
f 703/754/358 539/755/360 464/756/116 540/757/117
f 536/747/356 703/754/358 540/757/117 445/748/110
f 382/752/359 541/758/361 704/759/362 539/753/360
f 541/758/361 363/576/283 484/579/286 704/759/362
f 704/760/362 484/586/286 463/587/9 542/761/120
f 539/755/360 704/760/362 542/761/120 464/756/116
f 364/580/287 483/577/284 705/762/363 543/763/364
f 363/576/283 544/764/365 705/762/363 483/577/284
f 403/765/124 543/763/364 705/762/363 544/764/365
f 365/590/291 487/588/289 706/766/366 545/767/367
f 364/580/287 543/763/364 706/766/366 487/588/289
f 403/765/124 545/767/367 706/766/366 543/763/364
f 366/598/295 490/596/293 707/768/368 546/769/369
f 365/590/291 545/767/367 707/768/368 490/596/293
f 403/765/124 546/769/369 707/768/368 545/767/367
f 367/608/299 493/606/297 708/770/370 547/771/371
f 366/598/295 546/769/369 708/770/370 493/606/297
f 403/765/124 547/771/371 708/770/370 546/769/369
f 368/616/303 496/614/301 709/772/372 548/773/373
f 367/608/299 547/771/371 709/772/372 496/614/301
f 403/765/124 548/773/373 709/772/372 547/771/371
f 369/624/307 499/622/305 710/774/374 549/775/375
f 368/616/303 548/773/373 710/774/374 499/622/305
f 403/765/124 549/775/375 710/774/374 548/773/373
f 370/776/311 502/777/309 711/778/376 550/779/375
f 369/624/307 549/775/375 711/778/376 502/777/309
f 403/765/124 550/779/375 711/778/376 549/775/375
f 371/780/315 505/781/313 712/782/377 551/783/378
f 370/776/311 550/779/375 712/782/377 505/781/313
f 403/765/124 551/783/378 712/782/377 550/779/375
f 372/784/319 508/785/317 713/786/379 552/787/380
f 371/780/315 551/783/378 713/786/379 508/785/317
f 403/765/124 552/787/380 713/786/379 551/783/378
f 373/788/323 511/789/321 714/790/381 553/791/382
f 372/784/319 552/787/380 714/790/381 511/789/321
f 403/765/124 553/791/382 714/790/381 552/787/380
f 374/684/327 514/792/325 715/793/383 554/794/384
f 373/788/323 553/791/382 715/793/383 514/792/325
f 403/765/124 554/794/384 715/793/383 553/791/382
f 375/688/331 517/685/329 716/795/385 555/796/384
f 374/684/327 554/794/384 716/795/385 517/685/329
f 403/765/124 555/796/384 716/795/385 554/794/384
f 376/698/335 520/696/333 717/797/386 556/798/387
f 375/688/331 555/796/384 717/797/386 520/696/333
f 403/765/124 556/798/387 717/797/386 555/796/384
f 377/710/339 523/708/337 718/799/388 557/800/389
f 376/698/335 556/798/387 718/799/388 523/708/337
f 403/765/124 557/800/389 718/799/388 556/798/387
f 378/718/343 526/716/341 719/801/390 558/802/391
f 377/710/339 557/800/389 719/801/390 526/716/341
f 403/765/124 558/802/391 719/801/390 557/800/389
f 379/726/347 529/724/345 720/803/392 559/804/393
f 378/718/343 558/802/391 720/803/392 529/724/345
f 403/765/124 559/804/393 720/803/392 558/802/391
f 380/736/351 532/734/349 721/805/394 560/806/393
f 379/726/347 559/804/393 721/805/394 532/734/349
f 403/807/124 560/808/393 721/809/394 559/810/393
f 381/744/355 535/742/353 722/811/395 561/812/396
f 380/736/351 560/806/393 722/811/395 535/742/353
f 403/765/124 561/812/396 722/811/395 560/806/393
f 382/752/359 538/750/357 723/813/397 562/814/398
f 381/744/355 561/812/396 723/813/397 538/750/357
f 403/765/124 562/814/398 723/813/397 561/812/396
f 363/576/283 541/758/361 724/815/399 544/764/365
f 382/752/359 562/814/398 724/815/399 541/758/361
f 403/765/124 544/764/365 724/815/399 562/814/398
f 383/816/400 563/817/401 725/818/402 564/819/403
f 384/820/404 565/821/405 725/818/402 563/817/401
f 404/822/168 564/819/403 725/818/402 565/821/405
f 384/820/404 566/823/406 726/824/407 565/821/405
f 385/825/408 567/826/409 726/824/407 566/823/406
f 404/822/168 565/821/405 726/824/407 567/826/409
f 385/825/408 568/827/410 727/828/411 567/826/409
f 386/829/412 569/830/413 727/828/411 568/827/410
f 404/822/168 567/826/409 727/828/411 569/830/413
f 386/829/412 570/831/414 728/832/415 569/830/413
f 387/833/416 571/834/417 728/832/415 570/831/414
f 404/822/168 569/830/413 728/832/415 571/834/417
f 387/833/416 572/835/418 729/836/419 571/834/417
f 388/837/420 573/838/421 729/836/419 572/835/418
f 404/822/168 571/834/417 729/836/419 573/838/421
f 388/837/420 574/839/422 730/840/423 573/838/421
f 389/841/424 575/842/425 730/840/423 574/839/422
f 404/822/168 573/838/421 730/840/423 575/842/425
f 389/841/424 576/843/426 731/844/427 575/842/425
f 390/845/428 577/846/429 731/844/427 576/843/426
f 404/822/168 575/842/425 731/844/427 577/846/429
f 390/845/428 578/847/430 732/848/431 577/846/429
f 391/849/432 579/850/433 732/848/431 578/847/430
f 404/822/168 577/846/429 732/848/431 579/850/433
f 391/849/432 580/851/434 733/852/435 579/850/433
f 392/853/436 581/854/437 733/852/435 580/851/434
f 404/822/168 579/850/433 733/852/435 581/854/437
f 392/853/436 582/855/438 734/856/439 581/854/437
f 393/857/440 583/858/441 734/856/439 582/855/438
f 404/822/168 581/854/437 734/856/439 583/858/441
f 393/857/440 584/859/442 735/860/443 583/858/441
f 394/861/444 585/862/445 735/860/443 584/859/442
f 404/822/168 583/858/441 735/860/443 585/862/445
f 394/861/444 586/863/446 736/864/447 585/862/445
f 395/865/448 587/866/449 736/864/447 586/863/446
f 404/822/168 585/862/445 736/864/447 587/866/449
f 395/865/448 588/867/450 737/868/451 587/866/449
f 396/869/452 589/870/453 737/868/451 588/867/450
f 404/822/168 587/866/449 737/868/451 589/870/453
f 396/869/452 590/871/454 738/872/455 589/870/453
f 397/873/456 591/874/457 738/872/455 590/871/454
f 404/822/168 589/870/453 738/872/455 591/874/457
f 397/873/456 592/875/458 739/876/459 591/874/457
f 398/877/460 593/878/461 739/876/459 592/875/458
f 404/822/168 591/874/457 739/876/459 593/878/461
f 398/877/460 594/879/462 740/880/463 593/878/461
f 399/881/464 595/882/465 740/880/463 594/879/462
f 404/822/168 593/878/461 740/880/463 595/882/465
f 399/881/464 596/883/466 741/884/467 595/882/465
f 400/885/468 597/886/469 741/884/467 596/883/466
f 404/822/168 595/882/465 741/884/467 597/886/469
f 400/885/468 598/887/470 742/888/471 597/886/469
f 401/889/472 599/890/473 742/888/471 598/887/470
f 404/822/168 597/886/469 742/888/471 599/890/473
f 401/889/472 600/891/474 743/892/475 599/890/473
f 402/893/476 601/894/477 743/892/475 600/891/474
f 404/822/168 599/890/473 743/892/475 601/894/477
f 402/893/476 602/895/478 744/896/479 601/894/477
f 383/816/400 564/819/403 744/896/479 602/895/478
f 404/822/168 601/894/477 744/896/479 564/819/403
f 406/897/480 603/898/481 745/899/482 604/900/483
f 603/898/481 405/901/484 605/902/485 745/899/482
f 745/903/482 605/904/485 402/893/476 600/891/474
f 604/905/483 745/903/482 600/891/474 401/889/472
f 407/906/486 606/907/487 746/908/488 607/909/489
f 606/907/487 406/897/480 604/900/483 746/908/488
f 746/910/488 604/905/483 401/889/472 598/887/470
f 607/911/489 746/910/488 598/887/470 400/885/468
f 408/912/490 608/913/491 747/914/492 609/915/493
f 608/913/491 407/906/486 607/909/489 747/914/492
f 747/916/492 607/911/489 400/885/468 596/883/466
f 609/917/493 747/916/492 596/883/466 399/881/464
f 409/918/494 610/919/495 748/920/496 611/921/497
f 610/919/495 408/922/490 609/917/493 748/920/496
f 748/920/496 609/917/493 399/881/464 594/879/462
f 611/921/497 748/920/496 594/879/462 398/877/460
f 410/923/498 612/924/499 749/925/500 613/926/501
f 612/924/499 409/918/494 611/921/497 749/925/500
f 749/925/500 611/921/497 398/877/460 592/875/458
f 613/926/501 749/925/500 592/875/458 397/873/456
f 411/927/502 614/928/503 750/929/504 615/930/505
f 614/928/503 410/923/498 613/926/501 750/929/504
f 750/929/504 613/926/501 397/873/456 590/871/454
f 615/930/505 750/929/504 590/871/454 396/869/452
f 412/931/506 616/932/507 751/933/508 617/934/509
f 616/932/507 411/927/502 615/930/505 751/933/508
f 751/933/508 615/930/505 396/869/452 588/867/450
f 617/934/509 751/933/508 588/867/450 395/865/448
f 413/935/510 618/936/511 752/937/512 619/938/513
f 618/936/511 412/939/506 617/940/509 752/937/512
f 752/941/512 617/934/509 395/865/448 586/863/446
f 619/942/513 752/941/512 586/863/446 394/861/444
f 414/943/514 620/944/515 753/945/516 621/946/517
f 620/944/515 413/935/510 619/938/513 753/945/516
f 753/947/516 619/942/513 394/861/444 584/859/442
f 621/948/517 753/947/516 584/859/442 393/857/440
f 415/949/518 622/950/519 754/951/520 623/952/521
f 622/950/519 414/943/514 621/946/517 754/951/520
f 754/953/520 621/948/517 393/857/440 582/855/438
f 623/954/521 754/953/520 582/855/438 392/853/436
f 416/955/522 624/956/523 755/957/524 625/958/525
f 624/956/523 415/949/518 623/952/521 755/957/524
f 755/959/524 623/954/521 392/853/436 580/851/434
f 625/960/525 755/959/524 580/851/434 391/849/432
f 417/961/526 626/962/527 756/963/528 627/964/529
f 626/962/527 416/955/522 625/958/525 756/963/528
f 756/965/528 625/960/525 391/849/432 578/847/430
f 627/966/529 756/965/528 578/847/430 390/845/428
f 418/967/530 628/968/531 757/969/532 629/970/533
f 628/968/531 417/961/526 627/964/529 757/969/532
f 757/971/532 627/966/529 390/845/428 576/843/426
f 629/972/533 757/971/532 576/843/426 389/841/424
f 419/973/534 630/974/535 758/975/536 631/976/537
f 630/974/535 418/977/530 629/972/533 758/975/536
f 758/975/536 629/972/533 389/841/424 574/839/422
f 631/976/537 758/975/536 574/839/422 388/837/420
f 420/978/538 632/979/539 759/980/540 633/981/541
f 632/979/539 419/973/534 631/976/537 759/980/540
f 759/980/540 631/976/537 388/837/420 572/835/418
f 633/981/541 759/980/540 572/835/418 387/833/416
f 421/982/542 634/983/543 760/984/544 635/985/545
f 634/983/543 420/978/538 633/981/541 760/984/544
f 760/984/544 633/981/541 387/833/416 570/831/414
f 635/985/545 760/984/544 570/831/414 386/829/412
f 422/986/546 636/987/547 761/988/548 637/989/549
f 636/987/547 421/982/542 635/985/545 761/988/548
f 761/988/548 635/985/545 386/829/412 568/827/410
f 637/989/549 761/988/548 568/827/410 385/825/408
f 423/990/550 638/991/551 762/992/552 639/993/553
f 638/991/551 422/994/546 637/995/549 762/992/552
f 762/996/552 637/989/549 385/825/408 566/823/406
f 639/997/553 762/996/552 566/823/406 384/820/404
f 424/998/554 640/999/555 763/1000/556 641/1001/557
f 640/999/555 423/990/550 639/993/553 763/1000/556
f 763/1002/556 639/997/553 384/820/404 563/817/401
f 641/1003/557 763/1002/556 563/817/401 383/816/400
f 405/901/484 642/1004/558 764/1005/559 605/902/485
f 642/1004/558 424/998/554 641/1001/557 764/1005/559
f 764/1006/559 641/1003/557 383/816/400 602/895/478
f 605/904/485 764/1006/559 602/895/478 402/893/476
f 426/1007/560 643/1008/561 765/1009/562 644/1010/563
f 643/1008/561 425/1011/564 645/1012/565 765/1009/562
f 765/1009/562 645/1012/565 405/1013/484 603/1014/481
f 644/1010/563 765/1009/562 603/1014/481 406/1015/480
f 427/1016/566 646/1017/567 766/1018/568 647/1019/569
f 646/1017/567 426/1007/560 644/1010/563 766/1018/568
f 766/1018/568 644/1010/563 406/1015/480 606/1020/487
f 647/1019/569 766/1018/568 606/1020/487 407/1021/486
f 428/1022/570 648/1023/571 767/1024/572 649/1025/573
f 648/1023/571 427/1016/566 647/1019/569 767/1024/572
f 767/1024/572 647/1019/569 407/1021/486 608/1026/491
f 649/1025/573 767/1024/572 608/1026/491 408/1027/490
f 429/1028/574 650/1029/575 768/1030/576 651/1031/577
f 650/1029/575 428/1032/570 649/1033/573 768/1030/576
f 768/1030/576 649/1033/573 408/1034/490 610/1035/495
f 651/1031/577 768/1030/576 610/1035/495 409/1036/494
f 430/1037/578 652/1038/579 769/1039/580 653/1040/581
f 652/1038/579 429/1028/574 651/1031/577 769/1039/580
f 769/1039/580 651/1031/577 409/1036/494 612/1041/499
f 653/1042/581 769/1043/580 612/924/499 410/923/498
f 431/1044/582 654/1045/583 770/1046/584 655/1047/585
f 654/1045/583 430/1037/578 653/1040/581 770/1046/584
f 770/1048/584 653/1042/581 410/923/498 614/928/503
f 655/1049/585 770/1048/584 614/928/503 411/927/502
f 432/1050/586 656/1051/587 771/1052/588 657/1053/589
f 656/1051/587 431/1044/582 655/1047/585 771/1052/588
f 771/1054/588 655/1049/585 411/927/502 616/932/507
f 657/1055/589 771/1054/588 616/932/507 412/931/506
f 433/1056/590 658/1057/591 772/1058/592 659/1059/593
f 658/1057/591 432/1060/586 657/1061/589 772/1058/592
f 772/1062/592 657/1063/589 412/939/506 618/936/511
f 659/1064/593 772/1062/592 618/936/511 413/935/510
f 434/1065/594 660/1066/595 773/1067/596 661/1068/597
f 660/1066/595 433/1056/590 659/1059/593 773/1067/596
f 773/1069/596 659/1064/593 413/935/510 620/944/515
f 661/1070/597 773/1069/596 620/944/515 414/943/514
f 435/1071/598 662/1072/599 774/1073/600 663/1074/601
f 662/1072/599 434/1065/594 661/1068/597 774/1073/600
f 774/1075/600 661/1070/597 414/943/514 622/950/519
f 663/1076/601 774/1075/600 622/950/519 415/949/518
f 436/1077/602 664/1078/603 775/1079/604 665/1080/605
f 664/1078/603 435/1071/598 663/1074/601 775/1079/604
f 775/1081/604 663/1076/601 415/949/518 624/956/523
f 665/1082/605 775/1081/604 624/956/523 416/955/522
f 437/1083/606 666/1084/607 776/1085/608 667/1086/609
f 666/1084/607 436/1077/602 665/1080/605 776/1085/608
f 776/1087/608 665/1082/605 416/955/522 626/962/527
f 667/1088/609 776/1087/608 626/962/527 417/961/526
f 438/1089/610 668/1090/611 777/1091/612 669/1092/613
f 668/1090/611 437/1083/606 667/1086/609 777/1091/612
f 777/1093/612 667/1088/609 417/961/526 628/968/531
f 669/1094/613 777/1093/612 628/968/531 418/967/530
f 439/1095/614 670/1096/615 778/1097/616 671/1098/617
f 670/1096/615 438/1099/610 669/1100/613 778/1097/616
f 778/1101/616 669/1102/613 418/977/530 630/974/535
f 671/1103/617 778/1101/616 630/974/535 419/973/534
f 440/1104/618 672/1105/619 779/1106/620 673/1107/621
f 672/1105/619 439/1095/614 671/1098/617 779/1106/620
f 779/1108/620 671/1103/617 419/973/534 632/979/539
f 673/1107/621 779/1106/620 632/1109/539 420/1110/538
f 441/1111/622 674/1112/623 780/1113/624 675/1114/625
f 674/1112/623 440/1104/618 673/1107/621 780/1113/624
f 780/1113/624 673/1107/621 420/1110/538 634/1115/543
f 675/1114/625 780/1113/624 634/1115/543 421/1116/542
f 442/1117/626 676/1118/627 781/1119/628 677/1120/629
f 676/1121/627 441/1122/622 675/1123/625 781/1124/628
f 781/1119/628 675/1114/625 421/1116/542 636/1125/547
f 677/1120/629 781/1119/628 636/1125/547 422/1126/546
f 443/1127/630 678/1128/631 782/1129/632 679/1130/633
f 678/1128/631 442/1131/626 677/1132/629 782/1129/632
f 782/1129/632 677/1132/629 422/1133/546 638/1134/551
f 679/1130/633 782/1129/632 638/1134/551 423/1135/550
f 444/1136/634 680/1137/635 783/1138/636 681/1139/637
f 680/1137/635 443/1127/630 679/1130/633 783/1138/636
f 783/1138/636 679/1130/633 423/1135/550 640/1140/555
f 681/1139/637 783/1138/636 640/1140/555 424/1141/554
f 425/1011/564 682/1142/638 784/1143/639 645/1012/565
f 682/1142/638 444/1136/634 681/1139/637 784/1143/639
f 784/1143/639 681/1139/637 424/1141/554 642/1144/558
f 645/1012/565 784/1143/639 642/1144/558 405/1013/484
f 446/1145/104 537/1146/111 785/1147/640 683/1148/641
f 537/1146/111 445/1149/110 684/1150/642 785/1147/640
f 785/1151/640 684/1152/642 426/1153/560 646/1154/567
f 683/1155/641 785/1151/640 646/1154/567 427/1156/566
f 447/1157/98 534/1158/105 786/1159/643 465/1160/644
f 534/1158/105 446/1145/104 683/1148/641 786/1159/643
f 786/1161/643 683/1155/641 427/1156/566 648/1162/571
f 465/1163/644 786/1161/643 648/1162/571 428/1164/570
f 448/722/92 531/733/99 787/1165/645 466/1166/646
f 531/1167/99 447/1168/98 465/1169/644 787/1170/645
f 787/1171/645 465/1172/644 428/1173/570 650/1174/575
f 466/1175/646 787/1171/645 650/1174/575 429/1176/574
f 449/714/86 528/723/93 788/1177/647 467/1178/648
f 528/723/93 448/722/92 466/1166/646 788/1177/647
f 788/1179/647 466/1175/646 429/1176/574 652/1180/579
f 467/1181/648 788/1182/647 652/1183/579 430/1184/578
f 450/702/80 525/715/87 789/1185/649 468/1186/650
f 525/715/87 449/714/86 467/1178/648 789/1185/649
f 789/1187/649 467/1181/648 430/1184/578 654/1188/583
f 468/1189/650 789/1187/649 654/1188/583 431/1190/582
f 451/707/74 522/706/81 790/1191/651 469/1192/652
f 522/703/81 450/702/80 468/1186/650 790/1193/651
f 790/1194/651 468/1189/650 431/1190/582 656/1195/587
f 469/1196/652 790/1197/651 656/1198/587 432/1199/586
f 452/1200/68 519/693/75 791/1201/653 470/1202/654
f 519/693/75 451/692/74 469/1203/652 791/1201/653
f 791/1204/653 469/1196/652 432/1199/586 658/1205/591
f 470/1206/654 791/1204/653 658/1205/591 433/1207/590
f 453/1208/62 516/1209/69 792/1210/655 471/1211/656
f 516/1209/69 452/1200/68 470/1202/654 792/1210/655
f 792/1212/655 470/1206/654 433/1207/590 660/1213/595
f 471/1214/656 792/1212/655 660/1213/595 434/1215/594
f 454/673/56 513/672/63 793/1216/657 472/1217/658
f 513/672/63 453/1208/62 471/1211/656 793/1216/657
f 793/1218/657 471/1214/656 434/1215/594 662/1219/599
f 472/1220/658 793/1218/657 662/1219/599 435/1221/598
f 455/1222/50 510/657/57 794/1223/659 473/1224/660
f 510/657/57 454/656/56 472/1225/658 794/1223/659
f 794/1226/659 472/1227/658 435/1228/598 664/1229/603
f 473/1230/660 794/1226/659 664/1229/603 436/1231/602
f 456/1232/44 507/1233/51 795/1234/661 474/1235/662
f 507/1233/51 455/1222/50 473/1224/660 795/1234/661
f 795/1236/661 473/1230/660 436/1231/602 666/1237/607
f 474/1238/662 795/1236/661 666/1237/607 437/1239/606
f 457/1240/38 504/1241/45 796/1242/663 475/1243/664
f 504/1241/45 456/1232/44 474/1235/662 796/1242/663
f 796/1244/663 474/1238/662 437/1239/606 668/1245/611
f 475/1246/664 796/1244/663 668/1245/611 438/1247/610
f 458/1248/32 501/1249/39 797/1250/665 476/1251/666
f 501/1249/39 457/1240/38 475/1243/664 797/1250/665
f 797/1252/665 475/1253/664 438/1254/610 670/1255/615
f 476/1256/666 797/1252/665 670/1255/615 439/1257/614
f 459/1258/26 498/1259/33 798/1260/667 477/1261/668
f 498/1259/33 458/1262/32 476/1263/666 798/1260/667
f 798/1264/667 476/1256/666 439/1257/614 672/1265/619
f 477/1266/668 798/1264/667 672/1265/619 440/1267/618
f 460/602/20 495/613/27 799/1268/669 478/1269/670
f 495/1270/27 459/1258/26 477/1261/668 799/1271/669
f 799/1272/669 477/1266/668 440/1267/618 674/1273/623
f 478/1274/670 799/1275/669 674/1276/623 441/1277/622
f 461/1278/14 492/1279/21 800/1280/671 479/1281/672
f 492/603/21 460/602/20 478/1269/670 800/1282/671
f 800/1283/671 478/1274/670 441/1277/622 676/1284/627
f 479/1285/672 800/1286/671 676/1287/627 442/1288/626
f 462/1289/7 489/1290/15 801/1291/673 480/1292/674
f 489/1290/15 461/1293/14 479/1294/672 801/1291/673
f 801/1295/673 479/1296/672 442/1297/626 678/1298/631
f 480/1299/674 801/1295/673 678/1298/631 443/1300/630
f 463/1301/9 486/1302/8 802/1303/675 481/1304/676
f 486/1302/8 462/1289/7 480/1292/674 802/1303/675
f 802/1305/675 480/1299/674 443/1300/630 680/1306/635
f 481/1307/676 802/1305/675 680/1306/635 444/1308/634
f 464/1309/116 542/1310/120 803/1311/677 482/1312/678
f 542/1310/120 463/1301/9 481/1304/676 803/1311/677
f 803/1313/677 481/1307/676 444/1308/634 682/1314/638
f 482/1315/678 803/1313/677 682/1314/638 425/1316/564
f 445/1149/110 540/1317/117 804/1318/679 684/1150/642
f 540/1317/117 464/1309/116 482/1312/678 804/1318/679
f 804/1319/679 482/1315/678 425/1316/564 643/1320/561
f 684/1152/642 804/1319/679 643/1320/561 426/1153/560
f 805/576/283 925/577/284 1127/578/680 926/579/286
f 925/577/284 806/580/287 927/581/288 1127/578/680
f 1127/1321/680 927/1322/288 904/1323/7 928/1324/8
f 926/1325/286 1127/1321/680 928/1324/8 905/1326/9
f 806/580/287 929/588/681 1128/589/682 927/581/288
f 929/588/681 807/590/683 930/591/684 1128/589/682
f 1128/1327/682 930/1328/684 903/1329/14 931/1330/15
f 927/1322/288 1128/1327/682 931/1330/15 904/1323/7
f 807/590/683 932/596/293 1129/597/685 930/591/684
f 932/596/293 808/598/295 933/1331/686 1129/597/685
f 1129/600/685 933/601/686 902/602/20 934/603/21
f 930/1328/684 1129/1332/685 934/1333/21 903/1329/14
f 808/598/295 935/606/297 1130/1334/298 933/1331/686
f 935/606/297 809/608/299 936/609/300 1130/1334/298
f 1130/610/298 936/611/300 901/612/26 937/613/27
f 933/1335/686 1130/1336/298 937/1337/27 902/1338/20
f 809/608/299 938/614/301 1131/615/687 936/609/300
f 938/614/301 810/616/688 939/1339/304 1131/615/687
f 1131/1340/687 939/1341/304 900/1342/32 940/1343/33
f 936/611/300 1131/618/687 940/621/33 901/612/26
f 810/1344/688 941/1345/305 1132/1346/306 939/1347/304
f 941/1348/305 811/1349/307 942/1350/308 1132/1351/306
f 1132/1352/306 942/1353/308 899/628/689 943/629/39
f 939/619/304 1132/630/306 943/631/39 900/620/32
f 811/1349/307 944/1354/309 1133/1355/690 942/1350/308
f 944/1356/309 812/1357/691 945/1358/312 1133/1359/690
f 1133/1360/690 945/1361/312 898/1362/44 946/1363/45
f 942/1364/308 1133/1365/690 946/1366/45 899/1367/689
f 812/1368/691 947/1369/313 1134/1370/692 945/1371/312
f 947/1372/313 813/1373/315 948/1374/693 1134/1375/692
f 1134/1376/692 948/1377/693 897/1378/50 949/1379/51
f 945/1380/312 1134/1381/692 949/1382/51 898/1383/44
f 813/1384/315 950/1385/317 1135/1386/694 948/1387/693
f 950/1388/317 814/1389/319 951/1390/320 1135/1391/694
f 1135/1392/694 951/1393/320 896/1394/56 952/659/57
f 948/1377/693 1135/1395/694 952/1396/57 897/1378/50
f 814/1389/319 953/1397/321 1136/1398/322 951/1390/320
f 953/1399/321 815/1400/695 954/1401/324 1136/1402/322
f 1136/1403/322 954/1404/324 895/668/62 955/669/63
f 951/1393/320 1136/1403/322 955/669/63 896/1394/56
f 815/1400/695 956/1405/325 1137/1406/326 954/1401/324
f 956/1407/325 816/1408/327 957/1409/328 1137/1410/326
f 1137/1411/326 957/1412/328 894/682/68 958/683/69
f 954/1404/324 1137/1411/326 958/683/69 895/668/62
f 816/1408/327 959/1413/329 1138/1414/696 957/1409/328
f 959/1413/329 817/1415/697 960/1416/332 1138/1414/696
f 1138/1417/696 960/1418/332 893/707/74 961/695/75
f 957/1412/328 1138/1417/696 961/695/75 894/682/68
f 817/1415/697 962/1419/333 1139/1420/334 960/1416/332
f 962/1421/333 818/698/698 963/699/336 1139/697/334
f 1139/1422/334 963/1423/336 892/702/80 964/703/81
f 960/1418/332 1139/1424/334 964/706/81 893/707/74
f 818/698/698 965/708/337 1140/1425/699 963/699/336
f 965/708/337 819/1426/339 966/711/340 1140/1425/699
f 1140/1427/699 966/1428/340 891/714/86 967/715/87
f 963/1423/336 1140/1427/699 967/715/87 892/702/80
f 819/1426/339 968/716/341 1141/717/342 966/711/340
f 968/716/341 820/718/700 969/719/344 1141/717/342
f 1141/1429/342 969/1430/344 890/722/92 970/723/93
f 966/1428/340 1141/1429/342 970/723/93 891/714/86
f 820/718/700 971/724/345 1142/725/346 969/719/344
f 971/724/345 821/726/347 972/727/348 1142/725/346
f 1142/1431/346 972/1432/348 889/1433/98 973/1434/99
f 969/1430/344 1142/1435/346 973/733/99 890/722/92
f 821/726/347 974/734/349 1143/735/350 972/727/348
f 974/734/349 822/1436/351 975/737/352 1143/735/350
f 1143/1437/350 975/1438/352 888/1439/104 976/1440/105
f 972/1441/348 1143/1437/350 976/1440/105 889/1442/98
f 822/1443/351 977/1444/353 1144/1445/354 975/1446/352
f 977/742/353 823/744/701 978/745/356 1144/743/354
f 1144/1447/354 978/1448/356 887/1449/110 979/1450/111
f 975/1451/352 1144/1452/354 979/1453/111 888/1454/104
f 823/744/701 980/750/357 1145/751/358 978/745/356
f 980/750/357 824/752/359 981/753/360 1145/751/358
f 1145/1455/358 981/1456/360 906/1457/116 982/1458/117
f 978/1448/356 1145/1455/358 982/1458/117 887/1449/110
f 824/752/359 983/758/361 1146/759/362 981/753/360
f 983/758/361 805/576/283 926/579/286 1146/759/362
f 1146/1459/362 926/1325/286 905/1326/9 984/1460/120
f 981/1456/360 1146/1459/362 984/1460/120 906/1457/116
f 806/580/287 925/577/284 1147/762/363 985/763/702
f 805/576/283 986/764/365 1147/762/363 925/577/284
f 845/1461/124 985/1462/702 1147/1463/363 986/1464/365
f 807/590/683 929/588/681 1148/766/366 987/767/367
f 806/580/287 985/763/702 1148/766/366 929/588/681
f 845/1461/124 987/1465/367 1148/1466/366 985/1462/702
f 808/598/295 932/596/293 1149/768/368 988/769/369
f 807/590/683 987/767/367 1149/768/368 932/596/293
f 845/1461/124 988/1467/369 1149/1468/368 987/1465/367
f 809/608/299 935/606/297 1150/770/370 989/771/371
f 808/598/295 988/769/369 1150/770/370 935/606/297
f 845/1461/124 989/1469/371 1150/1470/370 988/1467/369
f 810/616/688 938/614/301 1151/772/372 990/773/703
f 809/608/299 989/771/371 1151/772/372 938/614/301
f 845/1461/124 990/1471/703 1151/1472/372 989/1469/371
f 811/1473/307 941/1474/305 1152/774/374 991/775/704
f 810/616/688 990/773/703 1152/774/374 941/1474/305
f 845/1461/124 991/1475/704 1152/1476/374 990/1471/703
f 812/1477/691 944/1478/309 1153/1479/376 992/1480/705
f 811/1473/307 991/775/704 1153/778/376 944/777/309
f 845/1461/124 992/1480/705 1153/1479/376 991/1475/704
f 813/780/315 947/781/313 1154/782/377 993/783/378
f 812/776/691 992/779/705 1154/782/377 947/781/313
f 845/765/124 993/783/378 1154/782/377 992/779/705
f 814/784/319 950/1481/317 1155/786/379 994/787/380
f 813/780/315 993/783/378 1155/786/379 950/1481/317
f 845/765/124 994/787/380 1155/786/379 993/783/378
f 815/788/695 953/1482/321 1156/790/381 995/791/706
f 814/784/319 994/787/380 1156/790/381 953/1482/321
f 845/765/124 995/791/706 1156/790/381 994/787/380
f 816/1483/327 956/792/325 1157/793/383 996/794/707
f 815/788/695 995/791/706 1157/793/383 956/792/325
f 845/765/124 996/794/707 1157/793/383 995/791/706
f 817/688/697 959/685/329 1158/795/385 997/796/708
f 816/1483/327 996/794/707 1158/795/385 959/685/329
f 845/765/124 997/796/708 1158/795/385 996/794/707
f 818/698/698 962/1421/333 1159/797/386 998/798/709
f 817/688/697 997/796/708 1159/797/386 962/1421/333
f 845/765/124 998/798/709 1159/797/386 997/796/708
f 819/1426/339 965/708/337 1160/799/388 999/800/389
f 818/698/698 998/798/709 1160/799/388 965/708/337
f 845/765/124 999/800/389 1160/799/388 998/798/709
f 820/718/700 968/716/341 1161/801/390 1000/802/391
f 819/1426/339 999/800/389 1161/801/390 968/716/341
f 845/765/124 1000/802/391 1161/801/390 999/800/389
f 821/726/347 971/724/345 1162/803/392 1001/804/710
f 820/718/700 1000/802/391 1162/803/392 971/724/345
f 845/765/124 1001/804/710 1162/803/392 1000/802/391
f 822/1436/351 974/734/349 1163/805/394 1002/806/711
f 821/726/347 1001/804/710 1163/805/394 974/734/349
f 845/807/124 1002/808/711 1163/809/394 1001/810/710
f 823/744/701 977/742/353 1164/811/395 1003/812/712
f 822/1443/351 1002/1484/711 1164/1485/395 977/1444/353
f 845/1461/124 1003/1486/712 1164/1485/395 1002/1484/711
f 824/752/359 980/750/357 1165/813/397 1004/814/398
f 823/744/701 1003/812/712 1165/813/397 980/750/357
f 845/1461/124 1004/1487/398 1165/1488/397 1003/1486/712
f 805/576/283 983/758/361 1166/815/399 986/764/365
f 824/752/359 1004/814/398 1166/815/399 983/758/361
f 845/1461/124 986/1464/365 1166/1489/399 1004/1487/398
f 825/1490/713 1005/1491/714 1167/1492/715 1006/1493/716
f 826/1494/404 1007/1495/717 1167/1496/715 1005/1497/714
f 846/1498/168 1006/1499/716 1167/1500/715 1007/1501/717
f 826/1494/404 1008/1502/718 1168/1503/407 1007/1495/717
f 827/1504/719 1009/1505/720 1168/1503/407 1008/1502/718
f 846/1498/168 1007/1501/717 1168/1506/407 1009/1507/720
f 827/1504/719 1010/1508/721 1169/1509/722 1009/1505/720
f 828/1510/412 1011/1511/723 1169/1509/722 1010/1508/721
f 846/1498/168 1009/1507/720 1169/1512/722 1011/1513/723
f 828/1510/412 1012/1514/724 1170/1515/415 1011/1511/723
f 829/1516/416 1013/1517/417 1170/1515/415 1012/1514/724
f 846/1498/168 1011/1513/723 1170/1518/415 1013/1519/417
f 829/1516/416 1014/1520/725 1171/1521/726 1013/1517/417
f 830/1522/727 1015/1523/728 1171/1521/726 1014/1520/725
f 846/1498/168 1013/1519/417 1171/1524/726 1015/1525/728
f 830/1522/727 1016/1526/729 1172/1527/423 1015/1523/728
f 831/1528/730 1017/1529/425 1172/1527/423 1016/1526/729
f 846/1498/168 1015/1525/728 1172/1530/423 1017/1531/425
f 831/1528/730 1018/1532/731 1173/1533/427 1017/1529/425
f 832/1534/732 1019/1535/429 1173/1533/427 1018/1532/731
f 846/1498/168 1017/1531/425 1173/1536/427 1019/1537/429
f 832/1534/732 1020/1538/733 1174/1539/734 1019/1535/429
f 833/1540/735 1021/1541/736 1174/1539/734 1020/1538/733
f 846/1498/168 1019/1537/429 1174/1542/734 1021/1543/736
f 833/1544/735 1022/1545/737 1175/1546/738 1021/1543/736
f 834/1547/436 1023/1548/437 1175/1549/738 1022/1550/737
f 846/1498/168 1021/1543/736 1175/1546/738 1023/1551/437
f 834/1547/436 1024/1552/739 1176/1553/740 1023/1548/437
f 835/1554/741 1025/1555/441 1176/1553/740 1024/1552/739
f 846/1556/168 1023/1548/437 1176/1553/740 1025/1555/441
f 835/1557/741 1026/1558/742 1177/1559/743 1025/1560/441
f 836/1561/444 1027/1562/744 1177/1563/743 1026/1564/742
f 846/1498/168 1025/1560/441 1177/1559/743 1027/1565/744
f 836/1561/444 1028/1566/745 1178/1567/746 1027/1562/744
f 837/1568/747 1029/1569/449 1178/1570/746 1028/1571/745
f 846/1498/168 1027/1565/744 1178/1570/746 1029/1569/449
f 837/1572/747 1030/1573/748 1179/1574/451 1029/1575/449
f 838/1576/452 1031/1577/749 1179/1574/451 1030/1573/748
f 846/1498/168 1029/1569/449 1179/1578/451 1031/1579/749
f 838/1576/452 1032/1580/750 1180/1581/751 1031/1577/749
f 839/1582/752 1033/1583/457 1180/1581/751 1032/1580/750
f 846/1498/168 1031/1579/749 1180/1584/751 1033/1585/457
f 839/1582/752 1034/1586/753 1181/1587/754 1033/1583/457
f 840/1588/755 1035/1589/756 1181/1587/754 1034/1586/753
f 846/1498/168 1033/1585/457 1181/1590/754 1035/1591/756
f 840/1588/755 1036/1592/757 1182/1593/463 1035/1589/756
f 841/1594/464 1037/1595/465 1182/1593/463 1036/1592/757
f 846/1498/168 1035/1591/756 1182/1596/463 1037/1597/465
f 841/1598/464 1038/1599/758 1183/1600/759 1037/1601/465
f 842/1602/468 1039/1603/760 1183/1604/759 1038/1605/758
f 846/1606/168 1037/1607/465 1183/1608/759 1039/1609/760
f 842/1602/468 1040/1610/761 1184/1611/471 1039/1603/760
f 843/1612/762 1041/1613/473 1184/1611/471 1040/1610/761
f 846/1606/168 1039/1609/760 1184/1614/471 1041/1615/473
f 843/1616/762 1042/1617/763 1185/1618/764 1041/1619/473
f 844/1620/476 1043/1621/765 1185/1618/764 1042/1617/763
f 846/1606/168 1041/1615/473 1185/1622/764 1043/1623/765
f 844/1620/476 1044/1624/766 1186/1625/767 1043/1621/765
f 825/1626/713 1006/1499/716 1186/1625/767 1044/1624/766
f 846/1556/168 1043/1627/765 1186/1628/767 1006/1629/716
f 848/1630/480 1045/1631/481 1187/1632/482 1046/1633/483
f 1045/1631/481 847/1634/484 1047/1635/485 1187/1632/482
f 1187/1636/482 1047/1637/485 844/1638/476 1042/1639/763
f 1046/1640/483 1187/1636/482 1042/1639/763 843/1641/762
f 849/1642/486 1048/1643/487 1188/1644/488 1049/1645/489
f 1048/1646/487 848/1630/480 1046/1633/483 1188/1647/488
f 1188/1648/488 1046/1640/483 843/1641/762 1040/1649/761
f 1049/1650/489 1188/1648/488 1040/1649/761 842/1651/468
f 850/1652/490 1050/1653/491 1189/1654/492 1051/1655/493
f 1050/1653/491 849/1656/486 1049/1657/489 1189/1654/492
f 1189/1658/492 1049/1650/489 842/1651/468 1038/1659/758
f 1051/1660/493 1189/1658/492 1038/1659/758 841/1661/464
f 851/1662/494 1052/1663/495 1190/1664/768 1053/1665/497
f 1052/1663/495 850/1666/490 1051/1667/493 1190/1664/768
f 1190/1668/768 1051/1660/493 841/1661/464 1036/1669/757
f 1053/1670/497 1190/1668/768 1036/1669/757 840/1671/755
f 852/1672/498 1054/1673/499 1191/1674/500 1055/1675/501
f 1054/1673/499 851/1662/494 1053/1665/497 1191/1674/500
f 1191/1676/500 1053/1670/497 840/1671/755 1034/1677/753
f 1055/1678/501 1191/1676/500 1034/1677/753 839/1679/752
f 853/1680/502 1056/1681/503 1192/1682/504 1057/1683/505
f 1056/1681/503 852/1672/498 1055/1675/501 1192/1682/504
f 1192/1684/504 1055/1678/501 839/1679/752 1032/1685/750
f 1057/1686/505 1192/1684/504 1032/1685/750 838/1687/452
f 854/1688/506 1058/1689/507 1193/1690/769 1059/1691/509
f 1058/1692/507 853/1680/502 1057/1683/505 1193/1693/769
f 1193/1694/769 1057/1686/505 838/1687/452 1030/1695/748
f 1059/1696/509 1193/1694/769 1030/1695/748 837/1697/747
f 855/1698/510 1060/1699/511 1194/1700/770 1061/1701/513
f 1060/1699/511 854/1702/506 1059/1703/509 1194/1700/770
f 1194/1704/770 1059/1696/509 837/1697/747 1028/1705/745
f 1061/1706/513 1194/1704/770 1028/1705/745 836/1707/444
f 856/1708/514 1062/1709/515 1195/1710/516 1063/1711/517
f 1062/1709/515 855/1698/510 1061/1701/513 1195/1710/516
f 1195/1712/516 1061/1706/513 836/1707/444 1026/1713/742
f 1063/1714/517 1195/1712/516 1026/1713/742 835/1715/741
f 857/1716/518 1064/1717/519 1196/1718/520 1065/1719/521
f 1064/1717/519 856/1708/514 1063/1711/517 1196/1718/520
f 1196/1720/520 1063/1714/517 835/1715/741 1024/1721/739
f 1065/1722/521 1196/1720/520 1024/1721/739 834/1723/436
f 858/1724/522 1066/1725/523 1197/1726/771 1067/1727/525
f 1066/1728/523 857/1716/518 1065/1719/521 1197/1729/771
f 1197/1730/771 1065/1722/521 834/1723/436 1022/1731/737
f 1067/1732/525 1197/1730/771 1022/1731/737 833/1733/735
f 859/1734/526 1068/1735/527 1198/1736/528 1069/1737/529
f 1068/1735/527 858/1738/522 1067/1739/525 1198/1736/528
f 1198/1740/528 1067/1741/525 833/1540/735 1020/1538/733
f 1069/1742/529 1198/1740/528 1020/1538/733 832/1534/732
f 860/1743/530 1070/1744/531 1199/1745/532 1071/1746/533
f 1070/1744/531 859/1734/526 1069/1737/529 1199/1745/532
f 1199/1747/532 1069/1742/529 832/1534/732 1018/1532/731
f 1071/1748/533 1199/1747/532 1018/1532/731 831/1528/730
f 861/1749/534 1072/1750/535 1200/1751/536 1073/1752/772
f 1072/1750/535 860/1753/530 1071/1748/533 1200/1751/536
f 1200/1751/536 1071/1748/533 831/1528/730 1016/1526/729
f 1073/1752/772 1200/1751/536 1016/1526/729 830/1522/727
f 862/1754/538 1074/1755/539 1201/1756/540 1075/1757/541
f 1074/1755/539 861/1749/534 1073/1752/772 1201/1756/540
f 1201/1756/540 1073/1752/772 830/1522/727 1014/1520/725
f 1075/1757/541 1201/1756/540 1014/1520/725 829/1516/416
f 863/1758/542 1076/1759/543 1202/1760/544 1077/1761/773
f 1076/1759/543 862/1754/538 1075/1757/541 1202/1760/544
f 1202/1760/544 1075/1757/541 829/1516/416 1012/1514/724
f 1077/1761/773 1202/1760/544 1012/1514/724 828/1510/412
f 864/1762/546 1078/1763/774 1203/1764/775 1079/1765/549
f 1078/1763/774 863/1758/542 1077/1761/773 1203/1764/775
f 1203/1764/775 1077/1761/773 828/1510/412 1010/1508/721
f 1079/1765/549 1203/1764/775 1010/1508/721 827/1504/719
f 865/1766/550 1080/1767/551 1204/1768/776 1081/1769/553
f 1080/1767/551 864/1770/546 1079/1771/549 1204/1768/776
f 1204/1772/776 1079/1765/549 827/1504/719 1008/1502/718
f 1081/1773/553 1204/1772/776 1008/1502/718 826/1494/404
f 866/1774/554 1082/1775/555 1205/1776/556 1083/1777/557
f 1082/1775/555 865/1766/550 1081/1769/553 1205/1776/556
f 1205/1778/556 1081/1773/553 826/1494/404 1005/1497/714
f 1083/1779/557 1205/1778/556 1005/1497/714 825/1780/713
f 847/1634/484 1084/1781/558 1206/1782/559 1047/1635/485
f 1084/1781/558 866/1774/554 1083/1777/557 1206/1782/559
f 1206/1783/559 1083/1779/557 825/1780/713 1044/1784/766
f 1047/1785/485 1206/1783/559 1044/1784/766 844/1786/476
f 868/1787/560 1085/1788/561 1207/1789/562 1086/1790/777
f 1085/1788/561 867/1791/564 1087/1792/778 1207/1789/562
f 1207/1793/562 1087/1794/778 847/1795/484 1045/1796/481
f 1086/1797/777 1207/1793/562 1045/1796/481 848/1798/480
f 869/1799/566 1088/1800/567 1208/1801/779 1089/1802/780
f 1088/1800/567 868/1787/560 1086/1790/777 1208/1801/779
f 1208/1803/779 1086/1797/777 848/1798/480 1048/1804/487
f 1089/1805/780 1208/1803/779 1048/1804/487 849/1806/486
f 870/1807/570 1090/1808/571 1209/1809/781 1091/1810/573
f 1090/1811/571 869/1812/566 1089/1813/780 1209/1814/781
f 1209/1815/781 1089/1805/780 849/1806/486 1050/1816/491
f 1091/1817/573 1209/1815/781 1050/1816/491 850/1818/490
f 871/1819/574 1092/1820/575 1210/1821/576 1093/1822/577
f 1092/1820/575 870/1823/570 1091/1824/573 1210/1821/576
f 1210/1825/576 1091/1826/573 850/1827/490 1052/1828/495
f 1093/1829/577 1210/1825/576 1052/1828/495 851/1830/494
f 872/1831/578 1094/1832/579 1211/1833/782 1095/1834/783
f 1094/1832/579 871/1819/574 1093/1822/577 1211/1833/782
f 1211/1835/782 1093/1829/577 851/1830/494 1054/1836/499
f 1095/1837/783 1211/1835/782 1054/1836/499 852/1838/498
f 873/1839/582 1096/1840/583 1212/1841/784 1097/1842/585
f 1096/1843/583 872/1831/578 1095/1834/783 1212/1844/784
f 1212/1845/784 1095/1837/783 852/1838/498 1056/1846/503
f 1097/1847/585 1212/1845/784 1056/1846/503 853/1848/502
f 874/1849/785 1098/1850/587 1213/1851/786 1099/1852/787
f 1098/1850/587 873/1839/582 1097/1842/585 1213/1851/786
f 1213/1853/786 1097/1847/585 853/1848/502 1058/1854/507
f 1099/1855/787 1213/1853/786 1058/1854/507 854/1856/506
f 875/1857/590 1100/1858/591 1214/1859/592 1101/1860/788
f 1100/1858/591 874/1849/785 1099/1852/787 1214/1859/592
f 1214/1062/592 1099/1063/787 854/1861/506 1060/1862/511
f 1101/1064/788 1214/1062/592 1060/1862/511 855/1863/510
f 876/1864/789 1102/1865/595 1215/1866/790 1103/1867/597
f 1102/1865/595 875/1857/590 1101/1860/788 1215/1866/790
f 1215/1069/790 1101/1064/788 855/1863/510 1062/1868/515
f 1103/1070/597 1215/1069/790 1062/1868/515 856/1869/514
f 877/1870/598 1104/1871/599 1216/1872/791 1105/1873/601
f 1104/1871/599 876/1864/789 1103/1867/597 1216/1872/791
f 1216/1075/791 1103/1070/597 856/1869/514 1064/1874/519
f 1105/1076/601 1216/1075/791 1064/1874/519 857/1875/518
f 878/1876/602 1106/1877/792 1217/1878/793 1107/1879/605
f 1106/1877/792 877/1870/598 1105/1873/601 1217/1878/793
f 1217/1081/793 1105/1076/601 857/1875/518 1066/1880/523
f 1107/1082/605 1217/1081/793 1066/1880/523 858/1881/522
f 879/1882/606 1108/1883/607 1218/1884/794 1109/1885/795
f 1108/1883/607 878/1886/602 1107/1887/605 1218/1884/794
f 1218/1087/794 1107/1082/605 858/1881/522 1068/1888/527
f 1109/1088/795 1218/1087/794 1068/1888/527 859/1889/526
f 880/1890/610 1110/1891/611 1219/1892/796 1111/1893/797
f 1110/1891/611 879/1882/606 1109/1885/795 1219/1892/796
f 1219/1093/796 1109/1088/795 859/1889/526 1070/1894/531
f 1111/1094/797 1219/1093/796 1070/1894/531 860/1895/530
f 881/1896/614 1112/1897/615 1220/1898/798 1113/1899/799
f 1112/1897/615 880/1890/610 1111/1893/797 1220/1898/798
f 1220/1900/798 1111/1901/797 860/1902/530 1072/1903/535
f 1113/1904/799 1220/1900/798 1072/1903/535 861/1905/534
f 882/1906/618 1114/1907/800 1221/1908/620 1115/1909/621
f 1114/1910/800 881/1896/614 1113/1899/799 1221/1911/620
f 1221/1912/620 1113/1904/799 861/1905/534 1074/1913/539
f 1115/1914/621 1221/1912/620 1074/1913/539 862/1915/538
f 883/1916/801 1116/1917/623 1222/1918/802 1117/1919/625
f 1116/1917/623 882/1920/618 1115/1921/621 1222/1918/802
f 1222/1922/802 1115/1914/621 862/1915/538 1076/1923/543
f 1117/1924/625 1222/1922/802 1076/1923/543 863/1925/542
f 884/1926/626 1118/1927/627 1223/1928/628 1119/1929/803
f 1118/1927/627 883/1916/801 1117/1919/625 1223/1928/628
f 1223/1930/628 1117/1924/625 863/1925/542 1078/1931/774
f 1119/1932/803 1223/1930/628 1078/1931/774 864/1933/546
f 885/1934/630 1120/1935/631 1224/1936/804 1121/1937/633
f 1120/1935/631 884/1938/626 1119/1939/803 1224/1936/804
f 1224/1940/804 1119/1941/803 864/1942/546 1080/1943/551
f 1121/1944/633 1224/1940/804 1080/1943/551 865/1945/550
f 886/1946/634 1122/1947/635 1225/1948/636 1123/1949/805
f 1122/1947/635 885/1934/630 1121/1937/633 1225/1948/636
f 1225/1950/636 1121/1944/633 865/1945/550 1082/1951/555
f 1123/1952/805 1225/1950/636 1082/1951/555 866/1953/554
f 867/1791/564 1124/1954/638 1226/1955/806 1087/1792/778
f 1124/1954/638 886/1946/634 1123/1949/805 1226/1955/806
f 1226/1956/806 1123/1952/805 866/1953/554 1084/1957/558
f 1087/1794/778 1226/1956/806 1084/1957/558 847/1795/484
f 888/1454/104 979/1453/111 1227/1958/640 1125/1959/641
f 979/1960/111 887/1961/110 1126/1962/642 1227/1963/640
f 1227/1958/640 1126/1964/642 868/1787/560 1088/1800/567
f 1125/1959/641 1227/1958/640 1088/1800/567 869/1799/566
f 889/1442/98 976/1440/105 1228/1965/643 907/1966/644
f 976/1967/105 888/1968/104 1125/1969/641 1228/1970/643
f 1228/1971/643 1125/1959/641 869/1799/566 1090/1808/571
f 907/1972/644 1228/1971/643 1090/1808/571 870/1807/570
f 890/722/92 973/733/99 1229/1165/645 908/1166/646
f 973/1973/99 889/1442/98 907/1966/644 1229/1974/645
f 1229/1975/645 907/1976/644 870/1823/570 1092/1820/575
f 908/1977/646 1229/1975/645 1092/1820/575 871/1819/574
f 891/714/86 970/723/93 1230/1177/647 909/1178/807
f 970/723/93 890/722/92 908/1166/646 1230/1177/647
f 1230/1978/647 908/1977/646 871/1819/574 1094/1832/579
f 909/1979/807 1230/1978/647 1094/1832/579 872/1831/578
f 892/702/80 967/715/87 1231/1185/649 910/1186/808
f 967/715/87 891/714/86 909/1178/807 1231/1185/649
f 1231/1980/649 909/1979/807 872/1831/578 1096/1843/583
f 910/1981/808 1231/1980/649 1096/1843/583 873/1982/582
f 893/707/74 964/706/81 1232/1191/651 911/1192/809
f 964/703/81 892/702/80 910/1186/808 1232/1193/651
f 1232/1983/651 910/1981/808 873/1982/582 1098/1984/587
f 911/1985/809 1232/1986/651 1098/1850/587 874/1849/785
f 894/1987/68 961/1988/75 1233/1989/653 912/1990/810
f 961/1988/75 893/1991/74 911/1992/809 1233/1989/653
f 1233/1993/653 911/1994/809 874/1995/785 1100/1996/591
f 912/1997/810 1233/1993/653 1100/1996/591 875/1998/590
f 895/1999/62 958/2000/69 1234/2001/655 913/2002/811
f 958/2000/69 894/1987/68 912/1990/810 1234/2001/655
f 1234/2003/655 912/1997/810 875/1998/590 1102/2004/595
f 913/2005/811 1234/2003/655 1102/2004/595 876/2006/789
f 896/2007/56 955/2008/63 1235/2009/657 914/2010/658
f 955/2008/63 895/1999/62 913/2002/811 1235/2009/657
f 1235/2011/657 913/2005/811 876/2006/789 1104/2012/599
f 914/2013/658 1235/2011/657 1104/2012/599 877/2014/598
f 897/2015/50 952/2016/57 1236/2017/659 915/2018/660
f 952/2019/57 896/2020/56 914/2021/658 1236/2022/659
f 1236/2023/659 914/2024/658 877/2025/598 1106/2026/792
f 915/2027/660 1236/2023/659 1106/2026/792 878/2028/602
f 898/2029/44 949/2030/51 1237/2031/661 916/2032/662
f 949/2030/51 897/2033/50 915/2034/660 1237/2031/661
f 1237/2035/661 915/2027/660 878/2028/602 1108/2036/607
f 916/2037/662 1237/2035/661 1108/2036/607 879/2038/606
f 899/1367/689 946/1366/45 1238/2039/663 917/2040/664
f 946/2041/45 898/2042/44 916/2037/662 1238/2043/663
f 1238/2043/663 916/2037/662 879/2038/606 1110/2044/611
f 917/2045/664 1238/2043/663 1110/2044/611 880/2046/610
f 900/2047/32 943/2048/39 1239/2049/665 918/2050/666
f 943/2048/39 899/1367/689 917/2040/664 1239/2049/665
f 1239/2051/665 917/2052/664 880/2053/610 1112/2054/615
f 918/2055/666 1239/2051/665 1112/2054/615 881/2056/614
f 901/2057/26 940/1343/33 1240/2058/667 919/2059/668
f 940/1343/33 900/1342/32 918/2060/666 1240/2058/667
f 1240/2061/667 918/2055/666 881/2056/614 1114/2062/800
f 919/2063/668 1240/2064/667 1114/2065/800 882/2066/618
f 902/1338/20 937/1337/27 1241/2067/669 920/2068/670
f 937/1337/27 901/2057/26 919/2059/668 1241/2067/669
f 1241/2069/669 919/2070/668 882/2071/618 1116/2072/623
f 920/2073/670 1241/2069/669 1116/2072/623 883/2074/801
f 903/2075/14 934/2076/21 1242/2077/812 921/2078/813
f 934/2079/21 902/1338/20 920/2068/670 1242/2080/812
f 1242/2081/812 920/2073/670 883/2074/801 1118/2082/627
f 921/2083/813 1242/2081/812 1118/2082/627 884/2084/626
f 904/2085/7 931/2086/15 1243/2087/673 922/2088/674
f 931/2086/15 903/2075/14 921/2078/813 1243/2087/673
f 1243/2089/673 921/2090/813 884/1938/626 1120/1935/631
f 922/2091/674 1243/2089/673 1120/1935/631 885/1934/630
f 905/2092/9 928/2093/8 1244/2094/675 923/2095/814
f 928/2093/8 904/2085/7 922/2088/674 1244/2094/675
f 1244/2096/675 922/2091/674 885/1934/630 1122/1947/635
f 923/2097/814 1244/2096/675 1122/1947/635 886/1946/634
f 906/2098/116 984/2099/120 1245/2100/677 924/2101/678
f 984/2099/120 905/2092/9 923/2095/814 1245/2100/677
f 1245/2102/677 923/2097/814 886/1946/634 1124/1954/638
f 924/2103/678 1245/2102/677 1124/1954/638 867/1791/564
f 887/1961/110 982/2104/117 1246/2105/679 1126/1962/642
f 982/2104/117 906/2098/116 924/2101/678 1246/2105/679
f 1246/2106/679 924/2103/678 867/1791/564 1085/1788/561
f 1126/1964/642 1246/2106/679 1085/1788/561 868/1787/560
f 1247/576/815 1367/577/284 1569/578/285 1368/579/286
f 1367/577/284 1248/580/287 1369/581/288 1569/578/285
f 1569/1321/285 1369/1322/288 1346/2107/7 1370/2108/8
f 1368/1325/286 1569/1321/285 1370/2108/8 1347/2109/9
f 1248/580/287 1371/588/816 1570/2110/290 1369/581/288
f 1371/588/816 1249/590/817 1372/591/684 1570/2110/290
f 1570/2111/290 1372/1328/684 1345/2112/14 1373/2113/15
f 1369/1322/288 1570/2111/290 1373/2113/15 1346/2107/7
f 1249/2114/817 1374/2115/293 1571/2116/685 1372/2117/684
f 1374/2115/293 1250/2118/818 1375/2119/296 1571/2116/685
f 1571/600/685 1375/601/296 1344/602/20 1376/603/21
f 1372/1328/684 1571/1332/685 1376/2120/21 1345/2112/14
f 1250/2118/818 1377/2121/819 1572/2122/820 1375/2119/296
f 1377/2121/819 1251/2123/821 1378/2124/300 1572/2122/820
f 1572/610/820 1378/611/300 1343/612/26 1379/613/27
f 1375/601/296 1572/610/820 1379/613/27 1344/602/20
f 1251/2123/821 1380/2125/301 1573/2126/302 1378/2124/300
f 1380/2125/301 1252/2127/303 1381/2128/304 1573/2126/302
f 1573/618/302 1381/2129/304 1342/2130/32 1382/621/33
f 1378/2131/300 1573/2132/302 1382/2133/33 1343/2134/26
f 1252/2127/303 1383/2135/305 1574/2136/306 1381/2128/304
f 1383/2135/305 1253/2137/307 1384/2138/308 1574/2136/306
f 1574/1352/306 1384/1353/308 1341/628/38 1385/629/39
f 1381/2129/304 1574/2139/306 1385/2140/39 1342/2130/32
f 1253/2137/307 1386/2141/822 1575/2142/823 1384/2138/308
f 1386/2143/822 1254/2144/824 1387/2145/312 1575/2146/823
f 1575/2147/823 1387/2148/312 1340/640/44 1388/641/45
f 1384/1353/308 1575/2147/823 1388/641/45 1341/628/38
f 1254/2144/824 1389/2149/313 1576/2150/314 1387/2145/312
f 1389/2149/313 1255/2151/315 1390/2152/316 1576/2150/314
f 1576/2153/314 1390/2154/316 1339/648/50 1391/649/51
f 1387/2148/312 1576/2153/314 1391/649/51 1340/640/44
f 1255/2151/315 1392/2155/825 1577/2156/318 1390/2152/316
f 1392/2157/825 1256/2158/826 1393/2159/320 1577/2160/318
f 1577/1392/318 1393/1393/320 1338/1394/56 1394/659/57
f 1390/2161/316 1577/2162/318 1394/2163/57 1339/2164/50
f 1256/2158/826 1395/2165/321 1578/2166/322 1393/2159/320
f 1395/2167/321 1257/2168/695 1396/2169/324 1578/2170/322
f 1578/1403/322 1396/1404/324 1337/668/62 1397/669/63
f 1393/1393/320 1578/1403/322 1397/669/63 1338/1394/56
f 1257/2171/695 1398/2172/325 1579/2173/326 1396/2174/324
f 1398/2172/325 1258/2175/827 1399/2176/328 1579/2173/326
f 1579/1411/326 1399/1412/328 1336/682/68 1400/683/69
f 1396/1404/324 1579/1411/326 1400/683/69 1337/668/62
f 1258/2177/827 1401/2178/329 1580/2179/330 1399/2180/328
f 1401/2181/329 1259/2182/331 1402/2183/332 1580/2184/330
f 1580/1417/330 1402/1418/332 1335/707/74 1403/695/75
f 1399/1412/328 1580/1417/330 1403/695/75 1336/682/68
f 1259/2182/331 1404/2185/333 1581/2186/334 1402/2183/332
f 1404/2185/333 1260/2187/335 1405/2188/336 1581/2186/334
f 1581/700/334 1405/701/336 1334/702/80 1406/703/81
f 1402/1418/332 1581/1424/334 1406/706/81 1335/707/74
f 1260/698/335 1407/708/337 1582/1425/699 1405/699/336
f 1407/708/337 1261/710/828 1408/711/340 1582/1425/699
f 1582/712/699 1408/713/340 1333/714/86 1409/715/87
f 1405/701/336 1582/712/699 1409/715/87 1334/702/80
f 1261/2189/828 1410/2190/341 1583/2191/342 1408/2192/340
f 1410/2190/341 1262/2193/700 1411/2194/344 1583/2191/342
f 1583/720/342 1411/721/344 1332/722/92 1412/723/93
f 1408/713/340 1583/720/342 1412/723/93 1333/714/86
f 1262/2193/700 1413/2195/345 1584/2196/346 1411/2194/344
f 1413/724/345 1263/726/347 1414/727/348 1584/725/346
f 1584/1431/346 1414/1432/348 1331/2197/98 1415/2198/99
f 1411/721/344 1584/732/346 1415/733/99 1332/722/92
f 1263/726/347 1416/734/829 1585/735/830 1414/727/348
f 1416/734/829 1264/736/351 1417/737/352 1585/735/830
f 1585/2199/830 1417/2200/352 1330/2201/104 1418/2202/105
f 1414/1432/348 1585/2199/830 1418/2202/105 1331/2197/98
f 1264/736/351 1419/742/353 1586/743/831 1417/737/352
f 1419/742/353 1265/744/701 1420/745/356 1586/743/831
f 1586/2203/831 1420/2204/356 1329/2205/110 1421/2206/111
f 1417/2200/352 1586/2203/831 1421/2206/111 1330/2201/104
f 1265/744/701 1422/750/357 1587/751/358 1420/745/356
f 1422/750/357 1266/752/832 1423/753/360 1587/751/358
f 1587/1455/358 1423/1456/360 1348/2207/116 1424/2208/117
f 1420/2204/356 1587/1455/358 1424/2208/117 1329/2205/110
f 1266/752/832 1425/758/361 1588/759/362 1423/753/360
f 1425/758/361 1247/576/815 1368/579/286 1588/759/362
f 1588/1459/362 1368/1325/286 1347/2109/9 1426/2209/120
f 1423/1456/360 1588/1459/362 1426/2209/120 1348/2207/116
f 1248/580/287 1367/577/284 1589/762/363 1427/763/364
f 1247/576/815 1428/764/365 1589/762/363 1367/577/284
f 1287/765/124 1427/763/364 1589/762/363 1428/764/365
f 1249/590/817 1371/588/816 1590/766/366 1429/767/364
f 1248/580/287 1427/763/364 1590/766/366 1371/588/816
f 1287/765/124 1429/767/364 1590/766/366 1427/763/364
f 1250/598/818 1374/596/293 1591/768/368 1430/769/373
f 1249/590/817 1429/767/364 1591/768/368 1374/596/293
f 1287/765/124 1430/769/373 1591/768/368 1429/767/364
f 1251/608/821 1377/606/819 1592/770/370 1431/771/371
f 1250/598/818 1430/769/373 1592/770/370 1377/606/819
f 1287/765/124 1431/771/371 1592/770/370 1430/769/373
f 1252/616/303 1380/614/301 1593/772/372 1432/773/703
f 1251/608/821 1431/771/371 1593/772/372 1380/614/301
f 1287/765/124 1432/773/703 1593/772/372 1431/771/371
f 1253/624/307 1383/1474/305 1594/774/374 1433/775/375
f 1252/616/303 1432/773/703 1594/774/374 1383/1474/305
f 1287/765/124 1433/775/375 1594/774/374 1432/773/703
f 1254/776/824 1386/777/822 1595/778/376 1434/779/705
f 1253/624/307 1433/775/375 1595/778/376 1386/777/822
f 1287/765/124 1434/779/705 1595/778/376 1433/775/375
f 1255/780/315 1389/781/313 1596/782/377 1435/783/378
f 1254/776/824 1434/779/705 1596/782/377 1389/781/313
f 1287/765/124 1435/783/378 1596/782/377 1434/779/705
f 1256/784/826 1392/1481/825 1597/786/379 1436/787/380
f 1255/780/315 1435/783/378 1597/786/379 1392/1481/825
f 1287/765/124 1436/787/380 1597/786/379 1435/783/378
f 1257/788/695 1395/1482/321 1598/790/381 1437/791/706
f 1256/784/826 1436/787/380 1598/790/381 1395/1482/321
f 1287/765/124 1437/791/706 1598/790/381 1436/787/380
f 1258/684/827 1398/792/325 1599/793/383 1438/2210/707
f 1257/788/695 1437/791/706 1599/793/383 1398/792/325
f 1287/765/124 1438/2210/707 1599/793/383 1437/791/706
f 1259/688/331 1401/685/329 1600/795/385 1439/796/708
f 1258/684/827 1438/2210/707 1600/795/385 1401/685/329
f 1287/765/124 1439/796/708 1600/795/385 1438/2210/707
f 1260/698/335 1404/696/333 1601/797/386 1440/798/709
f 1259/688/331 1439/796/708 1601/797/386 1404/696/333
f 1287/765/124 1440/798/709 1601/797/386 1439/796/708
f 1261/710/828 1407/708/337 1602/799/388 1441/800/389
f 1260/698/335 1440/798/709 1602/799/388 1407/708/337
f 1287/765/124 1441/800/389 1602/799/388 1440/798/709
f 1262/718/700 1410/716/341 1603/801/390 1442/802/391
f 1261/710/828 1441/800/389 1603/801/390 1410/716/341
f 1287/765/124 1442/802/391 1603/801/390 1441/800/389
f 1263/726/347 1413/724/345 1604/803/392 1443/804/393
f 1262/718/700 1442/802/391 1604/803/392 1413/724/345
f 1287/765/124 1443/804/393 1604/803/392 1442/802/391
f 1264/736/351 1416/734/829 1605/805/394 1444/2211/711
f 1263/726/347 1443/804/393 1605/805/394 1416/734/829
f 1287/807/124 1444/2212/711 1605/809/394 1443/810/393
f 1265/744/701 1419/742/353 1606/811/395 1445/812/712
f 1264/736/351 1444/2211/711 1606/811/395 1419/742/353
f 1287/765/124 1445/812/712 1606/811/395 1444/2211/711
f 1266/752/832 1422/750/357 1607/813/397 1446/814/398
f 1265/744/701 1445/812/712 1607/813/397 1422/750/357
f 1287/765/124 1446/814/398 1607/813/397 1445/812/712
f 1247/576/815 1425/758/361 1608/815/399 1428/764/365
f 1266/752/832 1446/814/398 1608/815/399 1425/758/361
f 1287/765/124 1428/764/365 1608/815/399 1446/814/398
f 1267/2213/833 1447/2214/401 1609/818/834 1448/819/716
f 1268/820/835 1449/821/836 1609/818/834 1447/2214/401
f 1288/822/168 1448/819/716 1609/818/834 1449/821/836
f 1268/820/835 1450/2215/837 1610/824/407 1449/821/836
f 1269/825/408 1451/826/720 1610/824/407 1450/2215/837
f 1288/822/168 1449/821/836 1610/824/407 1451/826/720
f 1269/825/408 1452/827/838 1611/2216/839 1451/826/720
f 1270/829/412 1453/830/723 1611/2216/839 1452/827/838
f 1288/822/168 1451/826/720 1611/2216/839 1453/830/723
f 1270/829/412 1454/831/724 1612/832/415 1453/830/723
f 1271/833/416 1455/834/840 1612/832/415 1454/831/724
f 1288/822/168 1453/830/723 1612/832/415 1455/834/840
f 1271/833/416 1456/2217/418 1613/836/841 1455/834/840
f 1272/837/420 1457/838/842 1613/836/841 1456/2217/418
f 1288/822/168 1455/834/840 1613/836/841 1457/838/842
f 1272/837/420 1458/839/729 1614/2218/843 1457/838/842
f 1273/841/730 1459/842/425 1614/2218/843 1458/839/729
f 1288/822/168 1457/838/842 1614/2218/843 1459/842/425
f 1273/841/730 1460/2219/844 1615/844/427 1459/842/425
f 1274/845/732 1461/846/845 1615/844/427 1460/2219/844
f 1288/822/168 1459/842/425 1615/844/427 1461/846/845
f 1274/845/732 1462/847/846 1616/848/431 1461/846/845
f 1275/2220/847 1463/2221/433 1616/848/431 1462/847/846
f 1288/822/168 1461/846/845 1616/848/431 1463/2221/433
f 1275/2220/847 1464/851/848 1617/2222/849 1463/2221/433
f 1276/853/850 1465/854/437 1617/2222/849 1464/851/848
f 1288/822/168 1463/2221/433 1617/2222/849 1465/854/437
f 1276/853/850 1466/855/851 1618/2223/439 1465/854/437
f 1277/857/852 1467/2224/441 1618/2223/439 1466/855/851
f 1288/822/168 1465/854/437 1618/2223/439 1467/2224/441
f 1277/857/852 1468/859/853 1619/860/443 1467/2224/441
f 1278/861/444 1469/2225/744 1619/860/443 1468/859/853
f 1288/822/168 1467/2224/441 1619/860/443 1469/2225/744
f 1278/861/444 1470/863/745 1620/864/447 1469/2225/744
f 1279/2226/854 1471/2227/855 1620/864/447 1470/863/745
f 1288/822/168 1469/2225/744 1620/864/447 1471/2227/855
f 1279/2226/854 1472/867/748 1621/868/856 1471/2227/855
f 1280/2228/857 1473/870/858 1621/868/856 1472/867/748
f 1288/822/168 1471/2227/855 1621/868/856 1473/870/858
f 1280/2228/857 1474/2229/859 1622/872/455 1473/870/858
f 1281/873/752 1475/874/860 1622/872/455 1474/2229/859
f 1288/822/168 1473/870/858 1622/872/455 1475/874/860
f 1281/873/752 1476/875/753 1623/876/459 1475/874/860
f 1282/2230/755 1477/878/756 1623/876/459 1476/875/753
f 1288/822/168 1475/874/860 1623/876/459 1477/878/756
f 1282/2230/755 1478/879/861 1624/2231/862 1477/878/756
f 1283/2232/863 1479/2233/465 1624/2231/862 1478/879/861
f 1288/822/168 1477/878/756 1624/2231/862 1479/2233/465
f 1283/2232/863 1480/883/864 1625/884/467 1479/2233/465
f 1284/885/865 1481/2234/469 1625/884/467 1480/883/864
f 1288/822/168 1479/2233/465 1625/884/467 1481/2234/469
f 1284/885/865 1482/2235/866 1626/888/867 1481/2234/469
f 1285/889/472 1483/890/868 1626/888/867 1482/2235/866
f 1288/822/168 1481/2234/469 1626/888/867 1483/890/868
f 1285/889/472 1484/891/763 1627/892/869 1483/890/868
f 1286/893/870 1485/894/477 1627/892/869 1484/891/763
f 1288/822/168 1483/890/868 1627/892/869 1485/894/477
f 1286/893/870 1486/895/871 1628/896/872 1485/894/477
f 1267/2213/833 1448/819/716 1628/896/872 1486/895/871
f 1288/822/168 1485/894/477 1628/896/872 1448/819/716
f 1290/897/480 1487/2236/481 1629/899/482 1488/900/483
f 1487/2236/481 1289/901/484 1489/902/485 1629/899/482
f 1629/903/482 1489/904/485 1286/893/870 1484/891/763
f 1488/905/483 1629/903/482 1484/891/763 1285/889/472
f 1291/906/486 1490/2237/487 1630/908/488 1491/909/489
f 1490/2237/487 1290/897/480 1488/900/483 1630/908/488
f 1630/910/488 1488/905/483 1285/889/472 1482/2235/866
f 1491/2238/489 1630/910/488 1482/2235/866 1284/885/865
f 1292/912/490 1492/913/491 1631/914/873 1493/915/874
f 1492/913/491 1291/906/486 1491/909/489 1631/914/873
f 1631/916/873 1491/2238/489 1284/885/865 1480/883/864
f 1493/917/874 1631/916/873 1480/883/864 1283/2232/863
f 1293/918/494 1494/919/495 1632/2239/496 1495/921/875
f 1494/919/495 1292/922/490 1493/917/874 1632/2239/496
f 1632/2239/496 1493/917/874 1283/2232/863 1478/879/861
f 1495/921/875 1632/2239/496 1478/879/861 1282/2230/755
f 1294/923/498 1496/924/499 1633/925/876 1497/926/877
f 1496/924/499 1293/918/494 1495/921/875 1633/925/876
f 1633/925/876 1495/921/875 1282/2230/755 1476/875/753
f 1497/926/877 1633/925/876 1476/875/753 1281/873/752
f 1295/2240/502 1498/2241/503 1634/929/878 1499/930/505
f 1498/2241/503 1294/923/498 1497/926/877 1634/929/878
f 1634/929/878 1497/926/877 1281/873/752 1474/2229/859
f 1499/930/505 1634/929/878 1474/2229/859 1280/2228/857
f 1296/931/506 1500/932/507 1635/2242/769 1501/934/509
f 1500/932/507 1295/2240/502 1499/930/505 1635/2242/769
f 1635/2242/769 1499/930/505 1280/2228/857 1472/867/748
f 1501/934/509 1635/2242/769 1472/867/748 1279/2226/854
f 1297/1863/510 1502/1862/511 1636/937/770 1503/938/513
f 1502/1862/511 1296/1861/506 1501/940/509 1636/937/770
f 1636/941/770 1501/934/509 1279/2226/854 1470/863/745
f 1503/942/513 1636/941/770 1470/863/745 1278/861/444
f 1298/1869/514 1504/1868/515 1637/945/516 1505/946/517
f 1504/1868/515 1297/1863/510 1503/938/513 1637/945/516
f 1637/947/516 1503/942/513 1278/861/444 1468/859/853
f 1505/948/517 1637/947/516 1468/859/853 1277/857/852
f 1299/1875/518 1506/1874/519 1638/951/520 1507/952/521
f 1506/1874/519 1298/1869/514 1505/946/517 1638/951/520
f 1638/953/520 1505/948/517 1277/857/852 1466/855/851
f 1507/954/521 1638/953/520 1466/855/851 1276/853/850
f 1300/1881/522 1508/1880/523 1639/957/771 1509/958/525
f 1508/1880/523 1299/1875/518 1507/952/521 1639/957/771
f 1639/959/771 1507/954/521 1276/853/850 1464/851/848
f 1509/960/525 1639/959/771 1464/851/848 1275/2220/847
f 1301/1889/526 1510/1888/527 1640/963/528 1511/964/879
f 1510/1888/527 1300/1881/522 1509/958/525 1640/963/528
f 1640/965/528 1509/960/525 1275/2220/847 1462/847/846
f 1511/2243/879 1640/965/528 1462/847/846 1274/845/732
f 1302/1895/530 1512/1894/531 1641/969/532 1513/970/880
f 1512/1894/531 1301/1889/526 1511/964/879 1641/969/532
f 1641/971/532 1511/2243/879 1274/845/732 1460/2219/844
f 1513/972/880 1641/971/532 1460/2219/844 1273/841/730
f 1303/2244/534 1514/974/535 1642/975/536 1515/2245/537
f 1514/974/535 1302/977/530 1513/972/880 1642/975/536
f 1642/975/536 1513/972/880 1273/841/730 1458/839/729
f 1515/2245/537 1642/975/536 1458/839/729 1272/837/420
f 1304/978/538 1516/979/539 1643/980/881 1517/981/882
f 1516/979/539 1303/2244/534 1515/2245/537 1643/980/881
f 1643/980/881 1515/2245/537 1272/837/420 1456/2217/418
f 1517/981/882 1643/980/881 1456/2217/418 1271/833/416
f 1305/2246/542 1518/983/543 1644/984/883 1519/2247/545
f 1518/983/543 1304/978/538 1517/981/882 1644/984/883
f 1644/984/883 1517/981/882 1271/833/416 1454/831/724
f 1519/2247/545 1644/984/883 1454/831/724 1270/829/412
f 1306/986/546 1520/987/774 1645/988/775 1521/989/549
f 1520/987/774 1305/2246/542 1519/2247/545 1645/988/775
f 1645/988/775 1519/2247/545 1270/829/412 1452/827/838
f 1521/989/549 1645/988/775 1452/827/838 1269/825/408
f 1307/990/550 1522/991/551 1646/2248/552 1523/993/553
f 1522/991/551 1306/994/546 1521/995/549 1646/2248/552
f 1646/996/552 1521/989/549 1269/825/408 1450/2215/837
f 1523/2249/553 1646/996/552 1450/2215/837 1268/820/835
f 1308/998/554 1524/2250/555 1647/1000/556 1525/1001/557
f 1524/2250/555 1307/990/550 1523/993/553 1647/1000/556
f 1647/1002/556 1523/2249/553 1268/820/835 1447/2214/401
f 1525/1003/557 1647/1002/556 1447/2214/401 1267/2213/833
f 1289/901/484 1526/1004/884 1648/1005/559 1489/902/485
f 1526/1004/884 1308/998/554 1525/1001/557 1648/1005/559
f 1648/1006/559 1525/1003/557 1267/2213/833 1486/895/871
f 1489/904/485 1648/1006/559 1486/895/871 1286/893/870
f 1310/2251/885 1527/2252/886 1649/2253/562 1528/2254/887
f 1527/2252/886 1309/2255/564 1529/2256/778 1649/2253/562
f 1649/2257/562 1529/2258/778 1289/901/484 1487/2236/481
f 1528/2259/887 1649/2257/562 1487/2236/481 1290/897/480
f 1311/2260/888 1530/2261/567 1650/2262/568 1531/2263/889
f 1530/2264/567 1310/2265/885 1528/2266/887 1650/2267/568
f 1650/2268/568 1528/2259/887 1290/897/480 1490/2237/487
f 1531/2269/889 1650/2268/568 1490/2237/487 1291/906/486
f 1312/2270/570 1532/2271/571 1651/2272/572 1533/2273/890
f 1532/2271/571 1311/2260/888 1531/2263/889 1651/2272/572
f 1651/2274/572 1531/2269/889 1291/906/486 1492/913/491
f 1533/2275/890 1651/2274/572 1492/913/491 1292/912/490
f 1313/2276/574 1534/2277/575 1652/2278/891 1535/2279/892
f 1534/2277/575 1312/2280/570 1533/2281/890 1652/2278/891
f 1652/2282/891 1533/2283/890 1292/922/490 1494/919/495
f 1535/2284/892 1652/2282/891 1494/919/495 1293/918/494
f 1314/2285/578 1536/2286/893 1653/2287/894 1537/2288/783
f 1536/2286/893 1313/2276/574 1535/2279/892 1653/2287/894
f 1653/1043/894 1535/2284/892 1293/918/494 1496/924/499
f 1537/1042/783 1653/1043/894 1496/924/499 1294/923/498
f 1315/2289/582 1538/2290/583 1654/2291/584 1539/2292/895
f 1538/2290/583 1314/2285/578 1537/2288/783 1654/2291/584
f 1654/1048/584 1537/1042/783 1294/923/498 1498/2241/503
f 1539/1049/895 1654/1048/584 1498/2241/503 1295/2240/502
f 1316/2293/586 1540/2294/587 1655/2295/588 1541/2296/589
f 1540/2294/587 1315/2289/582 1539/2292/895 1655/2295/588
f 1655/1054/588 1539/1049/895 1295/2240/502 1500/932/507
f 1541/1055/589 1655/1054/588 1500/932/507 1296/931/506
f 1317/2297/896 1542/2298/591 1656/1062/897 1543/1064/898
f 1542/2298/591 1316/2299/586 1541/1063/589 1656/1062/897
f 1656/1062/897 1541/1063/589 1296/1861/506 1502/1862/511
f 1543/1064/898 1656/1062/897 1502/1862/511 1297/1863/510
f 1318/2300/789 1544/2301/595 1657/1069/899 1545/1070/597
f 1544/2301/595 1317/2297/896 1543/1064/898 1657/1069/899
f 1657/1069/899 1543/1064/898 1297/1863/510 1504/1868/515
f 1545/1070/597 1657/1069/899 1504/1868/515 1298/1869/514
f 1319/2302/598 1546/2303/599 1658/1075/791 1547/1076/601
f 1546/2303/599 1318/2300/789 1545/1070/597 1658/1075/791
f 1658/1075/791 1545/1070/597 1298/1869/514 1506/1874/519
f 1547/1076/601 1658/1075/791 1506/1874/519 1299/1875/518
f 1320/2304/602 1548/2305/603 1659/1081/604 1549/1082/900
f 1548/2305/603 1319/2302/598 1547/1076/601 1659/1081/604
f 1659/1081/604 1547/1076/601 1299/1875/518 1508/1880/523
f 1549/1082/900 1659/1081/604 1508/1880/523 1300/1881/522
f 1321/2306/606 1550/2307/607 1660/1087/901 1551/1088/609
f 1550/2307/607 1320/2304/602 1549/1082/900 1660/1087/901
f 1660/1087/901 1549/1082/900 1300/1881/522 1510/1888/527
f 1551/1088/609 1660/1087/901 1510/1888/527 1301/1889/526
f 1322/2308/610 1552/2309/611 1661/1093/902 1553/1094/903
f 1552/2309/611 1321/2306/606 1551/1088/609 1661/1093/902
f 1661/1093/902 1551/1088/609 1301/1889/526 1512/1894/531
f 1553/1094/903 1661/1093/902 1512/1894/531 1302/1895/530
f 1323/2310/614 1554/2311/615 1662/2312/904 1555/2313/799
f 1554/2311/615 1322/2314/610 1553/2315/903 1662/2312/904
f 1662/1101/904 1553/1102/903 1302/977/530 1514/974/535
f 1555/1103/799 1662/1101/904 1514/974/535 1303/2244/534
f 1324/2316/618 1556/2317/800 1663/2318/620 1557/2319/905
f 1556/2317/800 1323/2310/614 1555/2313/799 1663/2318/620
f 1663/1108/620 1555/1103/799 1303/2244/534 1516/979/539
f 1557/2320/905 1663/1108/620 1516/979/539 1304/978/538
f 1325/2321/622 1558/2322/623 1664/2323/624 1559/2324/625
f 1558/2322/623 1324/2316/618 1557/2319/905 1664/2323/624
f 1664/2325/624 1557/2320/905 1304/978/538 1518/983/543
f 1559/2326/625 1664/2325/624 1518/983/543 1305/2246/542
f 1326/2327/626 1560/2328/627 1665/2329/906 1561/2330/907
f 1560/2328/627 1325/2321/622 1559/2324/625 1665/2329/906
f 1665/2331/906 1559/2326/625 1305/2246/542 1520/987/774
f 1561/2332/907 1665/2331/906 1520/987/774 1306/986/546
f 1327/2333/630 1562/2334/631 1666/2335/804 1563/2336/633
f 1562/2334/631 1326/2337/626 1561/2338/907 1666/2335/804
f 1666/2339/804 1561/2340/907 1306/994/546 1522/991/551
f 1563/2341/633 1666/2339/804 1522/991/551 1307/990/550
f 1328/2342/634 1564/2343/635 1667/2344/908 1565/2345/909
f 1564/2343/635 1327/2333/630 1563/2336/633 1667/2344/908
f 1667/2346/908 1563/2341/633 1307/990/550 1524/2250/555
f 1565/2347/909 1667/2346/908 1524/2250/555 1308/998/554
f 1309/2255/564 1566/2348/638 1668/2349/806 1529/2256/778
f 1566/2348/638 1328/2342/634 1565/2345/909 1668/2349/806
f 1668/2350/806 1565/2347/909 1308/998/554 1526/1004/884
f 1529/2258/778 1668/2350/806 1526/1004/884 1289/901/484
f 1330/2351/104 1421/2352/111 1669/2353/910 1567/2354/911
f 1421/2352/111 1329/2355/110 1568/2356/642 1669/2353/910
f 1669/2357/910 1568/2358/642 1310/2359/885 1530/2360/567
f 1567/2361/911 1669/2357/910 1530/2360/567 1311/2362/888
f 1331/2363/98 1418/2364/105 1670/2365/643 1349/2366/912
f 1418/2364/105 1330/2351/104 1567/2354/911 1670/2365/643
f 1670/2367/643 1567/2361/911 1311/2362/888 1532/2368/571
f 1349/2369/912 1670/2367/643 1532/2368/571 1312/2370/570
f 1332/722/92 1415/733/99 1671/1165/645 1350/1166/646
f 1415/2371/99 1331/2363/98 1349/2366/912 1671/2372/645
f 1671/2373/645 1349/2374/912 1312/2375/570 1534/2376/575
f 1350/2377/646 1671/2373/645 1534/2376/575 1313/2378/574
f 1333/714/86 1412/723/93 1672/1177/647 1351/1178/807
f 1412/723/93 1332/722/92 1350/1166/646 1672/1177/647
f 1672/2379/647 1350/2377/646 1313/2378/574 1536/2380/893
f 1351/2381/807 1672/2379/647 1536/2380/893 1314/2382/578
f 1334/702/80 1409/715/87 1673/1185/649 1352/1186/913
f 1409/715/87 1333/714/86 1351/1178/807 1673/1185/649
f 1673/2383/649 1351/2381/807 1314/2382/578 1538/2384/583
f 1352/2385/913 1673/2383/649 1538/2384/583 1315/2386/582
f 1335/707/74 1406/706/81 1674/1191/914 1353/1192/652
f 1406/703/81 1334/702/80 1352/1186/913 1674/1193/914
f 1674/2387/914 1352/2385/913 1315/2386/582 1540/2388/587
f 1353/2389/652 1674/2390/914 1540/2391/587 1316/2392/586
f 1336/2393/68 1403/2394/75 1675/2395/653 1354/2396/654
f 1403/695/75 1335/707/74 1353/1192/652 1675/2397/653
f 1675/2398/653 1353/2399/652 1316/2400/586 1542/2401/591
f 1354/2402/654 1675/2398/653 1542/2401/591 1317/2403/896
f 1337/2404/62 1400/2405/69 1676/2406/655 1355/2407/811
f 1400/2405/69 1336/2393/68 1354/2396/654 1676/2406/655
f 1676/2408/655 1354/2402/654 1317/2403/896 1544/2409/595
f 1355/2410/811 1676/2408/655 1544/2409/595 1318/2411/789
f 1338/2412/56 1397/2413/63 1677/2414/657 1356/2415/658
f 1397/2413/63 1337/2404/62 1355/2407/811 1677/2414/657
f 1677/2416/657 1355/2410/811 1318/2411/789 1546/2417/599
f 1356/2418/658 1677/2416/657 1546/2417/599 1319/2419/598
f 1339/2164/50 1394/2163/57 1678/2420/659 1357/2421/660
f 1394/2163/57 1338/2422/56 1356/2423/658 1678/2420/659
f 1678/2424/659 1356/2425/658 1319/2426/598 1548/2427/603
f 1357/2428/660 1678/2424/659 1548/2427/603 1320/2429/602
f 1340/2430/44 1391/2431/51 1679/2432/915 1358/2433/662
f 1391/2431/51 1339/2164/50 1357/2421/660 1679/2432/915
f 1679/2434/915 1357/2428/660 1320/2429/602 1550/2435/607
f 1358/2436/662 1679/2434/915 1550/2435/607 1321/2437/606
f 1341/2438/38 1388/2439/45 1680/2440/663 1359/2441/664
f 1388/2439/45 1340/2430/44 1358/2433/662 1680/2440/663
f 1680/2442/663 1358/2436/662 1321/2437/606 1552/2443/611
f 1359/2444/664 1680/2442/663 1552/2443/611 1322/2445/610
f 1342/2446/32 1385/2447/39 1681/2448/916 1360/2449/666
f 1385/2447/39 1341/2438/38 1359/2441/664 1681/2448/916
f 1681/2450/916 1359/2451/664 1322/2452/610 1554/2453/615
f 1360/2454/666 1681/2450/916 1554/2453/615 1323/2455/614
f 1343/2456/26 1382/2457/33 1682/2458/667 1361/2459/668
f 1382/2457/33 1342/2460/32 1360/2461/666 1682/2458/667
f 1682/2462/667 1360/2454/666 1323/2455/614 1556/2463/800
f 1361/2464/668 1682/2462/667 1556/2463/800 1324/2465/618
f 1344/2466/20 1379/2467/27 1683/2468/669 1362/2469/670
f 1379/2467/27 1343/2456/26 1361/2459/668 1683/2468/669
f 1683/2470/669 1361/2464/668 1324/2465/618 1558/2471/623
f 1362/2472/670 1683/2470/669 1558/2471/623 1325/2473/622
f 1345/2474/14 1376/2475/21 1684/2476/671 1363/2477/813
f 1376/2478/21 1344/2466/20 1362/2469/670 1684/2479/671
f 1684/2480/671 1362/2472/670 1325/2473/622 1560/2481/627
f 1363/2482/813 1684/2480/671 1560/2481/627 1326/2483/626
f 1346/2484/7 1373/2485/15 1685/2486/673 1364/2487/917
f 1373/2485/15 1345/2474/14 1363/2477/813 1685/2486/673
f 1685/2488/673 1363/2489/813 1326/2490/626 1562/2491/631
f 1364/2492/917 1685/2488/673 1562/2491/631 1327/2493/630
f 1347/2494/9 1370/2495/8 1686/2496/675 1365/2497/676
f 1370/2495/8 1346/2498/7 1364/2499/917 1686/2496/675
f 1686/2500/675 1364/2492/917 1327/2493/630 1564/2501/635
f 1365/2502/676 1686/2500/675 1564/2501/635 1328/2503/634
f 1348/2504/116 1426/2505/120 1687/2506/677 1366/2507/678
f 1426/2505/120 1347/2494/9 1365/2497/676 1687/2506/677
f 1687/2508/677 1365/2502/676 1328/2503/634 1566/2509/638
f 1366/2510/678 1687/2508/677 1566/2509/638 1309/2511/564
f 1329/2355/110 1424/2512/117 1688/2513/679 1568/2356/642
f 1424/2512/117 1348/2514/116 1366/2515/678 1688/2513/679
f 1688/2516/679 1366/2510/678 1309/2511/564 1527/2517/886
f 1568/2358/642 1688/2516/679 1527/2517/886 1310/2359/885
f 1689/576/815 1809/577/284 2011/2518/285 1810/579/286
f 1809/577/284 1690/580/918 1811/581/288 2011/2518/285
f 2011/1321/285 1811/1322/288 1788/2107/7 1812/2108/8
f 1810/2519/286 2011/1321/285 1812/2108/8 1789/2520/9
f 1690/580/918 1813/2521/816 2012/2110/682 1811/581/288
f 1813/2521/816 1691/590/291 1814/591/684 2012/2110/682
f 2012/1327/682 1814/1328/684 1787/2112/14 1815/2522/15
f 1811/1322/288 2012/1327/682 1815/2522/15 1788/2107/7
f 1691/590/291 1816/596/293 2013/597/685 1814/591/684
f 1816/596/293 1692/598/295 1817/1331/296 2013/597/685
f 2013/600/685 1817/601/296 1786/602/20 1818/603/21
f 1814/1328/684 2013/1332/685 1818/2120/21 1787/2112/14
f 1692/2523/295 1819/2524/297 2014/2525/298 1817/2526/296
f 1819/2524/297 1693/2527/299 1820/2528/300 2014/2525/298
f 2014/610/298 1820/611/300 1785/612/26 1821/613/27
f 1817/601/296 2014/610/298 1821/613/27 1786/602/20
f 1693/2527/299 1822/2529/301 2015/2530/687 1820/2528/300
f 1822/2529/301 1694/2531/688 1823/2532/304 2015/2530/687
f 2015/618/687 1823/619/304 1784/620/32 1824/621/33
f 1820/611/300 2015/618/687 1824/621/33 1785/612/26
f 1694/2533/688 1825/2534/305 2016/2535/306 1823/2536/304
f 1825/2537/305 1695/2538/307 1826/2539/308 2016/2540/306
f 2016/626/306 1826/627/308 1783/628/38 1827/629/39
f 1823/2541/304 2016/2542/306 1827/2543/39 1784/2544/32
f 1695/2538/307 1828/2545/822 2017/2546/823 1826/2539/308
f 1828/2545/822 1696/2547/691 1829/2548/312 2017/2546/823
f 2017/2549/823 1829/639/312 1782/640/44 1830/2550/45
f 1826/627/308 2017/2549/823 1830/2550/45 1783/628/38
f 1696/2551/691 1831/2552/313 2018/2553/692 1829/2554/312
f 1831/2552/313 1697/2555/919 1832/2556/316 2018/2553/692
f 2018/646/692 1832/647/316 1781/648/50 1833/649/51
f 1829/639/312 2018/646/692 1833/649/51 1782/640/44
f 1697/2557/919 1834/2558/317 2019/2559/694 1832/2560/316
f 1834/2558/317 1698/2561/920 1835/2562/320 2019/2559/694
f 2019/658/694 1835/2563/320 1780/1394/56 1836/659/57
f 1832/647/316 2019/658/694 1836/659/57 1781/648/50
f 1698/2564/920 1837/2565/321 2020/2566/322 1835/2567/320
f 1837/2568/321 1699/2569/323 1838/2570/324 2020/2571/322
f 2020/2572/322 1838/2573/324 1779/2574/62 1839/2575/63
f 1835/2563/320 2020/666/322 1839/669/63 1780/1394/56
f 1699/2576/323 1840/2577/325 2021/2578/326 1838/2579/324
f 1840/2577/325 1700/2580/327 1841/2581/328 2021/2578/326
f 2021/680/326 1841/681/328 1778/682/68 1842/683/69
f 1838/2582/324 2021/680/326 1842/683/69 1779/2583/62
f 1700/2580/327 1843/2584/921 2022/2585/922 1841/2581/328
f 1843/2584/921 1701/2586/923 1844/2587/924 2022/2585/922
f 2022/694/922 1844/704/924 1777/707/925 1845/695/75
f 1841/681/328 2022/694/922 1845/695/75 1778/682/68
f 1701/2586/923 1846/2588/333 2023/2589/926 1844/2587/924
f 1846/2588/333 1702/2590/698 1847/2591/336 2023/2589/926
f 2023/1422/926 1847/1423/336 1776/702/80 1848/703/927
f 1844/704/924 2023/705/926 1848/706/927 1777/707/925
f 1702/698/698 1849/708/337 2024/1425/699 1847/699/336
f 1849/708/337 1703/1426/339 1850/711/340 2024/1425/699
f 2024/1427/699 1850/1428/340 1775/714/86 1851/715/87
f 1847/1423/336 2024/1427/699 1851/715/87 1776/702/80
f 1703/2592/339 1852/2593/341 2025/2594/928 1850/2595/340
f 1852/716/341 1704/718/700 1853/719/344 2025/717/928
f 2025/1429/928 1853/1430/344 1774/722/92 1854/723/93
f 1850/1428/340 2025/1429/928 1854/723/93 1775/714/86
f 1704/718/700 1855/724/345 2026/725/929 1853/719/344
f 1855/724/345 1705/726/930 1856/727/348 2026/725/929
f 2026/1431/929 1856/1432/348 1773/2197/931 1857/2198/99
f 1853/1430/344 2026/1435/929 1857/733/99 1774/722/92
f 1705/726/930 1858/734/829 2027/735/932 1856/727/348
f 1858/734/829 1706/736/351 1859/737/933 2027/735/932
f 2027/2596/932 1859/2597/933 1772/2598/934 1860/2599/935
f 1856/1432/348 2027/2199/932 1860/2202/935 1773/2197/931
f 1706/736/351 1861/742/353 2028/2600/831 1859/737/933
f 1861/742/353 1707/2601/701 1862/745/356 2028/2600/831
f 2028/1447/831 1862/1448/356 1771/2602/110 1863/2603/936
f 1859/2200/933 2028/1447/831 1863/2603/936 1772/2201/934
f 1707/2601/701 1864/750/357 2029/751/937 1862/745/356
f 1864/750/357 1708/752/938 1865/753/360 2029/751/937
f 2029/1455/937 1865/1456/360 1790/2207/116 1866/2208/117
f 1862/1448/356 2029/1455/937 1866/2208/117 1771/2602/110
f 1708/2604/938 1867/2605/361 2030/2606/362 1865/2607/360
f 1867/758/361 1689/576/815 1810/579/286 2030/759/362
f 2030/1459/362 1810/2519/286 1789/2520/9 1868/2209/120
f 1865/2608/360 2030/2609/362 1868/2610/120 1790/2611/116
f 1690/580/918 1809/577/284 2031/762/363 1869/763/702
f 1689/576/815 1870/764/365 2031/762/363 1809/577/284
f 1729/765/124 1869/763/702 2031/762/363 1870/764/365
f 1691/590/291 1813/2521/816 2032/766/366 1871/767/367
f 1690/580/918 1869/763/702 2032/766/366 1813/2521/816
f 1729/765/124 1871/767/367 2032/766/366 1869/763/702
f 1692/598/295 1816/596/293 2033/768/368 1872/769/373
f 1691/590/291 1871/767/367 2033/768/368 1816/596/293
f 1729/765/124 1872/769/373 2033/768/368 1871/767/367
f 1693/608/299 1819/606/297 2034/770/370 1873/771/371
f 1692/598/295 1872/769/373 2034/770/370 1819/606/297
f 1729/765/124 1873/771/371 2034/770/370 1872/769/373
f 1694/616/688 1822/614/301 2035/772/372 1874/773/373
f 1693/608/299 1873/771/371 2035/772/372 1822/614/301
f 1729/765/124 1874/773/373 2035/772/372 1873/771/371
f 1695/1473/307 1825/622/305 2036/774/374 1875/775/704
f 1694/2612/688 1874/2613/373 2036/2614/374 1825/2615/305
f 1729/2616/124 1875/2617/704 2036/2614/374 1874/2613/373
f 1696/776/691 1828/777/822 2037/778/939 1876/779/705
f 1695/1473/307 1875/775/704 2037/778/939 1828/777/822
f 1729/765/124 1876/779/705 2037/778/939 1875/775/704
f 1697/780/919 1831/781/313 2038/782/377 1877/783/382
f 1696/776/691 1876/779/705 2038/782/377 1831/781/313
f 1729/2618/124 1877/2619/382 2038/2620/377 1876/2621/705
f 1698/784/920 1834/1481/317 2039/786/379 1878/787/382
f 1697/780/919 1877/783/382 2039/786/379 1834/1481/317
f 1729/2622/124 1878/2623/382 2039/2624/379 1877/2625/382
f 1699/2626/323 1837/2627/321 2040/2628/381 1879/2629/382
f 1698/784/920 1878/787/382 2040/790/381 1837/1482/321
f 1729/2630/124 1879/2629/382 2040/2628/381 1878/2631/382
f 1700/684/327 1840/792/325 2041/793/383 1880/794/707
f 1699/788/323 1879/791/382 2041/793/383 1840/792/325
f 1729/2630/124 1880/2632/707 2041/2633/383 1879/2629/382
f 1701/688/923 1843/685/921 2042/795/385 1881/796/708
f 1700/684/327 1880/794/707 2042/795/385 1843/685/921
f 1729/2630/124 1881/2634/708 2042/2635/385 1880/2632/707
f 1702/698/698 1846/696/333 2043/797/386 1882/798/387
f 1701/688/923 1881/796/708 2043/797/386 1846/696/333
f 1729/2630/124 1882/2636/387 2043/2637/386 1881/2634/708
f 1703/1426/339 1849/708/337 2044/799/388 1883/800/389
f 1702/698/698 1882/798/387 2044/799/388 1849/708/337
f 1729/2630/124 1883/2638/389 2044/2639/388 1882/2636/387
f 1704/718/700 1852/716/341 2045/801/390 1884/802/387
f 1703/1426/339 1883/800/389 2045/801/390 1852/716/341
f 1729/2630/124 1884/2640/387 2045/2641/390 1883/2638/389
f 1705/726/930 1855/724/345 2046/803/392 1885/804/710
f 1704/718/700 1884/802/387 2046/803/392 1855/724/345
f 1729/2630/124 1885/2642/710 2046/2643/392 1884/2640/387
f 1706/736/351 1858/734/829 2047/805/940 1886/806/711
f 1705/726/930 1885/804/710 2047/805/940 1858/734/829
f 1729/2644/124 1886/2645/711 2047/2646/940 1885/2647/710
f 1707/2601/701 1861/742/353 2048/811/395 1887/812/712
f 1706/736/351 1886/806/711 2048/811/395 1861/742/353
f 1729/2630/124 1887/2648/712 2048/2649/395 1886/2650/711
f 1708/752/938 1864/750/357 2049/813/397 1888/814/398
f 1707/2601/701 1887/812/712 2049/813/397 1864/750/357
f 1729/2630/124 1888/2651/398 2049/2652/397 1887/2648/712
f 1689/576/815 1867/758/361 2050/815/399 1870/764/365
f 1708/2604/938 1888/2651/398 2050/2653/399 1867/2605/361
f 1729/2630/124 1870/2654/365 2050/2653/399 1888/2651/398
f 1709/2655/941 1889/2656/401 2051/2657/402 1890/2658/942
f 1710/2659/943 1891/2660/836 2051/2657/402 1889/2656/401
f 1730/2661/168 1890/2658/942 2051/2657/402 1891/2660/836
f 1710/2659/943 1892/2662/837 2052/2663/944 1891/2660/836
f 1711/2664/945 1893/2665/409 2052/2663/944 1892/2662/837
f 1730/2661/168 1891/2660/836 2052/2663/944 1893/2665/409
f 1711/2664/945 1894/2666/721 2053/2667/839 1893/2665/409
f 1712/2668/946 1895/2669/413 2053/2667/839 1894/2666/721
f 1730/2661/168 1893/2665/409 2053/2667/839 1895/2669/413
f 1712/2668/946 1896/2670/947 2054/2671/948 1895/2669/413
f 1713/2672/416 1897/2673/840 2054/2671/948 1896/2670/947
f 1730/2661/168 1895/2669/413 2054/2671/948 1897/2673/840
f 1713/2672/416 1898/2674/949 2055/2675/950 1897/2673/840
f 1714/2676/420 1899/2677/728 2055/2675/950 1898/2674/949
f 1730/2661/168 1897/2673/840 2055/2675/950 1899/2677/728
f 1714/2676/420 1900/2678/951 2056/2679/843 1899/2677/728
f 1715/2680/952 1901/2681/953 2056/2679/843 1900/2678/951
f 1730/2661/168 1899/2677/728 2056/2679/843 1901/2681/953
f 1715/2682/952 1902/2683/954 2057/2684/427 1901/2685/953
f 1716/2686/955 1903/2687/956 2057/2688/427 1902/2689/954
f 1730/2690/168 1901/2685/953 2057/2684/427 1903/2691/956
f 1716/2686/955 1904/2692/430 2058/2693/734 1903/2687/956
f 1717/2694/957 1905/2695/736 2058/2693/734 1904/2692/430
f 1730/2690/168 1903/2691/956 2058/2696/734 1905/2697/736
f 1717/2694/957 1906/2698/434 2059/2699/738 1905/2695/736
f 1718/2700/958 1907/2701/437 2059/2699/738 1906/2698/434
f 1730/2690/168 1905/2697/736 2059/2702/738 1907/2703/437
f 1718/2700/958 1908/2704/959 2060/2705/960 1907/2701/437
f 1719/2706/961 1909/2707/962 2060/2705/960 1908/2704/959
f 1730/2690/168 1907/2703/437 2060/2708/960 1909/2709/962
f 1719/2706/961 1910/2710/442 2061/2711/963 1909/2707/962
f 1720/2712/964 1911/2713/965 2061/2711/963 1910/2710/442
f 1730/2690/168 1909/2709/962 2061/2714/963 1911/2715/965
f 1720/2712/964 1912/2716/966 2062/2717/447 1911/2713/965
f 1721/2718/967 1913/2719/855 2062/2717/447 1912/2716/966
f 1730/2690/168 1911/2715/965 2062/2720/447 1913/2721/855
f 1721/2718/967 1914/2722/968 2063/2723/969 1913/2719/855
f 1722/2724/857 1915/2725/453 2063/2723/969 1914/2722/968
f 1730/2690/168 1913/2721/855 2063/2726/969 1915/2727/453
f 1722/2724/857 1916/2728/970 2064/2729/455 1915/2725/453
f 1723/2730/971 1917/2731/457 2064/2732/455 1916/2733/970
f 1730/2690/168 1915/2727/453 2064/2732/455 1917/2731/457
f 1723/2734/971 1918/2735/972 2065/2736/973 1917/2737/457
f 1724/2738/974 1919/2739/975 2065/2736/973 1918/2735/972
f 1730/2661/168 1917/2737/457 2065/2736/973 1919/2739/975
f 1724/2738/974 1920/2740/976 2066/2741/862 1919/2739/975
f 1725/2742/464 1921/2743/977 2066/2741/862 1920/2740/976
f 1730/2661/168 1919/2739/975 2066/2741/862 1921/2743/977
f 1725/2742/464 1922/2744/978 2067/2745/759 1921/2743/977
f 1726/2746/468 1923/2747/760 2067/2745/759 1922/2744/978
f 1730/2661/168 1921/2743/977 2067/2745/759 1923/2747/760
f 1726/2746/468 1924/2748/866 2068/2749/979 1923/2747/760
f 1727/2750/980 1925/2751/868 2068/2749/979 1924/2748/866
f 1730/2661/168 1923/2747/760 2068/2749/979 1925/2751/868
f 1727/2750/980 1926/2752/981 2069/2753/982 1925/2751/868
f 1728/2754/983 1927/2755/765 2069/2753/982 1926/2752/981
f 1730/2661/168 1925/2751/868 2069/2753/982 1927/2755/765
f 1728/2754/983 1928/2756/984 2070/2757/985 1927/2755/765
f 1709/2655/941 1890/2658/942 2070/2757/985 1928/2756/984
f 1730/2661/168 1927/2755/765 2070/2757/985 1890/2658/942
f 1732/2758/480 1929/2759/481 2071/2760/986 1930/2761/483
f 1929/2759/481 1731/2762/484 1931/2763/485 2071/2760/986
f 2071/2764/986 1931/2765/485 1728/2754/983 1926/2752/981
f 1930/2766/483 2071/2764/986 1926/2752/981 1727/2750/980
f 1733/2767/486 1932/2768/487 2072/2769/488 1933/2770/489
f 1932/2768/487 1732/2758/480 1930/2761/483 2072/2769/488
f 2072/2771/488 1930/2766/483 1727/2750/980 1924/2748/866
f 1933/2772/489 2072/2771/488 1924/2748/866 1726/2746/468
f 1734/2773/490 1934/2774/491 2073/2775/492 1935/2776/987
f 1934/2774/491 1733/2767/486 1933/2770/489 2073/2775/492
f 2073/2777/492 1933/2772/489 1726/2746/468 1922/2744/978
f 1935/2778/987 2073/2777/492 1922/2744/978 1725/2742/464
f 1735/2779/988 1936/2780/989 2074/2781/768 1937/2782/875
f 1936/2780/989 1734/2783/490 1935/2784/987 2074/2781/768
f 2074/2785/768 1935/2778/987 1725/2742/464 1920/2740/976
f 1937/2786/875 2074/2785/768 1920/2740/976 1724/2738/974
f 1736/2787/498 1938/2788/499 2075/2789/990 1939/2790/501
f 1938/2788/499 1735/2779/988 1937/2782/875 2075/2789/990
f 2075/2791/990 1937/2786/875 1724/2738/974 1918/2735/972
f 1939/2790/501 2075/2789/990 1918/2792/972 1723/2793/971
f 1737/2794/502 1940/2795/503 2076/2796/504 1941/2797/505
f 1940/2795/503 1736/2787/498 1939/2790/501 2076/2796/504
f 2076/2796/504 1939/2790/501 1723/2793/971 1916/2798/970
f 1941/2797/505 2076/2796/504 1916/2798/970 1722/2799/857
f 1738/2800/506 1942/2801/991 2077/2802/992 1943/2803/509
f 1942/2801/991 1737/2794/502 1941/2797/505 2077/2802/992
f 2077/2802/992 1941/2797/505 1722/2799/857 1914/2804/968
f 1943/2803/509 2077/2802/992 1914/2804/968 1721/2805/967
f 1739/2806/510 1944/2807/511 2078/2808/770 1945/2809/513
f 1944/2807/511 1738/2810/506 1943/2811/509 2078/2808/770
f 2078/2812/770 1943/2803/509 1721/2805/967 1912/2813/966
f 1945/2814/513 2078/2812/770 1912/2813/966 1720/2815/964
f 1740/2816/514 1946/2817/515 2079/2818/516 1947/2819/517
f 1946/2817/515 1739/2806/510 1945/2809/513 2079/2818/516
f 2079/2820/516 1945/2814/513 1720/2815/964 1910/2821/442
f 1947/2822/517 2079/2820/516 1910/2821/442 1719/2823/961
f 1741/2824/518 1948/2825/993 2080/2826/994 1949/2827/521
f 1948/2825/993 1740/2816/514 1947/2819/517 2080/2826/994
f 2080/2828/994 1947/2822/517 1719/2823/961 1908/2829/959
f 1949/2830/521 2080/2828/994 1908/2829/959 1718/2831/958
f 1742/2832/522 1950/2833/995 2081/2834/524 1951/2835/525
f 1950/2833/995 1741/2824/518 1949/2827/521 2081/2834/524
f 2081/2836/524 1949/2830/521 1718/2831/958 1906/2837/434
f 1951/2838/525 2081/2836/524 1906/2837/434 1717/2839/957
f 1743/2840/526 1952/2841/527 2082/2842/528 1953/2843/529
f 1952/2841/527 1742/2832/522 1951/2835/525 2082/2842/528
f 2082/2844/528 1951/2838/525 1717/2839/957 1904/2845/430
f 1953/2846/529 2082/2844/528 1904/2845/430 1716/2847/955
f 1744/2848/530 1954/2849/531 2083/2850/996 1955/2851/997
f 1954/2849/531 1743/2840/526 1953/2843/529 2083/2850/996
f 2083/2852/996 1953/2846/529 1716/2847/955 1902/2853/954
f 1955/2854/997 2083/2852/996 1902/2853/954 1715/2855/952
f 1745/2856/534 1956/2857/535 2084/2858/998 1957/2859/537
f 1956/2860/535 1744/2861/530 1955/2854/997 2084/2862/998
f 2084/2862/998 1955/2854/997 1715/2855/952 1900/2863/951
f 1957/2859/537 2084/2858/998 1900/2864/951 1714/2865/420
f 1746/2866/538 1958/2867/539 2085/2868/881 1959/2869/999
f 1958/2867/539 1745/2870/534 1957/2871/537 2085/2868/881
f 2085/2868/881 1957/2871/537 1714/2872/420 1898/2873/949
f 1959/2869/999 2085/2868/881 1898/2873/949 1713/2874/416
f 1747/2875/542 1960/2876/543 2086/2877/544 1961/2878/773
f 1960/2876/543 1746/2866/538 1959/2869/999 2086/2877/544
f 2086/2877/544 1959/2869/999 1713/2874/416 1896/2879/947
f 1961/2878/773 2086/2877/544 1896/2879/947 1712/2880/946
f 1748/2881/546 1962/2882/774 2087/2883/1000 1963/2884/1001
f 1962/2882/774 1747/2875/542 1961/2878/773 2087/2883/1000
f 2087/2885/1000 1961/2886/773 1712/2668/946 1894/2666/721
f 1963/2887/1001 2087/2885/1000 1894/2666/721 1711/2664/945
f 1749/2888/550 1964/2889/551 2088/2890/776 1965/2891/1002
f 1964/2889/551 1748/2892/546 1963/2893/1001 2088/2890/776
f 2088/2894/776 1963/2887/1001 1711/2664/945 1892/2662/837
f 1965/2895/1002 2088/2894/776 1892/2662/837 1710/2659/943
f 1750/2896/554 1966/2897/1003 2089/2898/556 1967/2899/557
f 1966/2897/1003 1749/2888/550 1965/2891/1002 2089/2898/556
f 2089/2900/556 1965/2895/1002 1710/2659/943 1889/2656/401
f 1967/2901/557 2089/2900/556 1889/2656/401 1709/2655/941
f 1731/2762/484 1968/2902/558 2090/2903/1004 1931/2763/485
f 1968/2902/558 1750/2896/554 1967/2899/557 2090/2903/1004
f 2090/2904/1004 1967/2901/557 1709/2655/941 1928/2756/984
f 1931/2765/485 2090/2904/1004 1928/2756/984 1728/2754/983
f 1752/2905/560 1969/2906/886 2091/2907/562 1970/2908/777
f 1969/2906/886 1751/2909/564 1971/2910/778 2091/2907/562
f 2091/2911/562 1971/2912/778 1731/2762/484 1929/2759/481
f 1970/2913/777 2091/2911/562 1929/2759/481 1732/2758/480
f 1753/2914/888 1972/2915/567 2092/2916/568 1973/2917/889
f 1972/2915/567 1752/2905/560 1970/2908/777 2092/2916/568
f 2092/2918/568 1970/2913/777 1732/2758/480 1932/2768/487
f 1973/2919/889 2092/2918/568 1932/2768/487 1733/2767/486
f 1754/2920/570 1974/2921/571 2093/2922/572 1975/2923/1005
f 1974/2921/571 1753/2914/888 1973/2917/889 2093/2922/572
f 2093/2924/572 1973/2919/889 1733/2767/486 1934/2774/491
f 1975/2925/1005 2093/2924/572 1934/2774/491 1734/2773/490
f 1755/2926/574 1976/2927/575 2094/2928/576 1977/2929/577
f 1976/2927/575 1754/2930/570 1975/2931/1005 2094/2928/576
f 2094/2932/576 1975/2933/1005 1734/2783/490 1936/2780/989
f 1977/2934/577 2094/2932/576 1936/2780/989 1735/2779/988
f 1756/2935/578 1978/2936/579 2095/2937/580 1979/2938/783
f 1978/2936/579 1755/2926/574 1977/2929/577 2095/2937/580
f 2095/2939/580 1977/2934/577 1735/2779/988 1938/2788/499
f 1979/2940/783 2095/2939/580 1938/2788/499 1736/2787/498
f 1757/2941/582 1980/2942/1006 2096/2943/1007 1981/2944/585
f 1980/2945/1006 1756/2935/578 1979/2938/783 2096/2946/1007
f 2096/2947/1007 1979/2940/783 1736/2787/498 1940/2795/503
f 1981/2948/585 2096/2947/1007 1940/2795/503 1737/2794/502
f 1758/2949/586 1982/2950/587 2097/2951/588 1983/2952/589
f 1982/2950/587 1757/2941/582 1981/2944/585 2097/2951/588
f 2097/2953/588 1981/2948/585 1737/2794/502 1942/2801/991
f 1983/2954/589 2097/2953/588 1942/2801/991 1738/2800/506
f 1759/2955/590 1984/2956/591 2098/2957/592 1985/2958/898
f 1984/2959/591 1758/2949/586 1983/2952/589 2098/2960/592
f 2098/1062/592 1983/1063/589 1738/939/506 1944/936/511
f 1985/2961/898 2098/2960/592 1944/2962/511 1739/2963/510
f 1760/2964/789 1986/2965/595 2099/2966/596 1987/2967/1008
f 1986/2965/595 1759/2955/590 1985/2958/898 2099/2966/596
f 2099/2966/596 1985/2958/898 1739/2968/510 1946/2969/515
f 1987/2967/1008 2099/2966/596 1946/2969/515 1740/2970/514
f 1761/2971/598 1988/2972/1009 2100/2973/600 1989/2974/601
f 1988/2972/1009 1760/2964/789 1987/2967/1008 2100/2973/600
f 2100/2973/600 1987/2967/1008 1740/2970/514 1948/2975/993
f 1989/2974/601 2100/2973/600 1948/2975/993 1741/2976/518
f 1762/2977/1010 1990/2978/603 2101/2979/1011 1991/2980/1012
f 1990/2978/603 1761/2981/598 1989/2982/601 2101/2979/1011
f 2101/2979/1011 1989/2982/601 1741/2983/518 1950/2984/995
f 1991/2980/1012 2101/2979/1011 1950/2984/995 1742/2985/522
f 1763/2986/606 1992/2987/607 2102/2988/1013 1993/2989/795
f 1992/2987/607 1762/2977/1010 1991/2980/1012 2102/2988/1013
f 2102/2988/1013 1991/2980/1012 1742/2985/522 1952/2990/527
f 1993/2989/795 2102/2988/1013 1952/2990/527 1743/2991/526
f 1764/2992/610 1994/2993/611 2103/2994/612 1995/2995/797
f 1994/2993/611 1763/2986/606 1993/2989/795 2103/2994/612
f 2103/2994/612 1993/2989/795 1743/2991/526 1954/2996/531
f 1995/2995/797 2103/2994/612 1954/2996/531 1744/2997/530
f 1765/2998/1014 1996/2999/615 2104/3000/904 1997/3001/799
f 1996/3002/615 1764/3003/610 1995/3004/797 2104/3005/904
f 2104/3005/904 1995/3004/797 1744/3006/530 1956/3007/535
f 1997/3001/799 2104/3000/904 1956/3008/535 1745/3009/534
f 1766/3010/618 1998/3011/800 2105/3012/1015 1999/3013/621
f 1998/3011/800 1765/3014/1014 1997/3015/799 2105/3012/1015
f 2105/3012/1015 1997/3015/799 1745/3016/534 1958/3017/539
f 1999/3013/621 2105/3012/1015 1958/3017/539 1746/3018/538
f 1767/3019/622 2000/3020/623 2106/3021/802 2001/3022/1016
f 2000/3020/623 1766/3010/618 1999/3013/621 2106/3021/802
f 2106/3021/802 1999/3013/621 1746/3018/538 1960/3023/543
f 2001/3022/1016 2106/3021/802 1960/3023/543 1747/3024/542
f 1768/3025/626 2002/3026/627 2107/3027/1017 2003/3028/803
f 2002/3029/627 1767/3019/622 2001/3022/1016 2107/3030/1017
f 2107/3031/1017 2001/3032/1016 1747/2875/542 1962/2882/774
f 2003/3033/803 2107/3031/1017 1962/2882/774 1748/2881/546
f 1769/3034/1018 2004/3035/631 2108/3036/804 2005/3037/633
f 2004/3035/631 1768/3038/626 2003/3039/803 2108/3036/804
f 2108/3040/804 2003/3041/803 1748/2892/546 1964/2889/551
f 2005/3042/633 2108/3040/804 1964/2889/551 1749/2888/550
f 1770/3043/634 2006/3044/635 2109/3045/1019 2007/3046/1020
f 2006/3044/635 1769/3034/1018 2005/3037/633 2109/3045/1019
f 2109/3047/1019 2005/3042/633 1749/2888/550 1966/2897/1003
f 2007/3048/1020 2109/3047/1019 1966/2897/1003 1750/2896/554
f 1751/2909/564 2008/3049/1021 2110/3050/639 1971/2910/778
f 2008/3049/1021 1770/3043/634 2007/3046/1020 2110/3050/639
f 2110/3051/639 2007/3048/1020 1750/2896/554 1968/2902/558
f 1971/2912/778 2110/3051/639 1968/2902/558 1731/2762/484
f 1772/2598/934 1863/3052/936 2111/3053/640 2009/3054/641
f 1863/3052/936 1771/3055/110 2010/3056/642 2111/3053/640
f 2111/3057/640 2010/3058/642 1752/3059/560 1972/3060/567
f 2009/3061/641 2111/3057/640 1972/3060/567 1753/3062/888
f 1773/3063/931 1860/3064/935 2112/3065/643 1791/3066/644
f 1860/2202/935 1772/2201/934 2009/1969/641 2112/3067/643
f 2112/3068/643 2009/3061/641 1753/3062/888 1974/3069/571
f 1791/3070/644 2112/3068/643 1974/3069/571 1754/3071/570
f 1774/722/92 1857/733/99 2113/1165/645 1792/1166/646
f 1857/3072/99 1773/3063/931 1791/3066/644 2113/3073/645
f 2113/3074/645 1791/3075/644 1754/3076/570 1976/3077/575
f 1792/3078/646 2113/3074/645 1976/3077/575 1755/3079/574
f 1775/714/86 1854/723/93 2114/1177/647 1793/1178/1022
f 1854/723/93 1774/722/92 1792/1166/646 2114/1177/647
f 2114/3080/647 1792/3078/646 1755/3079/574 1978/3081/579
f 1793/3082/1022 2114/3080/647 1978/3081/579 1756/3083/578
f 1776/702/80 1851/715/87 2115/1185/649 1794/1186/913
f 1851/715/87 1775/714/86 1793/1178/1022 2115/1185/649
f 2115/3084/649 1793/3082/1022 1756/3083/578 1980/3085/1006
f 1794/3086/913 2115/3084/649 1980/3085/1006 1757/3087/582
f 1777/707/925 1848/706/927 2116/1191/914 1795/1192/652
f 1848/703/927 1776/702/80 1794/1186/913 2116/1193/914
f 2116/3088/914 1794/3086/913 1757/3087/582 1982/3089/587
f 1795/3090/652 2116/3088/914 1982/3089/587 1758/3091/586
f 1778/3092/68 1845/3093/75 2117/3094/653 1796/3095/654
f 1845/695/75 1777/707/925 1795/1192/652 2117/2397/653
f 2117/3096/653 1795/3097/652 1758/3098/586 1984/3099/591
f 1796/3100/654 2117/3101/653 1984/3102/591 1759/3103/590
f 1779/2583/62 1842/683/69 2118/3104/1023 1797/3105/811
f 1842/683/69 1778/682/68 1796/3106/654 2118/3104/1023
f 2118/3107/1023 1796/3100/654 1759/3103/590 1986/3108/595
f 1797/3109/811 2118/3107/1023 1986/3108/595 1760/3110/789
f 1780/3111/56 1839/3112/63 2119/3113/657 1798/3114/658
f 1839/3115/63 1779/3116/62 1797/3109/811 2119/3117/657
f 2119/3117/657 1797/3109/811 1760/3110/789 1988/3118/1009
f 1798/3119/658 2119/3117/657 1988/3118/1009 1761/3120/598
f 1781/3121/50 1836/3122/57 2120/3123/659 1799/3124/660
f 1836/3122/57 1780/3125/56 1798/3126/658 2120/3123/659
f 2120/3127/659 1798/3128/658 1761/3129/598 1990/3130/603
f 1799/3131/660 2120/3127/659 1990/3130/603 1762/3132/1010
f 1782/3133/44 1833/3134/51 2121/3135/661 1800/3136/1024
f 1833/3134/51 1781/3121/50 1799/3124/660 2121/3135/661
f 2121/3137/661 1799/3131/660 1762/3132/1010 1992/3138/607
f 1800/3139/1024 2121/3137/661 1992/3138/607 1763/3140/606
f 1783/3141/38 1830/3142/45 2122/3143/663 1801/3144/1025
f 1830/3142/45 1782/3133/44 1800/3136/1024 2122/3143/663
f 2122/3145/663 1800/3139/1024 1763/3140/606 1994/3146/611
f 1801/3147/1025 2122/3145/663 1994/3146/611 1764/3148/610
f 1784/3149/32 1827/3150/39 2123/3151/665 1802/3152/666
f 1827/3153/39 1783/3141/38 1801/3144/1025 2123/3154/665
f 2123/3155/665 1801/3156/1025 1764/3157/610 1996/3158/615
f 1802/3159/666 2123/3160/665 1996/3161/615 1765/3162/1014
f 1785/3163/26 1824/3164/33 2124/3165/667 1803/3166/668
f 1824/3164/33 1784/3167/32 1802/3168/666 2124/3165/667
f 2124/3169/667 1802/3170/666 1765/3171/1014 1998/3172/800
f 1803/3173/668 2124/3169/667 1998/3172/800 1766/3174/618
f 1786/602/20 1821/613/27 2125/1268/669 1804/1269/670
f 1821/613/27 1785/612/26 1803/3175/668 2125/1268/669
f 2125/3176/669 1803/3173/668 1766/3174/618 2000/3177/623
f 1804/3178/670 2125/3176/669 2000/3177/623 1767/3179/622
f 1787/2112/14 1818/2120/21 2126/3180/671 1805/3181/813
f 1818/3182/21 1786/3183/20 1804/3184/670 2126/3185/671
f 2126/3186/671 1804/3178/670 1767/3179/622 2002/3187/627
f 1805/3188/813 2126/3189/671 2002/3190/627 1768/3191/626
f 1788/2107/7 1815/2522/15 2127/3192/673 1806/3193/674
f 1815/2522/15 1787/2112/14 1805/3181/813 2127/3192/673
f 2127/3194/673 1805/3195/813 1768/3196/626 2004/3197/631
f 1806/3198/674 2127/3194/673 2004/3197/631 1769/3199/1018
f 1789/2520/9 1812/2108/8 2128/3200/1026 1807/3201/676
f 1812/2108/8 1788/2107/7 1806/3193/674 2128/3200/1026
f 2128/3202/1026 1806/3198/674 1769/3199/1018 2006/3203/635
f 1807/3204/676 2128/3202/1026 2006/3203/635 1770/3205/634
f 1790/2611/116 1868/2610/120 2129/3206/677 1808/3207/678
f 1868/3208/120 1789/3209/9 1807/3210/676 2129/3211/677
f 2129/3206/677 1807/3204/676 1770/3205/634 2008/3212/1021
f 1808/3207/678 2129/3206/677 2008/3212/1021 1751/3213/564
f 1771/3055/110 1866/3214/117 2130/3215/679 2010/3056/642
f 1866/3214/117 1790/3216/116 1808/3217/678 2130/3215/679
f 2130/3218/679 1808/3219/678 1751/3220/564 1969/3221/886
f 2010/3058/642 2130/3218/679 1969/3221/886 1752/3059/560
