# Blender 4.3.2
# www.blender.org
mtllib pamant.mtl
o Plane
v 210.586533 -52.677509 -255.612793
v -98.303879 -52.854099 -255.612793
v 210.586533 -52.854099 53.277611
v -98.738373 -48.670979 54.042641
v 210.586533 -52.854099 49.464149
v 210.586533 -52.854099 45.650688
v 210.600052 -52.805069 41.855232
v 210.674515 -52.430222 38.147270
v 210.815445 -51.132572 34.536324
v 210.985748 -49.088871 30.967598
v 211.107834 -47.125771 27.327538
v 211.123779 -45.902027 23.522552
v 211.037567 -45.537361 19.551399
v 210.903946 -45.863670 15.481766
v 210.797943 -46.295357 11.423050
v 210.780457 -46.536236 7.487846
v 210.863235 -46.565868 3.689980
v 210.965515 -46.653969 -0.058464
v 211.082397 -46.511909 -3.777252
v 211.215256 -46.028778 -7.486496
v 211.352310 -45.323376 -11.218582
v 211.494049 -44.271027 -15.018288
v 211.581421 -43.262253 -18.894081
v 211.570480 -42.626144 -22.820786
v 211.447678 -42.833473 -26.750313
v 211.251266 -43.934021 -30.642387
v 211.011948 -45.808479 -34.486809
v 210.779678 -48.054897 -38.297165
v 210.643448 -49.623104 -42.083279
v 210.592117 -50.220650 -45.876122
v 210.586609 -49.886951 -49.685802
v 210.586655 -49.095253 -53.499249
v 210.586685 -48.454609 -57.312714
v 210.586655 -48.461475 -61.126186
v 210.586624 -49.144131 -64.939659
v 210.586563 -50.282902 -68.753128
v 210.586533 -51.479458 -72.566605
v 210.586533 -52.388428 -76.380074
v 210.589417 -52.801735 -80.192352
v 210.643372 -52.733845 -83.982147
v 210.749084 -52.502510 -87.747627
v 210.913971 -52.103420 -91.479813
v 211.137253 -51.505707 -95.184219
v 211.371933 -50.808807 -98.889450
v 211.585709 -50.017891 -102.632683
v 211.787766 -49.031399 -106.444992
v 211.940735 -48.053474 -110.317360
v 212.025757 -47.362175 -114.241066
v 212.032776 -47.126301 -118.185234
v 211.998215 -47.265736 -122.092651
v 211.918549 -47.745750 -125.949036
v 211.795746 -48.427322 -129.761581
v 211.653931 -49.029903 -133.549011
v 211.485764 -49.466125 -137.340576
v 211.335709 -49.668995 -141.143387
v 211.222061 -49.621315 -144.959320
v 211.111237 -49.689796 -148.780746
v 211.005783 -49.880024 -152.605896
v 210.904465 -50.014187 -156.429428
v 210.820999 -49.981495 -160.247192
v 210.760483 -49.831810 -164.059097
v 210.729767 -49.416107 -167.867065
v 210.771027 -48.767578 -171.664429
v 210.859406 -48.007351 -175.456161
v 210.944565 -47.123096 -179.252289
v 211.026672 -46.235874 -183.062912
v 211.070877 -45.504173 -186.891602
v 211.072845 -44.969398 -190.734314
v 211.060989 -44.578552 -194.595337
v 211.022095 -44.493378 -198.466522
v 210.959229 -44.621090 -202.334015
v 210.905319 -44.791569 -206.181824
v 210.851807 -45.101463 -210.009521
v 210.787766 -45.627090 -213.820892
v 210.732147 -46.550667 -217.616135
v 210.697266 -47.855717 -221.398865
v 210.656723 -49.475929 -225.173050
v 210.617905 -50.962612 -228.948929
v 210.591949 -52.063801 -232.737244
v 210.586533 -52.657787 -236.545471
v 210.586533 -52.767830 -240.358948
v 210.586533 -52.694012 -244.172394
v 210.586533 -52.622070 -247.985870
v 210.586533 -52.612038 -251.799347
v 206.773071 -52.272469 -255.612793
v 202.959610 -51.776913 -255.612793
v 199.146149 -51.239826 -255.612793
v 195.332687 -50.351768 -255.612793
v 191.506012 -49.117260 -255.628387
v 187.651413 -47.894520 -255.676788
v 183.782227 -46.914341 -255.742401
v 179.911163 -46.370556 -255.810211
v 176.050293 -46.477493 -255.865997
v 172.211456 -47.275726 -255.895874
v 168.403275 -48.616264 -255.889648
v 164.624405 -50.198761 -255.848938
v 160.861191 -51.410034 -255.789795
v 157.099182 -51.730133 -255.729248
v 153.333435 -51.536366 -255.673065
v 149.556595 -51.174541 -255.629974
v 145.758255 -50.693378 -255.630798
v 141.946411 -50.266212 -255.686188
v 138.125000 -50.030342 -255.771301
v 134.279785 -49.925415 -255.882019
v 130.419983 -49.962479 -255.995667
v 126.565842 -50.099594 -256.091003
v 122.741669 -50.303722 -256.150055
v 118.942268 -50.484722 -256.165741
v 115.160507 -50.563873 -256.138733
v 111.390518 -50.517059 -256.072571
v 107.624237 -50.310898 -255.977112
v 103.853333 -49.944160 -255.866241
v 100.070770 -49.630974 -255.757324
v 96.271027 -49.332294 -255.673492
v 92.451477 -48.880104 -255.632843
v 88.618347 -48.422935 -255.615540
v 84.784340 -47.865208 -255.611969
v 80.971786 -47.309174 -255.609802
v 77.169067 -46.962334 -255.608368
v 73.356766 -47.059952 -255.607880
v 69.533951 -47.582825 -255.609650
v 65.703522 -48.481953 -255.622925
v 61.879372 -49.458534 -255.674225
v 58.076885 -50.137714 -255.784790
v 54.299622 -50.346207 -255.951935
v 50.528488 -50.086601 -256.134399
v 46.754013 -49.447033 -256.291901
v 42.964893 -48.691589 -256.383057
v 39.149773 -48.196182 -256.376068
v 35.311234 -48.192219 -256.277954
v 31.459093 -48.652267 -256.116821
v 27.602787 -49.344521 -255.939880
v 23.759052 -50.091797 -255.797455
v 19.932148 -50.685543 -255.716522
v 16.108994 -51.073410 -255.654083
v 12.288548 -51.252010 -255.618774
v 8.479229 -50.990379 -255.622101
v 4.677677 -50.561375 -255.635864
v 0.881916 -50.102600 -255.649780
v -2.916962 -49.772137 -255.655243
v -6.725048 -49.564468 -255.650238
v -10.545925 -49.580242 -255.637634
v -14.378551 -49.829605 -255.624115
v -18.211132 -50.198940 -255.615967
v -22.034115 -50.625473 -255.612976
v -25.848095 -51.169495 -255.612793
v -29.661556 -51.633415 -255.612793
v -33.475018 -51.768970 -255.612793
v -37.286259 -51.537991 -255.615326
v -41.090771 -50.897305 -255.633942
v -44.893780 -49.984764 -255.672943
v -48.699284 -49.289600 -255.715637
v -52.511219 -49.001320 -255.747833
v -56.330669 -49.210217 -255.754181
v -60.154034 -49.791927 -255.731293
v -63.989872 -50.493862 -255.697540
v -67.835892 -51.056160 -255.675171
v -71.678635 -51.364712 -255.673157
v -75.514511 -51.480240 -255.685516
v -79.334808 -51.706223 -255.690704
v -83.134491 -52.052727 -255.680023
v -86.921265 -52.385853 -255.658813
v -90.704636 -52.648567 -255.634857
v -94.495590 -52.815765 -255.616913
v -98.303879 -52.854099 -251.799347
v -98.303879 -52.854099 -247.985870
v -98.303879 -52.854099 -244.172424
v -98.303879 -52.854099 -240.358948
v -98.304031 -52.853554 -236.545563
v -98.303879 -52.854099 -232.732056
v -98.303879 -52.854099 -228.918579
v -98.303986 -52.853748 -225.105148
v -98.303986 -52.853745 -221.291687
v -98.303879 -52.854099 -217.478210
v -98.304794 -52.851429 -213.664948
v -98.304398 -52.852081 -209.851395
v -98.303879 -52.852608 -206.037827
v -98.304413 -52.852875 -202.224487
v -98.304703 -52.851898 -198.411102
v -98.303879 -52.852940 -194.597443
v -98.305206 -52.851715 -190.784180
v -98.304825 -52.852409 -186.970673
v -98.299088 -52.842953 -183.158005
v -98.290573 -52.822353 -179.346268
v -98.277985 -52.768417 -175.540100
v -98.266159 -52.664989 -171.742371
v -98.265488 -52.581734 -167.943024
v -98.277054 -52.501160 -164.144348
v -98.315887 -52.423851 -160.348618
v -98.369461 -52.336674 -156.555908
v -98.416550 -52.261505 -152.759506
v -98.438950 -52.136192 -148.952820
v -98.436234 -51.934216 -145.131134
v -98.432587 -51.565128 -141.313187
v -98.448044 -51.014545 -137.496841
v -98.494568 -50.345413 -133.674683
v -98.611465 -49.548103 -129.830139
v -98.788559 -48.756378 -125.938431
v -98.925919 -48.287811 -122.029045
v -98.972824 -48.303738 -118.146225
v -98.914062 -48.831505 -114.316818
v -98.766937 -49.775673 -110.525993
v -98.592133 -50.844772 -106.767273
v -98.426498 -51.814213 -103.017601
v -98.332214 -52.447407 -99.246704
v -98.304352 -52.763885 -95.445145
v -98.304230 -52.831100 -91.631241
v -98.304077 -52.820282 -87.818787
v -98.303909 -52.767151 -84.006638
v -98.349915 -52.637455 -80.168274
v -98.532364 -52.284443 -76.247948
v -98.827499 -51.667755 -72.241348
v -99.146881 -50.818436 -68.193901
v -99.391968 -49.782265 -64.176819
v -99.556702 -48.573551 -60.229713
v -99.604919 -47.349407 -56.378063
v -99.477890 -46.209808 -52.638046
v -99.210175 -45.210869 -48.982620
v -98.905853 -44.395584 -45.354645
v -98.631210 -43.758102 -41.709084
v -98.417679 -43.367664 -38.041405
v -98.286072 -43.188976 -34.342033
v -98.251648 -43.174686 -30.603111
v -98.273224 -43.216644 -26.822426
v -98.283920 -43.285366 -23.018578
v -98.295029 -43.478661 -19.208931
v -98.313339 -43.825775 -15.393585
v -98.332321 -44.368137 -11.577164
v -98.359390 -45.063526 -7.758698
v -98.383835 -45.843525 -3.942169
v -98.404068 -46.622696 -0.126396
v -98.420868 -47.212086 3.689796
v -98.453430 -47.622818 7.509529
v -98.599503 -47.878395 11.338440
v -99.009949 -47.944008 15.221252
v -99.484756 -47.997993 19.211433
v -99.788895 -48.223392 23.287910
v -99.741043 -48.778675 27.327217
v -99.387329 -49.608379 31.229530
v -99.010254 -50.420929 35.000908
v -98.917587 -50.480267 38.827080
v -98.921677 -49.602402 42.746101
v -98.925964 -48.520405 46.652962
v -98.866257 -48.124214 50.424812
v -95.036346 -47.763657 54.265419
v -91.206085 -48.118641 54.257835
v -87.240982 -49.613155 53.999977
v -83.210220 -51.550484 53.609917
v -79.267334 -52.595821 53.357719
v -75.425613 -52.781025 53.283882
v -71.609665 -52.779156 53.277611
v -67.796204 -52.485825 53.277611
v -63.979839 -51.793163 53.292778
v -60.136311 -50.690979 53.406975
v -56.211964 -49.353355 53.666985
v -52.097866 -47.414070 54.229500
v -47.795208 -44.538441 55.039482
v -43.470562 -41.455345 55.617500
v -39.407177 -38.896271 55.647102
v -35.745213 -37.284145 55.306938
v -32.336147 -36.516937 54.870338
v -28.988827 -36.132824 54.485924
v -25.542545 -36.022587 54.199471
v -21.968510 -36.143608 53.982292
v -18.269924 -36.132381 53.862053
v -14.467869 -35.501404 53.924049
v -10.606358 -34.598297 54.096992
v -6.796646 -34.093655 54.342339
v -3.165920 -33.906540 54.649452
v 0.257774 -34.141083 54.933159
v 3.539707 -34.800114 55.243889
v 6.888885 -36.165642 55.613777
v 10.562908 -38.473148 55.944542
v 14.621044 -41.654247 56.080101
v 18.860626 -44.199825 56.039375
v 23.085682 -46.130035 55.741554
v 27.227198 -48.332352 55.046059
v 31.235458 -50.443794 54.235619
v 35.103241 -51.331841 53.779182
v 38.891037 -50.749146 53.867607
v 42.691650 -49.471008 54.317772
v 46.582054 -48.395912 54.794350
v 50.578026 -48.092175 55.035149
v 54.603279 -48.688248 54.948692
v 58.511250 -49.919674 54.600349
v 62.274925 -51.198421 54.171303
v 65.987450 -51.697193 53.869453
v 69.696411 -51.138931 53.712700
v 73.412842 -49.780926 53.717278
v 77.285118 -47.364349 54.339668
v 81.356071 -43.863258 55.833687
v 85.485146 -40.377903 57.668007
v 89.583916 -38.280357 59.061333
v 93.618912 -38.047298 59.727776
v 97.543243 -39.690151 59.567314
v 101.262787 -42.594269 58.525703
v 104.786804 -45.525322 56.914742
v 108.201073 -47.860390 55.228981
v 111.659042 -49.137764 53.966316
v 115.293015 -49.568577 53.413048
v 119.065140 -49.866207 53.295891
v 122.878464 -50.433064 53.295067
v 126.692825 -51.164963 53.309669
v 130.507935 -51.737774 53.334114
v 134.323853 -51.896961 53.366478
v 138.138718 -51.825157 53.380775
v 141.949982 -51.973309 53.348122
v 145.759598 -52.255322 53.297722
v 149.571442 -52.515194 53.278694
v 153.384674 -52.615879 53.277733
v 157.198151 -52.625328 53.277733
v 161.011566 -52.700638 53.277687
v 164.824997 -52.800426 53.277626
v 168.638428 -52.853233 53.277611
v 172.451889 -52.854099 53.277611
v 176.265366 -52.854099 53.277611
v 180.078827 -52.854099 53.277611
v 183.892288 -52.854099 53.277611
v 187.705750 -52.854099 53.277611
v 191.519211 -52.854099 53.277611
v 195.332672 -52.854099 53.277611
v 199.146133 -52.854099 53.277611
v 202.959610 -52.854099 53.277611
v 206.773071 -52.854099 53.277611
v 206.773071 -52.158169 -251.799347
v 206.773071 -52.187355 -247.985870
v 206.773071 -52.300434 -244.172424
v 206.773071 -52.448032 -240.358948
v 206.773117 -52.405411 -236.545563
v 206.788559 -51.852345 -232.747040
v 206.826233 -50.678448 -228.970062
v 206.876358 -49.054428 -225.205154
v 206.926743 -47.288589 -221.440491
v 206.970978 -45.813560 -217.664841
v 207.035080 -44.668373 -213.872940
v 207.102493 -43.850334 -210.059937
v 207.157608 -43.247707 -206.225555
v 207.233582 -42.637787 -202.361572
v 207.316910 -42.144829 -198.476959
v 207.373764 -41.929947 -194.588303
v 207.428589 -42.013672 -190.703964
v 207.469910 -42.259010 -186.843262
v 207.453934 -42.816719 -183.005493
v 207.387360 -43.722363 -179.186615
v 207.307404 -44.764114 -175.383087
v 207.203293 -45.832500 -171.592255
v 207.123901 -46.891506 -167.802383
v 207.115463 -47.762669 -164.004639
v 207.129974 -48.367027 -160.206436
v 207.183868 -48.595364 -156.400803
v 207.265625 -48.437813 -152.586517
v 207.374390 -48.229214 -148.765625
v 207.540237 -47.918407 -144.938065
v 207.713867 -47.737812 -141.115631
v 207.928452 -47.436157 -137.308105
v 208.156540 -46.946415 -133.515182
v 208.335388 -46.355991 -129.729553
v 208.495590 -45.575012 -125.904648
v 208.599487 -44.952221 -122.030350
v 208.699692 -44.593788 -118.076157
v 208.766052 -44.699181 -114.078369
v 208.748718 -45.373112 -110.095757
v 208.681259 -46.403351 -106.157585
v 208.495667 -47.719803 -102.312431
v 208.288712 -48.829651 -98.555344
v 208.031754 -49.838257 -94.863632
v 207.712433 -50.777744 -91.206497
v 207.412170 -51.513767 -87.541435
v 207.160019 -52.079567 -83.846603
v 206.950790 -52.453682 -80.125107
v 206.823853 -52.178505 -76.362953
v 206.781448 -51.131035 -72.564156
v 206.773407 -49.644215 -68.753082
v 206.773865 -48.229118 -64.939484
v 206.774155 -47.325943 -61.125923
v 206.774231 -47.213566 -57.312408
v 206.774063 -47.859650 -53.498962
v 206.773727 -48.681313 -49.685642
v 206.793976 -48.938580 -45.886227
v 206.876938 -48.098480 -42.105671
v 207.071106 -46.063538 -38.328316
v 207.354767 -43.346127 -34.521484
v 207.629272 -41.102570 -30.666512
v 207.851135 -39.832630 -26.752151
v 208.004074 -39.583885 -22.791054
v 208.050568 -40.288750 -18.826904
v 207.984146 -41.488190 -14.923668
v 207.836227 -42.759464 -11.122467
v 207.669006 -43.683357 -7.417084
v 207.513107 -44.272881 -3.741440
v 207.381790 -44.365089 -0.053848
v 207.261963 -44.123634 3.672218
v 207.180466 -43.929214 7.485764
v 207.248901 -43.408749 11.532814
v 207.429138 -42.668755 15.747673
v 207.621094 -42.148087 19.967262
v 207.736099 -42.564808 24.043388
v 207.697861 -44.158680 27.872841
v 207.493576 -46.860405 31.429253
v 207.203415 -49.866379 34.830696
v 206.952164 -51.998249 38.282143
v 206.813065 -52.702438 41.894081
v 206.773087 -52.854046 45.650703
v 206.773071 -52.854099 49.464149
v 202.959610 -51.585480 -251.799347
v 202.959610 -51.496857 -247.985870
v 202.959610 -51.571838 -244.172424
v 202.959610 -51.789772 -240.358948
v 202.961182 -51.902252 -236.547028
v 202.984253 -51.516468 -232.755920
v 203.028915 -50.526627 -228.985687
v 203.085724 -49.073608 -225.227264
v 203.142746 -47.474701 -221.469025
v 203.190979 -45.992142 -217.699387
v 203.253525 -44.726669 -213.910950
v 203.314789 -43.727539 -210.096497
v 203.362457 -42.848465 -206.255310
v 203.437302 -41.905464 -202.379822
v 203.518494 -41.098709 -198.483704
v 203.588638 -40.572021 -194.582581
v 203.674042 -40.266281 -190.684631
v 203.748260 -40.165699 -186.813644
v 203.766724 -40.406662 -182.969208
v 203.752243 -40.910896 -179.135986
v 203.713898 -41.666718 -175.319489
v 203.643936 -42.579491 -171.516693
v 203.561981 -43.657764 -167.722397
v 203.523514 -44.696014 -163.929108
v 203.492462 -45.756451 -160.142380
v 203.488831 -46.404308 -156.353867
v 203.543320 -46.516052 -152.550354
v 203.640167 -46.407806 -148.736053
v 203.817184 -46.040878 -144.908844
v 204.029617 -45.677422 -141.075745
v 204.295654 -45.183983 -137.254501
v 204.561905 -44.619423 -133.456818
v 204.770844 -44.056122 -129.669662
v 204.941620 -43.409779 -125.845001
v 205.061417 -42.770088 -121.965179
v 205.202545 -42.262573 -117.995293
v 205.319763 -42.250240 -113.974098
v 205.419525 -42.718460 -109.928650
v 205.471512 -43.697090 -105.920845
v 205.421799 -45.080700 -102.003059
v 205.295288 -46.433243 -98.203674
v 205.028000 -47.770683 -94.510498
v 204.673904 -49.049477 -90.875175
v 204.340866 -50.045097 -87.241135
v 203.999329 -50.864399 -83.599709
v 203.679565 -51.496353 -79.936363
v 203.405411 -51.521637 -76.244217
v 203.209305 -50.623852 -72.504623
v 203.066467 -49.166420 -68.731056
v 202.974503 -47.693382 -64.937386
v 202.963409 -46.611893 -61.124977
v 202.964020 -46.341259 -57.311188
v 202.963806 -46.908489 -53.497662
v 202.964035 -47.681919 -49.685535
v 202.992737 -47.846420 -45.893055
v 203.090179 -46.787285 -42.120644
v 203.303146 -44.539459 -38.350060
v 203.595413 -41.604496 -34.541718
v 203.864090 -39.209026 -30.678528
v 204.076920 -37.829445 -26.748039
v 204.233841 -37.482010 -22.771034
v 204.311890 -38.083664 -18.789406
v 204.292511 -39.264198 -14.867706
v 204.183228 -40.738312 -11.063087
v 204.014633 -41.906483 -7.378433
v 203.855408 -42.595940 -3.740021
v 203.730011 -42.579880 -0.072899
v 203.621338 -42.157368 3.647392
v 203.562744 -41.788719 7.491829
v 203.706253 -40.956989 11.645149
v 203.978333 -39.848152 15.992973
v 204.232071 -39.075489 20.330322
v 204.385269 -39.402363 24.514656
v 204.347672 -41.132210 28.416267
v 204.064606 -44.455093 31.939781
v 203.626511 -48.467674 35.169624
v 203.245224 -51.477673 38.439079
v 203.029495 -52.582512 41.939644
v 202.960052 -52.852364 45.651360
v 202.959610 -52.854099 49.464149
v 199.146149 -50.793884 -251.799347
v 199.146149 -50.564747 -247.985870
v 199.146149 -50.660667 -244.172424
v 199.146149 -50.932980 -240.358948
v 199.149124 -51.112049 -236.548370
v 199.175323 -50.972790 -232.760284
v 199.221786 -50.366280 -228.991837
v 199.279495 -49.376423 -225.234253
v 199.338287 -48.097420 -221.477737
v 199.386307 -46.829330 -217.710754
v 199.436249 -45.707184 -213.924667
v 199.484711 -44.691113 -210.110687
v 199.516998 -43.646885 -206.267853
v 199.576050 -42.462643 -202.389771
v 199.645462 -41.389050 -198.489990
v 199.718170 -40.561897 -194.583832
v 199.813828 -39.908527 -190.681992
v 199.901459 -39.451790 -186.809952
v 199.953171 -39.255196 -182.960938
v 199.986877 -39.284599 -179.118073
v 199.997559 -39.588554 -175.289719
v 199.978073 -40.017212 -171.472107
v 199.932922 -40.726112 -167.664963
v 199.887985 -41.658943 -163.866455
v 199.839890 -42.736553 -160.081299
v 199.792526 -43.502914 -156.303787
v 199.819687 -43.829765 -152.508942
v 199.885544 -43.932274 -148.700836
v 200.055969 -43.822372 -144.872162
v 200.293304 -43.542610 -141.027191
v 200.555145 -43.072083 -137.194550
v 200.840164 -42.497982 -133.388809
v 201.055878 -41.997196 -129.605606
v 201.223053 -41.481499 -125.795822
v 201.352203 -40.931198 -121.933350
v 201.502182 -40.438190 -117.979576
v 201.647568 -40.302132 -113.966469
v 201.838348 -40.556648 -109.897774
v 202.023254 -41.292011 -105.831757
v 202.174728 -42.401852 -101.823402
v 202.191818 -43.843410 -97.946037
v 202.019852 -45.424362 -94.206856
v 201.737823 -46.894604 -90.545433
v 201.403946 -48.189217 -86.919456
v 201.053513 -49.282661 -83.307625
v 200.710373 -50.089226 -79.683197
v 200.338638 -50.417824 -76.048050
v 200.004288 -49.804077 -72.364273
v 199.691116 -48.580303 -68.647491
v 199.412888 -47.234840 -64.903000
v 199.240173 -46.225361 -61.118797
v 199.182251 -45.858730 -57.308144
v 199.160797 -46.295834 -53.493347
v 199.158173 -46.991478 -49.681568
v 199.183182 -47.088192 -45.890060
v 199.269196 -45.942539 -42.120197
v 199.459778 -43.677303 -38.352760
v 199.727036 -40.809036 -34.538918
v 199.971359 -38.316582 -30.663956
v 200.161880 -36.858219 -26.727745
v 200.306427 -36.355820 -22.748131
v 200.388687 -36.750450 -18.768105
v 200.401978 -37.790932 -14.847992
v 200.345856 -39.275742 -11.044487
v 200.218048 -40.615017 -7.368698
v 200.084595 -41.373268 -3.748917
v 199.970139 -41.368679 -0.102264
v 199.886063 -40.871498 3.620483
v 199.891830 -40.236095 7.503555
v 200.138245 -38.989525 11.734039
v 200.497253 -37.529400 16.159668
v 200.804199 -36.561008 20.564140
v 200.986923 -36.712124 24.822235
v 200.965225 -38.390553 28.821388
v 200.647675 -42.009674 32.399635
v 200.067535 -46.903080 35.507423
v 199.536346 -50.825542 38.587975
v 199.239838 -52.433235 41.976097
v 199.147003 -52.850517 45.652092
v 199.146133 -52.854099 49.464149
v 195.332413 -49.601105 -251.799652
v 195.331772 -49.290485 -247.986969
v 195.332245 -49.429016 -244.172943
v 195.332687 -49.753845 -240.358948
v 195.335205 -50.135094 -236.547943
v 195.359863 -50.272404 -232.758362
v 195.403732 -50.004387 -228.987381
v 195.457672 -49.445652 -225.226166
v 195.512192 -48.666031 -221.465485
v 195.556641 -47.875294 -217.695099
v 195.585709 -47.088749 -213.905853
v 195.613937 -46.245434 -210.092728
v 195.628479 -45.277943 -206.254486
v 195.659271 -44.110405 -202.386032
v 195.711426 -42.902702 -198.493622
v 195.773926 -41.810131 -194.595245
v 195.865250 -40.785843 -190.701355
v 195.955124 -39.925987 -186.836014
v 196.032578 -39.278263 -182.986252
v 196.100357 -38.817905 -179.140564
v 196.142563 -38.617744 -175.303070
v 196.165512 -38.579529 -171.471710
v 196.171768 -38.884926 -167.649750
v 196.158264 -39.432682 -163.840149
v 196.109161 -40.136902 -160.052017
v 196.041168 -40.854008 -156.276978
v 196.039917 -41.152012 -152.487854
v 196.080841 -41.297375 -148.689102
v 196.229782 -41.299984 -144.862198
v 196.478241 -41.138702 -141.010452
v 196.738464 -40.984303 -137.163742
v 197.040863 -40.701351 -133.343170
v 197.255112 -40.368286 -129.557983
v 197.412048 -39.977242 -125.771271
v 197.526321 -39.552525 -121.944717
v 197.665482 -39.146336 -118.032806
v 197.819763 -39.005638 -114.050865
v 198.037674 -39.084347 -110.005211
v 198.314240 -39.444073 -105.933983
v 198.631592 -40.132721 -101.871109
v 198.832138 -41.271843 -97.913948
v 198.893936 -42.686356 -94.076279
v 198.770126 -44.249527 -90.337845
v 198.543808 -45.772923 -86.666267
v 198.237350 -47.226143 -83.044022
v 197.866547 -48.401031 -79.437500
v 197.409805 -49.110832 -75.839081
v 196.988983 -48.891537 -72.203415
v 196.572479 -47.931339 -68.540932
v 196.160736 -46.710876 -64.838081
v 195.802109 -45.806423 -61.092896
v 195.592178 -45.462887 -57.295341
v 195.484665 -45.821659 -53.479107
v 195.394775 -46.512482 -49.666660
v 195.376373 -46.629719 -45.873943
v 195.427414 -45.532883 -42.102188
v 195.565262 -43.423721 -38.332298
v 195.780548 -40.781086 -34.515411
v 195.991165 -38.298004 -30.634804
v 196.158142 -36.723034 -26.698059
v 196.281967 -36.036339 -22.726158
v 196.355530 -36.194756 -18.760109
v 196.380692 -36.996567 -14.854858
v 196.364853 -38.319389 -11.058701
v 196.295456 -39.611717 -7.380852
v 196.203033 -40.436409 -3.756615
v 196.111740 -40.507290 -0.109344
v 196.065552 -40.089081 3.611984
v 196.172531 -39.116871 7.516853
v 196.517136 -37.442928 11.772026
v 196.941589 -35.679291 16.214172
v 197.283325 -34.532639 20.634148
v 197.488602 -34.545330 24.934761
v 197.490036 -36.052959 29.021965
v 197.184479 -39.630947 32.721413
v 196.511246 -45.065300 35.810219
v 195.822159 -49.881367 38.718681
v 195.440857 -52.156570 41.996086
v 195.333344 -52.816238 45.651680
v 195.332672 -52.854099 49.464149
v 191.495560 -48.126350 -251.827209
v 191.490952 -47.688145 -248.019165
v 191.493958 -47.674271 -244.202179
v 191.503189 -48.040794 -240.377838
v 191.514755 -48.679497 -236.552277
v 191.538712 -49.160130 -232.750916
v 191.576324 -49.126106 -228.973877
v 191.623108 -48.970619 -225.205719
v 191.669220 -48.820446 -221.436920
v 191.706650 -48.416553 -217.659698
v 191.726532 -48.013374 -213.865509
v 191.728760 -47.561085 -210.050079
v 191.725021 -46.876797 -206.215271
v 191.717010 -46.077290 -202.361847
v 191.738068 -45.082310 -198.490616
v 191.775635 -43.960892 -194.614594
v 191.853378 -42.668732 -190.739258
v 191.943146 -41.429508 -186.887085
v 192.025742 -40.262005 -183.046600
v 192.099167 -39.299782 -179.205139
v 192.154709 -38.590832 -175.363190
v 192.208496 -38.138863 -171.521576
v 192.254410 -38.013939 -167.687180
v 192.277756 -38.107269 -163.869019
v 192.265717 -38.538166 -160.069687
v 192.218765 -38.968388 -156.287781
v 192.212433 -39.083813 -152.506134
v 192.244675 -39.202515 -148.718018
v 192.382156 -39.188393 -144.899292
v 192.644531 -38.983727 -141.060898
v 192.946365 -38.909801 -137.224319
v 193.267426 -38.902950 -133.395920
v 193.498032 -38.932178 -129.590393
v 193.637314 -38.883034 -125.797707
v 193.729431 -38.614693 -121.987053
v 193.835861 -38.322334 -118.122116
v 193.978012 -38.144508 -114.190186
v 194.183380 -38.094109 -110.200684
v 194.475967 -38.181892 -106.171852
v 194.849625 -38.464848 -102.138641
v 195.171143 -39.160004 -98.159782
v 195.431015 -40.225807 -94.228622
v 195.565292 -41.558781 -90.372620
v 195.615692 -42.918728 -86.608612
v 195.472641 -44.522736 -82.915489
v 195.105225 -46.154835 -79.278954
v 194.597137 -47.371655 -75.685699
v 194.086151 -47.685562 -72.074112
v 193.563202 -47.222969 -68.440506
v 193.074921 -46.204487 -64.758301
v 192.639709 -45.273014 -61.027649
v 192.330658 -44.828472 -57.233875
v 192.108917 -45.108292 -53.420158
v 191.915512 -45.721619 -49.611519
v 191.751526 -45.944260 -45.823822
v 191.704178 -45.116669 -42.061783
v 191.722870 -43.384060 -38.297329
v 191.833252 -41.115074 -34.484177
v 191.979935 -38.795662 -30.602798
v 192.113113 -37.140785 -26.672272
v 192.217865 -36.285210 -22.718346
v 192.286133 -36.171097 -18.773277
v 192.316071 -36.679989 -14.887619
v 192.332825 -37.671394 -11.100464
v 192.314896 -38.791214 -7.407600
v 192.254547 -39.581112 -3.761177
v 192.205795 -39.664616 -0.100967
v 192.240540 -39.112823 3.621368
v 192.422562 -38.007629 7.519730
v 192.823364 -36.188774 11.748161
v 193.276321 -34.228600 16.155449
v 193.633957 -32.936066 20.549706
v 193.852844 -32.823044 24.863861
v 193.881897 -34.167076 29.022148
v 193.611832 -37.480453 32.850380
v 192.922989 -43.000278 36.030144
v 192.104233 -48.634621 38.829018
v 191.638611 -51.685001 42.007805
v 191.520905 -52.682667 45.653053
v 191.519211 -52.853352 49.464149
v 187.631226 -46.630859 -251.887085
v 187.623047 -45.861568 -248.083252
v 187.628586 -45.668930 -244.263275
v 187.645935 -46.053471 -240.429413
v 187.669205 -46.720810 -236.589020
v 187.700165 -47.276222 -232.758606
v 187.740295 -47.521370 -228.957336
v 187.778793 -47.784775 -225.177689
v 187.816895 -47.939388 -221.399261
v 187.846725 -47.820377 -217.614716
v 187.861725 -47.791275 -213.815765
v 187.858307 -47.847958 -209.998993
v 187.837952 -47.774948 -206.165680
v 187.809128 -47.441074 -202.322510
v 187.787354 -46.819447 -198.476440
v 187.792221 -45.931805 -194.628113
v 187.836349 -44.846817 -190.783844
v 187.905899 -43.426079 -186.957321
v 187.966019 -41.911724 -183.132477
v 188.024460 -40.551014 -179.296814
v 188.075882 -39.421654 -175.456635
v 188.136826 -38.494823 -171.612930
v 188.205627 -37.945168 -167.771881
v 188.251999 -37.761703 -163.947540
v 188.274200 -37.865349 -160.140106
v 188.277786 -37.923405 -156.352386
v 188.306427 -37.832638 -152.574615
v 188.361740 -37.878948 -148.791626
v 188.535004 -37.760674 -144.998444
v 188.846664 -37.545300 -141.188950
v 189.194412 -37.434387 -137.369827
v 189.580307 -37.434261 -133.543915
v 189.868408 -37.669392 -129.718475
v 190.079102 -37.817863 -125.895569
v 190.179153 -37.725304 -122.069366
v 190.192062 -37.730927 -118.219627
v 190.274246 -37.538200 -114.328140
v 190.416138 -37.405640 -110.405190
v 190.666718 -37.306522 -106.457092
v 191.006256 -37.336639 -102.495346
v 191.335297 -37.727394 -98.544098
v 191.702271 -38.404549 -94.594208
v 192.095245 -39.257214 -90.681999
v 192.445602 -40.255394 -86.827591
v 192.581360 -41.626087 -83.022903
v 192.394135 -43.335991 -79.296234
v 191.933746 -44.947643 -75.643448
v 191.331451 -45.847675 -72.009354
v 190.669312 -46.056061 -68.362030
v 190.103882 -45.454266 -64.665977
v 189.623245 -44.608845 -60.926193
v 189.291382 -43.998524 -57.118267
v 189.049637 -43.981087 -53.290993
v 188.810760 -44.356960 -49.481930
v 188.524597 -44.597481 -45.713684
v 188.331329 -43.982151 -41.974960
v 188.190002 -42.686077 -38.234676
v 188.104355 -41.030830 -34.443382
v 188.076080 -39.240402 -30.584000
v 188.117279 -37.723148 -26.664696
v 188.190750 -36.766312 -22.728416
v 188.258514 -36.429440 -18.810669
v 188.311432 -36.572456 -14.946358
v 188.344955 -37.226719 -11.158638
v 188.341736 -38.134335 -7.439987
v 188.325638 -38.652946 -3.765015
v 188.345993 -38.399937 -0.094109
v 188.460388 -37.653488 3.639244
v 188.682220 -36.566772 7.516472
v 189.068008 -34.921837 11.668182
v 189.506210 -32.997780 16.004517
v 189.853622 -31.661133 20.346939
v 190.071335 -31.450686 24.651283
v 190.117874 -32.622574 28.853752
v 189.896118 -35.682636 32.798088
v 189.250626 -41.040691 36.121025
v 188.364395 -47.265926 38.903130
v 187.839600 -51.036812 42.024040
v 187.710068 -52.467178 45.656700
v 187.705750 -52.845161 49.464149
v 183.753418 -45.323689 -251.962830
v 183.742874 -44.335991 -248.161804
v 183.749283 -44.012543 -244.341919
v 183.768219 -44.122326 -240.509369
v 183.797653 -44.502575 -236.664642
v 183.832687 -44.973568 -232.813324
v 183.877213 -45.459755 -228.977081
v 183.917923 -45.931824 -225.167252
v 183.951477 -46.162140 -221.369751
v 183.979416 -46.301846 -217.567902
v 183.992630 -46.551682 -213.761902
v 183.989975 -46.884415 -209.945862
v 183.974213 -47.199745 -206.117126
v 183.948486 -47.443020 -202.283524
v 183.918793 -47.286755 -198.454041
v 183.898438 -46.864033 -194.631271
v 183.898788 -46.198906 -190.821609
v 183.909714 -45.068497 -187.020416
v 183.921417 -43.589245 -183.213745
v 183.944351 -42.206028 -179.392151
v 183.970016 -40.808144 -175.560547
v 184.027008 -39.506924 -171.718475
v 184.092880 -38.702324 -167.877808
v 184.139801 -38.220852 -164.053955
v 184.187912 -37.924881 -160.247238
v 184.244263 -37.685616 -156.466949
v 184.308167 -37.447273 -152.704346
v 184.412430 -37.263069 -148.938660
v 184.671371 -37.025814 -145.166183
v 185.037109 -36.818436 -141.375580
v 185.452896 -36.708908 -137.560150
v 185.933929 -36.654469 -133.732330
v 186.409973 -36.793381 -129.890396
v 186.760315 -36.880177 -126.037766
v 186.924896 -36.880875 -122.177917
v 186.918015 -37.009911 -118.307686
v 186.907990 -36.952667 -114.421509
v 186.925308 -36.836868 -110.544128
v 187.050247 -36.658463 -106.672295
v 187.286499 -36.541317 -102.806694
v 187.593613 -36.629768 -98.931534
v 188.018494 -36.900177 -95.059464
v 188.517303 -37.391861 -91.169273
v 189.048096 -38.045872 -87.259842
v 189.427917 -39.092457 -83.353264
v 189.504105 -40.529251 -79.503479
v 189.272049 -42.031792 -75.730141
v 188.733063 -43.226593 -72.012779
v 188.025696 -43.889282 -68.289886
v 187.336914 -43.934856 -64.533081
v 186.800339 -43.426018 -60.743870
v 186.466232 -42.790585 -56.909248
v 186.211075 -42.553535 -53.078136
v 185.971985 -42.577030 -49.279930
v 185.658340 -42.527641 -45.533875
v 185.326599 -42.113815 -41.827724
v 185.025986 -41.172928 -38.130993
v 184.733917 -40.004204 -34.386902
v 184.512268 -38.816994 -30.567314
v 184.366867 -37.748573 -26.681847
v 184.324036 -36.991592 -22.767067
v 184.367630 -36.522068 -18.869736
v 184.420837 -36.456718 -15.017647
v 184.445602 -36.876354 -11.216377
v 184.468079 -37.393974 -7.473198
v 184.506790 -37.428379 -3.773308
v 184.599350 -36.748329 -0.081284
v 184.758545 -35.802135 3.651993
v 184.990082 -34.713882 7.491768
v 185.322754 -33.279827 11.528603
v 185.687347 -31.583702 15.752319
v 185.979782 -30.441780 20.033302
v 186.173737 -30.281759 24.320328
v 186.221436 -31.411600 28.563622
v 186.037628 -34.324749 32.600685
v 185.451813 -39.588356 36.068321
v 184.583603 -46.012634 38.929970
v 184.040482 -50.343510 42.045708
v 183.899002 -52.239697 45.660286
v 183.892288 -52.830685 49.464149
v 179.874451 -44.599060 -252.039948
v 179.858582 -43.469200 -248.246918
v 179.860367 -42.852005 -244.436951
v 179.880585 -42.604050 -240.606689
v 179.915680 -42.679501 -236.758057
v 179.959473 -43.058491 -232.896698
v 180.004593 -43.491753 -229.031876
v 180.047943 -43.852390 -225.185257
v 180.077576 -44.069664 -221.363464
v 180.104324 -44.362213 -217.541168
v 180.122452 -44.730701 -213.716827
v 180.124847 -45.125599 -209.895813
v 180.115158 -45.649460 -206.073120
v 180.098892 -46.139828 -202.250336
v 180.081528 -46.375942 -198.434174
v 180.071167 -46.372849 -194.628021
v 180.052750 -46.190212 -190.835800
v 180.019928 -45.540131 -187.049850
v 179.988953 -44.492367 -183.258484
v 179.955338 -43.409637 -179.457458
v 179.937317 -42.151463 -175.646149
v 179.956253 -40.911606 -171.820129
v 179.998474 -39.980427 -167.987854
v 180.046738 -39.241589 -164.170593
v 180.112808 -38.625500 -160.373840
v 180.195404 -38.127495 -156.612000
v 180.291885 -37.743816 -152.863785
v 180.459106 -37.377380 -149.117706
v 180.768875 -37.093452 -145.363220
v 181.186142 -36.850502 -141.582886
v 181.685654 -36.697567 -137.766663
v 182.344162 -36.544868 -133.925613
v 182.976944 -36.490669 -130.061600
v 183.489395 -36.363129 -126.177483
v 183.820023 -36.280861 -122.265709
v 183.934143 -36.272820 -118.339638
v 183.936493 -36.223061 -114.421257
v 183.860718 -36.138802 -110.559265
v 183.811981 -35.962074 -106.744736
v 183.869690 -35.784424 -102.987320
v 184.082291 -35.684143 -99.242432
v 184.473434 -35.639046 -95.485382
v 184.922073 -35.884109 -91.665100
v 185.483978 -36.274155 -87.760399
v 186.011856 -36.954189 -83.797966
v 186.318573 -37.947548 -79.839668
v 186.365997 -39.065109 -75.913849
v 186.054901 -40.212959 -72.044815
v 185.533127 -40.885220 -68.177582
v 184.872284 -41.368973 -64.295517
v 184.336960 -41.225029 -60.402496
v 183.977570 -40.783096 -56.516949
v 183.685379 -40.510086 -52.699730
v 183.370163 -40.380081 -48.960815
v 182.967407 -40.173737 -45.275986
v 182.560745 -39.706604 -41.626854
v 182.132736 -38.986126 -37.986862
v 181.659042 -38.236977 -34.300026
v 181.239182 -37.546280 -30.547585
v 180.894043 -37.016594 -26.724571
v 180.701904 -36.570557 -22.845490
v 180.622665 -36.331711 -18.966080
v 180.634125 -36.232903 -15.113136
v 180.672577 -36.361893 -11.298721
v 180.731064 -36.431053 -7.527222
v 180.819977 -35.991920 -3.794777
v 180.945755 -35.049561 -0.082596
v 181.122147 -33.905239 3.638702
v 181.360565 -32.678253 7.435852
v 181.631775 -31.323664 11.357079
v 181.879486 -29.945950 15.439247
v 182.068298 -29.110992 19.623817
v 182.197556 -29.173916 23.884705
v 182.229431 -30.404003 28.158089
v 182.070068 -33.351433 32.287773
v 181.537659 -38.619213 35.895409
v 180.734512 -45.145325 38.883537
v 180.225052 -49.811096 42.049767
v 180.085373 -52.086849 45.660393
v 180.078827 -52.829533 49.464149
v 176.003860 -44.628330 -252.107941
v 175.977081 -43.267838 -248.332092
v 175.975464 -42.326771 -244.530182
v 175.997650 -41.786812 -240.701019
v 176.037567 -41.646126 -236.849304
v 176.088486 -41.835648 -232.980988
v 176.143173 -41.963577 -229.103333
v 176.189178 -42.202709 -225.230927
v 176.216339 -42.372746 -221.381317
v 176.240097 -42.538876 -217.539215
v 176.261078 -42.804081 -213.697845
v 176.271683 -43.159081 -209.864716
v 176.269058 -43.722309 -206.045807
v 176.262924 -44.211174 -202.232788
v 176.258011 -44.542549 -198.427979
v 176.254105 -44.782578 -194.626694
v 176.235947 -44.855080 -190.835724
v 176.200668 -44.749199 -187.052948
v 176.156647 -44.410271 -183.268082
v 176.100861 -43.811096 -179.488495
v 176.051117 -42.944084 -175.703308
v 176.029358 -42.072815 -171.898560
v 176.027634 -41.298817 -168.084778
v 176.065079 -40.549255 -164.283447
v 176.140594 -39.870308 -160.513412
v 176.261520 -39.150589 -156.776291
v 176.390976 -38.558472 -153.038437
v 176.575653 -38.105183 -149.302216
v 176.889343 -37.870655 -145.553314
v 177.299408 -37.671890 -141.771332
v 177.902573 -37.397827 -137.948547
v 178.713104 -37.022163 -134.090958
v 179.495132 -36.625954 -130.203812
v 180.224136 -36.213089 -126.276711
v 180.755112 -35.837284 -122.313324
v 181.003830 -35.644642 -118.332275
v 181.066864 -35.542038 -114.368309
v 180.984833 -35.377815 -110.485474
v 180.869888 -35.130127 -106.700676
v 180.791306 -34.873089 -103.021362
v 180.848724 -34.661621 -99.407761
v 181.054367 -34.518967 -95.777969
v 181.360992 -34.611820 -92.049133
v 181.844147 -34.767921 -88.198326
v 182.464813 -34.977310 -84.239029
v 182.935745 -35.479713 -80.213760
v 183.206970 -36.159546 -76.141708
v 183.205902 -37.005608 -72.068031
v 182.948074 -37.588863 -68.000046
v 182.498749 -38.166382 -63.926586
v 182.080872 -38.280491 -59.886509
v 181.738907 -38.104664 -55.935829
v 181.465546 -37.838558 -52.103268
v 181.063751 -37.716412 -48.417839
v 180.523361 -37.472397 -44.832661
v 179.977142 -37.026947 -41.296928
v 179.397491 -36.532131 -37.748348
v 178.762863 -36.070068 -34.151268
v 178.164597 -35.774231 -30.479866
v 177.632156 -35.725807 -26.738045
v 177.261063 -35.712769 -22.925041
v 177.039993 -35.790417 -19.084641
v 176.973251 -35.810860 -15.250267
v 176.999435 -35.825695 -11.430725
v 177.103149 -35.460148 -7.634491
v 177.242630 -34.636078 -3.863747
v 177.402664 -33.433372 -0.121017
v 177.582825 -32.125156 3.608253
v 177.799072 -30.754768 7.369652
v 178.009247 -29.415546 11.205826
v 178.139755 -28.256012 15.153145
v 178.198074 -27.702269 19.213257
v 178.221680 -28.033995 23.392197
v 178.197067 -29.496454 27.667824
v 178.030029 -32.597912 31.875328
v 177.537598 -37.994965 35.625832
v 176.827362 -44.586842 38.764793
v 176.383774 -49.555206 42.016457
v 176.268997 -52.064613 45.656227
v 176.265366 -52.836449 49.464149
v 172.152664 -45.368435 -252.154633
v 172.114410 -43.737469 -248.395966
v 172.108719 -42.540005 -244.602325
v 172.130844 -41.775322 -240.776093
v 172.171722 -41.398140 -236.924927
v 172.226562 -41.283699 -233.053040
v 172.288727 -41.199837 -229.166992
v 172.344315 -41.266174 -225.282562
v 172.377960 -41.258190 -221.418579
v 172.402710 -41.234276 -217.562653
v 172.425278 -41.329292 -213.709869
v 172.438492 -41.518532 -209.871460
v 172.438965 -41.730965 -206.051819
v 172.430283 -41.916664 -202.240295
v 172.423141 -42.185661 -198.429977
v 172.421936 -42.555721 -194.621887
v 172.413956 -42.892231 -190.821472
v 172.385864 -43.207932 -187.028625
v 172.363358 -43.365730 -183.253876
v 172.335068 -43.307182 -179.501129
v 172.298065 -42.989338 -175.741882
v 172.258911 -42.658417 -171.952759
v 172.239075 -42.284309 -168.160187
v 172.289337 -41.813190 -164.395279
v 172.406219 -41.211094 -160.670502
v 172.548630 -40.441933 -156.959808
v 172.673187 -39.809681 -153.232239
v 172.827866 -39.398006 -149.487488
v 173.075241 -39.241348 -145.712769
v 173.418777 -39.112904 -141.903427
v 174.061737 -38.687649 -138.069458
v 174.944229 -38.025032 -134.191803
v 175.889206 -37.148026 -130.286057
v 176.833878 -36.218376 -126.325798
v 177.546707 -35.463074 -122.324753
v 177.946060 -35.010704 -118.291290
v 178.106934 -34.753441 -114.279312
v 178.067154 -34.525261 -110.371178
v 177.936020 -34.250252 -106.603195
v 177.777344 -33.956261 -102.971001
v 177.721771 -33.662739 -99.428108
v 177.751373 -33.476311 -95.889214
v 177.880890 -33.463234 -92.271950
v 178.283630 -33.281631 -88.512787
v 178.866348 -33.112701 -84.601341
v 179.394989 -33.162346 -80.531754
v 179.878738 -33.294762 -76.330643
v 180.125778 -33.695724 -72.065880
v 180.158539 -34.185997 -67.773376
v 179.971603 -34.785774 -63.480450
v 179.734177 -35.141205 -59.281582
v 179.519531 -35.167732 -55.230522
v 179.281616 -35.028351 -51.363674
v 178.884201 -34.941452 -47.693970
v 178.276138 -34.733139 -44.183941
v 177.613571 -34.381996 -40.748150
v 176.868607 -34.046013 -37.313076
v 176.062439 -33.820473 -33.828224
v 175.294861 -33.840775 -30.262695
v 174.576752 -34.136906 -26.639084
v 174.013168 -34.541573 -22.938492
v 173.642380 -34.958916 -19.181793
v 173.480652 -35.221886 -15.386955
v 173.472656 -35.249466 -11.575089
v 173.592758 -34.671555 -7.760086
v 173.772552 -33.602501 -3.954109
v 173.971283 -32.128666 -0.171425
v 174.173370 -30.587591 3.586670
v 174.370728 -29.067013 7.340408
v 174.500473 -27.728022 11.125511
v 174.515305 -26.699432 14.979622
v 174.444046 -26.362694 18.923065
v 174.343658 -26.955200 22.988731
v 174.213043 -28.700407 27.193031
v 173.978607 -32.083237 31.419304
v 173.498444 -37.561771 35.278130
v 172.892685 -44.054695 38.598473
v 172.534119 -49.259808 41.965736
v 172.452820 -52.072437 45.652107
v 172.451904 -52.837444 49.464149
v 168.337555 -46.795166 -252.158478
v 168.289276 -45.043056 -248.414001
v 168.271286 -43.561432 -244.635559
v 168.281876 -42.451363 -240.822174
v 168.316299 -41.724979 -236.978668
v 168.370010 -41.273689 -233.109009
v 168.432175 -41.075108 -229.222473
v 168.492676 -40.974781 -225.331528
v 168.536591 -40.827377 -221.456207
v 168.567383 -40.598186 -217.593323
v 168.589478 -40.444332 -213.740952
v 168.598938 -40.321781 -209.903870
v 168.592072 -40.078827 -206.080475
v 168.575546 -39.879997 -202.267136
v 168.565689 -39.847076 -198.449203
v 168.558350 -40.040825 -194.618713
v 168.545654 -40.463310 -190.771957
v 168.529617 -41.029118 -186.945160
v 168.533783 -41.505760 -183.158844
v 168.542175 -41.834618 -179.417053
v 168.552109 -42.055241 -175.696716
v 168.568909 -42.337551 -171.970291
v 168.612717 -42.609264 -168.243530
v 168.718719 -42.596832 -164.522079
v 168.874359 -42.323997 -160.830215
v 169.023376 -41.840252 -157.140793
v 169.114075 -41.415924 -153.414948
v 169.175552 -41.182644 -149.639847
v 169.306717 -40.964695 -145.817810
v 169.547958 -40.828964 -141.955200
v 170.121826 -40.269409 -138.080185
v 171.035370 -39.138741 -134.200668
v 172.092712 -37.709862 -130.294769
v 173.200424 -36.153732 -126.325851
v 174.088287 -34.860168 -122.292114
v 174.672043 -34.090515 -118.204765
v 174.943375 -33.644138 -114.146782
v 174.945114 -33.447823 -110.221245
v 174.823044 -33.272175 -106.464325
v 174.629303 -33.047173 -102.866943
v 174.477448 -32.801216 -99.375015
v 174.390030 -32.580772 -95.904877
v 174.422791 -32.366600 -92.376488
v 174.762299 -31.867641 -88.688950
v 175.213333 -31.421537 -84.823608
v 175.784180 -30.974575 -80.717896
v 176.379211 -30.502655 -76.438873
v 176.807297 -30.435976 -72.025787
v 177.071732 -30.712410 -67.547089
v 177.112579 -31.271793 -63.058285
v 177.079407 -31.812483 -58.694904
v 177.011673 -32.175407 -54.528442
v 176.857285 -32.331398 -50.616360
v 176.547302 -32.415039 -46.944046
v 176.006638 -32.297764 -43.459732
v 175.316177 -32.095772 -40.077385
v 174.495056 -31.934731 -36.716240
v 173.586838 -31.897209 -33.318253
v 172.687317 -32.072491 -29.852554
v 171.812317 -32.531021 -26.347008
v 171.084442 -33.160271 -22.779320
v 170.512970 -33.910233 -19.164856
v 170.209198 -34.463951 -15.473640
v 170.139984 -34.632103 -11.701958
v 170.246048 -34.053688 -7.876686
v 170.449539 -32.873672 -4.029572
v 170.698044 -31.196531 -0.194344
v 170.927322 -29.387436 3.607895
v 171.104660 -27.694921 7.386642
v 171.155960 -26.332829 11.169479
v 171.049988 -25.435163 14.984497
v 170.839813 -25.289314 18.854141
v 170.594467 -26.117805 22.811081
v 170.335556 -28.127232 26.892845
v 169.993820 -31.748671 31.030006
v 169.489059 -37.292385 34.926506
v 168.950974 -43.623581 38.412727
v 168.690628 -48.712547 41.918098
v 168.639679 -51.748474 45.652077
v 168.638504 -52.755760 49.464211
v 164.563126 -48.693363 -252.112732
v 164.506470 -46.940784 -248.376556
v 164.468155 -45.179928 -244.619019
v 164.460358 -43.746010 -240.825348
v 164.480331 -42.659706 -236.997803
v 164.514130 -41.871483 -233.147705
v 164.561737 -41.409088 -229.274933
v 164.619003 -41.065346 -225.386902
v 164.666168 -40.741913 -221.509583
v 164.704437 -40.439594 -217.642792
v 164.728745 -40.016113 -213.790894
v 164.735748 -39.528183 -209.953201
v 164.720581 -38.866978 -206.130371
v 164.700912 -38.231300 -202.315338
v 164.685760 -37.846844 -198.478256
v 164.647339 -37.681187 -194.597015
v 164.608841 -37.894310 -190.698303
v 164.586548 -38.266861 -186.816299
v 164.608582 -38.849770 -182.996826
v 164.672241 -39.627327 -179.244553
v 164.754013 -40.432873 -175.561447
v 164.869644 -41.293667 -171.915314
v 165.064621 -42.080399 -168.315659
v 165.285324 -42.680786 -164.692780
v 165.469055 -42.947517 -161.018967
v 165.592438 -42.952103 -157.308350
v 165.639191 -42.784477 -153.559433
v 165.596558 -42.676353 -149.731628
v 165.554672 -42.537415 -145.834702
v 165.646942 -42.258682 -141.902954
v 166.088165 -41.462711 -137.983139
v 166.964447 -39.930893 -134.109787
v 168.062927 -38.004440 -130.224609
v 169.278793 -35.766853 -126.252518
v 170.307617 -33.957516 -122.186638
v 171.039093 -32.851494 -118.062477
v 171.439560 -32.221367 -113.971344
v 171.546921 -31.984171 -110.007164
v 171.480850 -31.931715 -106.247330
v 171.293594 -31.932892 -102.679817
v 171.056824 -31.915527 -99.234856
v 170.829605 -31.873285 -95.839752
v 170.735489 -31.584980 -92.395477
v 170.972198 -30.770851 -88.776390
v 171.385315 -29.922565 -84.944107
v 172.022110 -28.884882 -80.824669
v 172.667755 -27.998911 -76.490303
v 173.213150 -27.509140 -71.961143
v 173.600800 -27.433426 -67.363800
v 173.812042 -27.843662 -62.762032
v 173.933090 -28.482492 -58.246101
v 173.997452 -29.167982 -53.972420
v 174.005630 -29.677816 -49.992104
v 173.882416 -30.011400 -46.278152
v 173.497726 -30.150032 -42.778606
v 172.913620 -30.123892 -39.391594
v 172.141113 -30.132191 -36.049828
v 171.256866 -30.290308 -32.689323
v 170.316895 -30.610518 -29.291458
v 169.403854 -31.129280 -25.862328
v 168.567291 -31.821939 -22.418182
v 167.831558 -32.704834 -18.960022
v 167.334808 -33.482361 -15.421150
v 167.071640 -33.925049 -11.756287
v 167.098923 -33.515625 -7.953285
v 167.305283 -32.319714 -4.064835
v 167.593628 -30.535137 -0.163597
v 167.865784 -28.495291 3.704391
v 168.011002 -26.653965 7.537910
v 167.961197 -25.280996 11.364616
v 167.741241 -24.489063 15.204437
v 167.406281 -24.518988 19.062073
v 167.003143 -25.573797 22.954002
v 166.585083 -27.804363 26.897743
v 166.121567 -31.533241 30.872063
v 165.551239 -37.120483 34.701805
v 165.036407 -43.331367 38.265892
v 164.858841 -48.082130 41.884834
v 164.828156 -51.211342 45.654350
v 164.825272 -52.513836 49.464516
v 160.811371 -50.262123 -252.038483
v 160.751770 -48.667252 -248.301147
v 160.700165 -46.839314 -244.555023
v 160.676117 -45.198494 -240.780090
v 160.671997 -43.833752 -236.982269
v 160.684174 -42.852249 -233.160248
v 160.714691 -42.160347 -229.309570
v 160.755005 -41.508400 -225.437653
v 160.786728 -40.938408 -221.574005
v 160.811066 -40.450081 -217.716385
v 160.820694 -39.758694 -213.872070
v 160.815109 -38.909428 -210.038925
v 160.787903 -37.866451 -206.219345
v 160.741211 -36.790733 -202.401352
v 160.682144 -35.890877 -198.517303
v 160.626328 -35.356876 -194.587616
v 160.559937 -35.202080 -190.625107
v 160.539337 -35.425884 -186.694321
v 160.587601 -36.115578 -182.839417
v 160.719177 -37.202991 -179.086899
v 160.909821 -38.530502 -175.436356
v 161.170135 -39.970375 -171.876587
v 161.501053 -41.315510 -168.361969
v 161.830673 -42.449188 -164.828415
v 162.073044 -43.067902 -161.199188
v 162.179901 -43.173889 -157.469894
v 162.162491 -43.139637 -153.664017
v 162.032852 -43.026855 -149.778412
v 161.826462 -42.884544 -145.805069
v 161.765152 -42.486473 -141.791855
v 162.019928 -41.611053 -137.823120
v 162.813431 -39.746246 -133.956085
v 163.895432 -37.341507 -130.092575
v 165.148254 -34.775780 -126.118690
v 166.245789 -32.674839 -122.028816
v 167.069870 -31.245108 -117.861320
v 167.593521 -30.404158 -113.699745
v 167.825928 -30.181934 -109.672569
v 167.858490 -30.254017 -105.900230
v 167.729080 -30.434156 -102.352524
v 167.445312 -30.718220 -98.958237
v 167.074936 -30.896275 -95.641808
v 166.804718 -30.618557 -92.294937
v 166.824615 -29.773363 -88.775520
v 167.127670 -28.635611 -85.017937
v 167.711578 -27.220140 -80.952942
v 168.411880 -25.989929 -76.592766
v 169.109070 -25.076746 -71.974747
v 169.632492 -24.693748 -67.288849
v 169.989655 -24.884590 -62.607864
v 170.249130 -25.477711 -58.016281
v 170.475449 -26.205828 -53.674648
v 170.696243 -26.928740 -49.584949
v 170.782944 -27.529785 -45.775024
v 170.676163 -27.985323 -42.191505
v 170.287720 -28.249653 -38.763519
v 169.695267 -28.457172 -35.388489
v 168.935425 -28.811111 -32.020599
v 168.083221 -29.269632 -28.645248
v 167.215866 -29.838444 -25.263588
v 166.356232 -30.548326 -21.910324
v 165.553192 -31.452333 -18.584137
v 164.909805 -32.341583 -15.199661
v 164.455154 -32.967064 -11.671425
v 164.267212 -32.805496 -7.944733
v 164.335709 -31.808966 -4.040535
v 164.614578 -30.009817 -0.063812
v 164.926849 -27.806469 3.899368
v 165.066544 -25.862797 7.836014
v 164.916046 -24.507372 11.745125
v 164.543625 -23.838488 15.640961
v 164.064178 -24.039150 19.538109
v 163.517532 -25.267733 23.434166
v 162.950378 -27.654167 27.292641
v 162.342255 -31.510633 31.099648
v 161.699844 -36.951118 34.775169
v 161.205093 -42.856880 38.291847
v 161.045624 -47.544590 41.880928
v 161.017487 -50.758163 45.657951
v 161.012146 -52.246918 49.464928
v 157.060211 -50.747692 -251.962616
v 157.005798 -49.381977 -248.214630
v 156.958618 -47.819889 -244.465302
v 156.934540 -46.180729 -240.704041
v 156.922806 -44.751984 -236.931274
v 156.926010 -43.660629 -233.135864
v 156.939590 -42.919006 -229.312378
v 156.952637 -42.053505 -225.474976
v 156.945801 -41.234940 -221.641205
v 156.923630 -40.461876 -217.806900
v 156.893982 -39.425278 -213.980713
v 156.829803 -38.224968 -210.169830
v 156.745636 -36.802387 -206.357529
v 156.644745 -35.383606 -202.515976
v 156.562027 -34.183594 -198.590851
v 156.497116 -33.378834 -194.603714
v 156.426895 -32.986725 -190.579437
v 156.417847 -33.077465 -186.607727
v 156.496201 -33.805386 -182.726440
v 156.695618 -35.069809 -178.986725
v 157.000793 -36.795063 -175.368423
v 157.394058 -38.730587 -171.851440
v 157.838333 -40.597569 -168.383255
v 158.247849 -42.146591 -164.891998
v 158.539505 -43.015694 -161.295990
v 158.673035 -43.094185 -157.581757
v 158.623535 -42.693211 -153.740112
v 158.413559 -42.216381 -149.795319
v 158.116287 -41.741264 -145.770386
v 157.972198 -41.165096 -141.705826
v 158.154251 -40.018211 -137.709290
v 158.797043 -38.008308 -133.834427
v 159.751099 -35.637711 -129.944550
v 160.921692 -32.996250 -125.955162
v 162.013535 -30.767281 -121.817184
v 162.889084 -29.203312 -117.563034
v 163.467377 -28.387091 -113.297829
v 163.774765 -28.161728 -109.202919
v 163.906860 -28.256424 -105.406029
v 163.809769 -28.593157 -101.871582
v 163.518860 -29.005590 -98.535332
v 163.125244 -29.177553 -95.312653
v 162.739151 -28.944136 -92.051437
v 162.487976 -28.343594 -88.647964
v 162.494263 -27.256149 -85.028244
v 162.839233 -25.802406 -81.071609
v 163.437576 -24.457668 -76.771774
v 164.185715 -23.287037 -72.171997
v 164.919769 -22.581507 -67.412903
v 165.519974 -22.517950 -62.665874
v 166.054962 -22.899445 -58.026894
v 166.568863 -23.412621 -53.637245
v 167.020996 -24.134993 -49.453876
v 167.339630 -24.880005 -45.517998
v 167.466492 -25.576548 -41.818089
v 167.346237 -26.172558 -38.287106
v 167.001923 -26.659307 -34.827347
v 166.467957 -27.218504 -31.398277
v 165.773193 -27.860905 -28.001335
v 165.034714 -28.525465 -24.638153
v 164.278137 -29.249674 -21.349655
v 163.494812 -30.101397 -18.126419
v 162.770370 -31.022511 -14.867393
v 162.188446 -31.725412 -11.458458
v 161.803802 -31.812660 -7.817871
v 161.653320 -31.084391 -3.928123
v 161.769257 -29.463818 0.130348
v 162.047058 -27.196634 4.227470
v 162.189575 -25.204538 8.304939
v 161.952713 -23.918041 12.348618
v 161.423706 -23.426067 16.342262
v 160.761566 -23.813501 20.299919
v 160.032593 -25.207426 24.203690
v 159.314774 -27.751169 28.049294
v 158.608368 -31.559763 31.778862
v 157.954041 -36.462456 35.327782
v 157.480423 -41.871197 38.672020
v 157.272003 -46.884884 42.004051
v 157.208694 -50.501331 45.665764
v 157.198898 -52.095615 49.465233
v 153.305969 -50.594612 -251.890747
v 153.263916 -49.304691 -248.127838
v 153.237274 -47.857567 -244.369965
v 153.225784 -46.359528 -240.613037
v 153.221375 -44.993256 -236.854462
v 153.225876 -43.972221 -233.080048
v 153.242310 -43.215538 -229.284668
v 153.239944 -42.347031 -225.486267
v 153.193680 -41.424896 -221.685852
v 153.109787 -40.432526 -217.884689
v 152.989609 -39.144409 -214.095551
v 152.827789 -37.644634 -210.316101
v 152.655624 -35.872513 -206.513290
v 152.495850 -34.260818 -202.654037
v 152.353088 -32.896065 -198.701523
v 152.268097 -31.925745 -194.659317
v 152.228027 -31.443521 -190.586578
v 152.245285 -31.518360 -186.593094
v 152.362488 -32.309845 -182.700348
v 152.627548 -33.663860 -178.963867
v 153.005814 -35.528019 -175.347488
v 153.485718 -37.833969 -171.835098
v 154.016891 -40.071884 -168.378586
v 154.478516 -41.961712 -164.883667
v 154.810410 -42.808392 -161.300949
v 154.969208 -42.802498 -157.591339
v 154.914978 -41.921120 -153.746979
v 154.702759 -40.775082 -149.808533
v 154.399963 -39.885948 -145.782730
v 154.278580 -38.759834 -141.703766
v 154.465454 -37.138378 -137.700836
v 155.021545 -35.016674 -133.800735
v 155.821411 -32.687668 -129.847961
v 156.773865 -30.433075 -125.781586
v 157.661835 -28.596210 -121.571350
v 158.494797 -27.108995 -117.211159
v 159.102814 -26.274952 -112.866089
v 159.485962 -25.945724 -108.705986
v 159.645218 -26.031555 -104.849091
v 159.577301 -26.458412 -101.304688
v 159.321274 -26.869505 -98.022598
v 158.966934 -27.011724 -94.866310
v 158.519333 -26.880827 -91.698669
v 158.109467 -26.384495 -88.419548
v 157.831360 -25.590784 -84.927643
v 157.882538 -24.445316 -81.102142
v 158.129028 -23.183191 -76.936432
v 158.598312 -22.115995 -72.471519
v 159.288376 -21.336128 -67.779175
v 160.115707 -20.890312 -63.074944
v 161.119141 -20.691948 -58.444866
v 162.122208 -20.868475 -53.966858
v 162.992813 -21.321753 -49.683121
v 163.632874 -21.998440 -45.621555
v 164.004135 -22.853134 -41.780735
v 164.123871 -23.710423 -38.086975
v 164.020157 -24.460592 -34.478561
v 163.728348 -25.261625 -30.923340
v 163.238495 -26.171598 -27.440071
v 162.681961 -27.002197 -24.062729
v 162.085037 -27.777348 -20.800491
v 161.398331 -28.595226 -17.642838
v 160.666519 -29.475969 -14.486618
v 160.017090 -30.209364 -11.184540
v 159.478226 -30.551146 -7.623566
v 159.150726 -30.065489 -3.738792
v 159.085571 -28.701830 0.413216
v 159.231720 -26.521446 4.695724
v 159.289124 -24.572186 8.978928
v 158.969437 -23.415438 13.203773
v 158.289917 -23.168365 17.335297
v 157.444656 -23.816959 21.355431
v 156.520828 -25.430582 25.278328
v 155.636444 -27.995245 29.097069
v 154.895523 -31.323988 32.811150
v 154.285873 -35.392437 36.337273
v 153.848648 -40.114426 39.548027
v 153.553772 -45.569534 42.502357
v 153.411682 -49.997696 45.750313
v 153.385986 -51.978363 49.467094
v 149.541382 -50.140732 -251.835083
v 149.523621 -48.799011 -248.058228
v 149.519196 -47.414055 -244.291260
v 149.529480 -46.039948 -240.529388
v 149.544968 -44.741005 -236.770721
v 149.572769 -43.695255 -233.006256
v 149.597458 -42.896416 -229.236664
v 149.593475 -42.111900 -225.462189
v 149.531113 -41.197018 -221.688980
v 149.410629 -40.190659 -217.919006
v 149.205978 -38.906494 -214.167053
v 148.931778 -37.333649 -210.423431
v 148.641541 -35.441643 -206.637604
v 148.380249 -33.640266 -202.778381
v 148.155243 -32.216877 -198.821838
v 148.022873 -31.223078 -194.775909
v 147.992310 -30.690153 -190.703918
v 148.049240 -30.822565 -186.697723
v 148.210464 -31.683092 -182.799530
v 148.530670 -33.167969 -179.040253
v 148.957016 -35.214138 -175.392212
v 149.482300 -37.695114 -171.835892
v 150.039856 -40.105904 -168.331055
v 150.513794 -41.898033 -164.804825
v 150.862595 -42.479828 -161.219864
v 151.111099 -41.759453 -157.583481
v 151.177841 -40.054485 -153.836151
v 151.058319 -38.448761 -149.965302
v 150.849792 -37.032784 -145.998169
v 150.859299 -35.051453 -142.013275
v 151.071106 -32.935093 -138.060364
v 151.446503 -30.863144 -134.036560
v 151.999252 -28.910643 -129.946884
v 152.610214 -27.417938 -125.704422
v 153.229019 -26.280060 -121.337738
v 153.895737 -25.201809 -116.902100
v 154.474487 -24.416794 -112.497047
v 154.890091 -24.059752 -108.293350
v 155.140701 -24.068312 -104.399658
v 155.175552 -24.381117 -100.833977
v 155.000046 -24.654184 -97.552277
v 154.671280 -24.818045 -94.405304
v 154.224731 -24.702227 -91.301743
v 153.736526 -24.333117 -88.098015
v 153.305161 -23.841070 -84.687630
v 153.063782 -22.997871 -80.966614
v 152.988525 -22.065247 -76.942535
v 153.110764 -21.228403 -72.660461
v 153.501190 -20.571594 -68.212311
v 154.285385 -19.999779 -63.728996
v 155.390015 -19.441166 -59.283985
v 156.759628 -19.084373 -54.835670
v 158.211868 -19.005764 -50.454830
v 159.390793 -19.347794 -46.228184
v 160.173172 -20.031490 -42.190266
v 160.606171 -20.943052 -38.278191
v 160.761414 -21.879118 -34.448631
v 160.671997 -22.884077 -30.701477
v 160.407501 -24.012234 -27.045074
v 160.066040 -25.055202 -23.561485
v 159.614517 -25.978914 -20.280464
v 159.065491 -26.782434 -17.151573
v 158.397369 -27.579512 -14.066429
v 157.697464 -28.326504 -10.861397
v 157.039139 -28.873522 -7.382454
v 156.565613 -28.705778 -3.499908
v 156.371292 -27.596746 0.755821
v 156.399368 -25.622662 5.272659
v 156.320770 -23.836876 9.848213
v 155.865219 -22.928284 14.301353
v 155.049591 -22.999861 18.573410
v 154.035690 -23.986774 22.649559
v 152.948410 -25.783541 26.573425
v 151.959167 -28.084063 30.350136
v 151.205078 -30.753019 34.006203
v 150.634918 -34.000187 37.467751
v 150.216599 -38.266041 40.600060
v 149.861328 -43.861881 43.294746
v 149.641022 -48.994358 46.091957
v 149.578049 -51.572365 49.520119
v 145.756912 -49.566402 -251.843048
v 145.764130 -48.205563 -248.060699
v 145.782013 -46.848282 -244.281982
v 145.813721 -45.535603 -240.510986
v 145.855103 -44.154129 -236.749634
v 145.902313 -43.057846 -232.979248
v 145.949570 -42.227001 -229.194427
v 145.969925 -41.427788 -225.419037
v 145.914490 -40.484283 -221.661789
v 145.771500 -39.465637 -217.918518
v 145.517853 -38.309708 -214.190979
v 145.191071 -36.915573 -210.456100
v 144.830460 -35.357155 -206.668045
v 144.452408 -33.770203 -202.818802
v 144.127792 -32.423557 -198.907745
v 143.913422 -31.441721 -194.928345
v 143.825424 -30.990259 -190.898209
v 143.877151 -31.226517 -186.901962
v 144.068069 -32.159386 -182.992828
v 144.432022 -33.777824 -179.198212
v 144.894348 -36.021847 -175.495407
v 145.448486 -38.422523 -171.863251
v 145.981018 -40.705101 -168.253677
v 146.436417 -42.085812 -164.661438
v 146.862183 -41.643341 -161.135162
v 147.218506 -39.806431 -157.616974
v 147.389420 -37.583252 -153.960953
v 147.428360 -35.505211 -150.211472
v 147.514877 -32.991211 -146.436005
v 147.738388 -30.204844 -142.617050
v 147.960663 -27.642189 -138.664886
v 148.140533 -25.316498 -134.502319
v 148.314499 -23.842621 -130.214355
v 148.478485 -23.157778 -125.782524
v 148.719406 -22.989979 -121.212563
v 149.089966 -22.870558 -116.630417
v 149.569855 -22.792404 -112.203125
v 150.012817 -22.692348 -107.999580
v 150.376938 -22.705307 -104.109848
v 150.544632 -22.887457 -100.517433
v 150.498978 -23.038408 -97.197861
v 150.275742 -23.074148 -94.015511
v 149.883942 -22.800936 -90.876762
v 149.430496 -22.429359 -87.656883
v 148.973618 -22.074871 -84.265335
v 148.579880 -21.454067 -80.603889
v 148.296066 -20.801811 -76.720688
v 148.222595 -20.154316 -72.660065
v 148.403290 -19.763794 -68.487534
v 148.926758 -19.359364 -64.303284
v 149.786377 -18.879105 -60.154617
v 151.042130 -18.433598 -55.945995
v 152.686447 -17.868729 -51.665348
v 154.302338 -17.576996 -47.378494
v 155.591721 -17.693047 -43.148956
v 156.466125 -18.197163 -38.996159
v 156.974777 -19.031773 -34.883064
v 157.185074 -20.121521 -30.823471
v 157.184418 -21.412958 -26.891273
v 157.045303 -22.675232 -23.190865
v 156.772217 -23.698750 -19.801872
v 156.368561 -24.533020 -16.649368
v 155.789688 -25.345419 -13.591049
v 155.106155 -26.021732 -10.444534
v 154.359528 -26.603849 -7.045120
v 153.762482 -26.710815 -3.199966
v 153.435211 -26.020958 1.148544
v 153.353653 -24.352102 5.936050
v 153.165024 -22.849083 10.839546
v 152.576569 -22.292576 15.589607
v 151.641068 -22.759422 20.011581
v 150.491623 -24.067890 24.119324
v 149.305328 -25.923389 27.976448
v 148.260971 -27.970068 31.638069
v 147.493195 -30.185860 35.151588
v 146.938736 -32.937042 38.492241
v 146.522171 -36.878857 41.527977
v 146.145203 -42.412380 44.070702
v 145.878937 -47.863297 46.554237
v 145.779739 -50.952572 49.689659
v 141.946899 -49.062843 -251.917969
v 141.960007 -47.624638 -248.146942
v 141.976471 -46.167374 -244.381317
v 142.013657 -44.738903 -240.616669
v 142.063812 -43.260124 -236.850586
v 142.124008 -42.158096 -233.061737
v 142.191498 -41.225273 -229.257019
v 142.235001 -40.265110 -225.453308
v 142.203415 -39.247917 -221.680710
v 142.074417 -38.226250 -217.936386
v 141.839905 -37.125748 -214.191925
v 141.539505 -36.151756 -210.421936
v 141.181168 -35.228981 -206.608673
v 140.770447 -34.219978 -202.739105
v 140.405884 -33.392330 -198.865158
v 140.111816 -32.739681 -194.995544
v 139.934204 -32.445381 -191.071152
v 139.918121 -32.818344 -187.130722
v 140.070877 -33.973656 -183.230225
v 140.434830 -35.716240 -179.405106
v 140.924255 -37.848518 -175.635345
v 141.467682 -39.923820 -171.897354
v 141.963791 -41.713310 -168.177094
v 142.389816 -42.045650 -164.526230
v 142.905502 -40.312176 -161.076950
v 143.323517 -37.725147 -157.620331
v 143.633682 -34.975761 -154.082489
v 143.914886 -32.061634 -150.511398
v 144.232590 -28.853827 -146.892303
v 144.503021 -25.797504 -143.116913
v 144.676727 -22.668661 -139.109467
v 144.662888 -20.297401 -134.857040
v 144.554321 -18.795780 -130.397278
v 144.394852 -18.275360 -125.798729
v 144.220627 -18.509083 -121.035645
v 144.222427 -19.143265 -116.315491
v 144.533676 -19.793507 -111.840385
v 145.019958 -20.469555 -107.655472
v 145.509460 -20.947279 -103.803535
v 145.823242 -21.401409 -100.186897
v 145.958496 -21.542707 -96.796463
v 145.897232 -21.386080 -93.533714
v 145.609589 -20.966110 -90.306648
v 145.205475 -20.449284 -86.999138
v 144.777039 -20.030357 -83.556061
v 144.400406 -19.591358 -79.950348
v 144.116104 -19.166370 -76.203278
v 143.936050 -18.869705 -72.370422
v 143.919296 -18.918297 -68.494881
v 144.211121 -18.926727 -64.639694
v 144.809967 -18.764240 -60.785835
v 145.750900 -18.447674 -56.892525
v 147.105957 -17.852947 -52.870632
v 148.744034 -17.085640 -48.676945
v 150.327026 -16.446152 -44.364079
v 151.561020 -16.261665 -40.015877
v 152.383194 -16.520512 -35.674164
v 152.908737 -17.208961 -31.329468
v 153.229965 -18.327938 -27.082603
v 153.401947 -19.661663 -23.066666
v 153.381866 -20.954409 -19.441505
v 153.147552 -22.000778 -16.179436
v 152.699982 -22.822079 -13.094643
v 152.101761 -23.452583 -9.972076
v 151.363113 -23.959316 -6.614067
v 150.716797 -24.116985 -2.815453
v 150.258209 -23.701607 1.585075
v 149.998993 -22.509989 6.619270
v 149.705505 -21.467159 11.880974
v 149.052551 -21.378538 16.951653
v 148.016098 -22.279898 21.555298
v 146.773056 -23.882469 25.684845
v 145.548904 -25.787914 29.445946
v 144.495132 -27.714523 32.906319
v 143.711548 -29.845629 36.173286
v 143.163254 -32.508160 39.295952
v 142.748672 -36.241959 42.182579
v 142.377243 -41.586735 44.607521
v 142.098465 -47.119751 46.910957
v 141.980835 -50.412678 49.864586
v 138.108017 -48.594444 -252.038696
v 138.092407 -46.892509 -248.314850
v 138.073578 -45.278854 -244.592560
v 138.067780 -43.599545 -240.860443
v 138.092224 -42.031094 -237.101044
v 138.113022 -40.772511 -233.328918
v 138.169022 -39.693718 -229.516632
v 138.238251 -38.719597 -225.675507
v 138.263840 -37.760532 -221.840332
v 138.217331 -36.783768 -218.027832
v 138.081055 -35.810024 -214.206726
v 137.872757 -35.123905 -210.365952
v 137.585556 -34.675339 -206.488556
v 137.233780 -34.365746 -202.572647
v 136.905334 -34.345818 -198.699310
v 136.625031 -34.306129 -194.904816
v 136.434189 -34.512493 -191.122421
v 136.354385 -35.382256 -187.302292
v 136.444580 -36.794064 -183.444092
v 136.730438 -38.535694 -179.583832
v 137.161591 -40.373177 -175.746765
v 137.623718 -41.902500 -171.919342
v 138.031052 -42.636673 -168.096069
v 138.436371 -41.569542 -164.426941
v 138.968491 -38.998753 -160.997406
v 139.425568 -35.814659 -157.574112
v 139.853836 -32.563179 -154.139511
v 140.282852 -29.135799 -150.675705
v 140.640244 -25.837919 -147.089493
v 140.864426 -22.416401 -143.303436
v 140.931564 -19.090611 -139.258057
v 140.781586 -16.668087 -134.953568
v 140.475754 -15.046898 -130.392456
v 140.113815 -14.340843 -125.670578
v 139.729782 -14.389606 -120.781158
v 139.554230 -14.915813 -115.929657
v 139.730164 -15.803616 -111.397812
v 140.154968 -16.924465 -107.204353
v 140.716110 -17.790997 -103.329330
v 141.203903 -18.451759 -99.673256
v 141.499954 -18.751865 -96.163162
v 141.576630 -18.656517 -92.770004
v 141.425507 -18.208817 -89.398331
v 141.113342 -17.741879 -85.994583
v 140.756851 -17.406044 -82.533012
v 140.421844 -17.279026 -79.008560
v 140.181519 -17.268696 -75.417679
v 140.031143 -17.463516 -71.795639
v 139.952255 -17.954803 -68.206596
v 140.092117 -18.381729 -64.675751
v 140.447372 -18.768738 -61.148438
v 141.039108 -18.902912 -57.543987
v 141.961960 -18.635311 -53.768528
v 143.365189 -17.716496 -49.686840
v 144.910889 -16.523182 -45.373032
v 146.238831 -15.486721 -40.932381
v 147.195816 -14.920197 -36.439766
v 147.814316 -14.916443 -31.965164
v 148.265045 -15.412544 -27.551003
v 148.642929 -16.336693 -23.322098
v 148.958420 -17.538616 -19.411919
v 149.089737 -18.803028 -15.914513
v 148.943436 -19.859913 -12.710846
v 148.553253 -20.630554 -9.543793
v 147.949768 -21.184713 -6.191826
v 147.328552 -21.469284 -2.407692
v 146.812454 -21.171728 2.074684
v 146.423553 -20.248508 7.334229
v 145.958588 -19.708149 12.900986
v 145.247864 -20.155815 18.283852
v 144.166534 -21.584444 23.102234
v 142.885605 -23.472334 27.217491
v 141.648407 -25.484459 30.803993
v 140.608353 -27.496393 34.055855
v 139.831589 -29.719685 37.092384
v 139.308167 -32.450680 39.958092
v 138.900116 -36.264111 42.542564
v 138.550125 -41.480412 44.796852
v 138.289230 -46.892910 47.041893
v 138.171417 -50.269905 49.931664
v 134.237640 -48.256081 -252.195740
v 134.173187 -46.275326 -248.531372
v 134.086838 -44.267429 -244.871002
v 134.001709 -42.347885 -241.188629
v 133.916519 -40.523056 -237.495483
v 133.855164 -39.064304 -233.763489
v 133.864136 -37.855896 -229.956421
v 133.933823 -36.923264 -226.079559
v 134.017319 -36.111511 -222.164215
v 134.081741 -35.297985 -218.237076
v 134.109726 -34.540760 -214.298401
v 134.056427 -34.062263 -210.333588
v 133.917114 -33.833664 -206.353241
v 133.699265 -33.927574 -202.374908
v 133.469254 -34.440414 -198.467651
v 133.244598 -35.161095 -194.678741
v 133.095078 -36.176773 -190.979996
v 133.037338 -37.787411 -187.294785
v 133.108414 -39.623772 -183.532410
v 133.301971 -41.405125 -179.675385
v 133.592972 -42.682747 -175.785324
v 133.916885 -43.223278 -171.896606
v 134.191513 -42.781246 -168.016907
v 134.509064 -40.892963 -164.312714
v 134.966934 -37.751198 -160.842499
v 135.434235 -34.345322 -157.434601
v 135.888687 -30.934757 -154.022720
v 136.307373 -27.468708 -150.553528
v 136.619247 -24.015602 -146.975800
v 136.786896 -20.293205 -143.198364
v 136.732086 -16.944267 -139.178207
v 136.435684 -14.303982 -134.868683
v 136.000519 -12.544399 -130.291153
v 135.498657 -11.596722 -125.465233
v 135.028732 -11.381493 -120.505089
v 134.892273 -11.674965 -115.614067
v 135.150681 -12.427742 -111.072121
v 135.596283 -13.382240 -106.807533
v 136.182266 -13.992901 -102.812378
v 136.730911 -14.341331 -99.027344
v 137.115326 -14.538582 -95.388161
v 137.326202 -14.540268 -91.824585
v 137.282623 -14.352417 -88.300713
v 137.061401 -14.068218 -84.802559
v 136.776291 -13.904556 -81.336555
v 136.526642 -14.072880 -77.909981
v 136.382202 -14.514446 -74.503845
v 136.343582 -15.235847 -71.114906
v 136.370560 -16.328648 -67.783569
v 136.461548 -17.537876 -64.517509
v 136.611755 -18.608421 -61.267075
v 136.878464 -19.397545 -57.929123
v 137.361206 -19.657600 -54.353943
v 138.227066 -19.284096 -50.418205
v 139.525116 -17.883278 -46.093246
v 140.776901 -16.098598 -41.583996
v 141.747070 -14.577126 -37.026871
v 142.390900 -13.634079 -32.497025
v 142.806076 -13.381424 -28.069817
v 143.123550 -13.633797 -23.824860
v 143.495193 -14.330189 -19.815842
v 143.900162 -15.331749 -16.104408
v 144.177414 -16.436966 -12.690666
v 144.165924 -17.383762 -9.401833
v 143.826752 -18.096722 -5.996384
v 143.390717 -18.670090 -2.197044
v 142.987457 -18.708469 2.459969
v 142.575073 -18.075443 8.042580
v 141.984329 -17.881432 13.907158
v 141.208984 -18.833740 19.468132
v 140.119598 -20.816536 24.440025
v 138.817841 -23.133568 28.588402
v 137.621414 -25.315735 32.007301
v 136.630508 -27.480211 34.969398
v 135.887466 -29.854095 37.731071
v 135.390350 -32.712090 40.350975
v 134.996964 -36.621910 42.668190
v 134.678772 -41.745125 44.718361
v 134.454727 -46.935749 46.952812
v 134.351669 -50.317940 49.882332
v 130.354218 -48.192558 -252.354980
v 130.241501 -45.941582 -248.751892
v 130.091049 -43.584373 -245.152252
v 129.882812 -41.302185 -241.552612
v 129.654083 -39.157867 -237.937622
v 129.470291 -37.410965 -234.260315
v 129.382248 -36.065502 -230.483337
v 129.376968 -35.120605 -226.611206
v 129.463837 -34.387550 -222.638611
v 129.631241 -33.755424 -218.594604
v 129.818741 -33.192825 -214.504364
v 129.961716 -32.957733 -210.378510
v 130.041214 -33.071777 -206.243820
v 130.024170 -33.423866 -202.161255
v 129.932953 -34.267693 -198.204575
v 129.818375 -35.414181 -194.410919
v 129.712036 -36.953735 -190.733673
v 129.662659 -38.997864 -187.100067
v 129.729324 -41.168152 -183.423599
v 129.885040 -43.085045 -179.640793
v 130.073395 -43.826332 -175.753296
v 130.266510 -43.526829 -171.842560
v 130.410355 -42.301422 -167.943695
v 130.618118 -39.894508 -164.207153
v 130.961288 -36.641781 -160.687149
v 131.345108 -33.333168 -157.221283
v 131.704407 -30.120102 -153.737732
v 132.033478 -26.734911 -150.237946
v 132.248291 -23.236605 -146.660736
v 132.283188 -19.350250 -142.923141
v 132.043640 -15.816063 -138.971649
v 131.629974 -12.961273 -134.720490
v 131.072357 -10.962025 -130.182098
v 130.435745 -9.760696 -125.329659
v 130.001984 -9.278679 -120.337608
v 130.051636 -9.387417 -115.474197
v 130.481766 -9.929211 -110.943817
v 131.037506 -10.494419 -106.623497
v 131.614624 -10.713810 -102.498024
v 132.154037 -10.613998 -98.557991
v 132.572998 -10.441940 -94.751305
v 132.814133 -10.214828 -91.010086
v 132.811035 -10.069988 -87.355438
v 132.702271 -10.004406 -83.797363
v 132.608551 -10.173595 -80.343147
v 132.612381 -10.634205 -77.009743
v 132.708298 -11.435349 -73.736977
v 132.875061 -12.540714 -70.537903
v 133.047409 -14.102890 -67.390648
v 133.181931 -15.937054 -64.314758
v 133.307312 -17.624161 -61.282955
v 133.377197 -19.119755 -58.146427
v 133.444992 -20.212597 -54.759407
v 133.699707 -20.577484 -50.946701
v 134.308151 -19.865284 -46.664955
v 135.188416 -18.016216 -42.107269
v 136.117126 -15.645554 -37.489128
v 136.817612 -13.774204 -32.954437
v 137.276779 -12.697994 -28.575981
v 137.576797 -12.267475 -24.406242
v 137.880280 -12.331898 -20.445099
v 138.262024 -12.745758 -16.718460
v 138.664963 -13.462399 -13.186447
v 138.902756 -14.289852 -9.747032
v 138.885956 -15.078220 -6.202736
v 138.703476 -15.733589 -2.299034
v 138.525543 -16.091301 2.452888
v 138.253647 -15.972748 8.464378
v 137.725403 -16.243656 14.737045
v 136.970306 -17.609180 20.490623
v 135.920700 -20.075230 25.509880
v 134.692413 -22.780552 29.706398
v 133.558197 -25.254126 33.036644
v 132.626602 -27.663467 35.726418
v 131.929016 -30.247221 38.132042
v 131.451706 -33.303043 40.430946
v 131.076004 -37.233181 42.516502
v 130.790817 -42.080765 44.466881
v 130.609604 -46.821568 46.749916
v 130.528778 -50.025440 49.786095
v 126.494431 -48.287468 -252.485931
v 126.358902 -45.884686 -248.926758
v 126.144424 -43.310188 -245.385498
v 125.827698 -40.695114 -241.862396
v 125.477448 -38.213501 -238.317352
v 125.167160 -36.251663 -234.698273
v 124.933228 -34.731010 -230.976685
v 124.794846 -33.614731 -227.135727
v 124.808609 -32.796642 -223.148636
v 124.987717 -32.247299 -219.020050
v 125.255463 -31.906336 -214.793274
v 125.559509 -31.933878 -210.506287
v 125.835693 -32.282158 -206.200500
v 126.052612 -32.985435 -202.003357
v 126.141830 -34.062096 -197.975433
v 126.171280 -35.503963 -194.147552
v 126.163376 -37.354309 -190.485596
v 126.173859 -39.597618 -186.888779
v 126.225220 -41.823475 -183.257538
v 126.349426 -43.550644 -179.520752
v 126.493500 -43.990444 -175.674103
v 126.597702 -43.273956 -171.776917
v 126.657654 -41.407742 -167.910446
v 126.734253 -38.781788 -164.149658
v 126.947952 -35.666752 -160.551727
v 127.195007 -32.689747 -157.003555
v 127.419510 -29.623192 -153.466415
v 127.591156 -26.454868 -149.912735
v 127.656921 -23.077280 -146.321289
v 127.421448 -19.192543 -142.610718
v 126.986023 -15.554733 -138.737488
v 126.362717 -12.479832 -134.608078
v 125.591553 -10.170727 -130.136185
v 124.833969 -8.704258 -125.317215
v 124.470200 -7.977177 -120.368576
v 124.750229 -7.957073 -115.578362
v 125.449020 -8.241039 -111.057693
v 126.179306 -8.327507 -106.678215
v 126.868256 -8.134975 -102.480545
v 127.427780 -7.776592 -98.410660
v 127.800537 -7.294994 -94.429230
v 128.080078 -6.932743 -90.541092
v 128.204269 -6.756546 -86.787605
v 128.223694 -6.766354 -83.197609
v 128.334045 -7.063885 -79.768272
v 128.574326 -7.719631 -76.478867
v 128.969818 -8.657654 -73.292694
v 129.448700 -9.910442 -70.210190
v 129.875580 -11.589165 -67.179161
v 130.221497 -13.587883 -64.235023
v 130.425613 -15.637962 -61.327793
v 130.449570 -17.708328 -58.303513
v 130.305954 -19.439877 -55.038124
v 130.109009 -20.524033 -51.372437
v 129.996735 -20.607292 -47.174610
v 130.103851 -19.683453 -42.618690
v 130.485626 -17.724098 -37.984890
v 131.021637 -15.489872 -33.478294
v 131.489243 -13.748520 -29.183212
v 131.906235 -12.598263 -25.100876
v 132.297089 -11.977917 -21.228668
v 132.697281 -11.804653 -17.538643
v 133.077927 -12.002605 -13.968033
v 133.363297 -12.427525 -10.409058
v 133.479050 -12.977394 -6.674988
v 133.527023 -13.524086 -2.542633
v 133.603012 -13.903946 2.350136
v 133.535614 -14.043358 8.532013
v 133.129852 -14.674393 15.301369
v 132.428802 -16.446068 21.476555
v 131.548309 -19.321003 26.627396
v 130.519821 -22.366802 30.679054
v 129.491684 -25.184107 33.872276
v 128.630814 -27.866652 36.346306
v 127.990891 -30.675257 38.443718
v 127.536346 -33.952099 40.382561
v 127.171356 -37.948414 42.185051
v 126.904160 -42.478928 44.078987
v 126.762421 -46.607430 46.505424
v 126.705963 -49.419544 49.671349
v 122.672150 -48.570034 -252.561584
v 122.531540 -46.185211 -249.021362
v 122.277756 -43.463516 -245.524567
v 121.900131 -40.642159 -242.055817
v 121.463318 -38.043640 -238.564056
v 121.035995 -35.924843 -235.003082
v 120.660721 -34.130287 -231.335388
v 120.389374 -32.760658 -227.529541
v 120.285736 -31.822439 -223.558151
v 120.376984 -31.261047 -219.393204
v 120.628555 -30.972116 -215.077118
v 120.988556 -31.098215 -210.672043
v 121.395264 -31.685314 -206.254303
v 121.760101 -32.626282 -201.966278
v 122.027985 -33.869019 -197.869125
v 122.206406 -35.557980 -193.970886
v 122.333710 -37.729462 -190.277512
v 122.450378 -40.124767 -186.691101
v 122.561554 -42.300983 -183.093155
v 122.689117 -43.783031 -179.389221
v 122.797607 -44.034370 -175.580521
v 122.849625 -42.844925 -171.725815
v 122.882782 -40.388931 -167.924500
v 122.894440 -37.556984 -164.164261
v 122.943848 -34.719238 -160.484314
v 123.038162 -31.882877 -156.891983
v 123.128876 -29.088251 -153.305359
v 123.154709 -26.123920 -149.718018
v 123.004288 -22.879471 -146.095886
v 122.510834 -19.147850 -142.372543
v 121.770203 -15.475647 -138.490921
v 120.773651 -12.351151 -134.407867
v 119.693771 -9.921169 -130.041351
v 118.770660 -8.286064 -125.405487
v 118.465195 -7.497715 -120.644363
v 118.891174 -7.289921 -115.973610
v 119.726738 -7.210190 -111.472153
v 120.735916 -6.918823 -107.067085
v 121.685699 -6.441456 -102.793564
v 122.449432 -5.863194 -98.586487
v 122.963333 -5.227406 -94.469948
v 123.312103 -4.798244 -90.464882
v 123.565399 -4.604721 -86.620224
v 123.796570 -4.683723 -82.981842
v 124.090271 -5.005993 -79.550667
v 124.501404 -5.605679 -76.307587
v 125.141129 -6.449535 -73.201637
v 125.886002 -7.616875 -70.183533
v 126.636215 -9.166889 -67.219406
v 127.274017 -11.115768 -64.327881
v 127.667709 -13.270317 -61.465778
v 127.791107 -15.535770 -58.497730
v 127.636688 -17.636620 -55.296021
v 127.215042 -19.110065 -51.709297
v 126.649811 -19.734966 -47.580490
v 126.061188 -19.533699 -43.087048
v 125.725357 -18.615875 -38.484463
v 125.650070 -17.235409 -34.012527
v 125.799774 -15.769154 -29.810104
v 126.106644 -14.437477 -25.864479
v 126.486877 -13.482010 -22.104652
v 126.948776 -12.805447 -18.457382
v 127.397644 -12.374672 -14.860603
v 127.764832 -12.121948 -11.160309
v 128.043732 -12.038319 -7.193810
v 128.297897 -12.054070 -2.680145
v 128.603638 -12.160931 2.635590
v 128.746490 -12.309307 8.982994
v 128.492096 -13.121109 15.863091
v 127.845322 -15.085732 22.487930
v 126.981552 -18.447105 28.134834
v 126.156815 -21.889603 32.106758
v 125.388565 -24.880041 34.895821
v 124.698166 -27.687693 37.083122
v 124.144348 -30.676577 38.924782
v 123.715881 -34.179222 40.552208
v 123.350342 -38.287148 42.073097
v 123.066376 -42.711285 43.788155
v 122.925842 -46.347878 46.285591
v 122.885620 -48.776848 49.581032
v 118.885788 -49.002697 -252.571899
v 118.757126 -46.926022 -249.023376
v 118.504150 -44.340443 -245.540497
v 118.102791 -41.500313 -242.104797
v 117.622986 -38.824337 -238.651184
v 117.102249 -36.522469 -235.138184
v 116.592087 -34.573212 -231.528595
v 116.199341 -32.976078 -227.763977
v 115.981873 -31.813271 -223.810577
v 115.957970 -31.076504 -219.637848
v 116.145554 -30.706461 -215.294312
v 116.501808 -30.872145 -210.827698
v 116.923012 -31.651632 -206.345947
v 117.346893 -32.789444 -201.993271
v 117.726524 -34.138893 -197.842590
v 118.019440 -35.935734 -193.904190
v 118.245346 -38.195858 -190.163757
v 118.475571 -40.581379 -186.556641
v 118.685638 -42.669838 -182.960327
v 118.843826 -43.902927 -179.275208
v 118.967232 -43.805855 -175.508301
v 119.043793 -42.108723 -171.730774
v 119.086639 -39.279377 -167.993301
v 119.085098 -36.173077 -164.288910
v 119.035133 -33.310143 -160.619934
v 118.993179 -30.587805 -156.996399
v 118.959045 -27.725985 -153.442535
v 118.845963 -24.791765 -149.850037
v 118.502892 -21.620895 -146.135834
v 117.770325 -18.118084 -142.242493
v 116.652649 -14.715263 -138.177383
v 115.314575 -11.896744 -133.987305
v 113.998672 -9.913662 -129.688065
v 112.923706 -8.621159 -125.356735
v 112.417023 -7.953724 -120.990036
v 112.547455 -7.611435 -116.596443
v 113.291824 -7.249054 -112.116226
v 114.459419 -6.736549 -107.633583
v 115.609497 -6.110851 -103.337769
v 116.782890 -5.236118 -99.120399
v 117.815567 -4.280064 -94.871506
v 118.376419 -3.706505 -90.764908
v 118.777313 -3.467667 -86.840363
v 119.203537 -3.532509 -83.135536
v 119.664505 -3.826023 -79.666588
v 120.286758 -4.312473 -76.427849
v 121.143860 -4.988972 -73.343445
v 122.100555 -5.923946 -70.372986
v 123.140579 -7.211483 -67.477577
v 124.085251 -8.890030 -64.620255
v 124.760483 -10.924999 -61.745903
v 125.102264 -13.117722 -58.768353
v 125.079773 -15.253681 -55.552937
v 124.617767 -16.968166 -51.946785
v 123.806961 -17.930912 -47.834919
v 122.791611 -17.981365 -43.368767
v 121.947861 -17.513569 -38.774036
v 121.384293 -16.808067 -34.299774
v 121.103958 -16.155022 -30.146416
v 121.051086 -15.623222 -26.304153
v 121.180130 -15.170216 -22.693352
v 121.419479 -14.742020 -19.183250
v 121.769104 -14.121208 -15.619698
v 122.206741 -13.195152 -11.812729
v 122.684799 -12.231606 -7.543938
v 123.236359 -11.396889 -2.512550
v 123.759460 -10.690453 3.527756
v 123.987747 -10.524975 10.200485
v 123.766327 -11.362320 17.014046
v 123.188217 -13.510365 23.710396
v 122.362411 -17.244587 29.761559
v 121.669113 -20.942633 34.047798
v 121.187180 -23.916172 36.658318
v 120.760880 -26.677790 38.496254
v 120.381439 -29.714117 40.012108
v 120.039879 -33.408600 41.337547
v 119.699013 -37.703342 42.597404
v 119.383102 -42.171909 44.102699
v 119.172012 -45.863613 46.381081
v 119.087814 -48.212444 49.598717
v 115.124901 -49.339371 -252.525940
v 115.030426 -47.764198 -248.944580
v 114.812256 -45.653633 -245.437347
v 114.433075 -43.151787 -241.997498
v 113.944710 -40.550774 -238.561615
v 113.368660 -38.177753 -235.084869
v 112.773911 -36.160019 -231.521362
v 112.274918 -34.296177 -227.805023
v 111.956146 -32.816910 -223.888153
v 111.826447 -31.855165 -219.744812
v 111.927414 -31.364178 -215.421814
v 112.217087 -31.531115 -210.957108
v 112.598450 -32.344891 -206.456314
v 113.026314 -33.559109 -202.069092
v 113.437035 -35.114407 -197.880493
v 113.796234 -37.074696 -193.909058
v 114.106277 -39.252438 -190.151245
v 114.418747 -41.360458 -186.518387
v 114.717415 -43.166107 -182.899963
v 114.930389 -43.974274 -179.227417
v 115.112778 -43.299339 -175.512436
v 115.246109 -41.141708 -171.807816
v 115.303741 -37.971081 -168.144226
v 115.275894 -34.617455 -164.520355
v 115.188248 -31.630295 -160.928711
v 115.068878 -28.649679 -157.398865
v 114.882614 -25.508173 -153.879593
v 114.595703 -22.437498 -150.234375
v 114.065872 -19.325405 -146.340729
v 113.148323 -16.035088 -142.168457
v 111.897064 -13.064232 -137.832428
v 110.524567 -10.996780 -133.459229
v 109.166359 -9.849751 -129.149841
v 107.979362 -9.377693 -124.990425
v 107.129326 -9.324364 -120.972656
v 106.730927 -9.318718 -116.937424
v 106.971619 -9.190632 -112.401520
v 107.826828 -9.019005 -107.592789
v 108.820023 -8.760738 -103.293686
v 110.038254 -7.835567 -99.453934
v 111.397461 -6.292515 -95.490723
v 112.533920 -5.066944 -91.385048
v 113.306656 -4.316067 -87.339912
v 113.915268 -4.067390 -83.579346
v 114.540634 -4.213688 -80.049408
v 115.428780 -4.346897 -76.765808
v 116.681122 -4.547989 -73.648651
v 117.960014 -5.120007 -70.701279
v 119.274597 -6.015511 -67.885780
v 120.487213 -7.262138 -65.079529
v 121.458542 -8.892353 -62.198929
v 122.116058 -10.804726 -59.152107
v 122.325500 -12.810699 -55.835812
v 121.961121 -14.543564 -52.123726
v 121.043808 -15.555836 -47.958889
v 119.792740 -15.755020 -43.428387
v 118.657402 -15.363819 -38.802799
v 117.777084 -14.985523 -34.319756
v 117.213364 -14.881184 -30.167007
v 116.893021 -15.091072 -26.379189
v 116.793686 -15.343719 -22.860428
v 116.832558 -15.491600 -19.467072
v 116.936752 -15.416416 -15.964493
v 117.157913 -14.701851 -12.127136
v 117.592148 -13.225430 -7.687454
v 118.275169 -11.312119 -2.145264
v 118.927879 -9.461182 4.664085
v 119.092270 -8.687725 11.818314
v 118.820206 -9.324554 18.676315
v 118.240372 -11.616100 25.270164
v 117.522720 -15.349537 31.460411
v 117.034836 -19.090771 36.038246
v 116.796562 -22.038799 38.780205
v 116.642052 -24.615553 40.551079
v 116.485092 -27.410423 41.949852
v 116.331474 -30.973019 43.148582
v 116.154556 -35.504719 44.166710
v 115.899307 -40.484436 45.305275
v 115.604202 -44.714893 47.162117
v 115.404831 -47.605019 49.992668
v 111.377029 -49.474613 -252.436737
v 111.325150 -48.274067 -248.817749
v 111.165695 -46.803490 -245.256897
v 110.856949 -44.992897 -241.765198
v 110.414467 -42.988136 -238.299255
v 109.839645 -40.798645 -234.825775
v 109.222153 -38.667904 -231.285217
v 108.661240 -36.493263 -227.622330
v 108.253433 -34.738689 -223.777466
v 108.024635 -33.499561 -219.711304
v 108.031235 -32.912437 -215.456467
v 108.236450 -33.097710 -211.046326
v 108.564621 -33.951641 -206.576447
v 108.948166 -35.344090 -202.190399
v 109.345444 -37.174965 -197.985825
v 109.744041 -39.310753 -193.998734
v 110.131264 -41.336639 -190.219162
v 110.505020 -43.001705 -186.561829
v 110.844864 -44.240715 -182.916718
v 111.087471 -44.245354 -179.233749
v 111.310120 -42.799450 -175.566498
v 111.475243 -40.086582 -171.937363
v 111.531616 -36.528202 -168.363312
v 111.488892 -32.997959 -164.836700
v 111.360748 -29.742798 -161.361267
v 111.126923 -26.593317 -157.895660
v 110.722519 -23.225920 -154.373199
v 110.205406 -19.933601 -150.637970
v 109.492371 -16.700752 -146.545563
v 108.508301 -13.658150 -142.090363
v 107.359970 -11.309288 -137.458832
v 106.209557 -9.927540 -132.890137
v 105.095970 -9.582333 -128.509445
v 104.044792 -9.995670 -124.427673
v 103.079697 -10.912460 -120.600723
v 102.384399 -11.906296 -116.736855
v 102.243164 -12.519588 -112.227356
v 102.941147 -13.002617 -106.784164
v 104.170471 -13.938137 -101.607269
v 105.511902 -14.719738 -97.481583
v 106.618668 -14.774956 -93.945679
v 107.405579 -14.362297 -90.179672
v 107.932022 -14.384113 -85.774406
v 108.196449 -15.263729 -81.134644
v 108.324738 -17.310333 -76.779549
v 108.614708 -18.486984 -73.652092
v 109.495560 -17.074917 -71.921982
v 111.599640 -11.250984 -70.880745
v 114.142532 -7.432411 -68.531090
v 116.134293 -6.904785 -65.694679
v 117.523376 -7.752686 -62.792812
v 118.550232 -9.065231 -59.689194
v 119.106804 -10.611725 -56.196922
v 118.953278 -12.134010 -52.295444
v 118.064133 -13.053078 -47.997292
v 116.748375 -13.217598 -43.364735
v 115.492325 -12.850704 -38.636051
v 114.437561 -12.640568 -34.107529
v 113.719757 -12.890137 -29.962608
v 113.268867 -13.607510 -26.224190
v 112.979156 -14.478531 -22.792343
v 112.868912 -15.178036 -19.491295
v 112.832748 -15.655689 -16.032433
v 112.848404 -15.486050 -12.154976
v 112.986511 -14.271576 -7.629601
v 113.491997 -11.615078 -1.776146
v 114.023605 -8.603458 5.603271
v 114.047012 -7.130692 13.185570
v 113.674164 -7.474072 20.241203
v 113.077599 -9.645725 26.851219
v 112.495880 -13.057796 33.010017
v 112.273987 -16.493835 37.737099
v 112.310760 -19.359936 40.723824
v 112.359390 -21.857918 42.642632
v 112.382133 -24.388866 44.113914
v 112.386993 -27.478348 45.427315
v 112.411713 -31.677483 46.562187
v 112.409821 -37.047462 47.570427
v 112.225853 -42.450363 48.858788
v 111.919601 -46.367374 51.077171
v 107.633926 -49.331009 -252.314148
v 107.619690 -48.445053 -248.661102
v 107.519241 -47.477600 -245.049072
v 107.299744 -46.360760 -241.484680
v 106.943420 -45.088531 -237.951569
v 106.444351 -43.538925 -234.425995
v 105.866989 -41.540443 -230.875946
v 105.293411 -39.262054 -227.254791
v 104.841606 -37.275810 -223.492935
v 104.557648 -35.809330 -219.523010
v 104.479797 -35.171127 -215.377975
v 104.590530 -35.424465 -211.087769
v 104.861069 -36.463310 -206.699677
v 105.214340 -38.142223 -202.347198
v 105.599075 -40.298134 -198.158813
v 106.013657 -42.582169 -194.171600
v 106.414482 -44.264221 -190.366302
v 106.774452 -45.276501 -186.663940
v 107.088928 -45.553471 -182.962677
v 107.326630 -44.475780 -179.272827
v 107.559074 -42.216576 -175.659821
v 107.731033 -38.884495 -172.115646
v 107.774994 -35.035679 -168.629562
v 107.724960 -31.404510 -165.194504
v 107.541000 -28.012619 -161.782486
v 107.143059 -24.650007 -158.333908
v 106.530998 -21.203114 -154.762238
v 105.760315 -17.843964 -150.905411
v 104.881592 -14.636131 -146.650330
v 103.943375 -11.946838 -142.019958
v 103.073013 -10.110790 -137.182861
v 102.252365 -9.280132 -132.426910
v 101.482132 -9.467033 -127.952278
v 100.700043 -10.494137 -123.857758
v 99.925079 -12.138561 -120.121948
v 99.313538 -14.103722 -116.409172
v 99.235184 -15.766552 -112.264854
v 100.121017 -16.895382 -106.555573
v 102.207611 -18.514172 -100.006653
v 104.658485 -19.661369 -95.139839
v 106.348434 -20.036861 -91.378159
v 107.288467 -20.028248 -87.733818
v 107.612068 -20.213348 -83.412598
v 107.435730 -21.419840 -78.663773
v 107.283394 -23.666924 -74.644318
v 107.444855 -25.684057 -71.691620
v 107.799896 -26.623297 -69.622581
v 108.150513 -26.745766 -68.091385
v 108.509811 -26.272791 -66.747971
v 109.090324 -23.795435 -65.198151
v 111.140106 -14.702263 -63.745575
v 113.823166 -9.597511 -60.445866
v 115.074692 -9.548504 -56.722820
v 115.292480 -10.250668 -52.564686
v 114.592316 -10.797035 -48.016235
v 113.391495 -10.761951 -43.220436
v 112.133347 -10.417763 -38.380199
v 111.063797 -10.402287 -33.786964
v 110.319061 -10.796227 -29.681221
v 109.829605 -11.779202 -25.978645
v 109.489494 -12.927071 -22.625473
v 109.253235 -14.073654 -19.415215
v 109.055893 -15.179844 -15.993736
v 108.900597 -15.677452 -12.058083
v 108.788818 -14.996906 -7.472252
v 108.929520 -12.387779 -1.545113
v 109.128510 -8.469082 6.117722
v 108.970253 -6.275471 13.959839
v 108.484802 -6.381683 21.265900
v 107.940758 -8.148262 27.982918
v 107.573853 -10.982403 34.151543
v 107.643005 -13.934547 38.920158
v 107.878769 -16.493198 42.068092
v 108.072662 -18.862427 44.246651
v 108.224579 -21.230612 45.945122
v 108.350975 -23.949341 47.475914
v 108.496307 -27.509935 48.907661
v 108.685944 -32.455170 50.221458
v 108.781296 -38.444733 51.443459
v 108.575317 -43.802994 53.047462
v 103.883530 -48.958233 -252.170654
v 103.901527 -48.117462 -248.483032
v 103.847687 -47.415726 -244.831085
v 103.697372 -46.827915 -241.212433
v 103.432480 -46.172974 -237.613892
v 103.032028 -45.201771 -234.028442
v 102.547653 -43.674492 -230.433533
v 102.047928 -41.848251 -226.793915
v 101.616043 -40.028934 -223.073090
v 101.318329 -38.652645 -219.210175
v 101.188019 -37.983974 -215.179672
v 101.251167 -38.261677 -211.019623
v 101.487839 -39.527069 -206.757812
v 101.817284 -41.612083 -202.492813
v 102.183960 -44.011837 -198.352875
v 102.567780 -46.168827 -194.371582
v 102.894424 -47.140545 -190.540405
v 103.177910 -47.238640 -186.774017
v 103.420547 -46.464905 -183.024017
v 103.623848 -44.413475 -179.349213
v 103.848495 -41.296158 -175.809326
v 104.003021 -37.553871 -172.332733
v 104.036255 -33.558266 -168.926331
v 103.973938 -29.956007 -165.527985
v 103.711594 -26.603111 -162.108734
v 103.191353 -23.274725 -158.616272
v 102.432022 -19.840534 -154.964523
v 101.482803 -16.502785 -150.984039
v 100.515823 -13.487839 -146.615326
v 99.699646 -11.188274 -141.919373
v 99.079552 -9.739822 -137.046188
v 98.588898 -9.300255 -132.221909
v 98.146416 -9.803730 -127.655518
v 97.708351 -11.099209 -123.499466
v 97.246101 -13.048630 -119.746056
v 96.841293 -15.615124 -116.136330
v 96.899483 -18.305065 -112.389107
v 97.827713 -20.302467 -107.352745
v 100.126587 -21.777378 -100.424911
v 103.256752 -22.666107 -94.641869
v 105.002304 -23.668451 -89.974960
v 105.135765 -25.372967 -85.887978
v 104.709137 -27.873692 -82.250656
v 104.958130 -29.422129 -79.489151
v 105.649193 -29.743845 -77.010468
v 107.316254 -27.641481 -73.942741
v 108.262054 -27.498709 -69.673340
v 108.240265 -28.293472 -67.018829
v 108.349701 -28.480692 -65.677902
v 108.503006 -28.452509 -64.545258
v 108.618362 -28.166058 -63.254379
v 108.647385 -26.657080 -61.172768
v 109.257912 -17.675022 -58.186722
v 110.598015 -10.885460 -53.136478
v 110.401505 -9.419426 -48.165405
v 109.491318 -8.509724 -43.122894
v 108.370010 -8.217258 -38.118389
v 107.457169 -8.330368 -33.486008
v 106.764969 -8.833683 -29.432442
v 106.318024 -9.840950 -25.812752
v 106.028664 -11.080154 -22.505051
v 105.753387 -12.448994 -19.325264
v 105.466537 -13.878941 -15.916397
v 105.165085 -14.929520 -11.944199
v 104.818314 -15.101147 -7.272415
v 104.565598 -13.451885 -1.497269
v 104.325943 -9.503696 5.923798
v 103.925438 -6.673042 13.950401
v 103.438782 -6.325710 21.456993
v 102.982605 -7.580807 28.346504
v 102.903214 -9.779156 34.612556
v 103.196594 -12.131413 39.425697
v 103.542297 -14.286671 42.662743
v 103.824295 -16.323101 45.011223
v 104.063210 -18.458862 46.964287
v 104.280899 -20.933531 48.772453
v 104.512054 -23.986490 50.537590
v 104.800751 -28.180214 52.278221
v 105.085854 -33.839279 53.859886
v 105.126945 -40.105103 55.300835
v 100.110428 -48.469997 -252.028625
v 100.157616 -47.501163 -248.298828
v 100.152924 -46.815468 -244.601532
v 100.064667 -46.378864 -240.939667
v 99.883835 -46.117531 -237.290649
v 99.584518 -45.704960 -233.651428
v 99.201797 -44.690723 -230.009003
v 98.790314 -43.315281 -226.342026
v 98.422852 -42.039116 -222.624832
v 98.159348 -41.156483 -218.817413
v 98.025635 -40.858856 -214.880295
v 98.080353 -41.299873 -210.829254
v 98.290520 -42.666603 -206.698364
v 98.579163 -44.814880 -202.561096
v 98.902092 -47.201202 -198.490265
v 99.192375 -48.828587 -194.540695
v 99.418152 -48.989826 -190.685455
v 99.611237 -48.344318 -186.877350
v 99.779312 -46.683228 -183.101959
v 99.943481 -43.799774 -179.454895
v 100.139503 -40.088051 -175.973175
v 100.262482 -36.034779 -172.550797
v 100.291824 -32.124763 -169.171066
v 100.213898 -28.724712 -165.767273
v 99.911476 -25.627367 -162.303619
v 99.346756 -22.569550 -158.727173
v 98.501038 -19.286026 -154.958374
v 97.516647 -16.052418 -150.878906
v 96.572235 -13.270935 -146.449493
v 95.821777 -11.261192 -141.764252
v 95.329041 -10.110676 -136.938354
v 95.059013 -9.945557 -132.145248
v 94.910370 -10.699684 -127.568802
v 94.814507 -12.193840 -123.377678
v 94.670242 -14.330673 -119.593666
v 94.543716 -17.062653 -116.046577
v 94.716324 -20.194019 -112.544762
v 95.275330 -23.704126 -108.176865
v 96.974319 -26.334366 -101.845245
v 99.855301 -28.337317 -95.111488
v 102.247040 -28.406052 -90.151840
v 103.036362 -30.479242 -85.861443
v 103.946564 -32.102951 -81.536980
v 104.643311 -32.753204 -77.872147
v 104.832321 -32.970352 -75.216835
v 104.632721 -33.168854 -73.228760
v 104.427704 -33.248589 -71.529915
v 104.882202 -32.866856 -69.745689
v 107.117966 -31.652733 -65.891693
v 108.650543 -29.198608 -61.792233
v 108.271500 -29.147987 -61.039879
v 108.067352 -28.880083 -60.090359
v 107.528015 -28.000179 -58.008999
v 106.559906 -24.554230 -54.657112
v 105.182076 -11.578522 -49.035759
v 104.959915 -7.214558 -43.087276
v 104.175583 -6.427307 -37.930443
v 103.514870 -6.545723 -33.297638
v 102.948135 -7.062984 -29.298126
v 102.589035 -7.984676 -25.766212
v 102.383224 -9.259323 -22.490547
v 102.139488 -10.738274 -19.286705
v 101.832901 -12.347977 -15.844467
v 101.488586 -13.721794 -11.838493
v 101.032227 -14.462120 -7.042091
v 100.495255 -14.155117 -1.528915
v 99.821793 -11.608536 5.224922
v 99.144882 -8.698242 12.997238
v 98.587837 -7.742527 20.671997
v 98.267670 -8.292946 27.800957
v 98.419373 -9.762405 34.227821
v 98.854164 -11.463928 39.103401
v 99.275177 -13.162514 42.448067
v 99.610550 -14.847202 44.953163
v 99.901062 -16.675629 47.094521
v 100.169884 -18.844330 49.133430
v 100.447998 -21.548639 51.181068
v 100.793007 -25.156065 53.271034
v 101.177200 -30.104198 55.276558
v 101.436356 -36.243370 57.042427
v 96.313553 -47.832916 -251.910706
v 96.385239 -46.633533 -248.140594
v 96.437271 -45.827686 -244.390137
v 96.418411 -45.342339 -240.676605
v 96.317001 -45.252869 -236.984253
v 96.113846 -45.292259 -233.300354
v 95.825951 -44.835304 -229.620850
v 95.495079 -43.937004 -225.932526
v 95.185776 -43.179089 -222.198486
v 94.952324 -42.776619 -218.404724
v 94.844376 -42.989315 -214.535278
v 94.886124 -43.824226 -210.575455
v 95.055756 -45.249104 -206.557739
v 95.286728 -47.216381 -202.529755
v 95.533783 -49.286190 -198.540924
v 95.732193 -50.368938 -194.627808
v 95.881119 -50.039230 -190.767883
v 96.003975 -48.740139 -186.941330
v 96.105927 -46.304642 -183.163544
v 96.237305 -42.783916 -179.554733
v 96.384819 -38.604794 -176.114471
v 96.495972 -34.555889 -172.715515
v 96.524292 -30.931822 -169.315094
v 96.431259 -27.868290 -165.872894
v 96.149475 -25.109131 -162.345856
v 95.619431 -22.421463 -158.677582
v 94.801414 -19.481827 -154.796539
v 93.878105 -16.501324 -150.640045
v 93.005081 -13.925087 -146.202744
v 92.313736 -12.094181 -141.554749
v 91.869339 -11.122372 -136.805588
v 91.662384 -11.136154 -132.107147
v 91.701233 -12.100716 -127.589325
v 91.882210 -13.787666 -123.427612
v 92.036423 -16.087097 -119.667114
v 92.146935 -19.037868 -116.210312
v 92.402496 -22.598871 -112.763863
v 93.010208 -27.160679 -108.464043
v 93.476105 -30.253649 -104.152321
v 98.314011 -31.608128 -95.900047
v 100.736404 -32.276787 -91.549202
v 102.200790 -32.658531 -86.996315
v 103.352341 -33.363388 -81.689888
v 104.309044 -33.535591 -77.240189
v 104.355995 -33.809174 -74.015961
v 103.785980 -34.163330 -71.615646
v 104.013466 -33.983002 -68.801819
v 105.829079 -33.165451 -64.451050
v 106.511322 -32.784927 -61.594238
v 106.500908 -32.448029 -60.421520
v 106.574127 -31.961090 -59.909325
v 106.925262 -29.197876 -56.281143
v 106.300186 -27.878008 -54.473289
v 104.960678 -27.149458 -52.300323
v 102.418457 -25.562759 -48.887856
v 99.422272 -10.285854 -43.739780
v 99.554565 -5.508137 -37.939209
v 99.196274 -5.248497 -33.363762
v 98.807159 -5.600597 -29.447174
v 98.556305 -6.388641 -25.950127
v 98.394424 -7.601517 -22.672409
v 98.234741 -9.232563 -19.374168
v 98.005775 -10.992828 -15.815681
v 97.693771 -12.649300 -11.740677
v 97.255371 -13.767525 -6.900642
v 96.689178 -14.001907 -1.405312
v 95.841675 -13.266747 4.728424
v 94.972015 -11.765572 11.657753
v 94.290192 -10.772041 19.064606
v 93.957474 -10.699348 26.304085
v 94.155807 -11.308861 32.929848
v 94.615746 -12.210709 37.897102
v 95.057465 -13.351433 41.389946
v 95.425247 -14.641186 44.111504
v 95.752525 -16.169865 46.477638
v 96.056801 -18.055435 48.754326
v 96.355682 -20.414783 51.028725
v 96.702820 -23.513382 53.353798
v 97.125916 -27.788292 55.667564
v 97.500984 -33.312904 57.810509
v 92.509239 -47.030617 -251.839508
v 92.584061 -45.544270 -248.042694
v 92.685913 -44.502983 -244.238556
v 92.736069 -43.914482 -240.468353
v 92.714355 -43.907898 -236.729492
v 92.595230 -44.146820 -233.012390
v 92.390953 -44.220455 -229.298767
v 92.140518 -43.976929 -225.573441
v 91.887337 -43.689102 -221.822327
v 91.674812 -43.592789 -218.036438
v 91.555962 -44.078545 -214.200989
v 91.562691 -45.232742 -210.320023
v 91.679039 -46.833359 -206.396088
v 91.846603 -48.750950 -202.449066
v 92.008850 -50.429340 -198.527771
v 92.145897 -50.962357 -194.645386
v 92.240738 -50.278942 -190.793549
v 92.309799 -48.520477 -186.963135
v 92.378494 -45.420395 -183.216141
v 92.467865 -41.475063 -179.628052
v 92.590775 -37.239288 -176.197266
v 92.687958 -33.348301 -172.789154
v 92.712746 -30.065584 -169.344360
v 92.627296 -27.400272 -165.841583
v 92.399216 -25.017460 -162.252884
v 91.971649 -22.736494 -158.505447
v 91.287674 -20.282230 -154.534332
v 90.507446 -17.676311 -150.341675
v 89.744400 -15.296780 -145.920929
v 89.116570 -13.599598 -141.325272
v 88.694710 -12.762714 -136.668884
v 88.500977 -12.922436 -132.068268
v 88.563110 -14.029144 -127.662437
v 88.864273 -15.862640 -123.608574
v 89.242081 -18.305302 -119.903358
v 89.582306 -21.492905 -116.481705
v 90.176178 -25.459639 -112.779770
v 91.210251 -29.769547 -108.326607
v 91.523270 -32.341877 -104.922661
v 94.640854 -32.372349 -99.112297
v 99.670029 -33.511646 -92.227722
v 100.753525 -34.294888 -87.291901
v 101.300896 -34.357155 -81.776901
v 103.544868 -34.212959 -77.007477
v 103.544006 -34.665550 -73.485847
v 102.986382 -34.905548 -70.940201
v 103.372459 -34.552158 -67.561005
v 105.172165 -33.664528 -63.630539
v 105.991982 -33.225353 -61.168209
v 105.597374 -32.526253 -58.389557
v 103.935028 -31.468544 -54.353897
v 102.847527 -30.785681 -51.881821
v 102.406136 -30.153372 -50.539230
v 103.036209 -27.903381 -48.471935
v 101.025864 -27.344105 -46.717316
v 97.484428 -24.474871 -43.441544
v 94.336899 -9.118984 -38.776001
v 94.514160 -5.083206 -33.800049
v 94.374023 -4.791363 -29.906090
v 94.192596 -5.362801 -26.421585
v 94.064705 -6.474163 -23.089371
v 93.982605 -8.070034 -19.659332
v 93.885513 -9.946758 -15.918114
v 93.678108 -11.902340 -11.684006
v 93.356766 -13.342991 -6.806564
v 92.910767 -13.843437 -1.300934
v 92.202301 -13.777645 4.650383
v 91.386772 -13.815273 10.924698
v 90.762268 -14.027584 17.564873
v 90.407722 -14.163460 24.495323
v 90.425781 -14.460880 30.989067
v 90.686935 -14.776894 35.893364
v 91.005806 -15.339809 39.479973
v 91.332626 -16.127079 42.452599
v 91.664459 -17.236546 45.146660
v 91.981339 -18.764530 47.734444
v 92.284859 -20.787663 50.253853
v 92.616798 -23.495947 52.778893
v 93.043869 -27.199383 55.293587
v 93.452339 -32.119480 57.670036
v 88.691986 -46.213840 -251.805847
v 88.779907 -44.383202 -247.992737
v 88.881783 -43.119789 -244.172363
v 88.983574 -42.467564 -240.352600
v 89.028442 -42.342327 -236.561340
v 88.997131 -42.577267 -232.794098
v 88.888573 -42.899769 -229.036621
v 88.716583 -43.091129 -225.279221
v 88.519920 -43.284752 -221.511002
v 88.335464 -43.676876 -217.725006
v 88.197647 -44.433159 -213.918488
v 88.136559 -45.818481 -210.086609
v 88.165039 -47.574947 -206.231598
v 88.264999 -49.435234 -202.360352
v 88.376511 -50.809906 -198.489182
v 88.460823 -51.046242 -194.636230
v 88.514633 -50.059486 -190.797638
v 88.548454 -47.840546 -186.973831
v 88.585739 -44.338112 -183.241013
v 88.655289 -40.180355 -179.685333
v 88.744766 -35.965996 -176.261749
v 88.809326 -32.265671 -172.823212
v 88.820808 -29.328396 -169.320709
v 88.755112 -27.095856 -165.736359
v 88.620987 -25.268093 -162.054642
v 88.341766 -23.492563 -158.239883
v 87.847351 -21.479275 -154.227890
v 87.259048 -19.362129 -150.025665
v 86.637344 -17.365704 -145.628571
v 86.103867 -15.783001 -141.110748
v 85.724548 -15.075974 -136.540298
v 85.549614 -15.392899 -132.051529
v 85.600525 -16.590595 -127.804749
v 85.867828 -18.418880 -123.913574
v 86.283890 -20.951513 -120.291847
v 86.771545 -24.209600 -116.851959
v 87.654350 -28.005592 -112.817566
v 89.022285 -31.425091 -108.594826
v 89.868324 -33.293858 -105.417267
v 90.804031 -33.721436 -102.076416
v 97.068604 -33.447273 -94.034912
v 99.354271 -34.646980 -87.482231
v 100.091759 -34.737083 -80.000839
v 102.710632 -34.695892 -75.943848
v 102.659851 -35.288528 -73.050758
v 102.206314 -35.476662 -70.662582
v 102.196823 -35.314522 -67.410965
v 103.793633 -34.388268 -63.143658
v 104.918198 -33.709503 -60.437851
v 104.707108 -33.167229 -58.287888
v 102.367386 -31.862574 -52.383133
v 100.795258 -31.020306 -48.593597
v 100.001152 -30.734318 -47.129940
v 99.199585 -30.408728 -45.836533
v 98.578506 -29.415829 -44.101124
v 97.187271 -26.916740 -41.815693
v 92.364708 -21.143244 -39.226265
v 89.943054 -9.115700 -34.959999
v 89.732758 -5.914841 -30.708000
v 89.625320 -5.560642 -27.073715
v 89.535919 -6.263527 -23.620598
v 89.518562 -7.647358 -20.051270
v 89.509125 -9.499908 -16.103966
v 89.420029 -11.511890 -11.665871
v 89.261497 -13.046497 -6.711296
v 89.014427 -13.855850 -1.271889
v 88.587845 -14.360340 4.560425
v 88.017181 -14.600155 10.802528
v 87.602119 -15.280750 17.119438
v 87.405548 -16.443699 23.526123
v 87.385345 -17.479240 29.636635
v 87.445084 -18.200047 34.231758
v 87.539566 -18.917404 37.605782
v 87.638855 -19.625042 40.505165
v 87.773956 -20.448437 43.269432
v 87.964348 -21.542368 46.057076
v 88.217964 -23.089621 48.847282
v 88.543907 -25.339916 51.597115
v 88.964172 -28.550718 54.261559
v 89.375122 -32.927040 56.778084
v 84.862602 -45.381702 -251.793884
v 84.962402 -43.337097 -247.968781
v 85.063019 -41.910316 -244.140137
v 85.159203 -41.019684 -240.309265
v 85.254715 -40.684246 -236.480194
v 85.312218 -40.714676 -232.663055
v 85.297546 -40.953754 -228.855743
v 85.215309 -41.384056 -225.050934
v 85.079956 -42.014610 -221.253784
v 84.923256 -42.888485 -217.463440
v 84.777260 -44.194687 -213.678284
v 84.659393 -45.909286 -209.891800
v 84.599213 -47.851601 -206.096710
v 84.623543 -49.699890 -202.282562
v 84.671074 -50.880966 -198.456299
v 84.708435 -50.881027 -194.623444
v 84.734276 -49.602921 -190.793213
v 84.742912 -47.030804 -186.972412
v 84.763435 -43.356354 -183.260071
v 84.806023 -39.054253 -179.755661
v 84.851021 -34.890511 -176.318970
v 84.859192 -31.299568 -172.841110
v 84.841629 -28.597654 -169.285660
v 84.786522 -26.724361 -165.636673
v 84.731125 -25.394836 -161.877975
v 84.638176 -24.215063 -157.988708
v 84.387192 -22.817720 -153.957947
v 84.016136 -21.234308 -149.766586
v 83.598145 -19.741901 -145.412140
v 83.187157 -18.518166 -140.948990
v 82.889465 -17.990555 -136.480042
v 82.748886 -18.360588 -132.137726
v 82.785240 -19.552361 -128.059784
v 82.994652 -21.296833 -124.305557
v 83.316559 -23.809484 -120.748413
v 83.714088 -26.944456 -117.292030
v 84.409485 -30.103054 -113.262466
v 85.433113 -32.618301 -109.281204
v 86.742371 -33.838234 -106.093971
v 87.785690 -34.164734 -103.242439
v 89.662308 -33.955841 -99.220581
v 97.513565 -34.296555 -90.961365
v 98.318756 -35.210072 -80.544502
v 101.973541 -34.808765 -74.218895
v 101.831429 -35.617771 -72.641632
v 101.541870 -35.829224 -70.491837
v 101.190407 -35.896080 -67.366219
v 102.093628 -35.265507 -62.918282
v 103.096741 -34.430389 -59.673439
v 102.778671 -33.652237 -56.661182
v 100.807373 -32.842743 -51.962231
v 99.067017 -31.847822 -47.296127
v 97.892883 -30.912836 -44.457642
v 96.970245 -30.282757 -42.613865
v 96.126022 -29.772169 -41.202591
v 94.864632 -29.034399 -39.259438
v 93.142174 -26.753223 -37.568745
v 88.320297 -20.532681 -35.617104
v 85.856674 -11.017925 -31.874954
v 85.193008 -8.254055 -27.918777
v 84.943878 -7.884335 -24.166855
v 84.911560 -8.644791 -20.388321
v 84.981682 -9.906139 -16.224358
v 85.033585 -11.244072 -11.561424
v 84.995422 -12.420982 -6.532303
v 84.905533 -13.345566 -1.254425
v 84.789139 -14.451771 4.391197
v 84.635391 -15.055740 10.656685
v 84.545113 -15.468033 17.285744
v 84.618423 -16.639446 23.807938
v 84.749481 -18.485306 29.852104
v 84.775017 -20.337521 34.296700
v 84.713882 -21.947527 37.353279
v 84.617935 -23.395294 39.841270
v 84.530243 -24.727888 42.209999
v 84.478722 -26.046444 44.672615
v 84.478973 -27.608843 47.171196
v 84.610321 -29.550104 49.762352
v 84.941635 -32.155521 52.498207
v 85.308228 -35.835148 55.168510
v 81.047920 -44.736229 -251.786224
v 81.148384 -42.571636 -247.956146
v 81.251854 -40.959080 -244.122986
v 81.354172 -39.852669 -240.291443
v 81.473190 -39.173496 -236.449951
v 81.587891 -38.792004 -232.589142
v 81.660309 -38.823692 -228.719833
v 81.655624 -39.227188 -224.863068
v 81.583420 -40.082428 -221.032990
v 81.465500 -41.353104 -217.239548
v 81.310951 -43.170067 -213.475449
v 81.149940 -45.343624 -209.729675
v 81.021530 -47.607719 -205.987640
v 80.960617 -49.639347 -202.229340
v 80.949265 -50.751190 -198.435883
v 80.942657 -50.614292 -194.618561
v 80.933899 -49.110886 -190.791855
v 80.927856 -46.298271 -186.975861
v 80.922882 -42.463207 -183.288574
v 80.926834 -38.155632 -179.794891
v 80.918732 -34.027657 -176.364304
v 80.878357 -30.541061 -172.857361
v 80.831703 -28.011309 -169.254517
v 80.775017 -26.339979 -165.570572
v 80.765259 -25.272850 -161.769287
v 80.786430 -24.496592 -157.841370
v 80.776276 -23.722378 -153.795197
v 80.690735 -22.811186 -149.616882
v 80.508270 -21.994371 -145.303955
v 80.292580 -21.364616 -140.907303
v 80.095062 -21.170834 -136.540436
v 80.001007 -21.628141 -132.346634
v 80.034836 -22.655668 -128.413437
v 80.155426 -24.179176 -124.730644
v 80.328537 -26.551611 -121.178238
v 80.505089 -29.263657 -117.662399
v 80.787872 -31.965322 -113.451096
v 81.281380 -33.699661 -109.854599
v 81.913452 -34.339439 -106.956924
v 82.487732 -34.515099 -103.557785
v 82.349106 -34.355560 -99.935478
v 82.784561 -33.771423 -96.083626
v 97.199936 -33.855694 -90.197495
v 99.551636 -35.102448 -74.473221
v 100.426895 -35.905758 -72.064484
v 100.807037 -36.131161 -70.570801
v 100.512161 -36.163116 -66.734970
v 101.076080 -35.650269 -61.933491
v 101.257492 -34.928795 -58.568920
v 100.209579 -34.056057 -54.472866
v 98.533493 -33.459160 -50.061459
v 97.408173 -32.865364 -47.082062
v 95.892426 -31.386230 -42.955387
v 93.931641 -30.383612 -39.093513
v 92.520950 -29.947092 -36.949699
v 92.184875 -29.503347 -36.336533
v 90.470795 -29.129580 -34.828636
v 88.466263 -28.315424 -33.421364
v 85.609047 -25.975681 -32.030769
v 82.327759 -18.918346 -28.764000
v 80.877213 -13.334652 -24.862320
v 80.635071 -11.271973 -20.669609
v 80.688057 -10.813068 -16.159500
v 80.742401 -11.005424 -11.244728
v 80.706039 -11.436016 -6.168114
v 80.658508 -12.217072 -1.056793
v 80.723602 -13.383045 4.379868
v 81.003242 -14.375706 10.554489
v 81.438042 -15.123520 17.496078
v 81.947121 -16.011154 24.548096
v 82.335114 -17.954350 30.888908
v 82.434006 -20.828461 35.628990
v 82.266365 -23.631498 38.647774
v 82.014313 -26.158205 40.805458
v 81.750786 -28.451744 42.653435
v 81.495544 -30.554861 44.474648
v 81.274139 -32.681732 46.308052
v 81.135056 -34.899548 48.267891
v 81.133430 -37.372456 50.510109
v 81.271454 -40.387718 53.085686
v 77.250076 -44.393188 -251.781738
v 77.350082 -42.157097 -247.951782
v 77.452866 -40.379539 -244.133026
v 77.581367 -38.942524 -240.307739
v 77.733940 -37.838608 -236.451874
v 77.878586 -37.041187 -232.564850
v 77.984695 -36.773415 -228.662430
v 78.033730 -37.024075 -224.764191
v 78.020721 -37.871452 -220.897430
v 77.936722 -39.418449 -217.076782
v 77.792526 -41.645638 -213.312592
v 77.610924 -44.210670 -209.598938
v 77.428665 -46.915943 -205.898682
v 77.299179 -49.232052 -202.176208
v 77.230881 -50.471756 -198.415924
v 77.182793 -50.296692 -194.620270
v 77.148628 -48.616367 -190.800995
v 77.120506 -45.641258 -186.992798
v 77.078857 -41.796707 -183.313202
v 77.037460 -37.654091 -179.791046
v 76.975761 -33.628250 -176.345016
v 76.897095 -30.305353 -172.821838
v 76.822708 -27.872448 -169.204712
v 76.770485 -26.298248 -165.492371
v 76.779053 -25.276167 -161.673676
v 76.891220 -24.655375 -157.741867
v 77.052483 -24.201939 -153.711975
v 77.186371 -23.788021 -149.561111
v 77.274147 -23.511635 -145.290009
v 77.290024 -23.442303 -140.969864
v 77.253296 -23.643444 -136.695816
v 77.225235 -24.219740 -132.604477
v 77.240753 -25.088026 -128.762756
v 77.257858 -26.525600 -125.081558
v 77.235115 -28.598969 -121.501427
v 77.184456 -30.903833 -117.864220
v 77.379639 -33.087585 -113.735100
v 77.872803 -34.331253 -110.189499
v 78.236618 -34.785370 -107.190376
v 78.282700 -34.852516 -103.685722
v 78.094681 -34.796692 -99.669975
v 77.803802 -34.713848 -95.918556
v 77.868065 -34.652676 -91.408600
v 80.595894 -34.524158 -84.861435
v 95.856812 -37.637413 -73.116722
v 97.930893 -37.519787 -70.246246
v 99.395309 -36.727219 -67.437759
v 99.577728 -36.161362 -60.966026
v 98.913956 -35.349731 -57.199230
v 97.580193 -34.286568 -51.888367
v 96.665962 -33.784031 -48.677589
v 95.554382 -33.355019 -46.245136
v 93.753090 -32.188278 -42.628941
v 91.246361 -31.195110 -37.991505
v 88.888435 -31.219627 -35.228806
v 87.427155 -31.142149 -33.415848
v 86.907997 -30.553698 -32.125595
v 86.735733 -29.752680 -31.736969
v 84.993591 -29.285595 -30.541870
v 82.763443 -28.243340 -28.846550
v 79.794235 -24.389168 -26.028465
v 77.259300 -16.735218 -21.343117
v 76.727280 -12.142235 -16.028023
v 76.608200 -10.695499 -10.758209
v 76.485840 -10.402378 -5.616234
v 76.410408 -10.592457 -0.531395
v 76.483894 -11.117409 4.769249
v 76.941284 -12.074409 10.752205
v 77.914444 -13.450790 17.716461
v 79.105988 -15.087086 25.060944
v 79.883247 -17.193676 31.748146
v 80.189789 -20.356884 37.004066
v 79.986443 -24.248520 40.263206
v 79.537285 -28.014982 42.247536
v 79.062447 -31.523617 43.693825
v 78.641197 -34.505165 44.984703
v 78.245094 -37.114029 46.259758
v 77.856888 -39.632229 47.625633
v 77.520004 -42.154419 49.306999
v 77.335785 -44.770031 51.519508
v 73.440109 -44.473919 -251.785675
v 73.541763 -42.140572 -247.982666
v 73.648041 -40.085007 -244.187561
v 73.797554 -38.294899 -240.361450
v 73.976326 -36.803127 -236.487335
v 74.147171 -35.674541 -232.577484
v 74.282677 -35.084377 -228.653625
v 74.371315 -35.051617 -224.733810
v 74.407867 -35.759933 -220.824371
v 74.378914 -37.296932 -216.950180
v 74.267906 -39.659298 -213.146042
v 74.082016 -42.609539 -209.437988
v 73.852325 -45.801216 -205.792328
v 73.652084 -48.566280 -202.130981
v 73.526672 -49.959793 -198.405731
v 73.444557 -49.900753 -194.622986
v 73.383331 -48.128334 -190.815369
v 73.332275 -45.058914 -187.022552
v 73.256683 -41.333267 -183.338257
v 73.171577 -37.559414 -179.754166
v 73.069275 -33.830021 -176.261566
v 72.960197 -30.695469 -172.735641
v 72.866547 -28.412575 -169.110214
v 72.821426 -26.855799 -165.396896
v 72.845016 -25.719696 -161.598907
v 73.015121 -24.987732 -157.686417
v 73.286316 -24.549616 -153.668732
v 73.590973 -24.236879 -149.557678
v 73.906830 -24.000864 -145.334335
v 74.162354 -24.018433 -141.073227
v 74.319664 -24.273087 -136.875641
v 74.393326 -24.920301 -132.814880
v 74.384026 -25.864822 -128.949097
v 74.271698 -27.354319 -125.235725
v 74.049713 -29.364429 -121.626846
v 73.794144 -31.555792 -118.005112
v 73.777069 -33.414604 -114.145302
v 74.080223 -34.672493 -110.556534
v 74.154739 -35.245300 -107.158447
v 73.772354 -35.542969 -103.292778
v 73.524750 -35.871307 -99.382797
v 73.371674 -36.246101 -95.577660
v 73.391663 -36.595825 -91.787247
v 73.857300 -36.890644 -87.787392
v 75.882507 -37.020210 -82.667397
v 87.671082 -36.486191 -74.104568
v 93.317429 -39.667934 -67.034760
v 96.161911 -38.220726 -62.320004
v 95.680832 -36.430782 -56.857262
v 95.264175 -34.478027 -50.690193
v 94.104095 -34.164986 -47.770458
v 92.512878 -33.994411 -45.640259
v 90.289261 -33.095230 -42.055698
v 88.072128 -32.203491 -37.476288
v 86.145721 -32.246765 -34.839615
v 84.827423 -32.336311 -33.203712
v 83.686478 -32.268204 -31.694580
v 82.894615 -31.858318 -30.109291
v 82.546127 -30.923698 -28.816895
v 82.067230 -29.909500 -28.132820
v 79.352005 -28.393661 -26.009422
v 75.677727 -22.952223 -22.133026
v 73.092514 -14.336403 -16.060562
v 72.572784 -10.677711 -10.243301
v 72.341881 -9.456795 -5.066475
v 72.257797 -8.688168 0.123604
v 72.301727 -8.305874 5.459534
v 72.739639 -8.749760 11.345573
v 73.842117 -10.523582 17.932724
v 75.588242 -13.310867 25.203659
v 77.069992 -16.465206 32.231224
v 77.695908 -19.747288 37.866234
v 77.636414 -23.779116 41.623695
v 77.103943 -28.196222 43.843758
v 76.456917 -32.636559 45.117195
v 75.849220 -36.770164 45.900719
v 75.228775 -40.247044 46.591484
v 74.593147 -43.137745 47.514442
v 74.034714 -45.621269 48.911842
v 73.632309 -47.846031 50.936317
v 69.610909 -45.130440 -251.814636
v 69.705055 -42.678997 -248.051819
v 69.809181 -40.241913 -244.286407
v 69.958542 -37.942722 -240.470367
v 70.139450 -35.945301 -236.594513
v 70.329674 -34.462166 -232.678070
v 70.499184 -33.607700 -228.727356
v 70.648888 -33.342293 -224.760773
v 70.758835 -33.783848 -220.798767
v 70.791519 -35.165611 -216.874146
v 70.725159 -37.475769 -213.024200
v 70.555626 -40.571785 -209.281586
v 70.313751 -44.051994 -205.662231
v 70.065384 -47.170319 -202.066254
v 69.873077 -49.048031 -198.390213
v 69.740532 -49.208122 -194.653137
v 69.637054 -47.513123 -190.888672
v 69.551155 -44.614017 -187.105774
v 69.458038 -41.169689 -183.389725
v 69.354309 -37.774689 -179.734802
v 69.234756 -34.577026 -176.142914
v 69.107315 -31.742971 -172.589905
v 69.005981 -29.635515 -168.973541
v 68.960739 -28.003597 -165.281845
v 69.001251 -26.687412 -161.505096
v 69.185043 -25.695215 -157.619141
v 69.516708 -24.969746 -153.646118
v 69.954590 -24.364088 -149.584641
v 70.457520 -23.838003 -145.417221
v 70.921219 -23.412672 -141.197388
v 71.272400 -23.228241 -136.989136
v 71.449921 -23.568583 -132.856384
v 71.423561 -24.563589 -128.870728
v 71.193222 -26.230398 -125.085480
v 70.804565 -28.572895 -121.465195
v 70.315781 -31.089947 -117.931770
v 69.901764 -33.393387 -114.347885
v 69.664940 -35.073254 -110.675804
v 69.510826 -36.078964 -106.904457
v 69.489395 -36.838985 -103.104576
v 69.491623 -37.642467 -99.320587
v 69.498596 -38.484180 -95.550659
v 69.520988 -39.179314 -91.816544
v 69.560905 -39.704269 -88.122856
v 69.659790 -40.068253 -84.447327
v 70.167969 -40.105705 -80.579483
v 73.065338 -39.142540 -74.953056
v 84.563248 -37.278099 -64.961037
v 90.786499 -39.857910 -59.745892
v 90.300766 -36.857029 -53.776680
v 88.747086 -36.135056 -48.181396
v 87.288406 -36.220409 -45.948193
v 85.313911 -35.492020 -42.327049
v 84.413239 -33.492214 -37.222446
v 83.735405 -33.056904 -34.671021
v 82.616714 -33.076824 -32.903015
v 81.347282 -33.124210 -31.299446
v 79.978584 -33.053318 -29.670853
v 78.797325 -32.616066 -27.975220
v 77.716270 -31.706167 -26.168930
v 76.287575 -30.224714 -24.472336
v 74.173218 -27.282188 -22.154076
v 70.148346 -18.922733 -16.752228
v 68.557404 -11.610188 -9.956612
v 68.256416 -9.038448 -4.670624
v 68.156105 -6.905361 0.679619
v 68.217896 -5.585869 6.179413
v 68.636627 -5.655674 11.895737
v 69.662125 -7.431850 18.071136
v 71.387558 -10.826324 24.907288
v 73.459419 -15.014866 32.164619
v 74.687561 -19.035965 38.229012
v 74.905838 -22.962873 42.436638
v 74.517090 -27.175560 45.166939
v 73.858688 -31.651157 46.729469
v 73.121651 -36.251236 47.403358
v 72.322128 -40.687325 47.622337
v 71.459648 -44.495552 48.001213
v 70.672333 -47.440197 49.077278
v 70.077667 -49.592899 50.992729
v 65.766907 -46.253578 -251.879578
v 65.846786 -43.653656 -248.177277
v 65.923119 -40.747147 -244.463867
v 66.045258 -37.892948 -240.671478
v 66.218857 -35.347038 -236.813324
v 66.401688 -33.370514 -232.885010
v 66.583893 -32.111069 -228.898132
v 66.786079 -31.600599 -224.860443
v 66.967651 -31.865145 -220.815720
v 67.083298 -33.008270 -216.811874
v 67.105217 -35.115913 -212.897751
v 67.008400 -38.080238 -209.127686
v 66.797661 -41.618912 -205.509933
v 66.531799 -44.983818 -201.968872
v 66.279755 -47.249512 -198.381073
v 66.080612 -47.873936 -194.726410
v 65.916992 -46.584099 -191.034760
v 65.783058 -44.108276 -187.288696
v 65.660194 -41.191280 -183.501633
v 65.552467 -38.330296 -179.739761
v 65.450958 -35.694672 -176.042023
v 65.335503 -33.440975 -172.392700
v 65.235214 -31.603569 -168.752167
v 65.190643 -29.869270 -165.084503
v 65.238335 -28.212294 -161.342850
v 65.426590 -26.770369 -157.507660
v 65.765465 -25.506592 -153.600784
v 66.273529 -24.320671 -149.601654
v 66.893326 -23.221254 -145.496353
v 67.518417 -22.121365 -141.259644
v 67.998543 -21.302149 -136.955505
v 68.257614 -21.213112 -132.679108
v 68.254066 -22.047609 -128.556168
v 67.984138 -23.798044 -124.678665
v 67.468407 -26.477108 -121.042374
v 66.835434 -29.723011 -117.597466
v 66.249908 -32.973663 -114.187431
v 65.841507 -35.450996 -110.636276
v 65.678780 -37.057941 -106.895142
v 65.674835 -38.323856 -103.100975
v 65.675987 -39.648792 -99.315071
v 65.679276 -41.000732 -95.537537
v 65.695152 -42.126591 -91.789246
v 65.727760 -42.842361 -88.078186
v 65.774094 -43.177055 -84.398834
v 65.845604 -43.257370 -80.744576
v 65.973305 -42.921928 -77.099930
v 66.821457 -41.720066 -72.890427
v 71.701431 -39.233463 -65.872009
v 79.450592 -37.789764 -57.893379
v 83.971893 -37.307930 -50.762852
v 82.814163 -37.136349 -46.608059
v 80.437195 -36.693398 -42.295166
v 80.370483 -35.118874 -37.825867
v 80.866096 -33.889923 -34.696503
v 80.296448 -33.642109 -32.704773
v 79.180450 -33.599670 -30.880882
v 77.835175 -33.463799 -29.021156
v 76.400040 -33.030067 -27.084229
v 74.724052 -32.323772 -24.991272
v 72.618309 -31.362055 -22.899376
v 70.517334 -29.795012 -21.160156
v 68.395721 -24.968033 -18.316101
v 64.541267 -14.355877 -10.445427
v 64.081512 -9.326591 -4.716263
v 63.996124 -5.901653 0.806007
v 64.105072 -3.739491 6.468361
v 64.545921 -3.325764 12.154198
v 65.471710 -4.874771 18.004570
v 67.040352 -8.449982 24.302574
v 69.148895 -12.974739 31.496330
v 70.990128 -17.822906 38.140221
v 71.606537 -22.012306 42.747322
v 71.462517 -25.899364 45.850838
v 70.921219 -29.806902 47.807579
v 70.240059 -34.025383 48.899193
v 69.449471 -38.493362 49.305397
v 68.456650 -43.051266 49.355492
v 67.400284 -47.078697 49.832924
v 66.558945 -49.895855 51.373878
v 61.924965 -47.380497 -251.999634
v 61.974941 -44.594658 -248.372559
v 62.014465 -41.334290 -244.723663
v 62.083191 -37.972027 -240.964661
v 62.204174 -34.909740 -237.104919
v 62.341640 -32.519978 -233.148285
v 62.527565 -30.851713 -229.114868
v 62.749805 -29.914337 -224.971436
v 62.970924 -29.805164 -220.788757
v 63.162136 -30.620178 -216.658691
v 63.283386 -32.323574 -212.680771
v 63.308472 -35.005486 -208.884888
v 63.201069 -38.564377 -205.278488
v 62.973072 -42.358395 -201.818726
v 62.705994 -44.844391 -198.362152
v 62.459637 -45.687927 -194.850311
v 62.231220 -45.022320 -191.266296
v 62.019421 -43.196167 -187.575729
v 61.847385 -40.949265 -183.746918
v 61.729023 -38.798256 -179.853195
v 61.654011 -36.913002 -175.996368
v 61.583313 -35.361343 -172.220551
v 61.520039 -33.967140 -168.497482
v 61.491371 -32.249214 -164.806946
v 61.532803 -30.290230 -161.097809
v 61.722065 -28.259680 -157.327560
v 62.064243 -26.194374 -153.507629
v 62.572273 -24.198204 -149.602768
v 63.240585 -22.271832 -145.516510
v 63.902077 -20.433918 -141.216782
v 64.438873 -19.074917 -136.789246
v 64.771782 -18.594849 -132.363998
v 64.834732 -19.204258 -128.100494
v 64.593224 -21.012991 -124.124313
v 64.065323 -24.097830 -120.478767
v 63.347961 -28.099777 -117.145348
v 62.601547 -32.430054 -113.933144
v 62.077702 -35.929909 -110.556870
v 61.870106 -38.131752 -106.890968
v 61.860783 -39.874840 -103.095497
v 61.861042 -41.714573 -99.305557
v 61.862061 -43.516022 -95.519981
v 61.869415 -44.991669 -91.747101
v 61.891121 -45.805557 -88.004883
v 61.925228 -46.009605 -84.291817
v 61.971657 -46.033226 -80.598557
v 62.046612 -45.804703 -76.924957
v 62.155704 -44.932301 -73.255615
v 62.474136 -43.356808 -69.426964
v 65.925880 -40.098747 -63.204048
v 71.543694 -37.959969 -55.798840
v 71.775314 -37.195900 -50.231628
v 71.934486 -37.232941 -43.682323
v 73.340683 -37.615974 -39.115837
v 75.920120 -35.724823 -35.889442
v 77.263596 -34.252640 -32.992783
v 76.942398 -33.813896 -30.823990
v 75.853462 -33.452950 -28.683960
v 74.127762 -32.924255 -26.356552
v 71.992531 -32.331623 -24.056335
v 69.737038 -31.817282 -22.229019
v 67.213150 -31.172426 -20.559547
v 65.288925 -29.200884 -19.001427
v 61.683037 -20.219917 -13.296082
v 59.775368 -10.850235 -5.546051
v 59.687511 -5.957928 0.186157
v 59.858761 -2.756607 6.067734
v 60.371540 -1.817368 11.863495
v 61.260841 -3.110256 17.632065
v 62.652973 -6.493145 23.579224
v 64.626175 -11.102997 30.416634
v 66.683617 -16.227806 37.508522
v 67.618652 -20.728119 42.556664
v 67.726021 -24.481911 45.926277
v 67.388863 -27.918135 48.196663
v 66.877563 -31.517557 49.691261
v 66.209732 -35.500359 50.548424
v 65.276443 -39.958080 50.903252
v 64.112160 -44.647320 51.142906
v 63.023155 -48.569595 52.113274
v 58.099827 -48.065273 -252.176392
v 58.112850 -45.206230 -248.611664
v 58.097939 -41.652977 -245.016022
v 58.088856 -38.008987 -241.295319
v 58.122440 -34.597321 -237.433380
v 58.197025 -31.883860 -233.445404
v 58.346352 -29.851202 -229.300903
v 58.549137 -28.509323 -225.028168
v 58.784691 -27.967113 -220.715607
v 59.021797 -28.371601 -216.480713
v 59.222836 -29.645918 -212.428513
v 59.364540 -31.953266 -208.585434
v 59.399250 -35.303818 -204.960571
v 59.283253 -39.129890 -201.573608
v 59.073681 -41.978607 -198.326263
v 58.826305 -43.281403 -195.001373
v 58.542576 -43.096252 -191.529205
v 58.251610 -41.862129 -187.908173
v 58.005116 -40.218273 -184.082382
v 57.851936 -38.827873 -180.083466
v 57.796692 -37.723022 -176.081085
v 57.775181 -36.947964 -172.139862
v 57.775162 -36.169380 -168.289307
v 57.797073 -34.761314 -164.529007
v 57.849251 -32.650146 -160.811981
v 58.015926 -30.020370 -157.107666
v 58.362812 -27.130537 -153.384430
v 58.881470 -24.308628 -149.557556
v 59.544048 -21.498840 -145.465698
v 60.227009 -18.977894 -141.086792
v 60.792274 -17.160278 -136.554138
v 61.161331 -16.435345 -132.026276
v 61.273159 -16.924103 -127.672203
v 61.091896 -18.790203 -123.601761
v 60.585701 -22.193047 -119.923920
v 59.797092 -26.847059 -116.684113
v 58.900089 -32.153378 -113.676529
v 58.262989 -36.604942 -110.489182
v 58.059532 -39.350708 -106.886246
v 58.047070 -41.503002 -103.088928
v 58.046913 -43.697174 -99.293648
v 58.047062 -45.780678 -95.500954
v 58.048016 -47.405373 -91.706940
v 58.056854 -48.213272 -87.927422
v 58.077522 -48.321712 -84.175247
v 58.106735 -48.366253 -80.444641
v 58.147694 -48.304245 -76.729340
v 58.204002 -47.608334 -73.025322
v 58.278362 -46.196419 -69.307961
v 58.413971 -43.854866 -65.442139
v 61.473541 -39.913296 -59.196987
v 65.873055 -37.807014 -51.721210
v 66.712975 -37.213081 -46.620209
v 68.118393 -37.086212 -41.491291
v 69.749649 -37.162865 -37.863113
v 71.555702 -36.244858 -34.974243
v 73.359009 -34.249699 -31.460579
v 73.212860 -33.368393 -28.798485
v 71.564072 -32.692596 -26.089630
v 69.114548 -32.279053 -23.712044
v 66.381165 -32.157406 -21.761574
v 63.846905 -31.901424 -20.094238
v 61.597172 -30.885546 -18.523277
v 59.740681 -26.708580 -16.337509
v 55.436348 -14.470634 -7.781822
v 55.155518 -7.320869 -1.575432
v 55.359909 -2.256115 4.690109
v 55.958271 -0.431831 10.907097
v 56.892891 -1.860832 16.806358
v 58.233269 -5.296070 22.705528
v 60.112400 -10.033276 29.316078
v 62.076324 -14.948299 36.527214
v 63.060070 -19.375042 41.968987
v 63.209099 -22.829613 45.599281
v 63.053993 -26.020069 48.122581
v 62.736759 -29.350544 49.909294
v 62.237911 -32.999729 51.109810
v 61.469067 -37.123520 51.835060
v 60.417774 -41.719269 52.315392
v 59.321186 -46.292370 53.020943
v 54.305916 -48.204922 -252.398285
v 54.278500 -45.264275 -248.880341
v 54.194244 -41.662773 -245.319214
v 54.086296 -37.842621 -241.608337
v 54.010918 -34.301483 -237.739471
v 54.005539 -31.418316 -233.705078
v 54.083458 -29.191080 -229.447876
v 54.242649 -27.572405 -225.048187
v 54.469437 -26.685083 -220.632385
v 54.725349 -26.721447 -216.319153
v 54.983166 -27.684250 -212.203064
v 55.216427 -29.598959 -208.321426
v 55.374866 -32.586449 -204.686310
v 55.396942 -36.168476 -201.358856
v 55.295177 -39.196331 -198.240021
v 55.095619 -40.898216 -195.076263
v 54.800785 -41.268383 -191.750183
v 54.449104 -40.465996 -188.186768
v 54.133755 -39.280067 -184.393280
v 53.930618 -38.341660 -180.372314
v 53.874538 -37.878517 -176.260376
v 53.895649 -37.844601 -172.195786
v 53.956451 -37.712532 -168.208008
v 54.037468 -36.704758 -164.348877
v 54.121605 -34.844078 -160.566574
v 54.272198 -31.981642 -156.874130
v 54.606434 -28.439734 -153.226318
v 55.092789 -24.867912 -149.473801
v 55.765682 -21.322533 -145.374908
v 56.461899 -18.226337 -140.952454
v 57.045322 -16.116863 -136.376205
v 57.455830 -15.211678 -131.796036
v 57.625999 -15.617058 -127.367500
v 57.497517 -17.563351 -123.206139
v 57.009739 -21.194506 -119.492821
v 56.159401 -26.399961 -116.326134
v 55.127064 -32.509773 -113.499557
v 54.414276 -37.602741 -110.465714
v 54.240646 -40.705906 -106.884933
v 54.233704 -43.165997 -103.083084
v 54.233204 -45.621181 -99.281120
v 54.233047 -47.761436 -95.481705
v 54.233082 -49.259289 -91.680252
v 54.233669 -49.923374 -87.875664
v 54.240643 -50.085400 -84.083984
v 54.256798 -50.213139 -80.316216
v 54.274261 -50.294285 -76.562180
v 54.296021 -49.770336 -72.821152
v 54.326122 -48.434547 -69.080658
v 54.350403 -46.144489 -65.248901
v 54.441818 -43.006821 -61.194309
v 57.714970 -38.900471 -54.637287
v 61.475548 -37.260227 -48.250057
v 62.063759 -36.775482 -44.099640
v 61.782768 -36.245972 -40.416065
v 62.597721 -35.729111 -36.566162
v 65.721794 -35.555717 -31.462730
v 68.090897 -33.966606 -29.055267
v 67.786446 -32.949997 -26.294441
v 65.321625 -32.569122 -23.337227
v 62.272354 -32.496010 -20.862381
v 59.221340 -32.223690 -18.861679
v 55.774601 -31.268204 -16.669579
v 53.067005 -29.061119 -14.542992
v 51.484245 -20.601353 -10.925667
v 50.602428 -10.154102 -4.181778
v 50.471992 -2.534885 2.020935
v 50.921841 1.552689 8.813393
v 51.867023 0.252613 15.430176
v 53.329826 -4.328667 21.568161
v 55.355827 -9.586014 28.149666
v 57.259865 -14.634552 35.309151
v 58.091812 -18.693333 40.952217
v 58.119781 -21.748707 44.821617
v 57.929218 -24.603031 47.623390
v 57.689354 -27.713848 49.710701
v 57.353691 -31.211010 51.220238
v 56.842381 -35.187675 52.227516
v 56.114735 -39.711079 52.908592
v 55.265926 -44.509598 53.594658
v 50.534302 -47.875107 -252.618896
v 50.461582 -44.921986 -249.128693
v 50.294243 -41.262199 -245.582031
v 50.086292 -37.453743 -241.868225
v 49.895473 -33.927929 -237.967041
v 49.785210 -31.070669 -233.884369
v 49.775360 -28.819839 -229.561371
v 49.888634 -27.131245 -225.075867
v 50.089783 -26.121761 -220.571716
v 50.355209 -25.952375 -216.205688
v 50.643867 -26.652859 -212.065094
v 50.935287 -28.346050 -208.169495
v 51.191246 -31.020052 -204.538971
v 51.336868 -34.357368 -201.231140
v 51.351555 -37.372150 -198.162231
v 51.233173 -39.315788 -195.085663
v 50.969276 -39.989235 -191.846680
v 50.601330 -39.501888 -188.340393
v 50.242931 -38.551468 -184.555267
v 50.002174 -37.818279 -180.555817
v 49.919319 -37.592709 -176.434357
v 49.954643 -37.993256 -172.307175
v 50.066780 -38.329594 -168.242279
v 50.207573 -37.769299 -164.304993
v 50.333771 -36.349403 -160.424438
v 50.477032 -33.618706 -156.685120
v 50.775032 -29.673374 -153.076889
v 51.216892 -25.628428 -149.378967
v 51.882065 -21.536961 -145.309845
v 52.584679 -18.047523 -140.936615
v 53.208588 -15.729996 -136.379196
v 53.674271 -14.745571 -131.786850
v 53.910053 -15.190815 -127.290428
v 53.830002 -17.311111 -123.034744
v 53.333397 -21.287773 -119.280701
v 52.398140 -27.004763 -116.183502
v 51.275574 -33.621071 -113.485123
v 50.564537 -38.963024 -110.497650
v 50.421528 -42.144592 -106.888046
v 50.420578 -44.792953 -103.078781
v 50.420010 -47.364235 -99.271423
v 50.419579 -49.442505 -95.465309
v 50.419399 -50.699581 -91.658783
v 50.419365 -51.179379 -87.849953
v 50.419445 -51.346458 -84.038010
v 50.423431 -51.532055 -80.234436
v 50.429779 -51.623283 -76.449020
v 50.431641 -51.202450 -72.676338
v 50.432442 -50.012127 -68.907440
v 50.426609 -47.764778 -65.060669
v 50.408142 -44.613674 -61.072464
v 50.616417 -41.104137 -56.776085
v 54.136753 -37.562454 -50.357853
v 56.702335 -36.492748 -45.192993
v 56.756142 -36.185287 -41.468140
v 56.405899 -35.675613 -38.189598
v 56.537510 -34.900146 -34.902100
v 60.060852 -34.109165 -29.270058
v 62.409954 -33.200672 -25.271736
v 59.256046 -32.833351 -21.498276
v 54.960152 -32.673271 -18.738739
v 51.729515 -32.309898 -16.305580
v 49.524189 -31.730268 -14.553505
v 47.557930 -30.250580 -13.052269
v 46.246475 -25.272522 -11.238075
v 45.896564 -13.782726 -6.283989
v 45.469120 -4.546741 -1.034645
v 45.044388 3.223274 5.389008
v 45.599678 3.915047 12.893509
v 47.112579 -1.567780 20.111496
v 49.581310 -9.059628 26.682205
v 51.687599 -14.659222 33.745201
v 52.577003 -18.676086 39.513161
v 52.620369 -21.609121 43.577705
v 52.479774 -24.354479 46.631905
v 52.314583 -27.355600 48.964714
v 52.118462 -30.741882 50.723885
v 51.847878 -34.624840 51.984993
v 51.452724 -39.089787 52.818947
v 50.955887 -43.872643 53.598442
v 46.752213 -47.049797 -252.804840
v 46.644806 -44.107258 -249.311218
v 46.412075 -40.691719 -245.743896
v 46.102684 -37.124855 -242.010773
v 45.804653 -33.799217 -238.084869
v 45.605576 -31.000433 -233.970306
v 45.493633 -28.793341 -229.636749
v 45.520576 -27.165600 -225.144485
v 45.674217 -26.171316 -220.606766
v 45.936230 -25.932636 -216.232452
v 46.263165 -26.530325 -212.104462
v 46.608421 -28.122723 -208.206390
v 46.935123 -30.651831 -204.571274
v 47.172447 -33.843063 -201.244720
v 47.285999 -36.789375 -198.157410
v 47.267200 -38.857075 -195.073151
v 47.067307 -39.492241 -191.820679
v 46.727257 -39.049706 -188.315430
v 46.369411 -38.170994 -184.526398
v 46.122444 -37.448189 -180.549530
v 46.022369 -37.373844 -176.462646
v 46.043030 -38.012516 -172.342682
v 46.169861 -38.592560 -168.272491
v 46.348022 -38.260647 -164.306427
v 46.513287 -37.016247 -160.370148
v 46.647232 -34.490494 -156.581421
v 46.909859 -30.405407 -152.982330
v 47.326775 -25.996847 -149.348129
v 47.944275 -21.673853 -145.371689
v 48.648026 -18.095142 -141.076797
v 49.290092 -15.741512 -136.589249
v 49.806454 -14.793911 -132.018295
v 50.118618 -15.401352 -127.452164
v 50.085289 -17.819157 -123.090668
v 49.544666 -22.285259 -119.319870
v 48.496380 -28.543308 -116.310562
v 47.349144 -35.347576 -113.650002
v 46.722549 -40.473698 -110.564651
v 46.607590 -43.528160 -106.888184
v 46.607445 -46.183548 -103.075752
v 46.607113 -48.678085 -99.265396
v 46.606750 -50.589836 -95.455605
v 46.606461 -51.654995 -91.645241
v 46.606293 -52.016644 -87.833817
v 46.606277 -52.105553 -84.020988
v 46.606396 -52.232742 -80.206482
v 46.604797 -52.327465 -76.395348
v 46.599758 -51.954403 -72.598740
v 46.591183 -50.853756 -68.805206
v 46.572422 -48.704533 -64.941528
v 46.538174 -45.551235 -60.936092
v 46.493252 -42.056900 -56.819691
v 46.964211 -38.730591 -52.294872
v 50.013596 -36.147343 -46.468891
v 51.800045 -35.458401 -42.104416
v 51.907280 -35.163017 -38.699745
v 51.581745 -34.556953 -35.387802
v 51.420433 -33.824871 -31.085045
v 52.511673 -33.156082 -24.769356
v 50.374718 -33.077881 -19.699745
v 48.268246 -33.104149 -16.577156
v 47.016151 -32.830479 -14.695816
v 45.859169 -32.146065 -13.253471
v 44.249020 -30.600977 -12.082298
v 41.893009 -26.792738 -10.910469
v 41.046432 -16.137112 -7.387688
v 40.447456 -6.311535 -2.775642
v 38.960854 2.810349 2.348244
v 38.659191 5.964233 9.680725
v 39.722755 2.553204 18.207085
v 42.604210 -7.185429 25.524414
v 45.530247 -14.625294 32.253365
v 46.882477 -19.020100 38.087318
v 47.205864 -22.264992 42.262505
v 47.163364 -25.193539 45.414009
v 47.106491 -28.260981 47.871925
v 47.047215 -31.666765 49.749550
v 46.954693 -35.636070 51.078468
v 46.807880 -40.094486 51.965660
v 46.667686 -44.616211 52.986595
v 42.944752 -46.205132 -252.899414
v 42.808651 -43.363037 -249.379578
v 42.536297 -40.240150 -245.771393
v 42.158493 -37.140965 -242.009766
v 41.773998 -34.178093 -238.074890
v 41.470024 -31.493357 -233.966492
v 41.273476 -29.319475 -229.666473
v 41.213615 -27.830603 -225.244186
v 41.312847 -26.890528 -220.787262
v 41.544922 -26.637733 -216.478363
v 41.878345 -27.231649 -212.380264
v 42.261246 -28.801956 -208.483231
v 42.651447 -31.284475 -204.846451
v 42.972687 -34.345169 -201.472824
v 43.186337 -37.118713 -198.284454
v 43.268681 -39.030449 -195.090240
v 43.158356 -39.635403 -191.736389
v 42.887127 -38.975697 -188.169693
v 42.586788 -37.792015 -184.375427
v 42.376686 -36.975574 -180.448090
v 42.272095 -37.010529 -176.414551
v 42.265728 -37.931091 -172.334442
v 42.365395 -38.646484 -168.297821
v 42.529129 -38.346363 -164.324097
v 42.697559 -37.170383 -160.366135
v 42.823227 -34.684841 -156.557648
v 43.047150 -30.483521 -152.978287
v 43.457687 -25.781116 -149.416351
v 44.025547 -21.409472 -145.523331
v 44.674423 -17.994202 -141.340576
v 45.307705 -15.745441 -136.917557
v 45.859146 -14.916672 -132.332428
v 46.234219 -15.789413 -127.683350
v 46.226318 -18.745094 -123.246063
v 45.610008 -23.837725 -119.515121
v 44.477692 -30.578848 -116.626686
v 43.401978 -37.317284 -113.907333
v 42.879505 -41.938686 -110.634872
v 42.794186 -44.807549 -106.887939
v 42.794140 -47.365143 -103.074684
v 42.794060 -49.636120 -99.261803
v 42.793900 -51.310532 -95.449875
v 42.793747 -52.190472 -91.638008
v 42.793652 -52.467152 -87.825661
v 42.793640 -52.522110 -84.012497
v 42.793716 -52.602695 -80.198441
v 42.792221 -52.647167 -76.384377
v 42.785000 -52.263264 -72.572258
v 42.775543 -51.158287 -68.757828
v 42.757252 -49.072571 -64.875031
v 42.722572 -45.949345 -60.853340
v 42.677940 -42.404659 -56.727654
v 42.637012 -39.125710 -52.560131
v 43.281437 -36.488934 -47.890190
v 45.175766 -34.883919 -43.005417
v 46.374634 -34.327362 -39.123684
v 46.568722 -34.038525 -35.357452
v 46.494629 -33.683273 -30.546432
v 46.511032 -33.292591 -24.226807
v 45.731186 -33.032944 -18.764137
v 44.823261 -33.251240 -15.721886
v 44.143776 -33.147869 -13.769936
v 43.298000 -32.427658 -12.255768
v 41.878967 -30.760202 -11.170464
v 38.717300 -26.848740 -10.455032
v 35.631836 -18.664978 -7.937744
v 35.250771 -7.368069 -3.566147
v 33.272163 1.502277 1.312561
v 32.371124 5.394512 8.021065
v 32.731869 3.797283 16.950317
v 35.379555 -4.612217 25.370964
v 39.078949 -14.239697 31.549217
v 41.215523 -19.534977 37.203239
v 42.096577 -23.379210 41.409203
v 42.272968 -26.749392 44.479469
v 42.279465 -30.085346 46.776161
v 42.324173 -33.783890 48.485115
v 42.412827 -38.019886 49.648415
v 42.514030 -42.429600 50.598152
v 42.621338 -46.453232 52.003273
v 39.114147 -45.709396 -252.862885
v 38.961815 -43.098282 -249.310822
v 38.670410 -40.346920 -245.661407
v 38.255417 -37.674675 -241.878296
v 37.798599 -35.107910 -237.951782
v 37.401402 -32.670685 -233.884125
v 37.130913 -30.638441 -229.654968
v 37.005592 -29.199005 -225.357147
v 37.050678 -28.307310 -221.076309
v 37.237587 -28.101889 -216.880356
v 37.551414 -28.744875 -212.847595
v 37.953857 -30.287952 -208.990082
v 38.388893 -32.593899 -205.338165
v 38.800278 -35.421974 -201.880219
v 39.119133 -37.792160 -198.539978
v 39.307018 -39.411972 -195.182495
v 39.323029 -39.669430 -191.724411
v 39.165695 -38.652657 -188.113327
v 38.942795 -37.222969 -184.284317
v 38.771065 -36.377140 -180.365662
v 38.661030 -36.617332 -176.361511
v 38.624222 -37.810844 -172.338226
v 38.678986 -38.582661 -168.347229
v 38.799713 -38.233902 -164.367188
v 38.921516 -37.060783 -160.399139
v 39.024529 -34.407204 -156.591202
v 39.213295 -30.105015 -153.029419
v 39.605488 -25.219610 -149.527039
v 40.127335 -20.754765 -145.712524
v 40.712971 -17.362011 -141.573425
v 41.295368 -15.270679 -137.165146
v 41.829117 -14.609806 -132.537491
v 42.219685 -15.760448 -127.795799
v 42.225643 -19.343254 -123.299629
v 41.530563 -25.484661 -119.735298
v 40.414921 -32.571335 -116.957382
v 39.464642 -39.006447 -114.129379
v 39.041157 -43.160374 -110.670433
v 38.980751 -45.827343 -106.887810
v 38.980736 -48.238216 -103.074417
v 38.980721 -50.294582 -99.261040
v 38.980705 -51.743942 -95.447639
v 38.980686 -52.521965 -91.634331
v 38.980667 -52.748447 -87.821129
v 38.980667 -52.783958 -84.007729
v 38.980698 -52.819248 -80.194061
v 38.980309 -52.795162 -76.380417
v 38.975937 -52.286274 -72.566284
v 38.969097 -51.126205 -68.740608
v 38.953720 -48.997807 -64.830742
v 38.924034 -45.958572 -60.802483
v 38.881653 -42.463871 -56.668667
v 38.837845 -39.194157 -52.504326
v 38.840797 -36.635323 -48.325298
v 39.279350 -34.943726 -43.934204
v 40.116188 -34.048706 -39.655781
v 40.628185 -33.775616 -35.585381
v 41.036591 -33.642006 -30.619171
v 41.986641 -33.224079 -24.202591
v 42.349194 -32.810783 -18.799118
v 42.115215 -33.027279 -15.568436
v 41.730293 -33.150131 -13.387115
v 41.047039 -32.525642 -11.592514
v 39.578636 -30.736366 -10.193596
v 35.839531 -26.547575 -9.599716
v 30.769215 -19.725708 -8.234886
v 29.266321 -9.894646 -4.640427
v 27.816605 -1.225292 1.112831
v 26.483387 3.241920 7.977470
v 26.486122 2.596397 16.813416
v 28.943361 -3.907413 25.619896
v 33.412415 -14.072262 31.489906
v 35.933174 -20.322899 36.726753
v 37.261639 -24.987638 40.680748
v 37.692333 -28.884331 43.617165
v 37.858772 -32.573708 45.698830
v 38.057953 -36.605934 47.104851
v 38.317886 -41.104343 47.986565
v 38.575012 -45.321552 49.048622
v 38.770916 -48.574169 51.023567
v 35.271667 -45.871586 -252.711792
v 35.122208 -43.488483 -249.117889
v 34.833458 -41.122120 -245.440857
v 34.408897 -38.812546 -241.649048
v 33.915665 -36.610031 -237.744507
v 33.456287 -34.525070 -233.746490
v 33.118454 -32.664455 -229.621399
v 32.948929 -31.158125 -225.465546
v 32.957191 -30.223614 -221.372223
v 33.104198 -30.056644 -217.333817
v 33.386734 -30.759926 -213.404724
v 33.789467 -32.188477 -209.599792
v 34.254765 -34.202759 -205.935074
v 34.727669 -36.582211 -202.383942
v 35.124756 -38.417973 -198.895172
v 35.425293 -39.382698 -195.416458
v 35.562492 -39.082783 -191.870224
v 35.533615 -37.661804 -188.194336
v 35.408531 -36.025429 -184.361969
v 35.290688 -35.237022 -180.433441
v 35.179291 -35.758385 -176.436401
v 35.097946 -37.322186 -172.431564
v 35.084541 -38.340816 -168.445526
v 35.136009 -38.052761 -164.459152
v 35.191261 -36.719257 -160.493439
v 35.240444 -34.028004 -156.655045
v 35.405643 -29.635126 -153.094360
v 35.755302 -24.552601 -149.642365
v 36.244743 -19.828503 -145.866653
v 36.735592 -16.244987 -141.686737
v 37.225178 -14.128937 -137.228790
v 37.687759 -13.571114 -132.526627
v 38.035057 -14.912918 -127.692169
v 38.068932 -18.950035 -123.110306
v 37.429886 -25.998322 -119.639137
v 36.354561 -33.871613 -117.091812
v 35.543480 -40.157009 -114.225273
v 35.209106 -44.013599 -110.684845
v 35.167305 -46.519566 -106.887810
v 35.167305 -48.723831 -103.074348
v 35.167305 -50.608559 -99.260887
v 35.167305 -51.946266 -95.447433
v 35.167305 -52.632904 -91.633972
v 35.167305 -52.843094 -87.820503
v 35.167305 -52.854099 -84.007034
v 35.167305 -52.854099 -80.193573
v 35.167297 -52.787601 -76.380089
v 35.166748 -52.198017 -72.562653
v 35.162598 -50.907917 -68.724503
v 35.151123 -48.705116 -64.798889
v 35.125198 -45.720070 -60.761662
v 35.087357 -42.352325 -56.633572
v 35.046814 -39.217926 -52.478291
v 35.009941 -36.737690 -48.341373
v 35.030487 -35.095116 -44.208748
v 35.186188 -34.229870 -40.093674
v 35.426476 -33.992004 -35.985596
v 35.719585 -34.054176 -31.643013
v 36.697807 -33.800102 -26.201271
v 38.386047 -32.720116 -20.150757
v 39.065826 -32.225632 -16.050964
v 38.931076 -32.156586 -13.418190
v 38.286652 -31.738640 -11.270576
v 36.655159 -29.998888 -9.465302
v 32.215088 -25.502033 -8.683266
v 26.591228 -19.239258 -8.184006
v 23.307747 -11.619999 -5.516647
v 21.308819 -4.504208 0.019066
v 20.151993 -0.604298 7.873253
v 20.173286 -0.313938 16.672714
v 23.114250 -5.368458 25.346245
v 28.620720 -15.173389 30.942619
v 31.420078 -21.719280 35.947609
v 32.894661 -26.788897 39.704369
v 33.461864 -31.108408 42.443382
v 33.769577 -35.160957 44.279350
v 34.105431 -39.355782 45.468040
v 34.455803 -43.475285 46.555229
v 34.772385 -46.917175 48.176079
v 34.990898 -49.541557 50.661339
v 31.425007 -46.564888 -252.500397
v 31.298710 -44.498699 -248.852448
v 31.041733 -42.523777 -245.149078
v 30.641088 -40.574974 -241.362091
v 30.162821 -38.653759 -237.497833
v 29.689404 -36.681850 -233.563721
v 29.310825 -34.923592 -229.554871
v 29.097530 -33.457581 -225.539032
v 29.067432 -32.519836 -221.595108
v 29.191053 -32.298485 -217.714935
v 29.456392 -32.901482 -213.918793
v 29.848484 -34.104385 -210.185730
v 30.313133 -35.782696 -206.505035
v 30.795267 -37.607452 -202.881683
v 31.238274 -38.640949 -199.326996
v 31.604891 -38.844418 -195.788284
v 31.834665 -37.839966 -192.191650
v 31.938158 -35.872787 -188.506378
v 31.932554 -33.962173 -184.682922
v 31.876097 -33.219074 -180.729828
v 31.770231 -34.054821 -176.723053
v 31.638090 -36.097725 -172.680756
v 31.543882 -37.598503 -168.636658
v 31.503683 -37.570705 -164.624741
v 31.481966 -36.232941 -160.650116
v 31.468922 -33.525711 -156.792175
v 31.598469 -29.204206 -153.196777
v 31.885168 -23.832930 -149.748871
v 32.267666 -18.556877 -145.910492
v 32.641205 -14.618004 -141.626633
v 32.982323 -12.346561 -137.017944
v 33.311028 -11.843811 -132.177460
v 33.611740 -13.396545 -127.224693
v 33.703033 -17.726498 -122.595543
v 33.255314 -25.307661 -119.142143
v 32.326996 -34.130272 -116.803001
v 31.631479 -40.665352 -114.119690
v 31.383995 -44.445206 -110.681168
v 31.353846 -46.820374 -106.887810
v 31.353846 -48.878941 -103.074348
v 31.353846 -50.679047 -99.260887
v 31.353846 -51.956417 -95.447418
v 31.353846 -52.645519 -91.633957
v 31.353846 -52.851345 -87.820496
v 31.353846 -52.854099 -84.007034
v 31.353846 -52.854099 -80.193573
v 31.353888 -52.696709 -76.379990
v 31.355757 -51.979877 -72.559784
v 31.353724 -50.563553 -68.707443
v 31.343508 -48.301899 -64.767548
v 31.321083 -45.397926 -60.731750
v 31.288212 -42.234962 -56.617332
v 31.251263 -39.307041 -52.474079
v 31.215822 -36.987103 -48.345646
v 31.185373 -35.441872 -44.253590
v 31.167667 -34.631039 -40.197235
v 31.151726 -34.360638 -36.168449
v 31.176771 -34.395306 -32.095337
v 31.422802 -34.465836 -27.849663
v 32.584724 -33.579575 -22.803223
v 34.357597 -31.693195 -17.583351
v 34.958134 -30.692657 -13.884865
v 34.454388 -30.224009 -11.137001
v 32.583351 -28.513391 -9.012848
v 27.881073 -23.973471 -8.246567
v 22.529854 -18.272861 -8.017937
v 17.236839 -10.399677 -6.413445
v 12.635857 -3.545555 -1.173561
v 11.279015 -1.960041 6.814453
v 13.390488 -3.989216 16.090370
v 17.793530 -8.880257 23.999908
v 24.409801 -18.066730 29.199928
v 27.573812 -24.453342 34.323036
v 29.012142 -29.176777 38.067421
v 29.603165 -33.297813 40.724297
v 29.855734 -37.159885 42.741508
v 30.047285 -40.709419 44.510307
v 30.338161 -43.790733 46.302849
v 30.746889 -46.392456 48.430824
v 31.087059 -48.643166 51.081734
v 27.578671 -47.529076 -252.271698
v 27.487602 -45.838058 -248.583862
v 27.288252 -44.227207 -244.852692
v 26.953041 -42.596512 -241.074097
v 26.534094 -40.837322 -237.247925
v 26.095692 -39.010780 -233.365479
v 25.726130 -37.272827 -229.452301
v 25.485392 -35.819427 -225.554672
v 25.417583 -34.785831 -221.728012
v 25.513647 -34.531364 -217.976776
v 25.760717 -34.972816 -214.283051
v 26.121807 -35.881203 -210.590302
v 26.550207 -37.209480 -206.904160
v 26.996809 -38.443623 -203.284683
v 27.426695 -38.700207 -199.748795
v 27.804007 -38.076019 -196.227509
v 28.096876 -36.189373 -192.666702
v 28.285830 -33.453018 -189.010117
v 28.360249 -31.137129 -185.172852
v 28.352699 -30.326008 -181.219940
v 28.263119 -31.275999 -177.203934
v 28.108944 -33.727612 -173.105652
v 27.961374 -35.809029 -168.982971
v 27.855093 -36.386169 -164.896896
v 27.766760 -35.346527 -160.886734
v 27.698902 -32.933105 -156.982239
v 27.761833 -28.834242 -153.346237
v 27.939585 -23.047554 -149.788834
v 28.141066 -17.107922 -145.791626
v 28.339031 -12.718536 -141.294373
v 28.532742 -10.268528 -136.462112
v 28.747255 -9.755959 -131.412964
v 28.985733 -11.411800 -126.317551
v 29.163078 -15.891365 -121.629982
v 28.995926 -23.576111 -118.180023
v 28.343573 -33.114262 -115.992043
v 27.763639 -40.358833 -113.673790
v 27.567541 -44.438015 -110.578300
v 27.540388 -46.833641 -106.887794
v 27.540384 -48.832108 -103.074348
v 27.540384 -50.587116 -99.260887
v 27.540384 -51.920151 -95.447418
v 27.540384 -52.652771 -91.633957
v 27.540384 -52.853176 -87.820496
v 27.540384 -52.853779 -84.007034
v 27.540384 -52.790878 -80.193573
v 27.540430 -52.450867 -76.379990
v 27.541895 -51.625282 -72.557144
v 27.541519 -50.146137 -68.695862
v 27.531490 -47.912296 -64.746780
v 27.511127 -45.156914 -60.715027
v 27.483301 -42.262150 -56.626434
v 27.449636 -39.561058 -52.501522
v 27.415762 -37.423832 -48.384769
v 27.384998 -36.003815 -44.297855
v 27.353220 -35.246826 -40.244625
v 27.277992 -34.869564 -36.211563
v 27.138802 -34.728542 -32.232948
v 26.956577 -34.590340 -28.341507
v 27.017555 -34.147598 -24.316368
v 27.957275 -32.364334 -19.671463
v 29.232224 -30.302217 -15.055847
v 29.412838 -29.183262 -11.415741
v 27.702154 -27.175358 -9.076118
v 23.681519 -23.032499 -8.272057
v 18.320034 -17.639900 -8.251007
v 10.878338 -9.261356 -6.563927
v 6.133450 -4.369396 -0.136002
v 5.122425 -4.276447 7.429306
v 7.274345 -7.737160 15.419647
v 13.957218 -14.549938 22.006531
v 21.059032 -22.980883 26.592781
v 24.226206 -28.769373 31.852394
v 25.521984 -32.606697 35.793404
v 25.734255 -35.422127 38.927238
v 25.563351 -37.802975 41.741127
v 25.470091 -39.954540 44.355141
v 25.723286 -41.969646 46.903893
v 26.266867 -43.988605 49.486534
v 26.840546 -46.101761 52.159126
v 23.735329 -48.482647 -252.078888
v 23.679424 -47.020218 -248.354950
v 23.545658 -45.661983 -244.615021
v 23.303562 -44.302116 -240.842865
v 22.971058 -42.688122 -237.029877
v 22.603909 -40.902027 -233.181824
v 22.279800 -39.242203 -229.323944
v 22.047298 -37.821159 -225.519028
v 21.953201 -36.851219 -221.798950
v 22.010479 -36.545128 -218.123047
v 22.205994 -36.810921 -214.468933
v 22.507648 -37.541924 -210.791046
v 22.866257 -38.568230 -207.137634
v 23.233978 -39.184746 -203.564911
v 23.597843 -38.836128 -200.081604
v 23.916451 -37.234280 -196.662689
v 24.207600 -34.197121 -193.203857
v 24.421831 -30.711702 -189.556030
v 24.533724 -28.161016 -185.692154
v 24.560764 -27.186007 -181.746689
v 24.508921 -28.040438 -177.748444
v 24.390320 -30.565567 -173.651840
v 24.250263 -33.109665 -169.465576
v 24.126514 -34.352760 -165.269043
v 24.014915 -34.020187 -161.173233
v 23.914101 -32.203236 -157.178528
v 23.881241 -28.519825 -153.501404
v 23.899033 -22.475117 -149.791901
v 23.921257 -15.819962 -145.588379
v 23.938522 -11.057816 -140.824036
v 23.987427 -8.544464 -135.731964
v 24.097626 -8.078506 -130.458145
v 24.292856 -9.759838 -125.193481
v 24.546860 -14.039993 -120.437859
v 24.648895 -21.307972 -116.982292
v 24.328062 -30.917725 -114.843849
v 23.937580 -39.091625 -112.921532
v 23.778160 -43.826866 -110.273224
v 23.735256 -46.563099 -106.848030
v 23.726921 -48.653484 -103.074348
v 23.726921 -50.492485 -99.260887
v 23.726921 -51.875099 -95.447418
v 23.726921 -52.650578 -91.633957
v 23.726921 -52.852421 -87.820496
v 23.726921 -52.810165 -84.007034
v 23.726921 -52.608212 -80.193573
v 23.726925 -52.123123 -76.380096
v 23.727348 -51.232868 -72.555786
v 23.725475 -49.750252 -68.692055
v 23.715511 -47.618042 -64.744278
v 23.696682 -45.067970 -60.722633
v 23.671669 -42.467411 -56.656792
v 23.641472 -40.075008 -52.560513
v 23.609623 -38.177490 -48.464268
v 23.577110 -36.873154 -44.384365
v 23.533501 -36.124969 -40.328197
v 23.434452 -35.695724 -36.293228
v 23.254318 -35.360073 -32.326080
v 22.971470 -34.979389 -28.500664
v 22.687546 -34.522156 -24.789314
v 22.742123 -33.387909 -20.919662
v 23.449100 -31.431213 -16.680046
v 23.941223 -29.550634 -12.631264
v 22.577503 -26.887863 -9.960709
v 19.307636 -23.074139 -8.802460
v 14.272209 -18.315712 -8.322388
v 6.471027 -11.271740 -5.492218
v 2.466259 -7.914379 1.461319
v 2.089233 -8.637459 8.661415
v 4.860336 -12.804417 15.592445
v 12.252434 -20.802185 20.522354
v 18.378193 -28.466717 24.534348
v 21.075317 -33.610985 29.262398
v 21.702579 -35.529655 33.521782
v 21.096405 -35.508614 37.455345
v 20.467319 -35.384777 41.080727
v 20.288368 -36.098064 44.388359
v 20.729076 -37.914726 47.477470
v 21.585281 -40.464798 50.354042
v 22.431465 -43.207035 53.065773
v 19.909039 -49.233669 -251.955139
v 19.863323 -47.814213 -248.195404
v 19.780781 -46.629704 -244.423035
v 19.625187 -45.297600 -240.635376
v 19.392174 -43.691803 -236.832794
v 19.119865 -41.934780 -233.011627
v 18.861595 -40.327312 -229.192383
v 18.665443 -38.920624 -225.438599
v 18.568573 -38.000710 -221.769531
v 18.588783 -37.742432 -218.141144
v 18.717236 -38.066948 -214.488312
v 18.940670 -38.829178 -210.808624
v 19.197918 -39.507500 -207.191742
v 19.445179 -39.698879 -203.662888
v 19.674507 -38.799660 -200.265701
v 19.875080 -36.397263 -196.976349
v 20.089550 -32.483696 -193.620605
v 20.253372 -28.409117 -189.992035
v 20.370945 -25.639158 -186.130219
v 20.427475 -24.509357 -182.188171
v 20.418419 -25.140322 -178.217712
v 20.370590 -27.430719 -174.168915
v 20.321072 -30.239466 -169.955872
v 20.265453 -32.269814 -165.653412
v 20.186459 -32.706841 -161.418945
v 20.088631 -31.566074 -157.331421
v 19.979870 -28.367271 -153.624969
v 19.819012 -22.243704 -149.859131
v 19.669800 -15.163971 -145.523087
v 19.557419 -10.167797 -140.513489
v 19.527405 -7.621777 -135.184814
v 19.589558 -7.216064 -129.755112
v 19.775581 -8.891090 -124.400894
v 20.066765 -12.907635 -119.612892
v 20.306061 -19.599915 -116.064980
v 20.278118 -28.666187 -113.862694
v 20.092903 -37.339584 -112.118843
v 19.996628 -42.845985 -109.871307
v 19.938587 -46.114468 -106.746468
v 19.914959 -48.443077 -103.068817
v 19.913460 -50.385624 -99.260887
v 19.913460 -51.840172 -95.447418
v 19.913460 -52.625023 -91.633957
v 19.913460 -52.829865 -87.820496
v 19.913460 -52.701813 -84.007034
v 19.913460 -52.374489 -80.193573
v 19.913460 -51.781757 -76.380112
v 19.912800 -50.849651 -72.556610
v 19.909367 -49.457523 -68.696724
v 19.897358 -47.491554 -64.761551
v 19.878826 -45.192596 -60.759209
v 19.855728 -42.893295 -56.718018
v 19.827526 -40.802940 -52.648369
v 19.796211 -39.153191 -48.575481
v 19.762257 -38.007599 -44.512058
v 19.713165 -37.295410 -40.464512
v 19.608585 -36.834301 -36.438011
v 19.421925 -36.440567 -32.486610
v 19.136490 -35.936546 -28.675484
v 18.816597 -35.488281 -25.029282
v 18.598839 -34.727531 -21.470940
v 18.647144 -33.407394 -17.834335
v 18.725761 -31.521841 -14.141312
v 17.414536 -28.521223 -11.249573
v 14.407558 -24.783644 -9.610947
v 10.523777 -21.000996 -7.821365
v 4.613804 -16.330185 -3.846016
v 1.149933 -13.761177 2.872223
v 1.212330 -14.810486 9.681190
v 4.518204 -19.134773 15.721428
v 11.106209 -26.198097 20.067017
v 15.611153 -32.846554 23.627609
v 17.483311 -36.583340 27.545357
v 17.142475 -35.887173 31.706398
v 16.024265 -33.122936 35.880577
v 15.265648 -31.336761 39.887352
v 15.207558 -31.294170 43.657326
v 15.851776 -32.921055 47.254616
v 16.931030 -36.148129 50.542168
v 18.023071 -40.214870 53.405937
v 16.093567 -49.773575 -251.872559
v 16.056297 -48.412632 -248.083588
v 15.995022 -47.070770 -244.274292
v 15.899925 -45.496300 -240.448792
v 15.754028 -43.676208 -236.624756
v 15.574318 -41.884876 -232.813324
v 15.392925 -40.281715 -229.038269
v 15.241600 -38.919628 -225.340302
v 15.149784 -38.102921 -221.707153
v 15.135777 -37.973804 -218.089218
v 15.207085 -38.457878 -214.428421
v 15.344971 -39.318802 -210.751587
v 15.494801 -39.987152 -207.162720
v 15.600040 -39.978268 -203.688171
v 15.649990 -38.811996 -200.356018
v 15.682148 -35.974876 -197.155670
v 15.762619 -31.625715 -193.856384
v 15.857426 -27.229567 -190.267517
v 15.947422 -24.222458 -186.416718
v 16.006813 -22.911953 -182.467133
v 16.032082 -23.275976 -178.521774
v 16.062397 -25.263475 -174.524506
v 16.124077 -28.079672 -170.311981
v 16.208641 -30.603947 -165.931152
v 16.255360 -31.739140 -161.572495
v 16.213764 -31.169609 -157.419464
v 16.070938 -28.243460 -153.746872
v 15.800495 -22.442656 -150.065109
v 15.508018 -15.348904 -145.761093
v 15.286049 -10.245968 -140.665436
v 15.193192 -7.662323 -135.195023
v 15.239086 -7.246891 -129.679428
v 15.436363 -8.827896 -124.339119
v 15.763107 -12.560383 -119.549034
v 16.088512 -18.732849 -115.863548
v 16.235207 -27.124521 -113.436752
v 16.218800 -35.608696 -111.570694
v 16.197277 -41.573017 -109.516136
v 16.139942 -45.493279 -106.638092
v 16.105991 -48.198818 -103.052254
v 16.099995 -50.258820 -99.260887
v 16.099995 -51.747345 -95.447418
v 16.099995 -52.566177 -91.633957
v 16.099995 -52.775494 -87.820496
v 16.099995 -52.567417 -84.007034
v 16.099995 -52.146366 -80.193573
v 16.099995 -51.479214 -76.380112
v 16.098717 -50.555119 -72.559402
v 16.094395 -49.267178 -68.708572
v 16.081738 -47.559357 -64.793564
v 16.062401 -45.560646 -60.817898
v 16.039345 -43.576614 -56.806210
v 16.012283 -41.819401 -52.771488
v 15.980236 -40.401535 -48.721352
v 15.944962 -39.412811 -44.677277
v 15.898464 -38.756771 -40.649094
v 15.808281 -38.302998 -36.643890
v 15.656517 -37.956177 -32.702827
v 15.413364 -37.531902 -28.895821
v 15.145706 -37.171272 -25.229935
v 14.903336 -36.671432 -21.706299
v 14.718300 -35.768627 -18.272903
v 14.290642 -34.276203 -14.947243
v 12.950897 -31.773277 -11.866661
v 10.043343 -28.324066 -9.563957
v 7.097569 -25.548464 -6.843948
v 3.839310 -23.222290 -2.294487
v 1.542580 -21.716972 3.786537
v 1.630859 -22.388432 10.029984
v 4.580410 -25.769032 15.677612
v 9.117443 -30.667080 20.208893
v 12.116169 -34.915741 23.576950
v 12.779537 -35.695038 27.172325
v 12.168049 -33.307472 30.842995
v 11.365047 -30.913063 34.516823
v 10.905647 -29.528379 38.337334
v 10.993889 -29.178453 42.300499
v 11.583069 -30.007616 46.307213
v 12.562649 -32.294857 50.051094
v 13.671360 -36.319893 53.336006
v 12.287098 -50.003292 -251.822388
v 12.265266 -48.539951 -248.008881
v 12.226749 -46.824711 -244.147766
v 12.172047 -44.888092 -240.267822
v 12.076485 -42.801064 -236.404846
v 11.951324 -40.892246 -232.585052
v 11.822792 -39.303528 -228.847565
v 11.705406 -38.008240 -225.202026
v 11.620060 -37.358036 -221.601471
v 11.585255 -37.395485 -218.003738
v 11.608452 -38.056942 -214.365829
v 11.665874 -39.098907 -210.721802
v 11.714741 -39.893032 -207.174683
v 11.687462 -39.881996 -203.741089
v 11.573547 -38.705009 -200.415268
v 11.429905 -35.982315 -197.203629
v 11.345383 -31.643126 -193.918869
v 11.341312 -27.181957 -190.352020
v 11.381001 -24.119240 -186.522690
v 11.419552 -22.690910 -182.585175
v 11.477192 -22.862127 -178.657013
v 11.577908 -24.659674 -174.656204
v 11.755066 -27.385881 -170.437408
v 11.997372 -29.972553 -166.020020
v 12.206436 -31.438290 -161.609528
v 12.288502 -31.138359 -157.456039
v 12.177704 -28.400127 -153.849213
v 11.894268 -23.096476 -150.342300
v 11.530205 -16.370239 -146.244843
v 11.234150 -11.313652 -141.319794
v 11.082310 -8.622898 -135.925873
v 11.095142 -8.111488 -130.444977
v 11.282242 -9.608334 -125.121223
v 11.615383 -13.130623 -120.352997
v 11.963371 -18.796009 -116.563507
v 12.205448 -26.401945 -113.780701
v 12.320614 -34.240494 -111.529587
v 12.366375 -40.241177 -109.355331
v 12.330841 -44.532410 -106.570328
v 12.295551 -47.626213 -103.041039
v 12.286533 -49.946846 -99.260887
v 12.286533 -51.544140 -95.447418
v 12.286533 -52.453491 -91.633957
v 12.286533 -52.696472 -87.820496
v 12.286533 -52.444233 -84.007034
v 12.286533 -51.964256 -80.193573
v 12.286533 -51.267937 -76.380112
v 12.285503 -50.372383 -72.562630
v 12.281010 -49.222721 -68.723969
v 12.269035 -47.764656 -64.834297
v 12.250378 -46.127014 -60.890862
v 12.227901 -44.505745 -56.912498
v 12.202030 -43.092415 -52.913151
v 12.170834 -41.973507 -48.898335
v 12.135040 -41.134781 -44.880783
v 12.095005 -40.517570 -40.877609
v 12.030502 -40.084679 -36.901466
v 11.931202 -39.828041 -32.976295
v 11.769386 -39.564514 -29.155548
v 11.577766 -39.285549 -25.456337
v 11.405571 -38.927162 -21.865021
v 11.204048 -38.254578 -18.368721
v 10.484035 -36.937504 -15.088799
v 9.026939 -34.962563 -11.918976
v 6.451294 -32.355064 -8.923965
v 3.737606 -30.297537 -5.644386
v 1.875145 -29.269091 -1.365723
v 0.964909 -28.878944 4.086502
v 1.284309 -29.372719 9.988052
v 3.166069 -31.070992 15.755829
v 5.844517 -33.296619 20.332802
v 7.775249 -34.725403 23.891151
v 7.998119 -33.182743 27.440437
v 7.756943 -31.192495 30.664452
v 7.545589 -29.920839 33.773827
v 7.498386 -29.136831 37.083870
v 7.657516 -28.731255 40.874779
v 8.107010 -29.037571 44.962456
v 8.832077 -30.436573 49.026665
v 9.697422 -33.392853 52.788445
v 8.489552 -49.729782 -251.813202
v 8.494152 -48.062912 -247.952026
v 8.488918 -46.067738 -244.031189
v 8.458965 -43.870884 -240.090149
v 8.392532 -41.670853 -236.179565
v 8.299736 -39.782249 -232.339203
v 8.192101 -38.248470 -228.603455
v 8.085522 -37.052723 -224.978424
v 7.998108 -36.463966 -221.418671
v 7.942574 -36.597027 -217.865051
v 7.926628 -37.366413 -214.279785
v 7.934734 -38.529064 -210.713181
v 7.886417 -39.409672 -207.228302
v 7.747433 -39.522614 -203.807678
v 7.517700 -38.591736 -200.452362
v 7.217030 -36.188210 -197.163300
v 6.980114 -32.296402 -193.834625
v 6.844803 -28.062784 -190.262222
v 6.795090 -25.058193 -186.447906
v 6.808552 -23.597406 -182.534271
v 6.880493 -23.736578 -178.593506
v 7.049759 -25.485157 -174.545685
v 7.350277 -28.067318 -170.306107
v 7.740303 -30.499271 -165.899414
v 8.101452 -31.953049 -161.510361
v 8.320156 -31.545948 -157.437775
v 8.305408 -28.837177 -153.957352
v 8.089699 -24.135983 -150.669006
v 7.735764 -18.020882 -146.874329
v 7.431454 -13.029305 -142.267410
v 7.246178 -10.292118 -137.186096
v 7.209557 -9.685307 -131.935776
v 7.343117 -11.051487 -126.760757
v 7.621056 -14.390408 -122.026665
v 7.938484 -19.676262 -118.078415
v 8.205757 -26.406841 -114.843102
v 8.396305 -33.343071 -112.064484
v 8.503712 -39.042019 -109.487663
v 8.507179 -43.323833 -106.582718
v 8.481407 -46.551968 -103.041527
v 8.473049 -49.153870 -99.260902
v 8.473057 -51.043236 -95.447433
v 8.473068 -52.156815 -91.633965
v 8.473068 -52.570107 -87.820496
v 8.473068 -52.359512 -84.007034
v 8.473068 -51.859100 -80.193573
v 8.473068 -51.173615 -76.380112
v 8.472744 -50.320122 -72.565392
v 8.469135 -49.323437 -68.737442
v 8.458954 -48.133820 -64.874680
v 8.442387 -46.816521 -60.966652
v 8.421806 -45.561951 -57.025078
v 8.398262 -44.527458 -53.065491
v 8.369011 -43.704758 -49.087826
v 8.334194 -43.013428 -45.104736
v 8.296673 -42.433430 -41.132740
v 8.255714 -42.029114 -37.191586
v 8.201359 -41.784142 -33.294228
v 8.129986 -41.675884 -29.461395
v 8.028252 -41.514793 -25.721275
v 7.914143 -41.239502 -22.064354
v 7.673233 -40.537724 -18.480247
v 6.937767 -39.237473 -15.020622
v 5.350731 -37.174095 -11.684952
v 3.355289 -35.024651 -8.258232
v 1.190315 -33.490913 -4.536705
v -0.221874 -33.014427 -0.290810
v -0.660992 -32.921192 4.518921
v -0.522083 -32.469101 9.965996
v 0.180313 -32.239479 15.478081
v 1.678951 -32.772476 20.235817
v 3.245296 -33.022015 24.120682
v 3.962612 -31.726532 27.385155
v 4.176788 -30.462889 30.345222
v 4.320206 -29.675648 33.306633
v 4.575962 -29.187899 36.372337
v 4.859589 -28.863966 39.828667
v 5.230003 -28.906454 43.772865
v 5.690182 -29.730022 47.984962
v 6.256577 -31.858654 52.047813
v 4.704533 -49.035198 -251.817413
v 4.742943 -47.110237 -247.913422
v 4.783672 -44.963642 -243.935577
v 4.783421 -42.739994 -239.931854
v 4.732388 -40.594833 -235.965363
v 4.647236 -38.853638 -232.082733
v 4.538124 -37.522552 -228.322540
v 4.430485 -36.526901 -224.698517
v 4.335201 -36.062698 -221.163635
v 4.255634 -36.267960 -217.655746
v 4.203457 -37.067684 -214.131866
v 4.165539 -38.253654 -210.631653
v 4.051510 -39.139729 -207.217651
v 3.833031 -39.327789 -203.846680
v 3.515862 -38.506588 -200.468140
v 3.130550 -36.467072 -197.088898
v 2.777111 -33.218559 -193.659088
v 2.518093 -29.513269 -190.038651
v 2.372597 -26.787088 -186.219879
v 2.338772 -25.481792 -182.302765
v 2.419220 -25.691950 -178.321060
v 2.645550 -27.407169 -174.221649
v 3.048309 -29.842566 -169.964355
v 3.553490 -31.981997 -165.606079
v 4.031326 -33.036781 -161.310318
v 4.348370 -32.148140 -157.409882
v 4.435322 -29.239670 -154.081512
v 4.329620 -25.058065 -150.964874
v 4.059681 -19.751175 -147.497971
v 3.786728 -15.123066 -143.304230
v 3.609795 -12.357422 -138.551147
v 3.550148 -11.617107 -133.631592
v 3.612446 -12.835331 -128.788681
v 3.795258 -15.953617 -124.171509
v 4.047771 -20.886803 -120.020798
v 4.282619 -26.875698 -116.309448
v 4.488857 -32.870598 -112.976181
v 4.630081 -38.029247 -109.873344
v 4.673023 -42.000145 -106.671005
v 4.663319 -45.175030 -103.056992
v 4.659538 -47.899429 -99.260979
v 4.659538 -50.060719 -95.447510
v 4.659580 -51.476471 -91.633743
v 4.659649 -52.174389 -87.819778
v 4.659618 -52.244423 -84.006813
v 4.659603 -51.845535 -80.193573
v 4.659603 -51.196636 -76.380112
v 4.659603 -50.422943 -72.566650
v 4.657906 -49.549721 -68.746552
v 4.650864 -48.620014 -64.906647
v 4.637318 -47.648109 -61.034023
v 4.619881 -46.741325 -57.131351
v 4.599823 -46.023666 -53.210022
v 4.574245 -45.464611 -49.273037
v 4.542458 -44.919880 -45.327702
v 4.507835 -44.401909 -41.390495
v 4.475357 -43.962139 -37.479233
v 4.447025 -43.654980 -33.607224
v 4.419956 -43.497910 -29.779640
v 4.398117 -43.405476 -26.001877
v 4.353470 -43.164970 -22.279449
v 4.102905 -42.508873 -18.617058
v 3.392044 -41.076263 -14.991356
v 1.852596 -38.809311 -11.408066
v 0.183399 -36.651005 -7.716454
v -1.224239 -35.417641 -3.804253
v -2.364811 -34.810760 0.514740
v -2.976688 -33.976822 5.168205
v -3.149334 -32.394260 10.138824
v -2.804394 -31.107075 15.120445
v -1.789974 -30.813175 19.711685
v -0.459763 -30.953020 23.683868
v 0.598225 -30.602110 26.935402
v 1.084896 -29.968168 29.860939
v 1.422543 -29.553679 32.816307
v 1.814346 -29.273214 35.885231
v 2.216415 -29.103394 39.181221
v 2.536713 -29.078138 43.003227
v 2.815090 -29.589514 47.239784
v 3.145039 -31.218140 51.427589
v 0.930443 -48.261658 -251.812134
v 1.008812 -45.976471 -247.867340
v 1.084633 -43.710300 -243.848175
v 1.117126 -41.626259 -239.793884
v 1.100391 -39.751865 -235.761322
v 1.036011 -38.211067 -231.825531
v 0.931351 -37.130966 -228.023712
v 0.817989 -36.436695 -224.380264
v 0.701340 -36.244987 -220.854095
v 0.581314 -36.556477 -217.384888
v 0.474110 -37.401405 -213.929260
v 0.387154 -38.554497 -210.498932
v 0.232021 -39.390640 -207.123718
v -0.031284 -39.465302 -203.806396
v -0.396729 -38.658852 -200.431458
v -0.811195 -36.870571 -196.971375
v -1.214474 -34.264862 -193.411011
v -1.544540 -31.313597 -189.712463
v -1.757996 -29.088715 -185.859497
v -1.828159 -28.057222 -181.915817
v -1.736542 -28.438667 -177.887604
v -1.468235 -30.166136 -173.743317
v -1.021152 -32.353470 -169.490189
v -0.455288 -34.028461 -165.203979
v 0.068344 -34.309540 -161.083069
v 0.438293 -32.800812 -157.379623
v 0.587128 -29.611326 -154.170975
v 0.552185 -25.527660 -151.158936
v 0.391357 -21.063887 -147.927094
v 0.199261 -17.072670 -144.112015
v 0.068298 -14.415096 -139.728333
v 0.013924 -13.553089 -135.081131
v 0.029442 -14.561031 -130.476990
v 0.127033 -17.430927 -126.036942
v 0.291821 -21.847254 -121.749817
v 0.468285 -27.253704 -117.699188
v 0.640305 -32.621246 -113.891319
v 0.776173 -37.194199 -110.338760
v 0.842266 -40.690685 -106.777794
v 0.845860 -43.689892 -103.073662
v 0.846458 -46.390469 -99.255653
v 0.847980 -48.656387 -95.425583
v 0.849216 -50.305096 -91.597588
v 0.849499 -51.309353 -87.776169
v 0.848946 -51.738453 -83.966957
v 0.847828 -51.732723 -80.168877
v 0.846638 -51.309647 -76.373444
v 0.846138 -50.657555 -72.566650
v 0.845917 -49.934937 -68.752319
v 0.843037 -49.197350 -64.927826
v 0.833923 -48.501865 -61.081676
v 0.820339 -47.936008 -57.215801
v 0.804512 -47.533875 -53.333828
v 0.783955 -47.210354 -49.436356
v 0.757217 -46.804829 -45.526680
v 0.727325 -46.305744 -41.618519
v 0.698753 -45.789764 -37.728119
v 0.675884 -45.348263 -33.868034
v 0.661728 -45.000244 -30.041275
v 0.658031 -44.711067 -26.246407
v 0.657993 -44.403534 -22.479073
v 0.484215 -43.796703 -18.741432
v -0.169434 -42.411175 -14.998489
v -1.457397 -40.083973 -11.179176
v -2.854858 -37.772465 -7.237480
v -3.788597 -36.476341 -3.217682
v -4.638474 -35.484886 1.099380
v -5.403927 -33.710934 5.737244
v -5.742355 -31.362352 10.392021
v -5.379860 -29.842522 14.903435
v -4.565498 -29.451767 19.169594
v -3.523201 -29.641445 23.014694
v -2.430843 -29.752243 26.294632
v -1.755497 -29.566290 29.260384
v -1.326336 -29.370523 32.243111
v -0.932774 -29.241814 35.359779
v -0.555626 -29.186737 38.695717
v -0.264004 -29.179987 42.472496
v -0.104538 -29.590755 46.700676
v 0.061546 -30.987312 50.978218
v -2.838146 -47.648926 -251.795349
v -2.725525 -45.092514 -247.824707
v -2.623837 -42.731434 -243.781464
v -2.552723 -40.713051 -239.684753
v -2.527531 -39.088459 -235.596558
v -2.557312 -37.864635 -231.604156
v -2.631512 -37.084496 -227.751984
v -2.733967 -36.752815 -224.070374
v -2.865917 -36.902306 -220.538849
v -3.011635 -37.414665 -217.093719
v -3.175159 -38.242779 -213.713867
v -3.330189 -39.299599 -210.359283
v -3.537083 -39.957680 -207.034546
v -3.822830 -39.954441 -203.718689
v -4.190147 -39.179802 -200.330597
v -4.594273 -37.546261 -196.803528
v -4.991032 -35.400909 -193.141144
v -5.335892 -33.300365 -189.338928
v -5.570076 -31.698891 -185.440887
v -5.642185 -31.071306 -181.452347
v -5.529751 -31.686037 -177.370697
v -5.228718 -33.377136 -173.198929
v -4.776917 -35.218033 -168.983322
v -4.239792 -36.186813 -164.810913
v -3.732941 -35.645180 -160.875763
v -3.380253 -33.498730 -157.343353
v -3.222992 -30.139837 -154.192230
v -3.245331 -26.006550 -151.202042
v -3.342567 -21.908594 -148.068588
v -3.445419 -18.490910 -144.497253
v -3.511566 -16.124027 -140.406097
v -3.527908 -15.222816 -135.986084
v -3.504913 -16.004009 -131.504364
v -3.444462 -18.435791 -127.091652
v -3.357147 -22.378935 -122.786850
v -3.247894 -27.390846 -118.561813
v -3.128448 -32.353287 -114.510101
v -3.026192 -36.473862 -110.647858
v -2.976627 -39.500427 -106.858467
v -2.967098 -42.199017 -103.068573
v -2.963833 -44.765312 -99.219299
v -2.961304 -46.968552 -95.341927
v -2.960815 -48.667423 -91.463188
v -2.961994 -49.873661 -87.613182
v -2.963886 -50.659401 -83.804268
v -2.965305 -51.092522 -80.035599
v -2.966030 -51.172604 -76.290588
v -2.966648 -50.905422 -72.540367
v -2.967339 -50.409416 -68.752762
v -2.967712 -49.867611 -64.938210
v -2.970963 -49.391529 -61.112705
v -2.979092 -49.030579 -57.270493
v -2.989864 -48.856937 -53.419388
v -3.005219 -48.740356 -49.556206
v -3.025764 -48.479412 -45.683132
v -3.049347 -48.029560 -41.805401
v -3.072899 -47.460148 -37.932533
v -3.092762 -46.866699 -34.075508
v -3.106228 -46.310780 -30.240082
v -3.111874 -45.785416 -26.425720
v -3.109455 -45.294586 -22.629944
v -3.165699 -44.798374 -18.847641
v -3.606689 -43.404373 -14.987228
v -4.452736 -40.879501 -10.912704
v -5.509876 -38.257973 -6.667633
v -6.275661 -36.734798 -2.493675
v -7.005245 -35.447403 1.717270
v -7.835148 -33.168343 6.143311
v -8.188152 -30.714443 10.482811
v -7.876789 -29.168222 14.708122
v -7.280407 -28.682226 18.738678
v -6.493198 -28.900042 22.452431
v -5.575497 -29.200836 25.731758
v -4.814014 -29.259708 28.725243
v -4.335266 -29.219942 31.740120
v -4.011486 -29.177015 34.923500
v -3.723396 -29.155390 38.337379
v -3.477024 -29.196119 42.106834
v -3.331867 -29.608423 46.294762
v -3.243462 -30.932495 50.604301
v -6.623722 -47.289059 -251.775299
v -6.488815 -44.667206 -247.793427
v -6.359035 -42.259377 -243.735352
v -6.244656 -40.225952 -239.616852
v -6.180294 -38.711773 -235.500427
v -6.153397 -37.708771 -231.457977
v -6.182499 -37.257923 -227.557922
v -6.266682 -37.377129 -223.834106
v -6.396973 -37.947994 -220.287384
v -6.560631 -38.704914 -216.864014
v -6.766129 -39.485340 -213.529053
v -6.981556 -40.276077 -210.240723
v -7.231495 -40.773983 -206.959854
v -7.526936 -40.702454 -203.643707
v -7.863728 -39.931320 -200.231537
v -8.231281 -38.379169 -196.652802
v -8.569370 -36.601967 -192.923630
v -8.858829 -35.120346 -189.063004
v -9.056515 -34.221840 -185.085724
v -9.108524 -34.008156 -181.041656
v -8.976437 -34.849667 -176.917358
v -8.671192 -36.465488 -172.736694
v -8.255505 -37.815666 -168.572815
v -7.812435 -37.983006 -164.531326
v -7.401955 -36.802383 -160.731461
v -7.116337 -34.311890 -157.250183
v -7.000813 -30.852016 -154.110733
v -7.028107 -26.906855 -151.075653
v -7.101551 -23.049158 -147.913223
v -7.154469 -19.927925 -144.422699
v -7.166065 -17.766628 -140.506042
v -7.142139 -16.902412 -136.257843
v -7.088745 -17.477444 -131.854477
v -7.018654 -19.503212 -127.450348
v -6.943447 -22.935921 -123.112450
v -6.865707 -27.406441 -118.847916
v -6.802555 -31.896645 -114.713333
v -6.778534 -35.730278 -110.741219
v -6.783077 -38.525818 -106.885986
v -6.778645 -40.932770 -103.045685
v -6.774807 -43.203526 -99.139687
v -6.774429 -45.149921 -95.178436
v -6.781265 -46.696453 -91.212112
v -6.789742 -47.941429 -87.303329
v -6.795853 -48.987511 -83.481895
v -6.796974 -49.849125 -79.746841
v -6.792927 -50.496029 -76.072136
v -6.786682 -50.817139 -72.412827
v -6.782440 -50.807602 -68.715576
v -6.780792 -50.533382 -64.939407
v -6.780937 -50.244411 -61.125660
v -6.783031 -50.069118 -57.304543
v -6.788269 -50.026516 -53.472767
v -6.797153 -50.039631 -49.632183
v -6.811729 -49.852329 -45.780693
v -6.829620 -49.435669 -41.925087
v -6.847813 -48.874977 -38.071850
v -6.864590 -48.203316 -34.222893
v -6.877548 -47.483025 -30.384285
v -6.885117 -46.778233 -26.559380
v -6.886482 -46.187359 -22.747490
v -6.852612 -45.705471 -18.922699
v -6.860912 -44.166313 -14.861801
v -7.109352 -41.225937 -10.458412
v -7.798912 -38.289196 -5.940048
v -8.570431 -36.565453 -1.634247
v -9.377384 -35.062843 2.478882
v -10.251125 -32.888565 6.536163
v -10.806538 -30.745142 10.449707
v -10.701237 -29.211422 14.444168
v -10.289478 -28.528063 18.382835
v -9.723835 -28.562275 22.067871
v -9.016811 -28.863047 25.408340
v -8.313946 -29.068895 28.454811
v -7.826710 -29.103775 31.478889
v -7.531902 -29.082825 34.674828
v -7.306576 -29.101971 38.111443
v -7.099617 -29.230228 41.878365
v -6.945713 -29.742455 45.991386
v -6.852551 -31.116423 50.260033
v -10.441288 -47.339722 -251.758453
v -10.298969 -44.775093 -247.780243
v -10.150494 -42.337425 -243.721680
v -10.005817 -40.255398 -239.606262
v -9.896320 -38.716717 -235.487427
v -9.818562 -37.768188 -231.425446
v -9.795063 -37.502579 -227.490189
v -9.844975 -37.917538 -223.734314
v -9.957073 -38.928406 -220.161133
v -10.131306 -40.125420 -216.731232
v -10.355816 -41.033333 -213.405579
v -10.605869 -41.646935 -210.142395
v -10.871395 -41.849953 -206.882416
v -11.168354 -41.621880 -203.570160
v -11.457851 -40.831715 -200.124237
v -11.753124 -39.365524 -196.509338
v -12.018482 -37.841042 -192.757996
v -12.223042 -36.748581 -188.873199
v -12.332035 -36.282257 -184.878967
v -12.334225 -36.346035 -180.823059
v -12.202793 -37.167580 -176.698395
v -11.939663 -38.584427 -172.520386
v -11.610874 -39.565994 -168.370056
v -11.285839 -39.365532 -164.371704
v -11.007275 -37.792160 -160.629333
v -10.814465 -35.143204 -157.144821
v -10.761326 -31.755531 -153.937057
v -10.804249 -28.192266 -150.793152
v -10.853878 -24.847696 -147.524963
v -10.879559 -22.011621 -144.032288
v -10.857288 -19.988728 -140.213425
v -10.795536 -19.144062 -136.083466
v -10.706745 -19.538086 -131.778503
v -10.606205 -21.074680 -127.443275
v -10.504520 -23.806622 -123.124138
v -10.437191 -27.569868 -118.843971
v -10.430973 -31.468599 -114.691666
v -10.504620 -35.016998 -110.706131
v -10.584736 -37.765480 -106.857292
v -10.604427 -39.973251 -102.988525
v -10.602406 -41.832085 -99.009048
v -10.611179 -43.364700 -94.941391
v -10.628887 -44.608067 -90.870934
v -10.648968 -45.723969 -86.879341
v -10.664326 -46.846668 -83.023064
v -10.667942 -48.048553 -79.310425
v -10.656315 -49.206276 -75.709579
v -10.634686 -50.171413 -72.158424
v -10.612270 -50.819283 -68.584091
v -10.599506 -51.030174 -64.908020
v -10.594555 -50.960007 -61.125538
v -10.594349 -50.907215 -57.312569
v -10.594501 -50.989082 -53.498428
v -10.595928 -51.110950 -49.675568
v -10.600681 -50.995930 -45.838802
v -10.612469 -50.592102 -41.995827
v -10.628963 -49.979595 -38.153419
v -10.646290 -49.242790 -34.314995
v -10.662594 -48.424465 -30.480865
v -10.675175 -47.632725 -26.651772
v -10.678120 -46.989437 -22.827126
v -10.566303 -46.343689 -18.942688
v -10.126995 -44.494686 -14.659462
v -9.689289 -41.195927 -9.869545
v -10.015690 -38.124268 -5.086632
v -10.825207 -36.326504 -0.694176
v -11.822887 -34.843559 3.351921
v -12.749416 -33.053009 7.120758
v -13.530453 -31.396612 10.565071
v -13.722309 -30.014633 14.177513
v -13.496273 -29.200348 17.988144
v -13.060230 -28.984406 21.693962
v -12.485691 -29.014854 25.108887
v -11.870464 -29.087990 28.227257
v -11.408566 -29.111870 31.281334
v -11.150784 -29.117128 34.509590
v -10.997707 -29.160049 37.998085
v -10.877934 -29.347685 41.779778
v -10.774517 -29.945210 45.843834
v -10.680553 -31.455965 50.039436
v -14.290600 -47.833298 -251.751160
v -14.157604 -45.468327 -247.789459
v -14.009777 -43.062763 -243.751831
v -13.859509 -40.931778 -239.661530
v -13.723095 -39.368137 -235.565918
v -13.610050 -38.312843 -231.519318
v -13.544155 -37.992355 -227.577530
v -13.545155 -38.463238 -223.792603
v -13.618961 -39.610775 -220.173431
v -13.778446 -41.060848 -216.711014
v -14.001171 -42.317822 -213.363403
v -14.256672 -42.937469 -210.082153
v -14.511723 -43.027992 -206.804245
v -14.777462 -42.745232 -203.453308
v -15.014622 -41.858532 -199.975479
v -15.225117 -40.447662 -196.353973
v -15.414417 -39.131161 -192.611542
v -15.542202 -38.141060 -188.764374
v -15.596973 -37.710899 -184.818329
v -15.558918 -37.890873 -180.767426
v -15.428646 -38.676796 -176.642853
v -15.234364 -39.758591 -172.500488
v -15.006359 -40.479858 -168.362671
v -14.776043 -40.224560 -164.335007
v -14.614918 -38.565941 -160.588837
v -14.519062 -35.903358 -157.062012
v -14.516628 -32.786392 -153.714035
v -14.568707 -29.671560 -150.423920
v -14.605602 -26.855446 -147.042542
v -14.616512 -24.492056 -143.478149
v -14.577656 -22.718325 -139.678497
v -14.486294 -21.817175 -135.634644
v -14.358791 -21.808985 -131.428986
v -14.208080 -22.624992 -127.173508
v -14.053417 -24.426426 -122.870255
v -13.966366 -27.137510 -118.559830
v -14.050045 -30.407551 -114.351707
v -14.279881 -33.738846 -110.350769
v -14.489414 -36.473083 -106.502457
v -14.620129 -38.638584 -102.589737
v -14.655445 -40.105659 -98.542763
v -14.652905 -41.268417 -94.430916
v -14.652050 -42.132896 -90.319717
v -14.667103 -42.947887 -86.270599
v -14.688198 -43.837978 -82.362900
v -14.680485 -45.076416 -78.656235
v -14.641613 -46.512142 -75.121956
v -14.577999 -47.966076 -71.693092
v -14.510372 -49.296978 -68.272102
v -14.455318 -50.295341 -64.758736
v -14.425251 -50.841381 -61.076870
v -14.406849 -51.149624 -57.288963
v -14.375141 -51.394840 -53.452839
v -14.331959 -51.549320 -49.591244
v -14.301754 -51.418831 -45.734200
v -14.305004 -50.987282 -41.901356
v -14.346798 -50.342567 -38.100365
v -14.414135 -49.558701 -34.319565
v -14.484554 -48.614681 -30.524452
v -14.547222 -47.662758 -26.711304
v -14.570522 -46.840801 -22.858261
v -14.300945 -45.713276 -18.752983
v -13.221867 -42.902477 -13.901947
v -12.262417 -39.493099 -8.636665
v -12.325184 -37.338257 -3.778206
v -13.210865 -36.165489 0.529663
v -14.409557 -34.998253 4.585541
v -15.462597 -33.609192 8.178543
v -16.281757 -32.371536 11.155441
v -16.585133 -31.220608 14.207214
v -16.506641 -30.368952 17.562515
v -16.190128 -29.968073 21.100891
v -15.741917 -29.834446 24.613060
v -15.275005 -29.710064 27.869118
v -14.908909 -29.529491 31.038399
v -14.717793 -29.415771 34.364861
v -14.646046 -29.442152 37.947548
v -14.618061 -29.730320 41.761879
v -14.590282 -30.481453 45.778633
v -14.536152 -32.125793 49.906898
v -18.155598 -48.674839 -251.758545
v -18.049816 -46.615082 -247.822327
v -17.922894 -44.344185 -243.823578
v -17.784672 -42.270348 -239.777618
v -17.654995 -40.599552 -235.728027
v -17.533756 -39.431305 -231.716949
v -17.454281 -38.964085 -227.792328
v -17.427883 -39.266289 -223.992035
v -17.459278 -40.252743 -220.331299
v -17.572155 -41.695724 -216.801559
v -17.756756 -43.093666 -213.389313
v -17.978268 -43.806686 -210.057190
v -18.197323 -44.007328 -206.710297
v -18.405407 -43.770275 -203.301697
v -18.578281 -42.796978 -199.791199
v -18.717251 -41.485706 -196.183441
v -18.835308 -40.252464 -192.497681
v -18.900791 -39.234276 -188.739548
v -18.908863 -38.790504 -184.849457
v -18.861324 -38.934296 -180.833405
v -18.762936 -39.538261 -176.754715
v -18.636135 -40.300404 -172.650360
v -18.487659 -40.813446 -168.519958
v -18.351917 -40.411324 -164.482910
v -18.285053 -38.810135 -160.667679
v -18.259884 -36.312325 -157.060760
v -18.275188 -33.554810 -153.553268
v -18.309940 -30.866638 -150.106354
v -18.329967 -28.533331 -146.610992
v -18.321079 -26.559080 -142.987000
v -18.283756 -25.097937 -139.167999
v -18.199703 -24.135019 -135.158417
v -18.051510 -23.611710 -131.013474
v -17.837872 -23.491693 -126.756149
v -17.537525 -23.844406 -122.364517
v -17.328136 -24.956144 -117.895195
v -17.358768 -27.077234 -113.450607
v -17.693859 -29.916740 -109.219017
v -18.251965 -33.135765 -105.302490
v -18.742817 -35.889736 -101.485596
v -18.984501 -37.570137 -97.546135
v -19.071751 -38.357498 -93.470703
v -19.090885 -38.804676 -89.405640
v -19.060253 -39.202072 -85.417282
v -19.010799 -39.809174 -81.566467
v -18.943714 -40.766983 -77.882500
v -18.830936 -42.104767 -74.395691
v -18.680904 -43.800415 -71.058083
v -18.523937 -45.708717 -67.779602
v -18.389957 -47.564999 -64.439178
v -18.283733 -49.052639 -60.895554
v -18.180302 -50.053879 -57.140633
v -18.057049 -50.666119 -53.253780
v -17.937412 -50.980343 -49.336472
v -17.861202 -50.831062 -45.442200
v -17.841259 -50.230038 -41.618160
v -17.901882 -49.396614 -37.875626
v -18.053219 -48.080822 -34.194756
v -18.268513 -46.464802 -30.518211
v -18.444988 -44.898296 -26.699043
v -18.459644 -43.165840 -22.464584
v -17.495449 -40.491299 -17.529831
v -15.551617 -37.339821 -11.846664
v -14.622601 -36.025906 -6.503181
v -14.986301 -36.107658 -2.041702
v -16.072796 -36.274872 1.960335
v -17.406101 -35.820400 5.977509
v -18.440548 -34.815399 9.355606
v -19.076389 -33.737698 11.910461
v -19.327404 -32.707329 14.468407
v -19.312672 -31.855511 17.290520
v -19.117229 -31.241114 20.451111
v -18.802364 -30.871319 23.961418
v -18.492352 -30.580206 27.415993
v -18.292957 -30.231680 30.780128
v -18.225239 -29.960621 34.253349
v -18.248493 -29.841757 37.929832
v -18.294323 -30.015490 41.793510
v -18.321262 -30.809677 45.789665
v -18.308376 -32.579388 49.876762
v -22.011906 -49.588821 -251.776367
v -21.945072 -48.021645 -247.879883
v -21.853535 -46.003937 -243.927795
v -21.744160 -44.041183 -239.937805
v -21.642147 -42.317238 -235.947906
v -21.546787 -41.036201 -231.989044
v -21.479626 -40.375572 -228.094879
v -21.450390 -40.504631 -224.284393
v -21.450901 -41.193535 -220.581116
v -21.510319 -42.343307 -216.985077
v -21.633068 -43.458153 -213.493134
v -21.779629 -44.100166 -210.056396
v -21.929523 -44.297039 -206.615601
v -22.061619 -44.110443 -203.126770
v -22.163715 -43.168518 -199.593399
v -22.259197 -41.945557 -196.027985
v -22.322674 -40.860367 -192.409332
v -22.337421 -39.881561 -188.731689
v -22.323521 -39.336678 -184.942047
v -22.289768 -39.286198 -181.034668
v -22.235172 -39.636757 -177.037903
v -22.166195 -40.231770 -172.947968
v -22.085552 -40.663841 -168.787537
v -22.038120 -40.170818 -164.730087
v -22.048649 -38.556141 -160.866165
v -22.073032 -36.229229 -157.186966
v -22.067104 -33.792404 -153.575470
v -22.036266 -31.371254 -150.025146
v -21.983883 -29.205681 -146.469971
v -21.936466 -27.547100 -142.793991
v -21.919735 -26.352150 -138.938721
v -21.864437 -25.260344 -134.965408
v -21.746830 -24.166840 -130.804626
v -21.426350 -22.969898 -126.349449
v -20.890316 -21.607250 -121.706192
v -20.303402 -20.615463 -116.827332
v -19.878963 -20.595299 -111.756699
v -19.896503 -22.063078 -106.878563
v -20.502628 -25.127037 -102.568512
v -21.524471 -28.977739 -98.842026
v -22.465717 -31.989620 -95.327629
v -23.094311 -33.754723 -91.790291
v -23.439144 -34.774876 -88.199661
v -23.536388 -35.533661 -84.582901
v -23.464405 -36.225151 -80.958344
v -23.296696 -37.040787 -77.383469
v -23.089214 -38.099445 -73.925400
v -22.849865 -39.570576 -70.591393
v -22.595181 -41.434631 -67.328827
v -22.340649 -43.507984 -64.021988
v -22.067051 -45.431194 -60.498692
v -21.757946 -46.914883 -56.710323
v -21.476345 -48.007538 -52.783852
v -21.267292 -48.723469 -48.853813
v -21.126095 -48.693359 -44.989479
v -21.078465 -47.972282 -41.222389
v -21.156216 -46.297028 -37.572475
v -21.418087 -43.921524 -34.030380
v -21.804287 -41.725327 -30.438972
v -22.107082 -39.504082 -26.362411
v -21.955578 -36.888580 -21.529518
v -20.404720 -32.250305 -15.642044
v -19.433979 -28.832571 -9.378731
v -19.292797 -29.611448 -4.085938
v -19.398289 -33.589828 -0.279373
v -19.924358 -36.800079 2.969879
v -21.052921 -37.412415 6.902809
v -21.784161 -36.398006 10.350174
v -22.113171 -35.187096 12.671074
v -22.200878 -34.196831 14.823746
v -22.150112 -33.343933 17.194183
v -22.029255 -32.552162 19.993233
v -21.847492 -31.892756 23.378136
v -21.669811 -31.307884 27.060509
v -21.595768 -30.722155 30.648933
v -21.633617 -30.268686 34.260597
v -21.735432 -30.088978 37.992149
v -21.846020 -30.189260 41.881660
v -21.916943 -30.834944 45.925682
v -21.953510 -32.553806 50.024040
v -25.843708 -50.476406 -251.793121
v -25.815639 -49.425095 -247.935059
v -25.760738 -47.830647 -244.036011
v -25.698582 -46.065971 -240.114868
v -25.641796 -44.372673 -236.202728
v -25.589108 -42.984936 -232.308838
v -25.543804 -42.187042 -228.441299
v -25.516239 -42.045113 -224.620972
v -25.500950 -42.285355 -220.890930
v -25.514439 -42.934113 -217.231659
v -25.568401 -43.564270 -213.636993
v -25.632465 -43.766712 -210.084656
v -25.694637 -43.771885 -206.522736
v -25.743252 -43.527225 -202.948654
v -25.790241 -42.859703 -199.392029
v -25.816067 -41.908073 -195.854904
v -25.817226 -40.851181 -192.317047
v -25.814220 -39.858650 -188.744873
v -25.811710 -39.296516 -185.049133
v -25.808483 -39.096050 -181.257233
v -25.808102 -39.222797 -177.345810
v -25.802860 -39.729729 -173.270966
v -25.811985 -40.121212 -169.089966
v -25.860058 -39.628296 -165.017761
v -25.919300 -38.025970 -161.155319
v -25.950741 -35.816765 -157.441498
v -25.923466 -33.379398 -153.828064
v -25.841282 -30.857082 -150.294342
v -25.726330 -28.710970 -146.719177
v -25.632977 -27.216652 -143.009827
v -25.610401 -26.168091 -139.147705
v -25.593655 -24.868692 -135.154663
v -25.486767 -23.236324 -130.898193
v -25.044216 -20.893776 -126.169861
v -24.226727 -17.752201 -121.054955
v -23.250484 -14.862045 -115.548889
v -22.538143 -13.341022 -109.809517
v -22.370655 -14.110588 -104.387657
v -22.795567 -16.752052 -99.711273
v -23.762348 -20.690525 -95.882446
v -24.944477 -24.442865 -92.611015
v -25.936176 -27.257189 -89.609154
v -26.668026 -29.395567 -86.657455
v -27.123272 -31.173414 -83.633995
v -27.299664 -32.604324 -80.448380
v -27.267109 -33.840347 -77.123489
v -27.136189 -35.000282 -73.735710
v -26.903751 -36.219856 -70.364120
v -26.564396 -37.570732 -66.984512
v -26.115788 -38.951778 -63.501984
v -25.579433 -40.387794 -59.838062
v -25.017422 -41.853683 -55.965687
v -24.524601 -43.358841 -52.035248
v -24.167248 -44.418938 -48.160427
v -23.979733 -44.803612 -44.388325
v -23.955952 -44.049744 -40.742126
v -24.139530 -41.698170 -37.257679
v -24.631145 -39.212708 -33.879868
v -25.257130 -37.145607 -30.267975
v -25.758251 -35.134163 -25.970520
v -25.697880 -32.207932 -20.855698
v -24.948757 -27.095600 -14.704834
v -24.779530 -24.538054 -8.607735
v -24.696789 -25.473814 -3.189568
v -24.535709 -29.568312 1.058167
v -24.765423 -35.407883 3.887344
v -25.303211 -38.087784 7.480209
v -25.389477 -37.065876 11.155174
v -25.267376 -35.595078 13.423813
v -25.097385 -34.575562 15.365906
v -24.935154 -33.788681 17.418282
v -24.786793 -33.050709 19.907509
v -24.669628 -32.315483 23.200317
v -24.618710 -31.611156 27.006645
v -24.662731 -30.908918 30.720818
v -24.782055 -30.372351 34.406273
v -24.938641 -30.152065 38.171303
v -25.138523 -30.227901 42.101494
v -25.313564 -30.826845 46.183571
v -25.436886 -32.483822 50.279839
v -29.661327 -51.145374 -251.799042
v -29.652210 -50.515392 -247.972626
v -29.626507 -49.418190 -244.117737
v -29.607243 -47.946812 -240.266113
v -29.598103 -46.318153 -236.423370
v -29.590435 -44.913658 -232.587219
v -29.574818 -43.979824 -228.754517
v -29.553715 -43.428673 -224.950409
v -29.531147 -43.227146 -221.194870
v -29.509098 -43.243164 -217.475067
v -29.498913 -43.262566 -213.777893
v -29.493450 -42.987274 -210.109161
v -29.478077 -42.644375 -206.439423
v -29.447643 -42.177345 -202.805786
v -29.396763 -41.636787 -199.228638
v -29.356144 -41.004772 -195.714539
v -29.342854 -40.087784 -192.257324
v -29.350544 -39.206459 -188.759415
v -29.373394 -38.746834 -185.155121
v -29.411961 -38.520889 -181.466034
v -29.452045 -38.582420 -177.617264
v -29.505192 -39.122681 -173.556229
v -29.590351 -39.485786 -169.372894
v -29.716366 -39.040932 -165.289886
v -29.834919 -37.593636 -161.421082
v -29.867184 -35.280243 -157.753708
v -29.842556 -32.636074 -154.196228
v -29.731205 -29.896290 -150.718781
v -29.587048 -27.627613 -147.182373
v -29.511593 -25.992771 -143.523834
v -29.505238 -24.888878 -139.709442
v -29.551487 -23.550890 -135.706696
v -29.517651 -21.460327 -131.318787
v -29.090603 -18.084309 -126.334595
v -28.116016 -13.571571 -120.705833
v -27.013287 -9.231365 -114.587303
v -26.398022 -7.049355 -108.434547
v -26.308239 -7.292721 -102.809258
v -26.635052 -9.600166 -97.984840
v -27.264652 -13.372509 -94.024605
v -28.018688 -17.381744 -90.817871
v -28.820057 -20.899549 -88.055458
v -29.539501 -23.850134 -85.454964
v -30.063953 -26.335526 -82.812607
v -30.371212 -28.344677 -79.998611
v -30.525822 -29.961739 -76.961174
v -30.520451 -31.169178 -73.662460
v -30.439663 -32.354675 -70.246727
v -30.213039 -33.505249 -66.712326
v -29.770199 -34.606861 -63.058441
v -29.127460 -35.670845 -59.258591
v -28.343098 -36.753418 -55.310539
v -27.564220 -38.051178 -51.360813
v -27.001446 -39.324863 -47.515259
v -26.766918 -40.233017 -43.833210
v -26.844334 -39.764778 -40.335583
v -27.284740 -37.878628 -37.042648
v -28.046757 -36.091972 -33.786430
v -28.869167 -34.608017 -30.153763
v -29.502232 -33.053505 -25.804344
v -29.747623 -30.390820 -20.682594
v -29.631168 -25.923237 -14.694984
v -29.567692 -23.591637 -8.660431
v -29.467747 -24.414577 -3.135384
v -29.281406 -28.114836 1.553955
v -29.210850 -33.848961 4.878540
v -29.217487 -37.897247 7.815010
v -28.390728 -37.090721 11.477791
v -27.603069 -35.475967 13.797592
v -27.207226 -34.410774 15.721519
v -27.004124 -33.670132 17.683044
v -26.889950 -33.055367 20.006233
v -26.824795 -32.410210 23.291412
v -26.858425 -31.728189 27.164055
v -27.056446 -30.996794 30.944328
v -27.383610 -30.429882 34.666115
v -27.723904 -30.191750 38.464348
v -28.101833 -30.278152 42.442268
v -28.465252 -30.922747 46.539207
v -28.756687 -32.621456 50.614220
v -33.474949 -51.428410 -251.799408
v -33.473362 -51.140068 -247.985413
v -33.468449 -50.516323 -244.169128
v -33.474697 -49.324070 -240.365112
v -33.490070 -47.852543 -236.567963
v -33.509975 -46.412704 -232.771149
v -33.526012 -45.289085 -228.973175
v -33.516705 -44.360287 -225.197113
v -33.484035 -43.653381 -221.432556
v -33.445988 -43.129356 -217.669250
v -33.401897 -42.489204 -213.905884
v -33.357479 -41.729305 -210.144348
v -33.285435 -41.100502 -206.401398
v -33.155979 -40.299969 -202.732483
v -33.019566 -39.737335 -199.135742
v -32.925396 -39.308308 -195.609192
v -32.898190 -38.686867 -192.166229
v -32.917896 -38.158451 -188.721146
v -32.969799 -37.839180 -185.205475
v -33.039738 -37.642044 -181.596039
v -33.113796 -37.817516 -177.795563
v -33.205868 -38.481167 -173.754822
v -33.359219 -38.847984 -169.603943
v -33.576206 -38.494446 -165.530121
v -33.749531 -37.136639 -161.676422
v -33.826923 -34.807503 -158.050598
v -33.805653 -32.137215 -154.529144
v -33.725643 -29.240419 -151.103424
v -33.656300 -26.604759 -147.685516
v -33.624531 -24.713139 -144.117538
v -33.639622 -23.412876 -140.371063
v -33.779140 -22.075235 -136.369354
v -33.977825 -19.768185 -131.944702
v -33.716473 -16.038837 -126.700996
v -32.823879 -10.555805 -120.640869
v -31.799412 -5.176826 -114.161629
v -31.449673 -2.305763 -107.931183
v -31.593914 -1.949036 -102.399452
v -31.883007 -3.774502 -97.563400
v -32.191608 -7.066181 -93.531158
v -32.444248 -11.043335 -90.229530
v -32.718952 -15.059200 -87.433510
v -32.919071 -18.564125 -84.907860
v -33.155201 -21.421146 -82.385124
v -33.324825 -23.719866 -79.729233
v -33.451862 -25.501175 -76.834595
v -33.515652 -26.703968 -73.625717
v -33.531582 -27.738632 -70.163170
v -33.445568 -28.821444 -66.518547
v -33.178692 -29.998678 -62.732121
v -32.734470 -31.360344 -58.834076
v -32.029812 -32.674477 -54.853970
v -31.095539 -33.895378 -50.890739
v -30.332554 -35.174042 -47.034359
v -29.986637 -36.456165 -43.382931
v -30.142597 -36.648167 -39.945122
v -30.777363 -35.578220 -36.668442
v -31.697430 -34.589760 -33.403381
v -32.598782 -33.725929 -29.853981
v -33.272701 -32.695465 -25.717285
v -33.781055 -30.874592 -20.868507
v -34.090168 -27.286932 -15.188271
v -34.124577 -24.899012 -9.247963
v -33.937656 -25.519913 -3.705475
v -33.553677 -28.836096 1.325462
v -33.005741 -34.064907 5.059036
v -31.946507 -37.419312 8.026726
v -30.291157 -37.031708 11.324394
v -29.107487 -35.383179 13.735435
v -28.556881 -34.265930 15.752716
v -28.350552 -33.528042 17.764610
v -28.299938 -32.957680 20.137695
v -28.358051 -32.377487 23.485222
v -28.462139 -31.739849 27.411430
v -28.740276 -30.985607 31.261681
v -29.300938 -30.416140 35.035423
v -29.969791 -30.202221 38.886559
v -30.691456 -30.373009 42.890526
v -31.358555 -31.154377 46.981529
v -31.910938 -32.975319 51.036003
v -37.281185 -51.168373 -251.807648
v -37.271206 -50.948963 -248.001709
v -37.267521 -50.570644 -244.203430
v -37.287601 -49.836979 -240.424438
v -37.325695 -48.682957 -236.653564
v -37.373638 -47.296135 -232.886230
v -37.413219 -46.140060 -229.111420
v -37.416431 -45.050739 -225.342865
v -37.377468 -43.906754 -221.571533
v -37.335415 -42.836681 -217.797363
v -37.285168 -41.670261 -214.009186
v -37.226032 -40.660000 -210.202896
v -37.091869 -39.633789 -206.421204
v -36.898281 -38.618790 -202.705139
v -36.710682 -37.903194 -199.073105
v -36.572147 -37.530205 -195.526093
v -36.502346 -37.202293 -192.058929
v -36.518314 -36.847870 -188.655518
v -36.581959 -36.758324 -185.184097
v -36.670300 -36.802971 -181.609497
v -36.772823 -37.155270 -177.848251
v -36.915150 -37.840950 -173.874268
v -37.143879 -38.099266 -169.820587
v -37.430424 -37.921322 -165.754578
v -37.649929 -36.823639 -161.885147
v -37.791584 -34.581696 -158.277145
v -37.855671 -31.914637 -154.788757
v -37.822475 -29.135910 -151.364578
v -37.819530 -26.384092 -148.012085
v -37.848400 -24.263117 -144.548248
v -37.943363 -22.776796 -140.894791
v -38.190838 -21.275856 -136.888123
v -38.544521 -19.124279 -132.382584
v -38.649448 -15.532951 -127.040459
v -38.006214 -9.758617 -120.859818
v -37.148335 -3.500294 -114.368233
v -37.044491 0.171318 -108.287674
v -37.327045 1.053272 -102.852837
v -37.615055 -0.182652 -98.006310
v -37.759731 -2.929001 -93.870453
v -37.680157 -6.477924 -90.461304
v -37.546688 -10.310513 -87.570549
v -37.319958 -13.962334 -84.954102
v -37.040974 -17.126808 -82.399529
v -36.857319 -19.542431 -79.732971
v -36.777691 -21.427258 -76.835335
v -36.777813 -22.750097 -73.620468
v -36.805813 -23.765696 -70.101685
v -36.773777 -24.707912 -66.356590
v -36.676029 -25.857010 -62.445850
v -36.434498 -27.329029 -58.420204
v -35.993427 -29.019777 -54.294613
v -35.162334 -30.358530 -50.114101
v -34.335606 -31.755789 -46.055981
v -33.897823 -33.246918 -42.249920
v -34.040676 -34.249802 -38.739281
v -34.704029 -33.926407 -35.329330
v -35.591892 -33.311428 -31.941650
v -36.448284 -32.647362 -28.487053
v -37.059277 -32.009235 -24.843292
v -37.537609 -31.183195 -20.765617
v -37.905552 -29.462883 -16.017281
v -37.957043 -27.507097 -10.416931
v -37.417011 -27.520521 -4.848343
v -36.557705 -30.185606 0.483704
v -35.028111 -34.188297 4.721657
v -33.584263 -37.103020 7.806984
v -31.794201 -36.888531 10.944107
v -30.368557 -35.291023 13.427872
v -29.641666 -34.106079 15.556267
v -29.383877 -33.335861 17.700638
v -29.423412 -32.756523 20.275154
v -29.595135 -32.227371 23.748047
v -29.827229 -31.650860 27.771858
v -30.235241 -30.904062 31.697227
v -31.028400 -30.371420 35.531898
v -32.099361 -30.197142 39.415718
v -33.197361 -30.497076 43.429665
v -34.197117 -31.480608 47.500374
v -35.067287 -33.510674 51.538689
v -41.075497 -50.334217 -251.842194
v -41.052578 -49.921921 -248.046600
v -41.039539 -49.593483 -244.248718
v -41.059711 -49.260502 -240.465332
v -41.111515 -48.599522 -236.696381
v -41.180042 -47.614326 -232.933502
v -41.237698 -46.659103 -229.162384
v -41.259037 -45.620235 -225.391830
v -41.240398 -44.411572 -221.618744
v -41.209019 -43.024979 -217.844681
v -41.169285 -41.627586 -214.049957
v -41.089230 -40.315468 -210.238373
v -40.920315 -38.969532 -206.437439
v -40.684895 -37.739273 -202.682800
v -40.452991 -36.797615 -199.008331
v -40.270840 -36.285442 -195.435364
v -40.163441 -35.991753 -191.967789
v -40.149334 -35.794338 -188.562210
v -40.204128 -35.862759 -185.105927
v -40.299885 -36.190987 -181.541580
v -40.424099 -36.784218 -177.803543
v -40.625820 -37.409149 -173.925446
v -40.905811 -37.588383 -169.960541
v -41.237926 -37.331242 -165.970673
v -41.508564 -36.460182 -162.085266
v -41.726711 -34.559380 -158.436707
v -41.885555 -32.069046 -154.947296
v -41.912464 -29.497950 -151.500443
v -41.930698 -26.980789 -148.107834
v -42.016697 -24.793989 -144.704834
v -42.178005 -23.228987 -141.119263
v -42.487743 -21.746555 -137.156357
v -42.937244 -19.732269 -132.648987
v -43.301525 -16.640247 -127.350342
v -42.965847 -11.241051 -121.292984
v -42.304356 -4.656055 -114.959251
v -42.326717 -0.130413 -109.067764
v -42.690151 1.447968 -103.678001
v -43.073925 0.844166 -98.836311
v -43.303921 -1.118729 -94.730225
v -43.225285 -3.854431 -91.275513
v -42.943516 -6.945766 -88.263176
v -42.526539 -10.229305 -85.482986
v -41.957546 -13.473244 -82.761124
v -41.465672 -16.025845 -79.938622
v -41.066662 -17.835270 -76.918213
v -40.835789 -19.189751 -73.581573
v -40.720547 -20.306351 -69.978836
v -40.616726 -21.460772 -66.157013
v -40.568943 -22.774725 -62.174438
v -40.498653 -24.333292 -58.018986
v -40.316036 -26.043024 -53.663826
v -39.788097 -27.258211 -49.069691
v -39.107952 -28.210146 -44.372913
v -38.682125 -29.309774 -39.901447
v -38.688610 -30.552376 -35.992554
v -39.180080 -30.968601 -32.586021
v -39.875317 -30.748985 -29.442261
v -40.503338 -30.493105 -26.465401
v -40.835682 -30.272808 -23.512787
v -40.669743 -29.867189 -20.463715
v -40.224171 -29.116991 -16.811920
v -39.780003 -28.188904 -12.014221
v -39.116070 -28.141638 -6.577988
v -38.224445 -30.646719 -1.277298
v -36.744495 -34.311455 3.367226
v -35.168453 -36.697170 6.878578
v -33.231548 -36.306633 10.205704
v -31.705700 -34.832432 12.900032
v -30.863605 -33.684639 15.172668
v -30.531353 -32.914268 17.523163
v -30.666187 -32.392681 20.438454
v -31.050236 -31.904259 24.262833
v -31.537975 -31.370716 28.469109
v -32.243092 -30.719145 32.450981
v -33.355404 -30.340498 36.267952
v -34.744503 -30.343540 40.093651
v -36.125248 -30.923037 44.029137
v -37.392452 -32.197990 48.074623
v -38.523403 -34.634583 52.044456
v -44.866138 -49.147896 -251.899750
v -44.830563 -48.453663 -248.120453
v -44.804127 -48.005196 -244.321838
v -44.814274 -47.830772 -240.521179
v -44.867496 -47.616528 -236.729614
v -44.942791 -47.223770 -232.943604
v -45.012409 -46.846096 -229.153961
v -45.051785 -46.187763 -225.370789
v -45.062756 -45.194557 -221.593262
v -45.055614 -43.882927 -217.817719
v -45.035023 -42.500900 -214.026978
v -44.948467 -40.922318 -210.230392
v -44.751362 -39.326199 -206.431946
v -44.488880 -37.887131 -202.658081
v -44.216496 -36.713680 -198.941360
v -43.987751 -36.016468 -195.325439
v -43.845661 -35.629410 -191.838715
v -43.802982 -35.446247 -188.421539
v -43.841740 -35.559433 -184.977570
v -43.922985 -36.057350 -181.416351
v -44.067478 -36.778084 -177.710754
v -44.302273 -37.300415 -173.904831
v -44.608578 -37.391743 -170.015350
v -44.973537 -37.024811 -166.103317
v -45.264149 -36.197273 -162.248917
v -45.508045 -34.581291 -158.573013
v -45.700367 -32.366329 -155.067352
v -45.779293 -30.115673 -151.575531
v -45.839581 -27.990742 -148.091965
v -45.945232 -26.097342 -144.635620
v -46.142857 -24.666193 -141.076736
v -46.452862 -23.274559 -137.206451
v -46.894833 -21.485628 -132.779953
v -47.167164 -18.615482 -127.646255
v -46.959614 -13.698570 -121.903351
v -46.445873 -7.545101 -115.804588
v -46.595020 -2.501671 -110.068710
v -47.122700 -0.333138 -104.722450
v -47.733631 -0.328106 -99.917770
v -48.273411 -1.584457 -95.886070
v -48.476818 -3.451447 -92.449600
v -48.431400 -5.552738 -89.389259
v -48.177082 -8.000492 -86.470421
v -47.696354 -10.641293 -83.518044
v -47.165401 -12.992397 -80.396378
v -46.601391 -14.663109 -77.053009
v -46.169369 -15.805141 -73.448563
v -45.800014 -16.849064 -69.617874
v -45.496250 -18.216740 -65.695419
v -45.255260 -20.015472 -61.710285
v -45.180256 -22.103540 -57.549377
v -45.106190 -23.963842 -53.126148
v -44.819630 -24.943348 -48.321095
v -44.393085 -25.430801 -43.182995
v -44.060032 -25.998812 -38.076874
v -43.939106 -27.014328 -33.696457
v -44.100704 -28.015688 -30.318253
v -44.408382 -28.521679 -27.564384
v -44.560085 -28.742065 -25.068130
v -44.303188 -28.670712 -22.701859
v -43.476460 -28.486591 -20.298172
v -42.263721 -28.270933 -17.473824
v -41.131962 -28.066950 -13.690033
v -40.227001 -28.144407 -8.994843
v -39.503613 -29.964779 -4.003922
v -38.450413 -32.817657 1.253838
v -36.491650 -33.970776 5.662163
v -34.598972 -33.556061 9.126083
v -33.252186 -32.703461 11.860397
v -32.474064 -31.960718 14.429779
v -32.238781 -31.576698 17.284378
v -32.688869 -31.427986 20.906960
v -33.793552 -31.224695 25.387054
v -34.902103 -30.884390 29.737556
v -35.999226 -30.616863 33.611305
v -37.313183 -30.703920 37.234657
v -38.727810 -31.178736 40.854393
v -40.191433 -32.284698 44.595345
v -41.544857 -34.063950 48.491219
v -42.638882 -36.995850 52.263985
v -48.662327 -48.089287 -251.964325
v -48.618793 -47.137371 -248.199036
v -48.584530 -46.635700 -244.400330
v -48.577045 -46.538055 -240.575165
v -48.614132 -46.435734 -236.752808
v -48.683086 -46.376251 -232.932892
v -48.751408 -46.445187 -229.117981
v -48.796886 -46.369591 -225.309967
v -48.828686 -45.950451 -221.518372
v -48.849239 -45.126633 -217.738007
v -48.855328 -43.948608 -213.958771
v -48.785061 -42.421383 -210.179962
v -48.577862 -40.691662 -206.391571
v -48.295277 -39.037479 -202.615677
v -47.995502 -37.632511 -198.891983
v -47.728809 -36.679996 -195.243591
v -47.547558 -36.170666 -191.694962
v -47.472553 -35.925255 -188.237656
v -47.493427 -35.909058 -184.815002
v -47.577877 -36.364117 -181.288467
v -47.731449 -37.186699 -177.601746
v -47.970821 -37.538330 -173.855225
v -48.282497 -37.340797 -170.054703
v -48.613842 -36.834557 -166.204742
v -48.855938 -35.852325 -162.417496
v -49.031948 -34.439800 -158.734589
v -49.158512 -32.460464 -155.213440
v -49.228893 -30.527151 -151.685181
v -49.308132 -28.900475 -148.097534
v -49.419064 -27.443457 -144.535400
v -49.602818 -26.194025 -140.949005
v -49.863476 -25.021793 -137.108322
v -50.124981 -23.233183 -132.787704
v -50.127895 -20.082226 -127.869987
v -49.871937 -15.543442 -122.486488
v -49.443424 -10.321857 -116.797394
v -49.604168 -5.681499 -111.318596
v -50.304241 -3.273685 -106.090775
v -51.247982 -2.903175 -101.308868
v -52.187519 -3.710537 -97.233147
v -52.952198 -4.845394 -93.800484
v -53.330349 -6.140991 -90.675774
v -53.430180 -7.654980 -87.619156
v -53.346638 -9.293114 -84.467056
v -53.125217 -10.899570 -81.036514
v -52.770206 -12.161091 -77.276199
v -52.402500 -12.958023 -73.196281
v -52.113720 -13.667461 -68.988945
v -51.852421 -15.033569 -64.753815
v -51.590801 -17.018734 -60.626762
v -51.224476 -19.648815 -56.567089
v -50.634556 -22.160929 -52.506432
v -50.004528 -23.682291 -48.148094
v -49.589268 -24.276072 -43.269417
v -49.327496 -24.980730 -38.278896
v -49.063190 -26.094404 -33.834526
v -48.852383 -27.307749 -30.299278
v -48.689976 -28.101343 -27.478523
v -48.415127 -28.322491 -24.982582
v -47.731983 -28.023195 -22.621552
v -46.462414 -27.504671 -20.326805
v -44.754009 -27.088516 -17.842499
v -43.093433 -26.917477 -14.763847
v -41.813183 -26.846350 -10.846664
v -40.945652 -27.254244 -6.405365
v -39.981258 -28.297022 -1.969337
v -38.550739 -28.864855 2.406700
v -37.125645 -28.571581 5.979141
v -36.243183 -27.951775 9.110527
v -35.866009 -27.500525 12.511681
v -36.363522 -27.516758 16.657318
v -38.015087 -27.761189 21.567337
v -39.745029 -28.576395 26.383217
v -41.086552 -29.965023 30.526817
v -42.416012 -31.552513 34.145500
v -43.690662 -33.096706 37.503426
v -44.756535 -34.562668 40.867363
v -45.757328 -36.252388 44.393593
v -46.638790 -38.223106 48.108604
v -47.286366 -40.927883 51.732750
v -52.472500 -47.522865 -252.010376
v -52.427723 -46.433449 -248.253052
v -52.391872 -45.820385 -244.454498
v -52.368336 -45.674580 -240.611115
v -52.382328 -45.702374 -236.755280
v -52.427319 -45.738083 -232.903564
v -52.478489 -45.918518 -229.066040
v -52.518078 -46.219719 -225.237183
v -52.552250 -46.322369 -221.431610
v -52.586071 -46.050514 -217.652649
v -52.615261 -45.369076 -213.882568
v -52.568798 -44.149765 -210.107910
v -52.387798 -42.611229 -206.332184
v -52.113689 -40.844547 -202.583069
v -51.811604 -39.160046 -198.878510
v -51.533123 -37.895004 -195.219635
v -51.324123 -37.177525 -191.614380
v -51.234745 -36.557701 -188.133240
v -51.244320 -36.293312 -184.702301
v -51.285923 -36.548935 -181.195847
v -51.413883 -37.029957 -177.592484
v -51.631741 -37.022755 -173.951385
v -51.881886 -36.598560 -170.238434
v -52.144894 -35.675232 -166.507904
v -52.323154 -34.381294 -162.830658
v -52.385250 -33.018379 -159.184097
v -52.393688 -31.369278 -155.651642
v -52.387455 -29.815718 -152.107666
v -52.390202 -28.674673 -148.457123
v -52.449917 -27.694273 -144.761826
v -52.631481 -26.564894 -141.054794
v -52.852085 -25.493938 -137.132950
v -52.824390 -23.462498 -132.799103
v -52.510479 -19.968922 -127.979355
v -52.114491 -15.487354 -122.847939
v -51.763241 -11.059345 -117.528130
v -52.019726 -7.493362 -112.451195
v -52.809689 -5.879677 -107.526237
v -53.966358 -5.799965 -102.911125
v -55.349865 -6.432545 -98.853714
v -56.676487 -7.159367 -95.314156
v -57.680080 -7.854897 -92.071793
v -58.225864 -8.547741 -88.828590
v -58.394146 -9.148705 -85.416672
v -58.514187 -9.747421 -81.713486
v -58.539814 -10.322556 -77.577347
v -58.507519 -10.629635 -73.050690
v -58.545864 -11.236855 -68.403748
v -58.607052 -12.585526 -63.727352
v -58.557415 -14.626686 -59.195801
v -58.213428 -17.373375 -55.020271
v -57.230907 -20.298111 -51.312538
v -55.668041 -22.651796 -47.813683
v -54.320248 -24.255955 -43.947102
v -53.659206 -25.237356 -39.583393
v -53.192600 -26.253681 -35.368164
v -52.720295 -27.241669 -31.827988
v -52.336781 -27.911669 -28.794067
v -51.952953 -28.022379 -25.981400
v -51.273640 -27.676146 -23.321281
v -49.973377 -27.091347 -20.772774
v -48.035831 -26.323168 -18.247292
v -46.029079 -25.642427 -15.447357
v -44.501316 -25.142324 -12.167671
v -43.470127 -24.945009 -8.546471
v -42.610592 -25.074110 -4.873444
v -41.788624 -25.097961 -1.205673
v -41.371311 -24.525219 2.509697
v -41.437244 -23.702816 6.401009
v -41.995441 -23.403955 10.784828
v -43.231304 -23.672497 16.217064
v -44.956600 -23.972231 21.793884
v -46.208523 -25.376177 26.461449
v -47.477474 -28.244211 30.394341
v -48.909687 -31.942009 33.745308
v -50.289387 -35.432083 36.824150
v -51.107113 -38.379616 39.986168
v -51.512981 -40.877277 43.348640
v -51.708454 -42.933609 46.978661
v -51.907383 -45.037315 50.672859
v -56.297565 -47.602406 -252.019440
v -56.257969 -46.407398 -248.262970
v -56.222439 -45.654617 -244.462616
v -56.193752 -45.377647 -240.615417
v -56.188587 -45.335243 -236.740936
v -56.201504 -45.381569 -232.865356
v -56.226658 -45.595062 -229.012405
v -56.251575 -45.890648 -225.180664
v -56.271290 -46.223660 -221.373810
v -56.301159 -46.384853 -217.597290
v -56.336582 -46.194538 -213.820709
v -56.321522 -45.464962 -210.050781
v -56.191387 -44.094620 -206.322876
v -55.965313 -42.225620 -202.626907
v -55.692066 -40.448685 -198.942261
v -55.464405 -38.871006 -195.299774
v -55.301670 -37.556656 -191.711578
v -55.194729 -36.574390 -188.203583
v -55.140491 -35.800148 -184.771667
v -55.157986 -35.334206 -181.328110
v -55.238895 -35.162148 -177.811951
v -55.381405 -34.684776 -174.291931
v -55.576435 -33.645149 -170.784729
v -55.747242 -32.298660 -167.236786
v -55.785633 -30.925798 -163.661926
v -55.745739 -29.357269 -160.171387
v -55.709499 -27.756659 -156.759567
v -55.662304 -26.444897 -153.282257
v -55.585354 -25.752979 -149.608246
v -55.568981 -25.116743 -145.837219
v -55.670048 -24.209545 -141.983978
v -55.649181 -22.857037 -137.774948
v -55.274845 -20.417126 -133.016861
v -54.706196 -16.893627 -127.943100
v -54.150883 -12.960644 -122.786270
v -53.930790 -9.454826 -117.783943
v -54.333302 -6.960285 -113.070152
v -55.247715 -6.264393 -108.494873
v -56.579182 -7.212837 -104.214752
v -58.208584 -8.656956 -100.375572
v -59.900860 -9.687645 -96.820831
v -61.478985 -10.001305 -93.426018
v -62.555431 -10.120018 -89.977036
v -63.130039 -9.938908 -86.341309
v -63.519909 -9.661007 -82.342102
v -63.883503 -9.467564 -77.882614
v -64.243454 -9.345787 -73.104706
v -64.671478 -9.837456 -68.041496
v -65.124329 -11.157818 -62.868713
v -65.363373 -13.293991 -57.933594
v -65.104965 -16.327686 -53.416107
v -63.930370 -19.430702 -49.726257
v -61.593128 -22.075951 -46.924263
v -58.909412 -24.525734 -44.277756
v -57.111370 -26.214710 -41.003563
v -56.317822 -27.157644 -37.269955
v -55.837559 -27.806856 -33.920883
v -55.524837 -28.005438 -30.783348
v -55.277569 -27.589144 -27.642197
v -54.866840 -26.914396 -24.604515
v -54.043056 -26.450462 -21.729622
v -52.560062 -25.921295 -18.947716
v -50.645298 -25.078730 -16.099350
v -48.781971 -24.149803 -12.994263
v -47.480206 -23.437065 -9.677490
v -46.669201 -22.822128 -6.263153
v -46.270061 -21.893126 -2.588486
v -46.474400 -20.819462 1.401489
v -47.308926 -20.063160 5.762726
v -48.292973 -20.265652 10.594475
v -49.381527 -20.813461 16.554054
v -50.565144 -21.301498 22.082527
v -51.720707 -23.129213 26.574898
v -52.841541 -26.736017 30.332222
v -54.340313 -31.629122 33.495934
v -55.492268 -35.748215 36.555794
v -55.966221 -39.295727 39.698021
v -56.126514 -42.614456 42.903160
v -56.151463 -45.401855 46.326790
v -56.154774 -47.540466 49.974342
v -60.132298 -48.258629 -251.987335
v -60.102314 -47.001919 -248.224457
v -60.070705 -46.132683 -244.422607
v -60.042454 -45.605747 -240.577728
v -60.026852 -45.382710 -236.701202
v -60.019512 -45.283035 -232.824646
v -60.017132 -45.318306 -228.971436
v -60.019115 -45.483582 -225.145096
v -60.022419 -45.797401 -221.347122
v -60.034290 -46.099937 -217.565399
v -60.069416 -46.229160 -213.789520
v -60.090565 -45.814571 -210.053528
v -60.023335 -44.508743 -206.372421
v -59.864155 -42.807022 -202.707947
v -59.689701 -40.872940 -199.069229
v -59.569080 -38.871147 -195.474640
v -59.446827 -37.083431 -191.923492
v -59.324421 -35.539692 -188.433258
v -59.272602 -34.055031 -185.019379
v -59.274860 -32.859634 -181.642120
v -59.360325 -31.694952 -178.293121
v -59.437183 -30.492283 -174.940796
v -59.543476 -29.157866 -171.567169
v -59.600689 -27.604982 -168.192596
v -59.554073 -25.926279 -164.834183
v -59.493664 -24.253052 -161.544052
v -59.420948 -22.788050 -158.243729
v -59.329929 -21.782341 -154.847473
v -59.245365 -20.974876 -151.336548
v -59.157810 -20.334156 -147.650024
v -59.056683 -19.646454 -143.573364
v -58.688091 -17.993095 -138.768311
v -57.984570 -15.264008 -133.214127
v -57.243641 -11.963913 -127.536789
v -56.686474 -8.978436 -122.289734
v -56.649616 -6.538284 -117.563065
v -57.101681 -5.152443 -113.178795
v -58.054150 -5.209660 -108.914223
v -59.462063 -6.799118 -104.963959
v -61.198544 -9.232849 -101.449661
v -63.003063 -11.400787 -98.104813
v -64.878738 -12.062809 -94.610802
v -66.443192 -11.999405 -90.949402
v -67.513916 -11.274101 -87.116791
v -68.181305 -10.313637 -82.866966
v -68.834183 -9.521702 -78.211365
v -69.608170 -9.164337 -73.228531
v -70.472137 -9.685764 -67.839188
v -71.291809 -11.215958 -62.317020
v -71.870132 -13.633976 -57.000023
v -71.867065 -16.754822 -52.062275
v -70.524002 -19.743382 -48.016228
v -67.503342 -22.314543 -45.339722
v -63.444828 -25.177736 -43.824074
v -60.364735 -27.796936 -42.077084
v -58.942440 -29.141184 -39.353699
v -58.485851 -29.250048 -36.142929
v -58.363712 -28.371727 -32.703262
v -58.359035 -26.935263 -29.224854
v -58.316677 -25.818768 -25.963722
v -58.090618 -25.184496 -22.786552
v -57.509647 -24.795462 -19.629059
v -56.282597 -24.376282 -16.506203
v -54.510715 -23.688612 -13.365417
v -52.975574 -22.756983 -10.053268
v -52.158916 -21.532509 -6.528938
v -52.061008 -20.009403 -2.719246
v -52.650730 -18.763866 1.387344
v -53.643497 -18.191574 5.806862
v -54.400272 -18.552608 10.734474
v -55.116886 -19.308830 16.803993
v -55.924564 -20.222351 22.187981
v -56.788822 -22.394936 26.559608
v -57.886395 -26.643770 30.220695
v -59.065289 -32.159592 33.357521
v -59.679638 -36.143856 36.562523
v -59.968685 -40.042355 39.693275
v -60.123631 -43.964939 42.763741
v -60.150852 -47.115086 46.066093
v -60.137493 -49.269707 49.658195
v -63.983181 -49.107101 -251.941650
v -63.967403 -47.884155 -248.166656
v -63.955929 -46.883152 -244.363129
v -63.957035 -46.146664 -240.528900
v -63.953732 -45.624989 -236.669342
v -63.931538 -45.308846 -232.803040
v -63.921200 -45.084358 -228.957214
v -63.910633 -45.021820 -225.135406
v -63.902836 -45.104492 -221.345932
v -63.921284 -45.224548 -217.569702
v -63.946430 -45.385082 -213.813019
v -63.965412 -45.069069 -210.104477
v -63.959621 -43.962975 -206.443298
v -63.897060 -42.390076 -202.807358
v -63.847553 -40.295391 -199.208710
v -63.825222 -38.057808 -195.645325
v -63.735477 -35.876862 -192.121552
v -63.643162 -33.693111 -188.670013
v -63.584293 -31.809164 -185.265533
v -63.628010 -29.999035 -181.961243
v -63.748783 -28.208370 -178.750275
v -63.824108 -26.580999 -175.541138
v -63.850346 -25.033718 -172.306168
v -63.786282 -23.446129 -169.075470
v -63.648418 -21.799173 -165.868515
v -63.595501 -20.158329 -162.708725
v -63.600231 -18.729710 -159.552902
v -63.539974 -17.757019 -156.280518
v -63.434338 -16.929100 -152.908386
v -63.297710 -16.220528 -149.302231
v -63.065556 -15.300541 -145.082108
v -62.487583 -13.335701 -139.690521
v -61.525158 -10.530125 -133.436035
v -60.596531 -7.673565 -127.310509
v -60.107021 -5.560986 -121.950348
v -60.145435 -4.086067 -117.311134
v -60.642208 -3.516747 -113.045235
v -61.528675 -4.189350 -108.965668
v -62.903042 -6.218941 -105.253601
v -64.700226 -9.159943 -102.002640
v -66.567154 -12.290707 -98.888184
v -68.359543 -14.120468 -95.519646
v -70.099182 -14.209934 -91.726669
v -71.517776 -13.152908 -87.705650
v -72.505310 -11.550163 -83.271919
v -73.429855 -10.257107 -78.455505
v -74.539795 -9.752724 -73.325592
v -75.758423 -10.457817 -67.715973
v -76.928543 -12.337452 -61.884396
v -77.798172 -15.085556 -56.209679
v -77.747086 -18.247902 -50.879307
v -75.904877 -21.434412 -46.558670
v -71.772964 -23.666786 -43.912601
v -66.787170 -25.715759 -42.906067
v -63.101978 -28.519604 -42.313126
v -61.280735 -30.490812 -40.683983
v -60.721813 -30.451551 -37.801441
v -60.801373 -28.459352 -34.099144
v -61.189632 -26.029415 -30.324280
v -61.690746 -24.572243 -26.831444
v -62.022411 -23.873871 -23.537819
v -62.043560 -23.437256 -20.258438
v -61.603870 -22.999107 -16.927429
v -60.711430 -22.638607 -13.521690
v -59.601704 -22.231186 -9.991478
v -58.816059 -21.258984 -6.304688
v -58.718388 -19.721409 -2.397827
v -59.112804 -18.489491 1.768990
v -59.646175 -18.138302 6.148697
v -60.174580 -18.720909 11.009666
v -60.682430 -19.629810 16.789047
v -61.184856 -20.889950 21.974373
v -61.866184 -23.527613 26.232780
v -62.696095 -28.335630 29.819572
v -63.277782 -33.601086 33.082298
v -63.613232 -37.605190 36.382362
v -63.858105 -41.966900 39.452110
v -63.977253 -46.007092 42.535484
v -63.998997 -49.003307 45.870262
v -63.986042 -50.782520 49.506721
v -67.843933 -49.866344 -251.903259
v -67.860977 -48.656654 -248.124207
v -67.906311 -47.579735 -244.329529
v -67.943695 -46.637726 -240.509369
v -67.956314 -45.894611 -236.669495
v -67.975601 -45.223873 -232.835022
v -67.983078 -44.746376 -228.997925
v -67.975281 -44.505569 -225.175812
v -67.994507 -44.251213 -221.389984
v -68.015091 -44.215916 -217.615265
v -68.025986 -44.216991 -213.876526
v -68.045212 -43.813232 -210.177353
v -68.081085 -42.909134 -206.520844
v -68.108017 -41.452751 -202.891830
v -68.152878 -39.452045 -199.293716
v -68.191437 -37.217316 -195.716949
v -68.107697 -34.896194 -192.191406
v -68.008377 -32.528164 -188.747650
v -67.956665 -30.407084 -185.372650
v -67.972137 -28.394821 -182.109314
v -68.088974 -26.341141 -178.971680
v -68.167496 -24.499266 -175.845642
v -68.137482 -22.828985 -172.707123
v -67.959229 -21.179289 -169.578308
v -67.792633 -19.479248 -166.499802
v -67.760605 -17.910892 -163.465515
v -67.805725 -16.564465 -160.408218
v -67.803558 -15.528172 -157.262482
v -67.726730 -14.595760 -154.018127
v -67.608429 -13.733707 -150.505676
v -67.368179 -12.548851 -146.236053
v -66.695984 -10.316322 -140.488220
v -65.611130 -7.281681 -133.802200
v -64.539444 -4.576725 -127.446526
v -64.057755 -3.098030 -121.909645
v -64.075500 -2.481430 -117.175774
v -64.562637 -2.668308 -112.856682
v -65.465607 -4.005634 -108.774010
v -66.966812 -6.557400 -105.188622
v -68.943130 -10.014069 -102.108772
v -70.875549 -13.820908 -99.152191
v -72.455231 -16.705162 -95.987610
v -73.846664 -17.319454 -92.244614
v -75.310013 -15.990505 -88.097321
v -76.545288 -13.715221 -83.547287
v -77.750641 -11.938095 -78.617264
v -79.139587 -11.274288 -73.339310
v -80.581329 -12.163429 -67.579384
v -81.948288 -14.467148 -61.501450
v -82.849030 -17.496704 -55.459454
v -82.208969 -20.758987 -49.862221
v -79.126434 -23.747879 -45.567863
v -74.021103 -25.094959 -43.308849
v -69.037048 -26.446552 -42.565781
v -65.600555 -28.543116 -42.077732
v -63.751446 -30.020983 -40.758835
v -63.062222 -29.746979 -38.243057
v -63.203884 -27.537085 -34.764626
v -63.973560 -25.150536 -31.015312
v -65.079391 -23.821321 -27.488197
v -66.119049 -23.270855 -24.137535
v -66.732513 -23.023220 -20.802017
v -66.720642 -22.711525 -17.435371
v -66.167664 -22.193493 -13.860825
v -65.518036 -21.705200 -10.023430
v -65.108566 -21.177631 -6.012100
v -64.938538 -20.166012 -1.887009
v -64.927979 -19.289577 2.299805
v -65.051819 -19.203579 6.575760
v -65.375183 -20.177837 11.273605
v -65.811569 -21.633675 16.562668
v -66.223892 -23.529476 21.458702
v -66.688583 -26.695639 25.582657
v -67.096619 -31.353474 29.164177
v -67.352570 -35.739998 32.578285
v -67.594116 -39.946304 35.869728
v -67.760162 -44.549179 38.957481
v -67.813202 -48.275986 42.201927
v -67.806808 -50.620834 45.732780
v -67.797104 -51.877895 49.469612
v -71.710449 -50.414677 -251.890472
v -71.771820 -49.304264 -248.113281
v -71.859940 -48.193325 -244.329681
v -71.932419 -47.194717 -240.526794
v -71.998474 -46.294922 -236.712341
v -72.065155 -45.464699 -232.891846
v -72.101349 -44.832367 -229.065460
v -72.141800 -44.358093 -225.250107
v -72.174744 -43.918678 -221.453369
v -72.185913 -43.767494 -217.666367
v -72.188507 -43.631718 -213.920654
v -72.211533 -43.121712 -210.217621
v -72.242676 -42.375221 -206.542938
v -72.324051 -41.108627 -202.891510
v -72.434067 -39.448704 -199.262482
v -72.488083 -37.401649 -195.657745
v -72.405441 -35.144821 -192.110504
v -72.301773 -32.772362 -188.648636
v -72.197922 -30.559366 -185.283630
v -72.185791 -28.387548 -182.055115
v -72.227448 -26.186817 -178.945862
v -72.206909 -24.243446 -175.855515
v -72.093903 -22.439262 -172.776062
v -71.871841 -20.653522 -169.736481
v -71.684494 -18.982807 -166.753510
v -71.643921 -17.441204 -163.810242
v -71.705780 -16.115833 -160.832367
v -71.730057 -14.985699 -157.794037
v -71.739883 -13.911877 -154.666046
v -71.689957 -12.891697 -151.276627
v -71.526062 -11.519646 -147.084198
v -70.906906 -9.020676 -141.276886
v -69.840500 -5.684532 -134.370468
v -68.717560 -2.875614 -127.823372
v -68.161484 -1.597034 -122.052170
v -68.235611 -1.611206 -117.112465
v -68.789597 -2.577389 -112.659805
v -69.865463 -4.732399 -108.547066
v -71.650314 -8.145550 -104.993301
v -73.816925 -12.642990 -101.909447
v -75.699371 -17.436062 -98.911507
v -76.853195 -20.970919 -95.872375
v -77.677811 -22.020355 -92.326065
v -78.679993 -20.516319 -88.267021
v -80.071518 -17.683830 -83.749687
v -81.658585 -15.343925 -78.794098
v -83.344681 -14.413811 -73.358398
v -84.931366 -15.292103 -67.479446
v -86.265076 -17.765957 -61.210732
v -86.726685 -20.838634 -54.886784
v -85.118698 -23.616995 -49.331287
v -81.370712 -25.580482 -45.380817
v -76.524582 -26.339682 -43.289948
v -72.171921 -26.674429 -42.171860
v -68.995605 -27.379402 -41.271317
v -66.960907 -27.876863 -39.969913
v -65.988617 -27.571136 -37.843456
v -66.090897 -26.100195 -34.834717
v -67.076431 -24.461319 -31.331223
v -68.599136 -23.474598 -27.874802
v -70.243729 -22.918110 -24.521683
v -71.592163 -22.379963 -21.277443
v -72.316376 -21.709976 -18.050293
v -72.260513 -21.156960 -14.460144
v -71.820175 -20.958406 -10.347305
v -71.335999 -20.868528 -5.969666
v -70.989395 -20.375195 -1.645615
v -70.779694 -19.836792 2.598915
v -70.723572 -19.940853 6.887604
v -70.751556 -21.124062 11.437958
v -70.963074 -23.112354 16.336708
v -71.274704 -25.407600 21.034203
v -71.603485 -28.298241 25.277634
v -71.890823 -32.011185 29.062141
v -72.100006 -36.127930 32.544853
v -72.117508 -40.841240 35.770180
v -71.915054 -45.791306 38.799080
v -71.714767 -49.457771 42.065086
v -71.626099 -51.481754 45.680534
v -71.610031 -52.423309 49.464653
v -75.567123 -50.719791 -251.902374
v -75.660889 -49.815041 -248.125946
v -75.776917 -48.876270 -244.348846
v -75.883133 -47.961510 -240.558594
v -75.999512 -47.069000 -236.757812
v -76.105789 -46.270245 -232.947113
v -76.175705 -45.575340 -229.130463
v -76.253708 -44.957973 -225.314148
v -76.300171 -44.457207 -221.503662
v -76.301147 -44.236671 -217.700745
v -76.298584 -43.971832 -213.930420
v -76.313965 -43.442352 -210.207657
v -76.328445 -42.839443 -206.499451
v -76.423950 -41.870941 -202.808105
v -76.553909 -40.597076 -199.135208
v -76.617188 -38.905231 -195.489944
v -76.583939 -36.910252 -191.895386
v -76.468048 -34.664417 -188.390411
v -76.315826 -32.404903 -185.005371
v -76.244400 -30.128181 -181.781708
v -76.160629 -27.845474 -178.668396
v -75.972076 -25.790655 -175.590363
v -75.731094 -23.840185 -172.551361
v -75.420990 -21.930193 -169.578949
v -75.144165 -20.205677 -166.662506
v -75.048859 -18.622181 -163.781311
v -75.083313 -17.305534 -160.844193
v -75.108368 -16.125931 -157.869644
v -75.208405 -14.882366 -154.823669
v -75.267609 -13.665783 -151.548065
v -75.269379 -12.147137 -147.583359
v -74.921890 -9.404877 -142.077957
v -74.067490 -5.796036 -135.216705
v -73.022827 -2.724888 -128.521774
v -72.427811 -1.353077 -122.519196
v -72.520233 -1.686321 -117.288124
v -73.263397 -3.458778 -112.647758
v -74.679062 -6.784084 -108.457397
v -76.834503 -12.039230 -104.733078
v -79.091766 -18.791119 -101.336876
v -80.531525 -24.482388 -98.198685
v -80.984985 -27.893257 -95.160439
v -80.905685 -28.567606 -91.882149
v -81.132248 -27.074144 -88.063080
v -82.266068 -24.442831 -83.803635
v -84.198792 -21.736805 -79.061783
v -86.332870 -20.287476 -73.623169
v -88.183426 -20.732491 -67.650848
v -89.393982 -22.652042 -61.240772
v -89.279465 -24.809919 -54.996376
v -87.385757 -26.271385 -49.845097
v -84.133118 -27.120178 -46.104401
v -80.237015 -27.486811 -43.699097
v -76.569412 -27.135412 -42.043045
v -73.516357 -26.584743 -40.668140
v -71.198715 -26.291029 -39.259762
v -69.855194 -25.972799 -37.380730
v -69.749313 -25.142517 -34.705284
v -70.737091 -24.116625 -31.408875
v -72.400406 -23.353243 -28.053078
v -74.401978 -22.714705 -24.869499
v -76.293106 -21.834791 -21.827751
v -77.597839 -20.754734 -18.684456
v -78.178314 -19.727932 -15.115997
v -78.533157 -19.003319 -11.047020
v -78.564270 -18.540585 -6.688988
v -78.288452 -18.148296 -2.268181
v -77.977997 -17.891457 2.136536
v -77.723175 -17.999573 6.548210
v -77.538513 -18.764931 11.222702
v -77.440506 -20.408703 16.254570
v -77.477280 -22.592899 21.362755
v -77.692093 -25.029228 26.095024
v -77.824463 -28.709013 30.196434
v -77.658905 -33.710373 33.539360
v -77.223999 -39.167156 36.528236
v -76.523102 -44.573254 39.407295
v -75.895813 -48.753937 42.437904
v -75.585373 -51.152943 45.867653
v -75.456512 -52.343979 49.516594
v -79.394455 -51.049374 -251.910919
v -79.495026 -50.299706 -248.136475
v -79.617432 -49.630310 -244.358704
v -79.734650 -48.955513 -240.570618
v -79.867798 -48.240288 -236.775360
v -79.988937 -47.571022 -232.968170
v -80.081558 -46.933228 -229.153503
v -80.179413 -46.302727 -225.339478
v -80.237396 -45.826279 -221.520508
v -80.239365 -45.566265 -217.705017
v -80.236618 -45.341675 -213.906311
v -80.239502 -44.896164 -210.150208
v -80.246262 -44.435898 -206.407166
v -80.333099 -43.767361 -202.674530
v -80.446732 -42.965225 -198.946289
v -80.513733 -41.833851 -195.233383
v -80.539047 -40.336483 -191.567032
v -80.437103 -38.517239 -187.983444
v -80.266556 -36.445847 -184.533203
v -80.118866 -34.245987 -181.256821
v -79.906540 -32.072159 -178.077606
v -79.563690 -29.918911 -174.978302
v -79.158554 -27.774212 -171.956146
v -78.689743 -25.642391 -169.039429
v -78.275909 -23.730057 -166.162415
v -78.072556 -22.015373 -163.295410
v -78.033798 -20.697731 -160.365311
v -78.042160 -19.588314 -157.360825
v -78.194870 -18.207191 -154.318558
v -78.328568 -16.804237 -151.092133
v -78.521469 -14.982208 -147.406906
v -78.572968 -12.038982 -142.672043
v -78.087189 -8.127750 -136.415833
v -77.285660 -4.671940 -129.778778
v -76.733032 -2.981552 -123.595741
v -76.919632 -3.494991 -118.029083
v -77.930557 -6.393337 -113.076340
v -79.875366 -11.968658 -108.604691
v -82.461975 -20.932545 -104.357628
v -84.176620 -29.712801 -100.576469
v -84.315659 -34.554161 -97.478241
v -83.739670 -35.877159 -94.444122
v -83.040573 -35.724770 -91.183929
v -82.515823 -34.768433 -87.537521
v -82.799911 -33.227158 -83.556770
v -84.110657 -31.432068 -79.214912
v -86.255875 -29.822382 -74.351570
v -88.683960 -28.962923 -68.640991
v -90.387772 -29.019194 -62.352173
v -90.707001 -29.194794 -56.425568
v -89.494781 -29.312233 -51.514786
v -87.145157 -29.226835 -47.644875
v -84.276093 -28.902929 -44.788471
v -81.313324 -28.564632 -42.728985
v -78.538437 -27.871723 -41.011929
v -76.216278 -26.977058 -39.284927
v -74.685333 -26.144939 -37.247131
v -74.385178 -25.333195 -34.530922
v -75.218033 -24.612038 -31.350113
v -76.794922 -24.201214 -28.192574
v -78.813370 -23.667068 -25.209457
v -80.690826 -22.701054 -22.222931
v -82.081787 -21.444336 -18.998138
v -82.975876 -20.237759 -15.310005
v -83.731857 -19.401379 -11.196022
v -84.308624 -18.831493 -6.920990
v -84.722733 -18.272068 -2.620720
v -84.995346 -17.737759 1.685532
v -85.098419 -17.424488 6.118095
v -84.908798 -17.524940 10.945854
v -84.410110 -18.356388 16.281914
v -83.991226 -19.988007 21.884865
v -83.875092 -22.410084 27.055962
v -83.738953 -26.238024 31.356560
v -83.119324 -31.696398 34.648003
v -82.125656 -37.762779 37.392921
v -81.113434 -43.190128 40.198799
v -80.210556 -47.579231 43.068901
v -79.658295 -50.374100 46.249977
v -79.383514 -51.895519 49.714973
v -83.184448 -51.595142 -251.895142
v -83.266754 -51.069328 -248.113892
v -83.374298 -50.557404 -244.332153
v -83.474518 -50.136723 -240.540405
v -83.582779 -49.711464 -236.740845
v -83.689728 -49.237602 -232.933350
v -83.773224 -48.723297 -229.120056
v -83.860214 -48.227226 -225.305679
v -83.917328 -47.831085 -221.488113
v -83.928802 -47.571678 -217.670380
v -83.928391 -47.423256 -213.860107
v -83.916962 -47.231148 -210.060699
v -83.915268 -47.000233 -206.283783
v -83.985428 -46.623436 -202.516174
v -84.057587 -46.213875 -198.735016
v -84.103394 -45.761810 -194.948059
v -84.139099 -45.081505 -191.187180
v -84.092178 -44.029884 -187.492310
v -83.950317 -42.715641 -183.912781
v -83.796524 -41.120255 -180.468048
v -83.553162 -39.291008 -177.129730
v -83.211746 -37.346951 -173.893539
v -82.776794 -35.386093 -170.749496
v -82.311371 -33.250397 -167.754150
v -81.933990 -31.125551 -164.842957
v -81.736115 -29.509287 -161.867310
v -81.754791 -28.350826 -158.812119
v -81.905167 -27.358320 -155.645889
v -82.107758 -26.491228 -152.333939
v -82.233627 -25.202103 -148.963776
v -82.340546 -22.622421 -145.617905
v -82.463333 -18.845695 -141.927200
v -82.319275 -14.430477 -137.270676
v -81.747177 -10.472767 -131.478104
v -81.363449 -8.372105 -125.377747
v -81.765167 -9.395340 -119.568878
v -83.302414 -14.574753 -114.096794
v -85.733963 -24.125622 -108.751022
v -87.368164 -33.851570 -104.225304
v -87.029297 -39.551216 -100.948845
v -85.947815 -42.408756 -97.776299
v -85.147614 -43.173283 -94.369568
v -84.583618 -42.823776 -90.863373
v -84.185532 -41.913147 -87.270523
v -84.045685 -40.850281 -83.451614
v -84.616135 -39.604774 -79.414627
v -85.893646 -38.475407 -75.136307
v -87.719467 -37.488834 -70.332405
v -89.880188 -36.196445 -64.742828
v -91.185394 -34.786377 -59.084808
v -91.081757 -33.634048 -54.091896
v -89.863815 -32.505989 -49.941700
v -87.943039 -31.385235 -46.629982
v -85.665649 -30.556004 -44.008823
v -83.368118 -30.102137 -41.868198
v -81.370300 -29.743219 -39.870613
v -80.091125 -29.153757 -37.495163
v -79.747131 -28.446630 -34.514587
v -80.315094 -27.919807 -31.334503
v -81.550049 -27.628475 -28.206909
v -83.127213 -26.917582 -25.161369
v -84.672501 -25.636496 -22.081619
v -86.038147 -24.157869 -18.733894
v -87.084091 -22.784222 -14.984375
v -88.024170 -21.950821 -10.891037
v -88.806259 -21.368647 -6.700378
v -89.474503 -20.801964 -2.487106
v -90.033173 -20.196209 1.739769
v -90.473373 -19.773972 6.169540
v -90.600250 -19.677311 10.981041
v -90.299545 -20.048382 16.299026
v -89.688217 -21.007055 22.090767
v -89.128876 -23.230446 27.444008
v -88.552872 -27.102867 31.733849
v -87.574249 -32.489571 35.003319
v -86.389435 -38.222084 37.810143
v -85.324203 -43.092590 40.683327
v -84.430527 -46.699768 43.637993
v -83.811981 -49.025063 46.782814
v -83.441650 -50.455120 50.137566
v -86.950775 -52.134148 -251.863800
v -87.000824 -51.872803 -248.070404
v -87.075745 -51.569248 -244.278778
v -87.144882 -51.319275 -240.480011
v -87.210434 -51.072441 -236.673859
v -87.283920 -50.794243 -232.865265
v -87.339996 -50.467278 -229.051941
v -87.387894 -50.216087 -225.233292
v -87.431381 -49.978596 -221.417358
v -87.451828 -49.768589 -217.605209
v -87.449844 -49.653400 -213.794617
v -87.420547 -49.682762 -209.980194
v -87.404892 -49.655952 -206.171112
v -87.453018 -49.519417 -202.373322
v -87.493393 -49.388947 -198.567871
v -87.514023 -49.239941 -194.754974
v -87.522781 -49.018261 -190.949280
v -87.486099 -48.722870 -187.167328
v -87.421661 -48.256794 -183.439911
v -87.346008 -47.305477 -179.811478
v -87.199844 -46.143417 -176.265228
v -86.987213 -44.987808 -172.759460
v -86.766586 -43.776886 -169.301514
v -86.575424 -42.523327 -165.926605
v -86.455933 -41.201874 -162.651367
v -86.480515 -40.027222 -159.391281
v -86.603729 -39.489857 -155.975937
v -86.775146 -39.201351 -152.416733
v -86.893158 -38.772148 -148.771423
v -86.955673 -37.890785 -145.116959
v -87.067596 -35.930122 -141.601501
v -87.348892 -32.212746 -138.309998
v -87.570114 -27.759026 -134.858948
v -87.471024 -24.176702 -130.697388
v -87.472031 -22.878365 -125.538795
v -88.170853 -25.242834 -119.712555
v -89.397949 -31.423609 -113.878403
v -90.184753 -37.973488 -108.904915
v -89.800171 -42.303753 -105.172745
v -88.913147 -45.201313 -101.800850
v -88.061020 -47.283009 -98.346153
v -87.493256 -48.202808 -94.761726
v -87.203903 -47.937878 -91.108841
v -87.066330 -47.128628 -87.443901
v -87.120804 -46.141193 -83.704765
v -87.453445 -45.076542 -79.783134
v -88.197617 -43.978580 -75.585762
v -89.356689 -43.007248 -71.203033
v -90.714432 -41.969193 -66.581940
v -91.893997 -40.580353 -61.720066
v -92.422394 -38.868744 -56.938587
v -92.107254 -37.014126 -52.604820
v -91.045105 -35.249031 -48.894466
v -89.468384 -33.866364 -45.762226
v -87.719803 -33.098793 -43.035236
v -86.242355 -32.947823 -40.435192
v -85.307343 -33.172928 -37.615829
v -84.913834 -33.441612 -34.459145
v -85.080093 -33.644829 -31.108505
v -85.719070 -33.583122 -27.747261
v -86.684708 -32.884766 -24.428177
v -87.824295 -31.531536 -21.103462
v -88.982315 -29.661669 -17.684807
v -90.050613 -27.993010 -14.030594
v -91.071915 -27.090977 -10.091507
v -92.030975 -26.464651 -6.071571
v -92.953720 -25.898819 -2.029221
v -93.828842 -25.217424 2.063606
v -94.500259 -24.656586 6.403252
v -94.812576 -24.415386 11.151581
v -94.604599 -24.598595 16.344757
v -94.051620 -25.264267 21.932526
v -93.288300 -27.281376 27.155876
v -92.324402 -31.012598 31.317329
v -91.138855 -35.827065 34.619499
v -89.996658 -40.622932 37.629829
v -89.132416 -44.089607 40.758675
v -88.415466 -46.211491 43.940117
v -87.896591 -47.407791 47.240791
v -87.527771 -48.380005 50.612190
v -90.716385 -52.558285 -251.830505
v -90.737656 -52.457321 -248.025848
v -90.770020 -52.367954 -244.220886
v -90.808640 -52.272213 -240.415131
v -90.836655 -52.178650 -236.604767
v -90.868988 -52.010422 -232.795044
v -90.893997 -51.879192 -228.979553
v -90.905121 -51.793396 -225.158813
v -90.932816 -51.659630 -221.345581
v -90.960861 -51.483627 -217.538651
v -90.946991 -51.472183 -213.724243
v -90.921494 -51.541702 -209.907440
v -90.914322 -51.577469 -206.094650
v -90.923721 -51.596096 -202.284851
v -90.952606 -51.549164 -198.475372
v -90.982254 -51.467014 -194.664200
v -90.957169 -51.475559 -190.845291
v -90.919556 -51.450352 -187.031647
v -90.894638 -51.217720 -183.248795
v -90.873840 -50.743382 -179.510620
v -90.812225 -50.138184 -175.808105
v -90.722015 -49.442333 -172.140381
v -90.639709 -48.861923 -168.470917
v -90.606079 -48.366447 -164.816727
v -90.675049 -47.777744 -161.218964
v -90.794357 -47.374168 -157.608475
v -90.918182 -47.113667 -153.961823
v -90.981598 -46.880749 -150.253403
v -90.964432 -46.490410 -146.497833
v -90.982040 -45.979019 -142.671844
v -91.111542 -45.048080 -138.860870
v -91.426544 -43.248344 -135.105896
v -91.873840 -40.745453 -131.351379
v -92.250504 -38.785763 -127.344482
v -92.513901 -38.438004 -122.946518
v -92.837585 -39.453041 -118.262344
v -93.009384 -41.663673 -113.715408
v -92.745041 -44.245316 -109.710434
v -92.159760 -46.676018 -106.053215
v -91.531113 -48.808537 -102.472694
v -91.052536 -50.287579 -98.848701
v -90.801636 -51.019901 -95.150276
v -90.714127 -50.997013 -91.409866
v -90.695450 -50.517056 -87.664101
v -90.746948 -49.904263 -83.887131
v -90.993362 -49.084511 -79.980240
v -91.464722 -48.122143 -75.892075
v -92.148407 -47.085670 -71.664551
v -93.021667 -45.996086 -67.360153
v -93.851547 -44.700165 -63.046524
v -94.358139 -43.148899 -58.773193
v -94.370392 -41.401131 -54.671772
v -93.856628 -39.602058 -50.868935
v -92.905777 -38.158043 -47.403111
v -91.783646 -37.241962 -44.175529
v -90.810852 -36.803375 -40.978798
v -90.117722 -36.821091 -37.673767
v -89.729462 -37.066547 -34.291298
v -89.656860 -37.613445 -30.803284
v -89.847733 -38.085670 -27.215096
v -90.237045 -38.306313 -23.536285
v -90.704803 -38.136002 -19.812836
v -91.181702 -37.486725 -16.102722
v -91.758987 -36.777542 -12.356834
v -92.477631 -36.096382 -8.581223
v -93.301285 -35.409149 -4.811958
v -94.252014 -34.747475 -1.025681
v -95.365967 -33.906185 2.804420
v -96.498871 -32.936100 6.826469
v -97.224960 -32.215374 11.256355
v -97.305161 -32.181892 16.115761
v -96.955948 -32.739033 21.220451
v -96.255966 -34.419991 26.019257
v -95.289673 -37.249264 30.114540
v -94.184982 -40.689640 33.666573
v -93.190964 -43.936668 36.996635
v -92.563263 -45.892521 40.379341
v -92.106415 -46.497780 43.845222
v -91.767258 -46.570145 47.367561
v -91.477036 -47.002415 50.847679
v -94.500504 -52.779305 -251.807373
v -94.501648 -52.772499 -247.994629
v -94.508026 -52.764824 -244.181976
v -94.517288 -52.752300 -240.369812
v -94.528229 -52.720089 -236.559753
v -94.529388 -52.716911 -232.745819
v -94.528809 -52.711632 -228.929214
v -94.533524 -52.685780 -225.114075
v -94.546753 -52.618244 -221.303070
v -94.553574 -52.573631 -217.491333
v -94.548386 -52.544357 -213.677368
v -94.542953 -52.550713 -209.863052
v -94.541306 -52.587654 -206.049530
v -94.537262 -52.604408 -202.235535
v -94.551315 -52.585869 -198.424850
v -94.563873 -52.584480 -194.611877
v -94.556808 -52.615433 -190.794815
v -94.536194 -52.646046 -186.980957
v -94.517136 -52.607571 -183.172882
v -94.486420 -52.424282 -179.380157
v -94.475311 -52.077484 -175.610748
v -94.446945 -51.759697 -171.848038
v -94.410721 -51.479687 -168.091995
v -94.433853 -51.317886 -164.322678
v -94.518356 -51.165165 -160.560638
v -94.638306 -50.924633 -156.830597
v -94.722672 -50.733192 -153.083054
v -94.737900 -50.539787 -149.300674
v -94.738159 -50.274376 -145.491150
v -94.759277 -49.801716 -141.671631
v -94.828232 -49.023514 -137.853806
v -94.976227 -48.019302 -134.007233
v -95.258759 -46.704132 -130.090607
v -95.572708 -45.458199 -126.111763
v -95.797256 -44.848431 -122.081528
v -95.864380 -45.110271 -118.042549
v -95.810242 -45.999409 -114.071259
v -95.575974 -47.433788 -110.252350
v -95.209579 -49.216503 -106.552086
v -94.848541 -50.822327 -102.880188
v -94.617020 -51.859589 -99.156532
v -94.512909 -52.324314 -95.387367
v -94.496094 -52.405857 -91.587715
v -94.494354 -52.268452 -87.788170
v -94.504959 -52.018177 -83.980682
v -94.653656 -51.581829 -80.097397
v -94.992874 -50.860188 -76.081818
v -95.455048 -49.920353 -71.956657
v -95.948074 -48.843765 -67.794807
v -96.454239 -47.572056 -63.656368
v -96.838852 -46.092457 -59.608555
v -96.923843 -44.569973 -55.707672
v -96.669937 -43.112488 -51.973942
v -96.143097 -41.920319 -48.389610
v -95.509781 -41.051888 -44.885597
v -94.936356 -40.503967 -41.377701
v -94.490433 -40.284386 -37.834759
v -94.217377 -40.348999 -34.256966
v -94.118073 -40.574730 -30.636108
v -94.182419 -40.852772 -26.944786
v -94.331451 -41.021740 -23.185127
v -94.448410 -41.080338 -19.390182
v -94.556122 -41.185722 -15.575829
v -94.704163 -41.430622 -11.741798
v -94.874725 -41.705624 -7.914825
v -95.083145 -42.034218 -4.094254
v -95.341202 -42.344849 -0.286545
v -95.695526 -42.543007 3.527008
v -96.154449 -42.599358 7.377350
v -96.829575 -42.248363 11.371025
v -97.838531 -41.476418 15.668205
v -98.398331 -41.283218 20.171638
v -98.323853 -42.018211 24.571198
v -97.697006 -43.582077 28.672447
v -96.861771 -45.631100 32.428902
v -96.100418 -47.483829 35.992531
v -95.749252 -48.158955 39.640907
v -95.573639 -47.652370 43.399437
v -95.420197 -46.959686 47.137428
v -95.244507 -46.905571 50.763924
vn -0.2872 0.9371 0.1985
vn -0.0000 1.0000 -0.0000
vn 0.0001 1.0000 0.0001
vn 0.0011 1.0000 0.0013
vn 0.0019 1.0000 0.0042
vn 0.0002 1.0000 0.0063
vn -0.0009 1.0000 0.0055
vn -0.0001 1.0000 0.0045
vn 0.0108 0.9998 0.0150
vn 0.0386 0.9980 0.0503
vn 0.0478 0.9942 0.0965
vn 0.0295 0.9914 0.1279
vn 0.0165 0.9883 0.1513
vn 0.0664 0.9767 0.2040
vn 0.1170 0.9499 0.2900
vn 0.1106 0.9213 0.3728
vn 0.0402 0.9112 0.4099
vn -0.0177 0.9111 0.4117
vn 0.0464 0.9046 0.4237
vn 0.1300 0.8932 0.4304
vn 0.1557 0.8963 0.4151
vn 0.1354 0.9045 0.4045
vn 0.1380 0.8819 0.4508
vn 0.3101 0.7516 0.5822
vn 0.5780 0.4512 0.6799
vn 0.6357 0.2452 0.7320
vn 0.5546 0.1890 0.8104
vn 0.3828 0.2242 0.8962
vn 0.1077 0.2960 0.9491
vn -0.2195 0.3440 0.9130
vn -0.5079 0.3587 0.7832
vn -0.6794 0.3862 0.6239
vn -0.6870 0.4891 0.5374
vn -0.5578 0.6583 0.5055
vn -0.3426 0.8103 0.4754
vn -0.0612 0.8450 0.5312
vn 0.2661 0.6512 0.7107
vn 0.3449 0.4061 0.8462
vn 0.2229 0.3058 0.9256
vn 0.0559 0.3086 0.9495
vn -0.1420 0.3791 0.9144
vn -0.3284 0.4903 0.8073
vn -0.4054 0.6367 0.6559
vn -0.1990 0.8124 0.5481
vn 0.2477 0.8452 0.4736
vn 0.5149 0.7334 0.4438
vn 0.5045 0.6784 0.5341
vn 0.3991 0.6114 0.6833
vn 0.3839 0.5156 0.7660
vn 0.3188 0.5087 0.7998
vn 0.2017 0.5913 0.7808
vn 0.1030 0.6867 0.7196
vn 0.0277 0.7564 0.6535
vn -0.0254 0.7932 0.6084
vn -0.0941 0.8025 0.5892
vn -0.1240 0.7922 0.5975
vn -0.1802 0.7638 0.6197
vn -0.1153 0.7502 0.6511
vn 0.0258 0.7434 0.6684
vn 0.0649 0.7394 0.6701
vn 0.0345 0.7403 0.6714
vn -0.0000 0.7377 0.6752
vn -0.0449 0.7231 0.6893
vn -0.1787 0.6837 0.7075
vn -0.3593 0.6241 0.6938
vn -0.5352 0.5888 0.6057
vn -0.5984 0.6330 0.4912
vn -0.4735 0.7695 0.4286
vn -0.3593 0.8569 0.3697
vn -0.3169 0.9025 0.2916
vn -0.2248 0.9530 0.2033
vn -0.1085 0.9862 0.1247
vn 0.0108 0.9945 0.1040
vn 0.0856 0.9851 0.1495
vn 0.3063 0.9264 0.2188
vn 0.4501 0.8554 0.2563
vn 0.3428 0.8962 0.2816
vn 0.0544 0.9611 0.2708
vn 0.1119 0.9934 -0.0234
vn 0.1157 0.9933 0.0051
vn 0.1079 0.9939 0.0241
vn 0.0931 0.9952 0.0289
vn 0.0748 0.9970 -0.0200
vn 0.0603 0.9870 -0.1490
vn 0.0635 0.9556 -0.2879
vn 0.0885 0.9204 -0.3807
vn 0.1224 0.9048 -0.4079
vn 0.1643 0.9252 -0.3420
vn 0.2159 0.9412 -0.2600
vn 0.2805 0.9444 -0.1713
vn 0.3483 0.9302 -0.1157
vn 0.4255 0.8996 -0.0982
vn 0.5024 0.8611 -0.0784
vn 0.5599 0.8283 -0.0208
vn 0.6069 0.7936 0.0434
vn 0.6489 0.7573 0.0734
vn 0.6761 0.7257 0.1274
vn 0.6816 0.7093 0.1800
vn 0.6716 0.7146 0.1957
vn 0.6451 0.7389 0.1946
vn 0.5974 0.7803 0.1851
vn 0.5316 0.8354 0.1398
vn 0.4480 0.8901 0.0838
vn 0.3789 0.9251 0.0248
vn 0.3575 0.9329 -0.0442
vn 0.3611 0.9307 -0.0587
vn 0.3913 0.9183 -0.0597
vn 0.4451 0.8949 -0.0323
vn 0.4810 0.8730 -0.0809
vn 0.4985 0.8570 -0.1307
vn 0.5054 0.8488 -0.1551
vn 0.5147 0.8384 -0.1796
vn 0.5431 0.8293 -0.1312
vn 0.5821 0.8108 -0.0613
vn 0.6194 0.7845 0.0291
vn 0.6365 0.7586 0.1392
vn 0.6401 0.7395 0.2082
vn 0.6169 0.7445 0.2551
vn 0.5705 0.7879 0.2317
vn 0.5122 0.8288 0.2251
vn 0.4352 0.8744 0.2147
vn 0.3398 0.9262 0.1635
vn 0.2381 0.9645 0.1145
vn 0.1408 0.9880 0.0631
vn 0.0739 0.9933 -0.0890
vn 0.0706 0.9662 -0.2479
vn 0.1212 0.9364 -0.3294
vn 0.1897 0.9310 -0.3118
vn 0.2546 0.9468 -0.1969
vn 0.2975 0.9546 -0.0149
vn 0.3050 0.9391 0.1584
vn 0.2989 0.9336 0.1975
vn 0.3098 0.9480 0.0726
vn 0.3428 0.9218 -0.1811
vn 0.3907 0.8243 -0.4098
vn 0.4487 0.7345 -0.5091
vn 0.5343 0.7300 -0.4261
vn 0.6073 0.7505 -0.2604
vn 0.6432 0.7628 -0.0666
vn 0.6426 0.7561 0.1238
vn 0.6197 0.7517 0.2256
vn 0.5897 0.7658 0.2566
vn 0.5625 0.8025 0.1988
vn 0.5376 0.8312 0.1418
vn 0.5345 0.8440 0.0446
vn 0.5499 0.8350 -0.0205
vn 0.5741 0.8187 -0.0117
vn 0.6065 0.7909 -0.0820
vn 0.6452 0.7531 -0.1290
vn 0.6821 0.7243 -0.1008
vn 0.7057 0.7067 0.0510
vn 0.6784 0.6877 0.2586
vn 0.5751 0.6743 0.4632
vn 0.4147 0.7237 0.5517
vn 0.2272 0.8710 0.4356
vn 0.0736 0.9863 0.1475
vn 0.0136 0.9996 0.0267
vn 0.1386 0.9896 -0.0397
vn 0.1634 0.9865 -0.0077
vn 0.1829 0.9828 0.0242
vn 0.1787 0.9828 0.0471
vn 0.1506 0.9886 0.0090
vn 0.1088 0.9865 -0.1226
vn 0.0624 0.9592 -0.2757
vn 0.0181 0.9253 -0.3787
vn -0.0220 0.9127 -0.4079
vn -0.0418 0.9304 -0.3642
vn -0.0269 0.9528 -0.3025
vn 0.0106 0.9727 -0.2319
vn 0.0691 0.9794 -0.1900
vn 0.1458 0.9694 -0.1974
vn 0.2254 0.9602 -0.1652
vn 0.3008 0.9489 -0.0952
vn 0.3805 0.9242 -0.0332
vn 0.4570 0.8894 0.0098
vn 0.5180 0.8508 0.0883
vn 0.5749 0.8036 0.1541
vn 0.6233 0.7589 0.1887
vn 0.6520 0.7299 0.2054
vn 0.6600 0.7193 0.2168
vn 0.6513 0.7349 0.1889
vn 0.6106 0.7733 0.1711
vn 0.5465 0.8324 0.0924
vn 0.4848 0.8745 -0.0139
vn 0.4478 0.8928 -0.0491
vn 0.4416 0.8918 -0.0987
vn 0.4670 0.8800 -0.0861
vn 0.5029 0.8559 -0.1209
vn 0.5274 0.8362 -0.1505
vn 0.5345 0.8310 -0.1540
vn 0.5207 0.8349 -0.1783
vn 0.5146 0.8438 -0.1522
vn 0.5352 0.8378 -0.1079
vn 0.5670 0.8237 -0.0034
vn 0.6010 0.7922 0.1065
vn 0.6293 0.7532 0.1916
vn 0.6374 0.7216 0.2703
vn 0.6327 0.7276 0.2650
vn 0.5940 0.7536 0.2816
vn 0.5324 0.7949 0.2910
vn 0.4694 0.8492 0.2422
vn 0.4023 0.8931 0.2012
vn 0.3255 0.9335 0.1505
vn 0.2336 0.9721 -0.0200
vn 0.1533 0.9580 -0.2424
vn 0.1213 0.9262 -0.3571
vn 0.1242 0.9281 -0.3509
vn 0.1569 0.9558 -0.2485
vn 0.2035 0.9778 -0.0491
vn 0.2300 0.9611 0.1529
vn 0.2431 0.9495 0.1986
vn 0.2646 0.9630 0.0518
vn 0.2938 0.9253 -0.2397
vn 0.3100 0.8196 -0.4818
vn 0.3272 0.7468 -0.5790
vn 0.3794 0.7810 -0.4961
vn 0.4369 0.8446 -0.3095
vn 0.4760 0.8754 -0.0843
vn 0.4939 0.8592 0.1335
vn 0.4971 0.8286 0.2575
vn 0.4791 0.8203 0.3123
vn 0.4478 0.8548 0.2623
vn 0.4214 0.8901 0.1738
vn 0.4279 0.9035 0.0243
vn 0.4568 0.8872 -0.0651
vn 0.4918 0.8690 -0.0549
vn 0.5319 0.8332 -0.1511
vn 0.5832 0.7872 -0.2008
vn 0.6380 0.7558 -0.1475
vn 0.6813 0.7307 0.0437
vn 0.6716 0.6783 0.2982
vn 0.5712 0.6053 0.5544
vn 0.4105 0.6034 0.6837
vn 0.2413 0.7597 0.6039
vn 0.0892 0.9642 0.2497
vn 0.0163 0.9983 0.0566
vn 0.0002 1.0000 0.0002
vn 0.1710 0.9818 -0.0821
vn 0.2203 0.9746 -0.0406
vn 0.2349 0.9718 0.0218
vn 0.2254 0.9723 0.0625
vn 0.2110 0.9768 0.0372
vn 0.1720 0.9827 -0.0692
vn 0.0903 0.9741 -0.2074
vn -0.0173 0.9510 -0.3088
vn -0.1122 0.9285 -0.3539
vn -0.1767 0.9253 -0.3355
vn -0.2211 0.9311 -0.2902
vn -0.2380 0.9399 -0.2449
vn -0.2167 0.9476 -0.2349
vn -0.1666 0.9516 -0.2582
vn -0.1055 0.9672 -0.2312
vn -0.0355 0.9848 -0.1701
vn 0.0472 0.9913 -0.1230
vn 0.1373 0.9878 -0.0740
vn 0.2366 0.9716 0.0034
vn 0.3436 0.9369 0.0643
vn 0.4409 0.8888 0.1248
vn 0.5270 0.8359 0.1533
vn 0.5919 0.7823 0.1938
vn 0.6236 0.7549 0.2029
vn 0.6260 0.7488 0.2180
vn 0.6219 0.7690 0.1479
vn 0.6014 0.7980 0.0396
vn 0.5679 0.8230 -0.0127
vn 0.5276 0.8460 -0.0766
vn 0.4987 0.8608 -0.1013
vn 0.4873 0.8616 -0.1421
vn 0.4846 0.8592 -0.1638
vn 0.4826 0.8632 -0.1484
vn 0.4653 0.8718 -0.1533
vn 0.4459 0.8824 -0.1500
vn 0.4389 0.8893 -0.1284
vn 0.4552 0.8898 -0.0313
vn 0.4923 0.8684 0.0597
vn 0.5397 0.8266 0.1596
vn 0.5938 0.7697 0.2345
vn 0.6251 0.7306 0.2748
vn 0.6129 0.7225 0.3199
vn 0.5921 0.7357 0.3288
vn 0.5609 0.7734 0.2955
vn 0.5070 0.8203 0.2647
vn 0.4562 0.8642 0.2121
vn 0.3879 0.9184 0.0785
vn 0.2804 0.9443 -0.1722
vn 0.1874 0.9284 -0.3209
vn 0.1343 0.9303 -0.3413
vn 0.1098 0.9590 -0.2613
vn 0.1145 0.9900 -0.0819
vn 0.1418 0.9814 0.1296
vn 0.1660 0.9683 0.1866
vn 0.1868 0.9819 0.0325
vn 0.1973 0.9397 -0.2795
vn 0.1869 0.8384 -0.5120
vn 0.1673 0.7785 -0.6050
vn 0.1785 0.8265 -0.5339
vn 0.2168 0.9147 -0.3411
vn 0.2562 0.9601 -0.1123
vn 0.2976 0.9480 0.1126
vn 0.3278 0.9089 0.2577
vn 0.3345 0.8758 0.3479
vn 0.3229 0.8918 0.3168
vn 0.3091 0.9302 0.1980
vn 0.3075 0.9515 0.0074
vn 0.3149 0.9429 -0.1084
vn 0.3556 0.9272 -0.1180
vn 0.4222 0.8751 -0.2366
vn 0.4919 0.8254 -0.2771
vn 0.5544 0.8087 -0.1966
vn 0.6072 0.7942 0.0208
vn 0.6131 0.7237 0.3168
vn 0.5254 0.5858 0.6171
vn 0.3800 0.5071 0.7736
vn 0.2434 0.6375 0.7310
vn 0.1077 0.9223 0.3712
vn 0.0202 0.9955 0.0930
vn 0.0002 1.0000 0.0007
vn 0.2602 0.9539 -0.1497
vn 0.3070 0.9493 -0.0672
vn 0.3120 0.9496 0.0292
vn 0.3005 0.9509 0.0744
vn 0.2713 0.9599 0.0704
vn 0.2147 0.9767 -0.0017
vn 0.1368 0.9838 -0.1158
vn 0.0372 0.9787 -0.2021
vn -0.0809 0.9616 -0.2621
vn -0.2004 0.9457 -0.2559
vn -0.2942 0.9275 -0.2306
vn -0.3477 0.9117 -0.2188
vn -0.3701 0.8992 -0.2333
vn -0.3739 0.8887 -0.2655
vn -0.3610 0.8965 -0.2568
vn -0.3223 0.9205 -0.2208
vn -0.2542 0.9467 -0.1976
vn -0.1656 0.9728 -0.1617
vn -0.0620 0.9922 -0.1078
vn 0.0570 0.9968 -0.0566
vn 0.1825 0.9831 0.0121
vn 0.2993 0.9529 0.0485
vn 0.3945 0.9106 0.1231
vn 0.4708 0.8653 0.1720
vn 0.5332 0.8220 0.2002
vn 0.5670 0.8066 0.1671
vn 0.5765 0.8145 0.0651
vn 0.5737 0.8189 0.0186
vn 0.5595 0.8281 -0.0349
vn 0.5398 0.8378 -0.0821
vn 0.5040 0.8574 -0.1040
vn 0.4492 0.8833 -0.1339
vn 0.4065 0.9053 -0.1228
vn 0.3766 0.9178 -0.1256
vn 0.3500 0.9278 -0.1287
vn 0.3277 0.9373 -0.1192
vn 0.3204 0.9462 -0.0448
vn 0.3406 0.9400 0.0214
vn 0.4000 0.9110 0.0999
vn 0.4845 0.8594 0.1634
vn 0.5561 0.7938 0.2460
vn 0.6089 0.7346 0.2993
vn 0.6368 0.7006 0.3221
vn 0.6355 0.7026 0.3201
vn 0.6053 0.7320 0.3127
vn 0.5480 0.7914 0.2710
vn 0.4642 0.8677 0.1777
vn 0.3451 0.9359 -0.0709
vn 0.2280 0.9395 -0.2555
vn 0.1643 0.9372 -0.3077
vn 0.1325 0.9628 -0.2354
vn 0.1142 0.9895 -0.0883
vn 0.1186 0.9874 0.1050
vn 0.1257 0.9758 0.1790
vn 0.1230 0.9920 0.0279
vn 0.1068 0.9525 -0.2852
vn 0.0713 0.8613 -0.5030
vn 0.0258 0.8096 -0.5864
vn 0.0014 0.8416 -0.5400
vn 0.0153 0.9328 -0.3601
vn 0.0549 0.9872 -0.1495
vn 0.1080 0.9919 0.0669
vn 0.1611 0.9609 0.2254
vn 0.2000 0.9185 0.3412
vn 0.2258 0.9153 0.3336
vn 0.2351 0.9480 0.2145
vn 0.2263 0.9739 0.0152
vn 0.2081 0.9712 -0.1158
vn 0.2395 0.9502 -0.1996
vn 0.3204 0.8886 -0.3282
vn 0.3980 0.8503 -0.3443
vn 0.4635 0.8534 -0.2386
vn 0.5129 0.8584 -0.0068
vn 0.5252 0.7913 0.3131
vn 0.4631 0.6101 0.6429
vn 0.3446 0.4519 0.8228
vn 0.2489 0.5236 0.8148
vn 0.1480 0.8479 0.5090
vn 0.0407 0.9884 0.1463
vn 0.0045 1.0000 0.0054
vn 0.3269 0.9214 -0.2103
vn 0.3711 0.9242 -0.0906
vn 0.4004 0.9162 0.0148
vn 0.4103 0.9083 0.0817
vn 0.3795 0.9171 0.1218
vn 0.3177 0.9452 0.0749
vn 0.2515 0.9670 -0.0414
vn 0.1727 0.9803 -0.0953
vn 0.0406 0.9916 -0.1230
vn -0.0903 0.9838 -0.1547
vn -0.1861 0.9708 -0.1511
vn -0.2759 0.9478 -0.1599
vn -0.3454 0.9175 -0.1970
vn -0.4047 0.8864 -0.2246
vn -0.4511 0.8597 -0.2396
vn -0.4633 0.8538 -0.2372
vn -0.4342 0.8658 -0.2487
vn -0.3757 0.8964 -0.2351
vn -0.2866 0.9337 -0.2144
vn -0.1746 0.9688 -0.1761
vn -0.0547 0.9917 -0.1167
vn 0.0595 0.9962 -0.0642
vn 0.1640 0.9862 0.0221
vn 0.2696 0.9596 0.0803
vn 0.3498 0.9261 0.1414
vn 0.4091 0.9012 0.1430
vn 0.4585 0.8874 0.0489
vn 0.4771 0.8785 0.0260
vn 0.4802 0.8769 -0.0193
vn 0.4849 0.8715 -0.0737
vn 0.4848 0.8725 -0.0614
vn 0.4554 0.8875 -0.0707
vn 0.3945 0.9169 -0.0598
vn 0.3182 0.9456 -0.0674
vn 0.2588 0.9613 -0.0942
vn 0.2256 0.9696 -0.0942
vn 0.2157 0.9753 -0.0473
vn 0.2342 0.9721 -0.0089
vn 0.2791 0.9597 0.0334
vn 0.3530 0.9321 0.0817
vn 0.4361 0.8826 0.1753
vn 0.5146 0.8228 0.2414
vn 0.5801 0.7614 0.2895
vn 0.6424 0.7093 0.2902
vn 0.6667 0.6722 0.3219
vn 0.6385 0.6935 0.3338
vn 0.5682 0.7726 0.2832
vn 0.4597 0.8853 0.0707
vn 0.2997 0.9429 -0.1453
vn 0.1809 0.9471 -0.2651
vn 0.1552 0.9631 -0.2200
vn 0.1764 0.9802 -0.0897
vn 0.1998 0.9757 0.0903
vn 0.2139 0.9615 0.1725
vn 0.2039 0.9778 0.0487
vn 0.1408 0.9592 -0.2451
vn 0.0491 0.8894 -0.4545
vn -0.0364 0.8410 -0.5398
vn -0.0928 0.8486 -0.5208
vn -0.1074 0.9212 -0.3741
vn -0.0812 0.9788 -0.1881
vn -0.0277 0.9996 0.0061
vn 0.0403 0.9854 0.1655
vn 0.1106 0.9506 0.2901
vn 0.1689 0.9361 0.3084
vn 0.2011 0.9554 0.2164
vn 0.2112 0.9771 0.0247
vn 0.2269 0.9658 -0.1255
vn 0.2561 0.9317 -0.2575
vn 0.2801 0.8788 -0.3864
vn 0.3209 0.8612 -0.3942
vn 0.3743 0.8856 -0.2748
vn 0.4149 0.9093 -0.0310
vn 0.4237 0.8565 0.2947
vn 0.3857 0.6657 0.6389
vn 0.3029 0.4447 0.8429
vn 0.2381 0.4388 0.8664
vn 0.1810 0.7469 0.6398
vn 0.0776 0.9717 0.2230
vn 0.0176 0.9995 0.0273
vn 0.3233 0.9075 -0.2682
vn 0.3926 0.9085 -0.1435
vn 0.4442 0.8956 -0.0247
vn 0.4566 0.8856 0.0853
vn 0.4496 0.8809 0.1480
vn 0.4436 0.8885 0.1174
vn 0.4137 0.9101 0.0211
vn 0.3415 0.9398 0.0096
vn 0.2593 0.9658 -0.0023
vn 0.1870 0.9799 -0.0694
vn 0.1045 0.9929 -0.0570
vn -0.0090 0.9986 -0.0518
vn -0.1515 0.9836 -0.0976
vn -0.2774 0.9503 -0.1413
vn -0.3614 0.9126 -0.1912
vn -0.4123 0.8822 -0.2272
vn -0.4434 0.8586 -0.2574
vn -0.4377 0.8524 -0.2862
vn -0.3872 0.8725 -0.2981
vn -0.3182 0.9089 -0.2695
vn -0.2364 0.9457 -0.2230
vn -0.1381 0.9752 -0.1729
vn -0.0333 0.9957 -0.0870
vn 0.0515 0.9986 -0.0122
vn 0.1244 0.9898 0.0694
vn 0.2102 0.9756 0.0641
vn 0.2808 0.9598 0.0023
vn 0.3135 0.9494 0.0171
vn 0.3358 0.9415 -0.0301
vn 0.3520 0.9328 -0.0777
vn 0.3612 0.9310 -0.0531
vn 0.3690 0.9288 -0.0349
vn 0.3494 0.9369 0.0087
vn 0.3082 0.9513 -0.0018
vn 0.2660 0.9626 -0.0522
vn 0.2024 0.9785 -0.0395
vn 0.1623 0.9854 -0.0513
vn 0.1720 0.9846 -0.0303
vn 0.2031 0.9790 -0.0152
vn 0.2520 0.9676 0.0154
vn 0.3055 0.9464 0.1045
vn 0.3749 0.9110 0.1717
vn 0.4712 0.8569 0.2091
vn 0.5739 0.7904 0.2144
vn 0.6398 0.7142 0.2840
vn 0.6653 0.6597 0.3495
vn 0.6552 0.6700 0.3491
vn 0.6056 0.7644 0.2211
vn 0.4701 0.8815 0.0457
vn 0.3022 0.9392 -0.1631
vn 0.2191 0.9549 -0.2003
vn 0.2341 0.9655 -0.1142
vn 0.3070 0.9503 0.0513
vn 0.3761 0.9159 0.1403
vn 0.3950 0.9152 0.0796
vn 0.3426 0.9245 -0.1669
vn 0.2319 0.9034 -0.3608
vn 0.0888 0.8850 -0.4570
vn -0.0453 0.8826 -0.4679
vn -0.1210 0.9213 -0.3696
vn -0.1281 0.9672 -0.2193
vn -0.0910 0.9943 -0.0555
vn -0.0197 0.9963 0.0840
vn 0.0643 0.9753 0.2115
vn 0.1294 0.9564 0.2620
vn 0.1929 0.9656 0.1746
vn 0.2709 0.9624 -0.0212
vn 0.3306 0.9287 -0.1683
vn 0.3459 0.8982 -0.2712
vn 0.3170 0.8656 -0.3875
vn 0.2983 0.8606 -0.4127
vn 0.3133 0.9021 -0.2968
vn 0.3325 0.9416 -0.0522
vn 0.3355 0.9029 0.2687
vn 0.3065 0.7265 0.6151
vn 0.2460 0.4749 0.8450
vn 0.1970 0.3941 0.8977
vn 0.1834 0.6525 0.7353
vn 0.1077 0.9420 0.3179
vn 0.0293 0.9970 0.0718
vn 0.2722 0.9009 -0.3380
vn 0.3390 0.9168 -0.2110
vn 0.3798 0.9229 -0.0629
vn 0.4181 0.9066 0.0565
vn 0.4670 0.8766 0.1163
vn 0.4999 0.8590 0.1105
vn 0.4896 0.8685 0.0777
vn 0.4505 0.8891 0.0815
vn 0.4251 0.9042 0.0419
vn 0.3921 0.9199 -0.0005
vn 0.3360 0.9415 0.0261
vn 0.2741 0.9604 0.0492
vn 0.1955 0.9802 0.0319
vn 0.0739 0.9972 -0.0112
vn -0.0611 0.9930 -0.1010
vn -0.1754 0.9704 -0.1661
vn -0.2726 0.9383 -0.2130
vn -0.3340 0.8949 -0.2958
vn -0.3539 0.8718 -0.3387
vn -0.3547 0.8814 -0.3121
vn -0.3268 0.8986 -0.2927
vn -0.2640 0.9275 -0.2648
vn -0.2033 0.9648 -0.1665
vn -0.1437 0.9861 -0.0840
vn -0.0625 0.9977 -0.0246
vn 0.0226 0.9995 -0.0241
vn 0.0786 0.9959 -0.0444
vn 0.1257 0.9919 -0.0208
vn 0.1723 0.9835 -0.0561
vn 0.1898 0.9792 -0.0714
vn 0.1909 0.9805 -0.0474
vn 0.2010 0.9791 -0.0298
vn 0.2257 0.9739 0.0250
vn 0.2580 0.9661 0.0107
vn 0.2624 0.9648 -0.0206
vn 0.2327 0.9724 0.0168
vn 0.1938 0.9805 -0.0333
vn 0.1670 0.9853 -0.0348
vn 0.1707 0.9844 -0.0431
vn 0.1947 0.9805 -0.0252
vn 0.2422 0.9694 0.0397
vn 0.3212 0.9435 0.0818
vn 0.4065 0.9070 0.1098
vn 0.4876 0.8636 0.1284
vn 0.5563 0.8028 0.2145
vn 0.6138 0.7259 0.3105
vn 0.6661 0.6637 0.3404
vn 0.6902 0.6605 0.2954
vn 0.6611 0.7209 0.2080
vn 0.5636 0.8254 0.0332
vn 0.4281 0.8977 -0.1036
vn 0.3803 0.9175 -0.1164
vn 0.4217 0.9067 -0.0028
vn 0.4947 0.8657 0.0765
vn 0.5612 0.8251 0.0658
vn 0.5525 0.8300 -0.0758
vn 0.4605 0.8572 -0.2305
vn 0.3370 0.8870 -0.3155
vn 0.1882 0.9177 -0.3497
vn 0.0516 0.9482 -0.3134
vn -0.0306 0.9766 -0.2131
vn -0.0395 0.9940 -0.1020
vn 0.0028 0.9999 0.0100
vn 0.0568 0.9886 0.1395
vn 0.1344 0.9734 0.1856
vn 0.2465 0.9665 0.0717
vn 0.3526 0.9277 -0.1230
vn 0.4150 0.8839 -0.2156
vn 0.4319 0.8612 -0.2681
vn 0.4043 0.8438 -0.3528
vn 0.3620 0.8459 -0.3917
vn 0.3292 0.9008 -0.2833
vn 0.2975 0.9531 -0.0554
vn 0.2644 0.9312 0.2508
vn 0.2197 0.7757 0.5917
vn 0.1627 0.5180 0.8398
vn 0.1354 0.3880 0.9117
vn 0.1564 0.5894 0.7925
vn 0.1105 0.9017 0.4180
vn 0.0315 0.9915 0.1263
vn 0.1553 0.9029 -0.4008
vn 0.1990 0.9442 -0.2626
vn 0.2532 0.9601 -0.1186
vn 0.3260 0.9452 -0.0187
vn 0.3935 0.9179 0.0511
vn 0.4305 0.8976 0.0945
vn 0.4444 0.8901 0.1011
vn 0.4607 0.8829 0.0910
vn 0.4737 0.8794 0.0477
vn 0.4612 0.8860 0.0469
vn 0.4362 0.8970 0.0709
vn 0.4193 0.9038 0.0861
vn 0.3928 0.9140 0.1016
vn 0.3465 0.9336 0.0914
vn 0.2768 0.9608 0.0117
vn 0.1795 0.9823 -0.0541
vn 0.0648 0.9918 -0.1104
vn -0.0569 0.9719 -0.2283
vn -0.1616 0.9363 -0.3118
vn -0.2414 0.9232 -0.2990
vn -0.2819 0.9064 -0.3147
vn -0.3005 0.9063 -0.2973
vn -0.3006 0.9312 -0.2064
vn -0.2635 0.9531 -0.1489
vn -0.2016 0.9728 -0.1137
vn -0.1356 0.9863 -0.0939
vn -0.0879 0.9929 -0.0804
vn -0.0483 0.9963 -0.0713
vn -0.0199 0.9975 -0.0676
vn -0.0098 0.9982 -0.0584
vn -0.0009 0.9994 -0.0343
vn 0.0180 0.9994 -0.0297
vn 0.0585 0.9983 0.0026
vn 0.1222 0.9923 -0.0189
vn 0.1733 0.9846 -0.0214
vn 0.2142 0.9767 0.0122
vn 0.2392 0.9709 -0.0131
vn 0.2302 0.9729 -0.0234
vn 0.2164 0.9752 -0.0472
vn 0.2148 0.9756 -0.0460
vn 0.2398 0.9707 -0.0179
vn 0.2988 0.9543 -0.0038
vn 0.3561 0.9334 0.0454
vn 0.4081 0.9106 0.0646
vn 0.4699 0.8720 0.1371
vn 0.5492 0.8052 0.2237
vn 0.6376 0.7245 0.2619
vn 0.6962 0.6602 0.2819
vn 0.7395 0.6323 0.2310
vn 0.7408 0.6483 0.1758
vn 0.6970 0.7161 0.0364
vn 0.6426 0.7647 -0.0490
vn 0.6278 0.7784 -0.0070
vn 0.6398 0.7677 0.0362
vn 0.6538 0.7557 0.0370
vn 0.6561 0.7543 -0.0245
vn 0.6220 0.7747 -0.1137
vn 0.5412 0.8260 -0.1574
vn 0.4218 0.8878 -0.1844
vn 0.2806 0.9432 -0.1777
vn 0.1611 0.9761 -0.1458
vn 0.0845 0.9924 -0.0900
vn 0.0554 0.9982 -0.0217
vn 0.0953 0.9929 0.0707
vn 0.1912 0.9787 0.0744
vn 0.3076 0.9498 -0.0570
vn 0.3847 0.8992 -0.2084
vn 0.4273 0.8653 -0.2619
vn 0.4585 0.8422 -0.2836
vn 0.4606 0.8262 -0.3245
vn 0.4240 0.8387 -0.3417
vn 0.3680 0.9006 -0.2312
vn 0.2975 0.9545 -0.0221
vn 0.2223 0.9401 0.2584
vn 0.1469 0.8007 0.5808
vn 0.0842 0.5495 0.8312
vn 0.0696 0.4032 0.9125
vn 0.0981 0.5620 0.8213
vn 0.0777 0.8621 0.5008
vn 0.0199 0.9848 0.1727
vn -0.0089 0.9011 -0.4335
vn 0.0273 0.9496 -0.3123
vn 0.0958 0.9752 -0.1996
vn 0.1718 0.9799 -0.1017
vn 0.2322 0.9726 -0.0105
vn 0.2775 0.9584 0.0671
vn 0.3334 0.9406 0.0639
vn 0.3789 0.9230 0.0673
vn 0.3971 0.9168 0.0433
vn 0.4140 0.9088 0.0517
vn 0.4357 0.8972 0.0719
vn 0.4493 0.8892 0.0864
vn 0.4484 0.8848 0.1266
vn 0.4461 0.8875 0.1151
vn 0.4400 0.8954 0.0680
vn 0.4088 0.9122 0.0292
vn 0.3578 0.9337 -0.0118
vn 0.2671 0.9591 -0.0934
vn 0.1118 0.9777 -0.1778
vn -0.0394 0.9754 -0.2169
vn -0.1439 0.9527 -0.2678
vn -0.2300 0.9379 -0.2596
vn -0.2889 0.9347 -0.2069
vn -0.3042 0.9356 -0.1794
vn -0.2974 0.9420 -0.1557
vn -0.2675 0.9522 -0.1474
vn -0.2218 0.9677 -0.1194
vn -0.1891 0.9770 -0.0981
vn -0.1876 0.9809 -0.0522
vn -0.1998 0.9792 -0.0353
vn -0.1933 0.9808 -0.0269
vn -0.1550 0.9872 -0.0382
vn -0.0839 0.9956 -0.0425
vn 0.0047 0.9976 -0.0698
vn 0.0947 0.9932 -0.0681
vn 0.1761 0.9838 -0.0331
vn 0.2199 0.9753 -0.0207
vn 0.2428 0.9697 -0.0262
vn 0.2629 0.9636 -0.0482
vn 0.2776 0.9591 -0.0553
vn 0.2940 0.9544 -0.0512
vn 0.3093 0.9497 -0.0491
vn 0.3233 0.9462 0.0100
vn 0.3582 0.9335 0.0175
vn 0.4320 0.9011 0.0385
vn 0.5279 0.8426 0.1064
vn 0.6195 0.7708 0.1486
vn 0.6945 0.6909 0.2007
vn 0.7577 0.6290 0.1740
vn 0.7884 0.5857 0.1881
vn 0.8017 0.5903 0.0941
vn 0.7829 0.6217 0.0211
vn 0.7694 0.6386 0.0119
vn 0.7670 0.6395 0.0524
vn 0.7526 0.6560 0.0570
vn 0.7314 0.6819 0.0104
vn 0.6929 0.7206 -0.0247
vn 0.6327 0.7737 -0.0324
vn 0.5494 0.8348 -0.0356
vn 0.4350 0.9002 -0.0183
vn 0.3055 0.9516 -0.0344
vn 0.1957 0.9806 -0.0129
vn 0.1321 0.9912 -0.0092
vn 0.1289 0.9915 0.0176
vn 0.2033 0.9782 -0.0427
vn 0.3067 0.9370 -0.1671
vn 0.3744 0.8872 -0.2696
vn 0.4145 0.8583 -0.3024
vn 0.4423 0.8397 -0.3152
vn 0.4537 0.8327 -0.3173
vn 0.4341 0.8529 -0.2900
vn 0.3849 0.9082 -0.1645
vn 0.3046 0.9517 0.0390
vn 0.2027 0.9341 0.2940
vn 0.0997 0.8035 0.5869
vn 0.0271 0.5659 0.8240
vn 0.0185 0.4214 0.9067
vn 0.0416 0.5511 0.8334
vn 0.0276 0.8339 0.5513
vn 0.0019 0.9808 0.1951
vn -0.1716 0.8799 -0.4431
vn -0.1390 0.9200 -0.3665
vn -0.0800 0.9595 -0.2702
vn -0.0225 0.9856 -0.1678
vn 0.0348 0.9971 -0.0674
vn 0.1028 0.9947 0.0082
vn 0.1680 0.9858 0.0031
vn 0.2150 0.9760 0.0356
vn 0.2577 0.9661 0.0183
vn 0.3004 0.9537 0.0157
vn 0.3401 0.9395 0.0421
vn 0.3754 0.9246 0.0644
vn 0.4263 0.8999 0.0915
vn 0.4866 0.8702 0.0779
vn 0.5174 0.8530 0.0681
vn 0.5119 0.8562 0.0690
vn 0.4797 0.8761 0.0489
vn 0.4170 0.9085 0.0286
vn 0.3216 0.9467 -0.0199
vn 0.2000 0.9763 -0.0830
vn 0.0612 0.9861 -0.1542
vn -0.0806 0.9844 -0.1565
vn -0.1989 0.9690 -0.1468
vn -0.2784 0.9487 -0.1498
vn -0.3190 0.9355 -0.1517
vn -0.3210 0.9308 -0.1747
vn -0.3139 0.9386 -0.1433
vn -0.3168 0.9438 -0.0947
vn -0.3311 0.9433 -0.0244
vn -0.3430 0.9393 -0.0064
vn -0.3323 0.9426 -0.0320
vn -0.2861 0.9559 -0.0657
vn -0.1984 0.9733 -0.1151
vn -0.0714 0.9857 -0.1526
vn 0.0566 0.9872 -0.1490
vn 0.1578 0.9832 -0.0919
vn 0.2287 0.9722 -0.0503
vn 0.2672 0.9626 -0.0443
vn 0.2815 0.9579 -0.0571
vn 0.2872 0.9558 -0.0627
vn 0.2968 0.9526 -0.0673
vn 0.3032 0.9514 -0.0536
vn 0.3077 0.9514 -0.0079
vn 0.3531 0.9345 -0.0442
vn 0.4279 0.9018 -0.0608
vn 0.5057 0.8627 -0.0036
vn 0.6010 0.7989 0.0236
vn 0.6899 0.7186 0.0871
vn 0.7505 0.6527 0.1040
vn 0.7857 0.6015 0.1444
vn 0.8046 0.5858 0.0974
vn 0.8032 0.5940 0.0448
vn 0.7962 0.6047 0.0210
vn 0.7948 0.6028 0.0692
vn 0.7874 0.6101 0.0886
vn 0.7647 0.6417 0.0593
vn 0.7280 0.6832 0.0568
vn 0.6750 0.7348 0.0660
vn 0.6036 0.7929 0.0837
vn 0.5121 0.8511 0.1156
vn 0.4003 0.9112 0.0973
vn 0.2862 0.9544 0.0845
vn 0.2004 0.9788 0.0424
vn 0.1636 0.9865 0.0051
vn 0.1935 0.9729 -0.1263
vn 0.2520 0.9363 -0.2446
vn 0.3088 0.8914 -0.3318
vn 0.3629 0.8646 -0.3475
vn 0.4021 0.8469 -0.3479
vn 0.4189 0.8507 -0.3176
vn 0.4079 0.8771 -0.2536
vn 0.3690 0.9238 -0.1022
vn 0.2912 0.9504 0.1093
vn 0.1799 0.9190 0.3509
vn 0.0582 0.7901 0.6102
vn -0.0141 0.5741 0.8187
vn -0.0042 0.4430 0.8965
vn 0.0343 0.5431 0.8390
vn 0.0261 0.8084 0.5880
vn -0.0012 0.9803 0.1977
vn -0.3084 0.8491 -0.4288
vn -0.3085 0.8658 -0.3939
vn -0.2732 0.9066 -0.3216
vn -0.2075 0.9503 -0.2323
vn -0.1260 0.9821 -0.1396
vn -0.0399 0.9966 -0.0723
vn 0.0180 0.9992 -0.0366
vn 0.0540 0.9985 -0.0052
vn 0.0937 0.9954 -0.0209
vn 0.1379 0.9899 -0.0335
vn 0.1946 0.9809 -0.0086
vn 0.2617 0.9651 0.0076
vn 0.3476 0.9377 -0.0035
vn 0.4320 0.9019 -0.0001
vn 0.4931 0.8695 0.0280
vn 0.5310 0.8450 0.0630
vn 0.5372 0.8392 0.0847
vn 0.5109 0.8536 0.1017
vn 0.4652 0.8820 0.0751
vn 0.4010 0.9154 0.0341
vn 0.3039 0.9526 -0.0113
vn 0.1664 0.9860 -0.0059
vn -0.0004 0.9999 -0.0136
vn -0.1502 0.9868 -0.0606
vn -0.2527 0.9619 -0.1042
vn -0.3255 0.9343 -0.1454
vn -0.3825 0.9163 -0.1188
vn -0.4221 0.9042 -0.0654
vn -0.4266 0.9041 -0.0233
vn -0.4105 0.9118 -0.0001
vn -0.3880 0.9200 -0.0563
vn -0.3212 0.9363 -0.1421
vn -0.2064 0.9515 -0.2280
vn -0.0637 0.9569 -0.2835
vn 0.0892 0.9607 -0.2628
vn 0.2145 0.9617 -0.1707
vn 0.2961 0.9500 -0.0987
vn 0.3262 0.9440 -0.0496
vn 0.3108 0.9493 -0.0464
vn 0.2862 0.9566 -0.0547
vn 0.2648 0.9620 -0.0660
vn 0.2564 0.9651 -0.0539
vn 0.2808 0.9591 -0.0369
vn 0.3403 0.9327 -0.1192
vn 0.3999 0.9080 -0.1250
vn 0.4730 0.8746 -0.1061
vn 0.5734 0.8125 -0.1055
vn 0.6638 0.7476 -0.0228
vn 0.7248 0.6881 0.0356
vn 0.7624 0.6397 0.0971
vn 0.7819 0.6169 0.0893
vn 0.7789 0.6246 0.0564
vn 0.7600 0.6487 0.0397
vn 0.7473 0.6606 0.0717
vn 0.7432 0.6629 0.0912
vn 0.7290 0.6786 0.0896
vn 0.6969 0.7089 0.1087
vn 0.6517 0.7466 0.1338
vn 0.5989 0.7839 0.1638
vn 0.5396 0.8161 0.2070
vn 0.4674 0.8598 0.2054
vn 0.3702 0.9090 0.1913
vn 0.2684 0.9557 0.1210
vn 0.2030 0.9788 0.0273
vn 0.1851 0.9708 -0.1524
vn 0.1976 0.9378 -0.2855
vn 0.2309 0.8942 -0.3834
vn 0.2848 0.8703 -0.4019
vn 0.3358 0.8603 -0.3837
vn 0.3620 0.8752 -0.3210
vn 0.3531 0.9084 -0.2240
vn 0.3140 0.9483 -0.0473
vn 0.2418 0.9536 0.1793
vn 0.1404 0.8993 0.4141
vn 0.0320 0.7652 0.6430
vn -0.0320 0.5771 0.8161
vn -0.0182 0.4700 0.8825
vn 0.0445 0.5529 0.8321
vn 0.0851 0.7818 0.6177
vn 0.0517 0.9727 0.2261
vn -0.3907 0.8384 -0.3801
vn -0.4166 0.8209 -0.3905
vn -0.3935 0.8434 -0.3658
vn -0.3411 0.8915 -0.2980
vn -0.2721 0.9369 -0.2195
vn -0.1920 0.9693 -0.1535
vn -0.1184 0.9895 -0.0826
vn -0.0539 0.9970 -0.0561
vn 0.0002 0.9982 -0.0606
vn 0.0324 0.9971 -0.0689
vn 0.0765 0.9942 -0.0750
vn 0.1567 0.9845 -0.0786
vn 0.2507 0.9614 -0.1130
vn 0.3458 0.9329 -0.1004
vn 0.4257 0.9036 -0.0479
vn 0.4883 0.8726 0.0061
vn 0.5311 0.8442 0.0728
vn 0.5592 0.8226 0.1029
vn 0.5664 0.8165 0.1118
vn 0.5292 0.8401 0.1189
vn 0.4475 0.8866 0.1173
vn 0.3350 0.9320 0.1385
vn 0.2099 0.9686 0.1331
vn 0.0607 0.9952 0.0770
vn -0.1031 0.9947 0.0039
vn -0.2431 0.9685 -0.0538
vn -0.3345 0.9399 -0.0683
vn -0.3745 0.9263 -0.0407
vn -0.3851 0.9221 -0.0382
vn -0.3651 0.9303 -0.0338
vn -0.3136 0.9416 -0.1229
vn -0.2352 0.9347 -0.2667
vn -0.1310 0.9232 -0.3613
vn 0.0027 0.9020 -0.4317
vn 0.1438 0.9123 -0.3835
vn 0.2605 0.9313 -0.2545
vn 0.3396 0.9284 -0.1506
vn 0.3825 0.9222 -0.0560
vn 0.3830 0.9236 -0.0184
vn 0.3444 0.9388 -0.0110
vn 0.2829 0.9589 -0.0206
vn 0.2217 0.9747 -0.0271
vn 0.2004 0.9773 -0.0687
vn 0.2417 0.9515 -0.1901
vn 0.3212 0.9273 -0.1920
vn 0.4223 0.8792 -0.2207
vn 0.5156 0.8318 -0.2054
vn 0.5925 0.7974 -0.1141
vn 0.6590 0.7515 -0.0307
vn 0.7046 0.7074 0.0559
vn 0.7256 0.6830 0.0835
vn 0.7212 0.6874 0.0857
vn 0.7001 0.7103 0.0729
vn 0.6838 0.7252 0.0811
vn 0.6710 0.7358 0.0912
vn 0.6554 0.7488 0.0982
vn 0.6391 0.7572 0.1347
vn 0.6107 0.7722 0.1757
vn 0.5712 0.7934 0.2104
vn 0.5374 0.8048 0.2520
vn 0.5031 0.8219 0.2672
vn 0.4464 0.8503 0.2788
vn 0.3666 0.9069 0.2076
vn 0.2722 0.9579 0.0909
vn 0.1974 0.9718 -0.1293
vn 0.1684 0.9397 -0.2976
vn 0.1742 0.8943 -0.4122
vn 0.2095 0.8684 -0.4495
vn 0.2572 0.8723 -0.4158
vn 0.2825 0.9027 -0.3245
vn 0.2765 0.9408 -0.1959
vn 0.2469 0.9690 0.0029
vn 0.1901 0.9510 0.2439
vn 0.1128 0.8746 0.4716
vn 0.0386 0.7386 0.6731
vn -0.0119 0.5710 0.8209
vn -0.0122 0.4908 0.8712
vn 0.0508 0.5842 0.8100
vn 0.1146 0.7669 0.6314
vn 0.0974 0.9525 0.2887
vn -0.3338 0.8869 -0.3193
vn -0.3776 0.8429 -0.3834
vn -0.3819 0.8320 -0.4025
vn -0.3609 0.8635 -0.3523
vn -0.3150 0.9038 -0.2898
vn -0.2652 0.9399 -0.2152
vn -0.2170 0.9658 -0.1421
vn -0.1505 0.9808 -0.1240
vn -0.0801 0.9903 -0.1135
vn -0.0247 0.9945 -0.1016
vn 0.0342 0.9891 -0.1434
vn 0.1132 0.9788 -0.1706
vn 0.2019 0.9562 -0.2121
vn 0.2933 0.9334 -0.2067
vn 0.3900 0.9089 -0.1474
vn 0.4696 0.8799 -0.0731
vn 0.5280 0.8491 0.0133
vn 0.5641 0.8231 0.0659
vn 0.5667 0.8136 0.1297
vn 0.5386 0.8209 0.1900
vn 0.4787 0.8477 0.2288
vn 0.3842 0.8851 0.2626
vn 0.2667 0.9285 0.2585
vn 0.1313 0.9657 0.2239
vn 0.0106 0.9927 0.1197
vn -0.0510 0.9986 0.0164
vn -0.0824 0.9963 -0.0263
vn -0.0990 0.9946 -0.0307
vn -0.0951 0.9947 -0.0385
vn -0.0766 0.9935 -0.0843
vn -0.0532 0.9778 -0.2025
vn -0.0112 0.9165 -0.3998
vn 0.0706 0.8621 -0.5018
vn 0.1471 0.8256 -0.5448
vn 0.2209 0.8558 -0.4679
vn 0.3064 0.8927 -0.3305
vn 0.3825 0.9013 -0.2035
vn 0.4259 0.9021 -0.0700
vn 0.4286 0.9035 0.0043
vn 0.4072 0.9124 0.0414
vn 0.3557 0.9325 0.0634
vn 0.2855 0.9573 0.0448
vn 0.2421 0.9679 -0.0677
vn 0.2273 0.9467 -0.2282
vn 0.2549 0.9293 -0.2672
vn 0.3157 0.8949 -0.3153
vn 0.3853 0.8812 -0.2741
vn 0.4622 0.8649 -0.1955
vn 0.5366 0.8386 -0.0941
vn 0.5906 0.8068 0.0161
vn 0.6226 0.7785 0.0793
vn 0.6388 0.7623 0.1035
vn 0.6442 0.7586 0.0976
vn 0.6376 0.7641 0.0980
vn 0.6260 0.7723 0.1082
vn 0.6080 0.7857 0.1142
vn 0.5918 0.7928 0.1457
vn 0.5790 0.7900 0.2016
vn 0.5601 0.7931 0.2394
vn 0.5474 0.7922 0.2696
vn 0.5356 0.7906 0.2968
vn 0.5115 0.7952 0.3255
vn 0.4634 0.8411 0.2788
vn 0.3875 0.9055 0.1731
vn 0.2911 0.9544 -0.0662
vn 0.1967 0.9420 -0.2720
vn 0.1474 0.8963 -0.4183
vn 0.1534 0.8640 -0.4796
vn 0.1850 0.8808 -0.4358
vn 0.2052 0.9246 -0.3208
vn 0.1984 0.9657 -0.1672
vn 0.1766 0.9831 0.0478
vn 0.1499 0.9437 0.2950
vn 0.1178 0.8480 0.5167
vn 0.0754 0.7088 0.7014
vn 0.0467 0.5585 0.8282
vn 0.0531 0.5005 0.8641
vn 0.0821 0.6030 0.7935
vn 0.0989 0.7614 0.6407
vn 0.0885 0.9352 0.3428
vn -0.1075 0.9562 -0.2722
vn -0.1549 0.9179 -0.3654
vn -0.2110 0.8896 -0.4051
vn -0.2418 0.8891 -0.3885
vn -0.2369 0.9113 -0.3368
vn -0.2191 0.9416 -0.2558
vn -0.2009 0.9632 -0.1788
vn -0.1655 0.9679 -0.1894
vn -0.1054 0.9787 -0.1762
vn -0.0360 0.9862 -0.1617
vn 0.0457 0.9746 -0.2194
vn 0.1310 0.9579 -0.2556
vn 0.2127 0.9307 -0.2976
vn 0.2862 0.9127 -0.2917
vn 0.3490 0.9065 -0.2374
vn 0.4048 0.9026 -0.1465
vn 0.4518 0.8905 -0.0533
vn 0.4840 0.8743 0.0366
vn 0.4906 0.8585 0.1493
vn 0.4705 0.8476 0.2453
vn 0.4198 0.8467 0.3269
vn 0.3380 0.8612 0.3796
vn 0.2351 0.8927 0.3845
vn 0.1271 0.9310 0.3422
vn 0.0443 0.9791 0.1983
vn 0.0180 0.9995 0.0242
vn 0.0758 0.9955 -0.0560
vn 0.1734 0.9826 -0.0665
vn 0.2570 0.9647 -0.0583
vn 0.3088 0.9452 -0.1061
vn 0.3388 0.9073 -0.2489
vn 0.3315 0.8177 -0.4707
vn 0.3073 0.7721 -0.5562
vn 0.2932 0.7568 -0.5841
vn 0.3255 0.7983 -0.5067
vn 0.3748 0.8471 -0.3768
vn 0.4120 0.8824 -0.2274
vn 0.4346 0.8972 -0.0783
vn 0.4496 0.8932 0.0099
vn 0.4449 0.8921 0.0793
vn 0.4214 0.8977 0.1289
vn 0.4053 0.9091 0.0960
vn 0.3876 0.9212 -0.0328
vn 0.3337 0.9249 -0.1820
vn 0.2828 0.9150 -0.2878
vn 0.2686 0.8967 -0.3518
vn 0.2813 0.9075 -0.3120
vn 0.3163 0.9134 -0.2561
vn 0.3752 0.9138 -0.1553
vn 0.4387 0.8981 -0.0324
vn 0.4948 0.8676 0.0490
vn 0.5514 0.8312 0.0714
vn 0.5920 0.8007 0.0917
vn 0.6077 0.7872 0.1050
vn 0.6080 0.7844 0.1224
vn 0.5960 0.7905 0.1413
vn 0.5792 0.7992 0.1606
vn 0.5702 0.7929 0.2151
vn 0.5620 0.7865 0.2562
vn 0.5540 0.7856 0.2756
vn 0.5580 0.7727 0.3026
vn 0.5652 0.7523 0.3386
vn 0.5504 0.7698 0.3231
vn 0.5100 0.8276 0.2347
vn 0.4284 0.9033 0.0242
vn 0.3015 0.9316 -0.2030
vn 0.1853 0.9009 -0.3925
vn 0.1297 0.8631 -0.4882
vn 0.1345 0.8876 -0.4406
vn 0.1449 0.9411 -0.3056
vn 0.1341 0.9825 -0.1292
vn 0.1190 0.9887 0.0913
vn 0.1146 0.9358 0.3334
vn 0.1134 0.8282 0.5489
vn 0.1263 0.6844 0.7181
vn 0.1671 0.5504 0.8180
vn 0.2032 0.4949 0.8449
vn 0.1784 0.5670 0.8042
vn 0.1001 0.7323 0.6736
vn 0.0500 0.9256 0.3753
vn 0.0405 0.9683 -0.2465
vn 0.0219 0.9427 -0.3330
vn -0.0042 0.9282 -0.3721
vn -0.0365 0.9222 -0.3850
vn -0.0609 0.9357 -0.3474
vn -0.0765 0.9604 -0.2679
vn -0.0826 0.9779 -0.1920
vn -0.0779 0.9722 -0.2207
vn -0.0614 0.9730 -0.2223
vn -0.0170 0.9741 -0.2255
vn 0.0457 0.9557 -0.2908
vn 0.1130 0.9372 -0.3300
vn 0.1836 0.9087 -0.3750
vn 0.2383 0.9065 -0.3487
vn 0.2731 0.9170 -0.2907
vn 0.3062 0.9307 -0.2000
vn 0.3341 0.9376 -0.0967
vn 0.3474 0.9375 0.0191
vn 0.3407 0.9243 0.1721
vn 0.3202 0.9001 0.2954
vn 0.2899 0.8680 0.4032
vn 0.2336 0.8451 0.4809
vn 0.1594 0.8589 0.4867
vn 0.0848 0.8981 0.4315
vn 0.0510 0.9723 0.2280
vn 0.0670 0.9977 0.0071
vn 0.1406 0.9769 -0.1611
vn 0.2817 0.9427 -0.1790
vn 0.4029 0.9068 -0.1236
vn 0.4920 0.8553 -0.1627
vn 0.5560 0.7772 -0.2946
vn 0.5484 0.7004 -0.4568
vn 0.5152 0.6795 -0.5224
vn 0.4595 0.7001 -0.5466
vn 0.4099 0.7780 -0.4761
vn 0.3855 0.8430 -0.3751
vn 0.4053 0.8859 -0.2256
vn 0.4369 0.8943 -0.0966
vn 0.4612 0.8873 0.0034
vn 0.4651 0.8789 0.1057
vn 0.4619 0.8746 0.1470
vn 0.4644 0.8802 0.0978
vn 0.4512 0.8924 0.0079
vn 0.4153 0.9033 -0.1072
vn 0.3553 0.9069 -0.2263
vn 0.2822 0.9055 -0.3168
vn 0.2418 0.9203 -0.3075
vn 0.2220 0.9393 -0.2617
vn 0.2174 0.9587 -0.1834
vn 0.2569 0.9622 -0.0907
vn 0.3503 0.9358 -0.0396
vn 0.4523 0.8918 -0.0080
vn 0.5324 0.8458 0.0343
vn 0.5893 0.8047 0.0724
vn 0.6107 0.7826 0.1206
vn 0.6088 0.7777 0.1565
vn 0.6012 0.7798 0.1746
vn 0.5938 0.7737 0.2209
vn 0.5828 0.7654 0.2730
vn 0.5719 0.7707 0.2808
vn 0.5756 0.7632 0.2936
vn 0.5908 0.7368 0.3289
vn 0.5977 0.7262 0.3396
vn 0.5876 0.7624 0.2710
vn 0.5307 0.8393 0.1181
vn 0.4167 0.9017 -0.1152
vn 0.2797 0.9018 -0.3295
vn 0.1628 0.8681 -0.4690
vn 0.1201 0.8969 -0.4257
vn 0.1128 0.9549 -0.2746
vn 0.1006 0.9921 -0.0753
vn 0.0846 0.9860 0.1440
vn 0.0857 0.9238 0.3731
vn 0.1145 0.8154 0.5674
vn 0.1957 0.6885 0.6983
vn 0.3114 0.5610 0.7670
vn 0.3881 0.4758 0.7893
vn 0.3482 0.4702 0.8110
vn 0.2111 0.6338 0.7442
vn 0.0783 0.9001 0.4285
vn 0.1009 0.9629 -0.2505
vn 0.1145 0.9382 -0.3266
vn 0.1114 0.9302 -0.3496
vn 0.0880 0.9305 -0.3554
vn 0.0654 0.9405 -0.3335
vn 0.0638 0.9624 -0.2641
vn 0.0764 0.9766 -0.2012
vn 0.0720 0.9745 -0.2127
vn 0.0608 0.9702 -0.2345
vn 0.0629 0.9654 -0.2532
vn 0.0651 0.9453 -0.3196
vn 0.0748 0.9247 -0.3733
vn 0.0968 0.8986 -0.4280
vn 0.1297 0.9094 -0.3951
vn 0.1555 0.9339 -0.3220
vn 0.1635 0.9597 -0.2287
vn 0.1712 0.9779 -0.1204
vn 0.1687 0.9854 0.0240
vn 0.1485 0.9685 0.2000
vn 0.1195 0.9315 0.3435
vn 0.0807 0.8814 0.4655
vn 0.0435 0.8301 0.5559
vn 0.0142 0.8326 0.5538
vn 0.0107 0.8861 0.4633
vn 0.0524 0.9803 0.1904
vn 0.1709 0.9795 -0.1063
vn 0.3437 0.8887 -0.3033
vn 0.4820 0.8326 -0.2729
vn 0.5800 0.7919 -0.1913
vn 0.6725 0.6937 -0.2580
vn 0.7311 0.6026 -0.3198
vn 0.7211 0.5737 -0.3884
vn 0.6678 0.6046 -0.4342
vn 0.5881 0.6901 -0.4219
vn 0.4819 0.7982 -0.3615
vn 0.3858 0.8659 -0.3183
vn 0.3552 0.9094 -0.2164
vn 0.3657 0.9241 -0.1108
vn 0.3888 0.9213 -0.0093
vn 0.4194 0.9027 0.0959
vn 0.4488 0.8853 0.1218
vn 0.4615 0.8823 0.0929
vn 0.4558 0.8896 0.0300
vn 0.4338 0.8990 -0.0599
vn 0.3824 0.9147 -0.1311
vn 0.3061 0.9224 -0.2354
vn 0.2380 0.9369 -0.2561
vn 0.1848 0.9576 -0.2209
vn 0.1521 0.9735 -0.1710
vn 0.1521 0.9791 -0.1351
vn 0.1965 0.9723 -0.1267
vn 0.2760 0.9567 -0.0927
vn 0.3827 0.9217 -0.0627
vn 0.4820 0.8762 0.0019
vn 0.5522 0.8297 0.0812
vn 0.5919 0.7935 0.1415
vn 0.6079 0.7753 0.1715
vn 0.6078 0.7629 0.2204
vn 0.6046 0.7468 0.2771
vn 0.6067 0.7431 0.2823
vn 0.6046 0.7421 0.2895
vn 0.6123 0.7281 0.3081
vn 0.6311 0.7019 0.3302
vn 0.6356 0.7138 0.2942
vn 0.6021 0.7730 0.2000
vn 0.5159 0.8564 -0.0188
vn 0.3858 0.8883 -0.2493
vn 0.2467 0.8744 -0.4177
vn 0.1607 0.9096 -0.3831
vn 0.1238 0.9678 -0.2193
vn 0.1018 0.9948 -0.0027
vn 0.0818 0.9731 0.2154
vn 0.0864 0.9054 0.4156
vn 0.1467 0.8161 0.5589
vn 0.2602 0.7224 0.6407
vn 0.3829 0.6050 0.6981
vn 0.4427 0.4885 0.7519
vn 0.4010 0.3981 0.8250
vn 0.3050 0.5007 0.8101
vn 0.1816 0.8280 0.5305
vn 0.1330 0.9532 -0.2714
vn 0.1447 0.9318 -0.3329
vn 0.1435 0.9300 -0.3383
vn 0.1328 0.9333 -0.3336
vn 0.1357 0.9329 -0.3336
vn 0.1562 0.9497 -0.2715
vn 0.1700 0.9630 -0.2094
vn 0.1769 0.9632 -0.2024
vn 0.1820 0.9553 -0.2329
vn 0.1873 0.9501 -0.2495
vn 0.1705 0.9398 -0.2962
vn 0.1291 0.9253 -0.3567
vn 0.0640 0.9102 -0.4092
vn -0.0017 0.9154 -0.4025
vn -0.0346 0.9419 -0.3340
vn -0.0436 0.9696 -0.2406
vn -0.0570 0.9910 -0.1212
vn -0.0863 0.9952 0.0470
vn -0.1133 0.9672 0.2273
vn -0.1367 0.9119 0.3870
vn -0.1629 0.8434 0.5119
vn -0.1618 0.8049 0.5709
vn -0.1307 0.8182 0.5598
vn -0.0765 0.9070 0.4142
vn 0.0803 0.9967 0.0108
vn 0.3110 0.8863 -0.3431
vn 0.4577 0.7792 -0.4282
vn 0.5627 0.7466 -0.3550
vn 0.6863 0.6529 -0.3206
vn 0.7784 0.5251 -0.3440
vn 0.8232 0.4676 -0.3220
vn 0.8324 0.4626 -0.3050
vn 0.8104 0.5143 -0.2806
vn 0.7512 0.6212 -0.2231
vn 0.6478 0.7424 -0.1708
vn 0.5038 0.8469 -0.1704
vn 0.3672 0.9205 -0.1340
vn 0.2870 0.9545 -0.0812
vn 0.2714 0.9623 -0.0188
vn 0.2938 0.9541 0.0577
vn 0.3262 0.9426 0.0715
vn 0.3571 0.9321 0.0605
vn 0.3846 0.9231 -0.0059
vn 0.3984 0.9160 -0.0472
vn 0.3848 0.9208 -0.0643
vn 0.3351 0.9293 -0.1555
vn 0.2776 0.9443 -0.1767
vn 0.2297 0.9580 -0.1718
vn 0.1871 0.9736 -0.1307
vn 0.1465 0.9803 -0.1325
vn 0.1270 0.9809 -0.1476
vn 0.1281 0.9832 -0.1300
vn 0.1832 0.9734 -0.1378
vn 0.2811 0.9558 -0.0866
vn 0.3928 0.9196 -0.0095
vn 0.4919 0.8676 0.0726
vn 0.5579 0.8187 0.1359
vn 0.5886 0.7831 0.2010
vn 0.6033 0.7535 0.2613
vn 0.6130 0.7394 0.2783
vn 0.6218 0.7311 0.2810
vn 0.6366 0.7171 0.2835
vn 0.6460 0.6960 0.3135
vn 0.6563 0.6931 0.2983
vn 0.6547 0.7131 0.2508
vn 0.6178 0.7823 0.0794
vn 0.5098 0.8478 -0.1463
vn 0.3547 0.8713 -0.3391
vn 0.2509 0.9167 -0.3110
vn 0.1979 0.9713 -0.1322
vn 0.1668 0.9815 0.0944
vn 0.1484 0.9413 0.3032
vn 0.1556 0.8760 0.4566
vn 0.1928 0.8233 0.5339
vn 0.2616 0.7709 0.5808
vn 0.3402 0.6767 0.6530
vn 0.3767 0.5317 0.7585
vn 0.3433 0.3813 0.8583
vn 0.2867 0.4171 0.8624
vn 0.2237 0.7350 0.6401
vn 0.1208 0.9486 -0.2925
vn 0.1395 0.9284 -0.3444
vn 0.1617 0.9244 -0.3456
vn 0.1883 0.9224 -0.3372
vn 0.2127 0.9125 -0.3493
vn 0.2280 0.9341 -0.2749
vn 0.2425 0.9442 -0.2231
vn 0.2734 0.9365 -0.2197
vn 0.2995 0.9242 -0.2372
vn 0.3088 0.9205 -0.2396
vn 0.3022 0.9178 -0.2574
vn 0.2459 0.9301 -0.2729
vn 0.1120 0.9477 -0.2988
vn -0.0476 0.9453 -0.3228
vn -0.1851 0.9421 -0.2795
vn -0.2812 0.9357 -0.2131
vn -0.3326 0.9379 -0.0990
vn -0.3641 0.9285 0.0729
vn -0.3932 0.8838 0.2536
vn -0.4075 0.8205 0.4009
vn -0.3873 0.7732 0.5022
vn -0.3384 0.7811 0.5248
vn -0.2574 0.8289 0.4966
vn -0.1094 0.9642 0.2414
vn 0.1530 0.9373 -0.3130
vn 0.3346 0.7785 -0.5310
vn 0.4500 0.7202 -0.5279
vn 0.5786 0.6619 -0.4766
vn 0.6794 0.5619 -0.4719
vn 0.7364 0.5122 -0.4420
vn 0.7728 0.4974 -0.3941
vn 0.8000 0.5170 -0.3044
vn 0.8008 0.5652 -0.1982
vn 0.7828 0.6167 -0.0827
vn 0.7372 0.6757 -0.0005
vn 0.6595 0.7516 0.0152
vn 0.5620 0.8271 0.0032
vn 0.4623 0.8867 0.0097
vn 0.3753 0.9267 0.0174
vn 0.3235 0.9442 0.0617
vn 0.3089 0.9504 0.0373
vn 0.3359 0.9419 -0.0028
vn 0.3700 0.9270 -0.0615
vn 0.3998 0.9138 -0.0718
vn 0.4244 0.9042 -0.0473
vn 0.4091 0.9081 -0.0891
vn 0.3717 0.9227 -0.1026
vn 0.3156 0.9433 -0.1027
vn 0.2344 0.9711 -0.0460
vn 0.1396 0.9882 -0.0628
vn 0.0653 0.9936 -0.0917
vn 0.0252 0.9946 -0.1004
vn 0.0296 0.9884 -0.1487
vn 0.0793 0.9850 -0.1534
vn 0.1849 0.9752 -0.1219
vn 0.3064 0.9510 -0.0402
vn 0.4153 0.9082 0.0521
vn 0.5022 0.8539 0.1367
vn 0.5635 0.7981 0.2131
vn 0.6045 0.7558 0.2517
vn 0.6211 0.7361 0.2690
vn 0.6204 0.7338 0.2768
vn 0.6244 0.7227 0.2965
vn 0.6414 0.7143 0.2800
vn 0.6555 0.7096 0.2584
vn 0.6594 0.7399 0.1329
vn 0.6155 0.7869 -0.0441
vn 0.4953 0.8385 -0.2270
vn 0.3747 0.9034 -0.2085
vn 0.3048 0.9521 -0.0240
vn 0.2655 0.9429 0.2009
vn 0.2437 0.8900 0.3853
vn 0.2346 0.8401 0.4890
vn 0.2337 0.8182 0.5253
vn 0.2332 0.7935 0.5621
vn 0.2304 0.7263 0.6476
vn 0.2327 0.5782 0.7820
vn 0.2174 0.3930 0.8935
vn 0.1870 0.3847 0.9039
vn 0.1650 0.6779 0.7164
vn 0.0952 0.9391 -0.3302
vn 0.1562 0.9110 -0.3816
vn 0.2069 0.9052 -0.3712
vn 0.2524 0.8935 -0.3715
vn 0.2878 0.8867 -0.3619
vn 0.3150 0.9050 -0.2859
vn 0.3451 0.9061 -0.2449
vn 0.3605 0.9030 -0.2338
vn 0.3568 0.9042 -0.2346
vn 0.3487 0.9081 -0.2320
vn 0.3340 0.9131 -0.2340
vn 0.2949 0.9375 -0.1848
vn 0.2066 0.9661 -0.1549
vn 0.0498 0.9855 -0.1620
vn -0.1588 0.9798 -0.1214
vn -0.3408 0.9337 -0.1099
vn -0.4613 0.8867 -0.0322
vn -0.5467 0.8278 0.1258
vn -0.5863 0.7635 0.2710
vn -0.5773 0.7242 0.3771
vn -0.5336 0.7216 0.4411
vn -0.4654 0.7734 0.4304
vn -0.3272 0.8836 0.3348
vn -0.0585 0.9939 -0.0931
vn 0.1743 0.8226 -0.5413
vn 0.2845 0.7163 -0.6371
vn 0.3835 0.6795 -0.6254
vn 0.4724 0.6304 -0.6160
vn 0.5277 0.6053 -0.5960
vn 0.5666 0.6071 -0.5571
vn 0.6020 0.6142 -0.5103
vn 0.6460 0.6712 -0.3636
vn 0.6650 0.7147 -0.2169
vn 0.6750 0.7354 -0.0590
vn 0.6765 0.7339 0.0606
vn 0.6740 0.7318 0.1010
vn 0.6571 0.7481 0.0922
vn 0.6174 0.7803 0.1002
vn 0.5730 0.8170 0.0642
vn 0.5479 0.8338 0.0674
vn 0.5362 0.8438 0.0205
vn 0.5282 0.8485 -0.0333
vn 0.5300 0.8446 -0.0758
vn 0.5392 0.8396 -0.0655
vn 0.5438 0.8387 -0.0299
vn 0.5224 0.8526 -0.0155
vn 0.4663 0.8844 -0.0191
vn 0.3890 0.9212 0.0047
vn 0.2948 0.9528 0.0727
vn 0.1846 0.9817 0.0471
vn 0.0625 0.9978 0.0223
vn -0.0490 0.9987 -0.0143
vn -0.1123 0.9907 -0.0767
vn -0.1024 0.9814 -0.1623
vn -0.0272 0.9798 -0.1983
vn 0.0932 0.9821 -0.1636
vn 0.2320 0.9694 -0.0805
vn 0.3507 0.9361 0.0272
vn 0.4452 0.8866 0.1256
vn 0.5197 0.8322 0.1932
vn 0.5710 0.7858 0.2378
vn 0.5983 0.7554 0.2673
vn 0.6086 0.7427 0.2793
vn 0.6168 0.7421 0.2623
vn 0.6257 0.7415 0.2424
vn 0.6275 0.7642 0.1495
vn 0.6041 0.7969 0.0023
vn 0.5424 0.8290 -0.1362
vn 0.4614 0.8819 -0.0966
vn 0.3880 0.9180 0.0822
vn 0.3356 0.8941 0.2965
vn 0.2988 0.8425 0.4482
vn 0.2678 0.8100 0.5216
vn 0.2295 0.8065 0.5448
vn 0.1918 0.7847 0.5895
vn 0.1553 0.7200 0.6763
vn 0.1102 0.5754 0.8104
vn 0.0698 0.4001 0.9138
vn 0.0553 0.3808 0.9230
vn 0.0514 0.6571 0.7521
vn 0.0662 0.9206 -0.3848
vn 0.1301 0.8879 -0.4412
vn 0.2080 0.8793 -0.4284
vn 0.2749 0.8663 -0.4171
vn 0.3229 0.8623 -0.3900
vn 0.3651 0.8760 -0.3152
vn 0.3919 0.8803 -0.2676
vn 0.3975 0.8891 -0.2268
vn 0.3807 0.9003 -0.2111
vn 0.3541 0.9110 -0.2115
vn 0.3219 0.9250 -0.2019
vn 0.2852 0.9493 -0.1321
vn 0.2444 0.9671 -0.0701
vn 0.1743 0.9846 -0.0143
vn 0.0532 0.9963 0.0669
vn -0.1323 0.9880 0.0799
vn -0.3412 0.9300 0.1364
vn -0.4988 0.8256 0.2637
vn -0.5866 0.7405 0.3280
vn -0.6064 0.7084 0.3611
vn -0.5606 0.7485 0.3542
vn -0.4298 0.8602 0.2745
vn -0.1896 0.9804 0.0540
vn 0.0540 0.9250 -0.3761
vn 0.1599 0.7490 -0.6430
vn 0.2088 0.6896 -0.6935
vn 0.2423 0.6795 -0.6925
vn 0.2569 0.6695 -0.6970
vn 0.2794 0.6856 -0.6722
vn 0.3144 0.6819 -0.6604
vn 0.3577 0.7192 -0.5957
vn 0.4111 0.7951 -0.4460
vn 0.4600 0.8443 -0.2750
vn 0.4945 0.8629 -0.1047
vn 0.5263 0.8497 0.0313
vn 0.5568 0.8260 0.0873
vn 0.5835 0.8036 0.1174
vn 0.6050 0.7855 0.1305
vn 0.6305 0.7743 0.0534
vn 0.6605 0.7508 0.0098
vn 0.6835 0.7298 -0.0143
vn 0.6898 0.7230 -0.0382
vn 0.6817 0.7300 -0.0480
vn 0.6720 0.7400 -0.0286
vn 0.6675 0.7446 0.0081
vn 0.6573 0.7513 0.0597
vn 0.6237 0.7774 0.0822
vn 0.5677 0.8142 0.1217
vn 0.4824 0.8530 0.1989
vn 0.3319 0.9196 0.2101
vn 0.1317 0.9711 0.1990
vn -0.0500 0.9892 0.1377
vn -0.1740 0.9842 0.0323
vn -0.2451 0.9656 -0.0863
vn -0.2355 0.9494 -0.2076
vn -0.1407 0.9552 -0.2605
vn 0.0016 0.9743 -0.2251
vn 0.1593 0.9792 -0.1253
vn 0.2915 0.9566 -0.0022
vn 0.3866 0.9173 0.0956
vn 0.4562 0.8735 0.1698
vn 0.5088 0.8314 0.2235
vn 0.5484 0.7980 0.2499
vn 0.5740 0.7818 0.2437
vn 0.5872 0.7768 0.2276
vn 0.5867 0.7915 0.1713
vn 0.5626 0.8261 0.0332
vn 0.5063 0.8581 -0.0858
vn 0.4525 0.8916 -0.0155
vn 0.4002 0.9006 0.1696
vn 0.3400 0.8621 0.3758
vn 0.2795 0.8176 0.5034
vn 0.2273 0.7987 0.5572
vn 0.1737 0.7901 0.5878
vn 0.1131 0.7639 0.6353
vn 0.0593 0.6937 0.7178
vn 0.0137 0.5348 0.8449
vn -0.0253 0.3856 0.9223
vn -0.0356 0.3903 0.9200
vn -0.0214 0.6527 0.7573
vn 0.0181 0.9052 -0.4246
vn 0.0682 0.8629 -0.5008
vn 0.1412 0.8505 -0.5067
vn 0.2191 0.8489 -0.4810
vn 0.2867 0.8470 -0.4477
vn 0.3420 0.8665 -0.3636
vn 0.3754 0.8796 -0.2923
vn 0.3825 0.8972 -0.2206
vn 0.3725 0.9092 -0.1861
vn 0.3501 0.9199 -0.1770
vn 0.3192 0.9337 -0.1621
vn 0.2820 0.9554 -0.0874
vn 0.2279 0.9736 -0.0121
vn 0.1675 0.9841 0.0593
vn 0.1033 0.9795 0.1732
vn 0.0070 0.9709 0.2394
vn -0.1179 0.9396 0.3214
vn -0.2283 0.8724 0.4323
vn -0.3189 0.8320 0.4540
vn -0.3825 0.8247 0.4167
vn -0.3624 0.8964 0.2550
vn -0.1972 0.9794 0.0433
vn 0.0196 0.9774 -0.2106
vn 0.1523 0.8513 -0.5021
vn 0.1692 0.7175 -0.6757
vn 0.1510 0.6977 -0.7003
vn 0.1148 0.7096 -0.6952
vn 0.0794 0.7066 -0.7032
vn 0.0738 0.7126 -0.6977
vn 0.0884 0.6988 -0.7099
vn 0.1357 0.7524 -0.6446
vn 0.1973 0.8324 -0.5179
vn 0.2620 0.9019 -0.3434
vn 0.3153 0.9336 -0.1702
vn 0.3626 0.9314 -0.0323
vn 0.4072 0.9124 0.0412
vn 0.4497 0.8884 0.0926
vn 0.5043 0.8585 0.0932
vn 0.5600 0.8285 0.0045
vn 0.6039 0.7948 -0.0595
vn 0.6450 0.7612 -0.0670
vn 0.6741 0.7358 -0.0644
vn 0.6886 0.7246 -0.0291
vn 0.6864 0.7272 -0.0039
vn 0.6790 0.7331 0.0378
vn 0.6728 0.7340 0.0928
vn 0.6627 0.7353 0.1416
vn 0.6386 0.7447 0.1941
vn 0.5882 0.7545 0.2911
vn 0.4916 0.7918 0.3625
vn 0.3494 0.8635 0.3637
vn 0.1621 0.9332 0.3209
vn -0.0529 0.9795 0.1945
vn -0.2169 0.9757 0.0303
vn -0.2975 0.9404 -0.1650
vn -0.2980 0.9082 -0.2939
vn -0.2132 0.9145 -0.3438
vn -0.0797 0.9553 -0.2848
vn 0.0617 0.9860 -0.1549
vn 0.1851 0.9821 -0.0344
vn 0.2812 0.9573 0.0676
vn 0.3606 0.9225 0.1374
vn 0.4228 0.8859 0.1910
vn 0.4671 0.8587 0.2107
vn 0.4944 0.8441 0.2077
vn 0.5138 0.8398 0.1752
vn 0.5171 0.8532 0.0679
vn 0.4721 0.8811 -0.0293
vn 0.4045 0.9135 0.0431
vn 0.3557 0.9050 0.2335
vn 0.3060 0.8437 0.4412
vn 0.2500 0.7942 0.5538
vn 0.1970 0.7739 0.6019
vn 0.1327 0.7479 0.6504
vn 0.0499 0.7137 0.6987
vn -0.0334 0.6424 0.7657
vn -0.0835 0.4942 0.8654
vn -0.0932 0.3756 0.9221
vn -0.0652 0.4154 0.9073
vn 0.0067 0.6712 0.7412
vn -0.0140 0.8962 -0.4433
vn 0.0174 0.8387 -0.5443
vn 0.0642 0.8227 -0.5649
vn 0.1282 0.8216 -0.5555
vn 0.2001 0.8303 -0.5202
vn 0.2564 0.8686 -0.4241
vn 0.2910 0.8978 -0.3307
vn 0.3157 0.9181 -0.2395
vn 0.3309 0.9254 -0.1845
vn 0.3261 0.9336 -0.1488
vn 0.2968 0.9475 -0.1192
vn 0.2510 0.9673 -0.0372
vn 0.2055 0.9776 0.0449
vn 0.1503 0.9811 0.1214
vn 0.0919 0.9681 0.2329
vn 0.0360 0.9461 0.3217
vn -0.0321 0.9076 0.4187
vn -0.0887 0.8570 0.5077
vn -0.1248 0.8493 0.5129
vn -0.1242 0.8911 0.4365
vn -0.0828 0.9846 0.1539
vn 0.0096 0.9915 -0.1294
vn 0.1371 0.9191 -0.3695
vn 0.2060 0.8088 -0.5508
vn 0.1759 0.7268 -0.6640
vn 0.1167 0.7344 -0.6686
vn 0.0615 0.7414 -0.6682
vn 0.0186 0.7318 -0.6813
vn -0.0158 0.7219 -0.6918
vn -0.0266 0.6913 -0.7220
vn -0.0061 0.7369 -0.6760
vn 0.0396 0.8180 -0.5739
vn 0.1008 0.9033 -0.4170
vn 0.1584 0.9574 -0.2413
vn 0.2063 0.9732 -0.1018
vn 0.2445 0.9696 0.0006
vn 0.2875 0.9564 0.0514
vn 0.3629 0.9317 0.0162
vn 0.4423 0.8946 -0.0644
vn 0.4914 0.8630 -0.1168
vn 0.5245 0.8423 -0.1240
vn 0.5515 0.8280 -0.1016
vn 0.5729 0.8184 -0.0448
vn 0.5850 0.8110 0.0010
vn 0.5909 0.8050 0.0532
vn 0.5929 0.7974 0.1126
vn 0.5959 0.7857 0.1662
vn 0.6023 0.7658 0.2256
vn 0.5976 0.7324 0.3262
vn 0.5801 0.7073 0.4040
vn 0.5407 0.7252 0.4263
vn 0.4406 0.7798 0.4447
vn 0.2897 0.8798 0.3768
vn 0.1002 0.9769 0.1885
vn -0.0785 0.9945 -0.0692
vn -0.2127 0.9410 -0.2633
vn -0.2742 0.8853 -0.3755
vn -0.2631 0.8915 -0.3688
vn -0.1964 0.9385 -0.2839
vn -0.0977 0.9790 -0.1790
vn 0.0115 0.9974 -0.0718
vn 0.1125 0.9934 0.0204
vn 0.1950 0.9753 0.1041
vn 0.2648 0.9525 0.1506
vn 0.3203 0.9325 0.1671
vn 0.3649 0.9199 0.1437
vn 0.3959 0.9153 0.0742
vn 0.3926 0.9196 0.0125
vn 0.3556 0.9303 0.0898
vn 0.3182 0.9066 0.2773
vn 0.2920 0.8228 0.4875
vn 0.2505 0.7606 0.5989
vn 0.1868 0.7318 0.6554
vn 0.1182 0.6862 0.7177
vn 0.0401 0.6346 0.7718
vn -0.0492 0.5605 0.8267
vn -0.1209 0.4462 0.8867
vn -0.1390 0.3826 0.9134
vn -0.0830 0.4697 0.8789
vn 0.0440 0.7166 0.6961
vn -0.0492 0.8955 -0.4424
vn -0.0506 0.8271 -0.5597
vn -0.0288 0.7978 -0.6023
vn 0.0160 0.7901 -0.6128
vn 0.0550 0.8125 -0.5804
vn 0.0859 0.8700 -0.4856
vn 0.1316 0.9085 -0.3967
vn 0.1828 0.9378 -0.2951
vn 0.2142 0.9544 -0.2082
vn 0.2191 0.9661 -0.1365
vn 0.2086 0.9743 -0.0845
vn 0.1888 0.9820 0.0029
vn 0.1541 0.9836 0.0934
vn 0.1067 0.9775 0.1821
vn 0.0677 0.9602 0.2711
vn 0.0291 0.9267 0.3747
vn -0.0246 0.8770 0.4799
vn -0.0709 0.8374 0.5420
vn -0.0901 0.8497 0.5195
vn -0.0726 0.9149 0.3971
vn -0.0346 0.9953 0.0910
vn 0.0455 0.9699 -0.2394
vn 0.1629 0.8587 -0.4860
vn 0.2336 0.7856 -0.5729
vn 0.2046 0.7540 -0.6241
vn 0.1503 0.7632 -0.6285
vn 0.1012 0.7661 -0.6348
vn 0.0486 0.7571 -0.6515
vn 0.0116 0.7367 -0.6761
vn -0.0170 0.6975 -0.7163
vn -0.0240 0.7256 -0.6877
vn -0.0096 0.7972 -0.6037
vn 0.0170 0.8827 -0.4697
vn 0.0530 0.9516 -0.3027
vn 0.0778 0.9858 -0.1485
vn 0.0979 0.9947 -0.0313
vn 0.1452 0.9894 -0.0023
vn 0.2175 0.9738 -0.0658
vn 0.2858 0.9494 -0.1304
vn 0.3371 0.9280 -0.1589
vn 0.3737 0.9124 -0.1668
vn 0.3974 0.9094 -0.1228
vn 0.4124 0.9087 -0.0647
vn 0.4231 0.9061 -0.0035
vn 0.4325 0.8999 0.0558
vn 0.4495 0.8845 0.1252
vn 0.4775 0.8629 0.1658
vn 0.5092 0.8301 0.2272
vn 0.5405 0.7805 0.3142
vn 0.5647 0.7246 0.3950
vn 0.5687 0.6917 0.4451
vn 0.5451 0.6856 0.4826
vn 0.5069 0.7311 0.4566
vn 0.4456 0.8317 0.3313
vn 0.3308 0.9377 0.1067
vn 0.1494 0.9822 -0.1142
vn -0.0478 0.9537 -0.2969
vn -0.2010 0.9122 -0.3569
vn -0.2747 0.9060 -0.3220
vn -0.2790 0.9243 -0.2606
vn -0.2502 0.9529 -0.1715
vn -0.1976 0.9762 -0.0898
vn -0.1163 0.9930 -0.0188
vn -0.0095 0.9997 0.0246
vn 0.1057 0.9929 0.0547
vn 0.2167 0.9746 0.0558
vn 0.3000 0.9533 0.0342
vn 0.3360 0.9417 0.0196
vn 0.3381 0.9341 0.1151
vn 0.3334 0.8950 0.2964
vn 0.3341 0.7918 0.5113
vn 0.3162 0.7006 0.6396
vn 0.2660 0.6505 0.7114
vn 0.2055 0.5990 0.7739
vn 0.1425 0.5360 0.8321
vn 0.0616 0.4584 0.8866
vn -0.0212 0.3810 0.9243
vn -0.0766 0.3768 0.9231
vn -0.0542 0.5361 0.8424
vn 0.0658 0.7745 0.6292
vn -0.0722 0.9098 -0.4086
vn -0.1290 0.8370 -0.5317
vn -0.1656 0.7792 -0.6045
vn -0.1671 0.7531 -0.6364
vn -0.1558 0.7767 -0.6104
vn -0.1322 0.8325 -0.5380
vn -0.0954 0.8804 -0.4645
vn -0.0549 0.9280 -0.3685
vn -0.0088 0.9665 -0.2566
vn 0.0307 0.9876 -0.1540
vn 0.0544 0.9954 -0.0785
vn 0.0535 0.9982 0.0285
vn 0.0245 0.9885 0.1495
vn -0.0173 0.9718 0.2354
vn -0.0473 0.9519 0.3029
vn -0.0650 0.9103 0.4088
vn -0.0760 0.8549 0.5132
vn -0.0778 0.8286 0.5544
vn -0.0727 0.8565 0.5110
vn -0.0482 0.9369 0.3461
vn 0.0146 0.9997 0.0199
vn 0.1142 0.9286 -0.3531
vn 0.2000 0.8013 -0.5638
vn 0.2628 0.7549 -0.6009
vn 0.2931 0.7554 -0.5860
vn 0.2763 0.7604 -0.5878
vn 0.2620 0.7555 -0.6005
vn 0.2572 0.7482 -0.6116
vn 0.2300 0.7402 -0.6318
vn 0.1738 0.7279 -0.6634
vn 0.1080 0.7549 -0.6469
vn 0.0542 0.8182 -0.5724
vn 0.0055 0.8917 -0.4526
vn -0.0380 0.9474 -0.3178
vn -0.0614 0.9848 -0.1625
vn -0.0581 0.9967 -0.0569
vn -0.0237 0.9987 -0.0450
vn 0.0203 0.9953 -0.0950
vn 0.0537 0.9886 -0.1404
vn 0.0972 0.9768 -0.1908
vn 0.1588 0.9641 -0.2128
vn 0.2057 0.9681 -0.1427
vn 0.2265 0.9713 -0.0731
vn 0.2371 0.9715 -0.0022
vn 0.2482 0.9669 0.0591
vn 0.2703 0.9556 0.1170
vn 0.3096 0.9381 0.1555
vn 0.3587 0.9079 0.2168
vn 0.4142 0.8624 0.2911
vn 0.4691 0.7994 0.3753
vn 0.5109 0.7368 0.4429
vn 0.5422 0.6921 0.4765
vn 0.5728 0.6767 0.4626
vn 0.5870 0.7110 0.3872
vn 0.5545 0.7951 0.2458
vn 0.4754 0.8770 0.0703
vn 0.3576 0.9291 -0.0941
vn 0.1972 0.9578 -0.2092
vn 0.0216 0.9692 -0.2455
vn -0.1374 0.9643 -0.2263
vn -0.2483 0.9545 -0.1652
vn -0.3023 0.9461 -0.1164
vn -0.2989 0.9484 -0.1059
vn -0.2273 0.9655 -0.1272
vn -0.1039 0.9878 -0.1161
vn 0.0459 0.9950 -0.0892
vn 0.2027 0.9770 -0.0664
vn 0.3189 0.9477 -0.0103
vn 0.3742 0.9191 0.1237
vn 0.3864 0.8707 0.3043
vn 0.3875 0.7623 0.5184
vn 0.4048 0.6536 0.6395
vn 0.4263 0.5564 0.7132
vn 0.4175 0.4758 0.7742
vn 0.3747 0.4063 0.8334
vn 0.3025 0.3339 0.8927
vn 0.2200 0.2898 0.9315
vn 0.1567 0.3269 0.9320
vn 0.1201 0.5380 0.8344
vn 0.1198 0.7994 0.5887
vn -0.0549 0.9345 -0.3517
vn -0.1455 0.8787 -0.4546
vn -0.2447 0.7971 -0.5520
vn -0.3123 0.7327 -0.6047
vn -0.3472 0.7203 -0.6005
vn -0.3534 0.7510 -0.5577
vn -0.3463 0.7973 -0.4943
vn -0.3158 0.8462 -0.4291
vn -0.2611 0.9096 -0.3232
vn -0.2049 0.9582 -0.1995
vn -0.1663 0.9818 -0.0920
vn -0.1543 0.9869 0.0479
vn -0.1575 0.9698 0.1861
vn -0.1663 0.9480 0.2713
vn -0.1912 0.9212 0.3390
vn -0.2193 0.8742 0.4333
vn -0.2182 0.8329 0.5086
vn -0.1824 0.8292 0.5283
vn -0.1321 0.8684 0.4780
vn -0.0655 0.9607 0.2698
vn 0.0550 0.9930 -0.1047
vn 0.1730 0.8736 -0.4549
vn 0.2440 0.7517 -0.6127
vn 0.3017 0.7158 -0.6298
vn 0.3507 0.7325 -0.5835
vn 0.3893 0.7245 -0.5688
vn 0.4229 0.6973 -0.5787
vn 0.4409 0.7026 -0.5586
vn 0.4235 0.7218 -0.5475
vn 0.3689 0.7467 -0.5534
vn 0.2949 0.7994 -0.5233
vn 0.1943 0.8772 -0.4390
vn 0.0585 0.9439 -0.3250
vn -0.0896 0.9701 -0.2255
vn -0.2063 0.9715 -0.1169
vn -0.2655 0.9629 -0.0482
vn -0.2869 0.9577 -0.0208
vn -0.3100 0.9507 -0.0025
vn -0.3450 0.9386 -0.0105
vn -0.3579 0.9283 -0.1011
vn -0.3121 0.9304 -0.1922
vn -0.2470 0.9560 -0.1584
vn -0.1817 0.9788 -0.0948
vn -0.1269 0.9919 -0.0068
vn -0.0941 0.9926 0.0770
vn -0.0496 0.9931 0.1058
vn 0.0344 0.9911 0.1286
vn 0.1259 0.9717 0.1999
vn 0.2095 0.9390 0.2726
vn 0.2964 0.8899 0.3467
vn 0.3827 0.8250 0.4159
vn 0.4691 0.7641 0.4428
vn 0.5425 0.7164 0.4387
vn 0.5951 0.6990 0.3965
vn 0.6225 0.7219 0.3022
vn 0.6109 0.7720 0.1753
vn 0.5701 0.8203 0.0459
vn 0.4990 0.8662 -0.0244
vn 0.3815 0.9232 -0.0454
vn 0.2192 0.9752 -0.0304
vn 0.0427 0.9987 -0.0282
vn -0.1005 0.9943 -0.0363
vn -0.2061 0.9750 -0.0828
vn -0.2570 0.9492 -0.1816
vn -0.2220 0.9447 -0.2414
vn -0.0927 0.9663 -0.2403
vn 0.0995 0.9741 -0.2030
vn 0.2810 0.9569 -0.0730
vn 0.3963 0.9112 0.1126
vn 0.4379 0.8405 0.3189
vn 0.4527 0.7347 0.5053
vn 0.4852 0.6369 0.5992
vn 0.5233 0.5355 0.6629
vn 0.5499 0.4259 0.7185
vn 0.5586 0.3292 0.7614
vn 0.5461 0.2417 0.8021
vn 0.5105 0.1867 0.8394
vn 0.4584 0.2137 0.8627
vn 0.3949 0.4052 0.8246
vn 0.2774 0.7197 0.6364
vn -0.0174 0.9542 -0.2985
vn -0.0908 0.9286 -0.3598
vn -0.2145 0.8666 -0.4505
vn -0.3521 0.7786 -0.5194
vn -0.4630 0.7072 -0.5344
vn -0.5203 0.6718 -0.5272
vn -0.5328 0.6880 -0.4927
vn -0.5037 0.7253 -0.4693
vn -0.4658 0.8005 -0.3771
vn -0.4193 0.8721 -0.2521
vn -0.3807 0.9180 -0.1106
vn -0.3679 0.9281 0.0573
vn -0.3653 0.9096 0.1980
vn -0.3760 0.8782 0.2957
vn -0.4032 0.8345 0.3755
vn -0.4260 0.7873 0.4458
vn -0.4253 0.7731 0.4705
vn -0.3860 0.8039 0.4524
vn -0.3058 0.8682 0.3908
vn -0.1710 0.9781 0.1187
vn 0.0309 0.9602 -0.2776
vn 0.1808 0.8159 -0.5492
vn 0.2637 0.7044 -0.6590
vn 0.3232 0.6833 -0.6547
vn 0.3813 0.6986 -0.6054
vn 0.4215 0.6925 -0.5855
vn 0.4358 0.6789 -0.5910
vn 0.4500 0.7000 -0.5545
vn 0.4529 0.7311 -0.5103
vn 0.4254 0.7717 -0.4727
vn 0.3591 0.8417 -0.4032
vn 0.2644 0.9225 -0.2813
vn 0.1379 0.9820 -0.1294
vn -0.0467 0.9987 -0.0198
vn -0.2611 0.9642 0.0457
vn -0.4419 0.8956 0.0508
vn -0.5440 0.8376 0.0509
vn -0.5940 0.7963 0.1142
vn -0.6498 0.7321 0.2047
vn -0.7408 0.6323 0.2267
vn -0.8265 0.5382 0.1650
vn -0.8614 0.4966 0.1071
vn -0.8697 0.4849 0.0919
vn -0.8695 0.4774 0.1262
vn -0.8563 0.4707 0.2127
vn -0.8490 0.4650 0.2510
vn -0.8385 0.4852 0.2478
vn -0.8098 0.5814 -0.0787
vn -0.5444 0.8362 -0.0666
vn -0.1350 0.9704 0.2003
vn 0.1167 0.9292 0.3506
vn 0.2797 0.8797 0.3847
vn 0.4261 0.8208 0.3803
vn 0.5341 0.7636 0.3628
vn 0.5993 0.7432 0.2975
vn 0.6285 0.7501 0.2058
vn 0.6301 0.7702 0.0987
vn 0.5995 0.7967 0.0767
vn 0.5375 0.8376 0.0977
vn 0.4397 0.8848 0.1541
vn 0.3014 0.9385 0.1686
vn 0.1493 0.9808 0.1257
vn 0.0085 0.9983 0.0576
vn -0.1188 0.9869 -0.1095
vn -0.1945 0.9428 -0.2706
vn -0.1488 0.9231 -0.3547
vn 0.0103 0.9457 -0.3249
vn 0.2002 0.9682 -0.1501
vn 0.3371 0.9379 0.0817
vn 0.4142 0.8504 0.3244
vn 0.4600 0.7467 0.4805
vn 0.5122 0.6608 0.5487
vn 0.5616 0.5708 0.5990
vn 0.5917 0.4660 0.6579
vn 0.6088 0.3644 0.7047
vn 0.6214 0.2646 0.7375
vn 0.6283 0.1759 0.7578
vn 0.6331 0.1421 0.7609
vn 0.6165 0.2165 0.7570
vn 0.5286 0.4800 0.7001
vn 0.0371 0.9630 -0.2668
vn -0.0139 0.9611 -0.2759
vn -0.1239 0.9381 -0.3234
vn -0.2757 0.8804 -0.3859
vn -0.4312 0.7972 -0.4225
vn -0.5448 0.7020 -0.4586
vn -0.5950 0.6469 -0.4770
vn -0.5944 0.6416 -0.4848
vn -0.5863 0.6988 -0.4099
vn -0.5637 0.7712 -0.2956
vn -0.5446 0.8293 -0.1256
vn -0.5361 0.8419 0.0619
vn -0.5408 0.8143 0.2106
vn -0.5590 0.7664 0.3165
vn -0.5814 0.7126 0.3927
vn -0.5969 0.6744 0.4347
vn -0.5960 0.6952 0.4018
vn -0.5473 0.7675 0.3338
vn -0.4252 0.8782 0.2191
vn -0.1980 0.9717 -0.1285
vn 0.0497 0.8889 -0.4555
vn 0.2004 0.7445 -0.6368
vn 0.2786 0.6606 -0.6971
vn 0.3272 0.6608 -0.6754
vn 0.3630 0.6786 -0.6385
vn 0.3910 0.6876 -0.6118
vn 0.3960 0.6899 -0.6060
vn 0.3884 0.7248 -0.5691
vn 0.3735 0.7675 -0.5210
vn 0.3415 0.8258 -0.4487
vn 0.2821 0.8983 -0.3369
vn 0.1987 0.9622 -0.1863
vn 0.1007 0.9949 0.0036
vn -0.0271 0.9855 0.1675
vn -0.2058 0.9403 0.2711
vn -0.4392 0.8599 0.2601
vn -0.6519 0.7373 0.1774
vn -0.7568 0.6231 0.1975
vn -0.7875 0.5172 0.3353
vn -0.8031 0.4148 0.4277
vn -0.8934 0.2708 0.3584
vn -0.9668 0.1341 0.2177
vn -0.9920 0.0789 0.0985
vn -0.9942 0.1026 0.0321
vn -0.9812 0.1729 0.0858
vn -0.9601 0.2118 0.1825
vn -0.9336 0.2297 0.2751
vn -0.9151 0.2520 0.3148
vn -0.8860 0.2832 0.3671
vn -0.8946 0.3362 0.2943
vn -0.8434 0.4796 -0.2422
vn -0.5295 0.8282 -0.1837
vn 0.0308 0.9802 0.1957
vn 0.3238 0.9127 0.2493
vn 0.4820 0.8463 0.2268
vn 0.5625 0.8109 0.1613
vn 0.5895 0.8021 0.0953
vn 0.5729 0.8117 0.1133
vn 0.5418 0.8250 0.1604
vn 0.4959 0.8309 0.2525
vn 0.4331 0.8521 0.2938
vn 0.3450 0.8980 0.2730
vn 0.2070 0.9519 0.2261
vn 0.0375 0.9984 0.0426
vn -0.1158 0.9725 -0.2019
vn -0.1719 0.9028 -0.3941
vn -0.0937 0.9060 -0.4128
vn 0.0666 0.9709 -0.2302
vn 0.1934 0.9802 0.0422
vn 0.2898 0.9108 0.2940
vn 0.3872 0.8101 0.4403
vn 0.4737 0.7272 0.4968
vn 0.5373 0.6435 0.5452
vn 0.5731 0.5443 0.6126
vn 0.5979 0.4503 0.6631
vn 0.6211 0.3559 0.6982
vn 0.6439 0.2530 0.7221
vn 0.6712 0.1744 0.7205
vn 0.6940 0.1498 0.7042
vn 0.6913 0.2424 0.6807
vn 0.0859 0.9624 -0.2576
vn 0.0812 0.9702 -0.2283
vn 0.0394 0.9740 -0.2230
vn -0.0698 0.9698 -0.2337
vn -0.2273 0.9349 -0.2724
vn -0.3773 0.8568 -0.3515
vn -0.4815 0.7554 -0.4443
vn -0.5571 0.6849 -0.4696
vn -0.6120 0.6734 -0.4147
vn -0.6431 0.7033 -0.3030
vn -0.6547 0.7437 -0.1355
vn -0.6459 0.7610 0.0611
vn -0.6420 0.7307 0.2323
vn -0.6572 0.6702 0.3448
vn -0.6743 0.6205 0.4003
vn -0.6758 0.6130 0.4093
vn -0.6569 0.6906 0.3026
vn -0.5588 0.8119 0.1689
vn -0.3669 0.9296 -0.0345
vn -0.0986 0.9180 -0.3841
vn 0.1230 0.7895 -0.6013
vn 0.2395 0.6783 -0.6946
vn 0.2868 0.6307 -0.7211
vn 0.3136 0.6546 -0.6878
vn 0.3155 0.6855 -0.6562
vn 0.3027 0.7059 -0.6404
vn 0.2832 0.7207 -0.6328
vn 0.2655 0.7610 -0.5920
vn 0.2364 0.8112 -0.5348
vn 0.1881 0.8803 -0.4355
vn 0.1210 0.9458 -0.3013
vn 0.0398 0.9912 -0.1260
vn -0.0458 0.9965 0.0700
vn -0.1167 0.9604 0.2531
vn -0.1880 0.8972 0.3995
vn -0.3284 0.8229 0.4637
vn -0.5861 0.7101 0.3902
vn -0.7758 0.5585 0.2935
vn -0.8067 0.4619 0.3686
vn -0.7632 0.4302 0.4822
vn -0.8010 0.4461 0.3994
vn -0.8812 0.4212 0.2147
vn -0.9161 0.3833 0.1175
vn -0.9371 0.3247 0.1282
vn -0.9552 0.2395 0.1739
vn -0.9561 0.0432 0.2898
vn -0.9550 -0.2465 0.1650
vn -0.9773 -0.2096 0.0308
vn -0.9811 0.1095 0.1597
vn -0.9805 0.1410 0.1365
vn -0.9709 0.1768 0.1618
vn -0.9529 0.2389 0.1867
vn -0.8634 0.4032 -0.3031
vn -0.5405 0.7410 -0.3984
vn 0.0900 0.9921 -0.0874
vn 0.4093 0.9124 0.0002
vn 0.5036 0.8614 0.0660
vn 0.5048 0.8552 0.1175
vn 0.4933 0.8509 0.1804
vn 0.4758 0.8314 0.2868
vn 0.4597 0.8213 0.3378
vn 0.4250 0.8302 0.3608
vn 0.3648 0.8641 0.3467
vn 0.2688 0.9422 0.2000
vn 0.0811 0.9954 -0.0507
vn -0.1405 0.9300 -0.3398
vn -0.1919 0.8700 -0.4542
vn -0.1310 0.9438 -0.3034
vn -0.0342 0.9992 -0.0185
vn 0.0729 0.9725 0.2213
vn 0.1986 0.9060 0.3738
vn 0.3224 0.8333 0.4491
vn 0.4081 0.7518 0.5179
vn 0.4591 0.6603 0.5943
vn 0.4991 0.5715 0.6514
vn 0.5342 0.4819 0.6945
vn 0.5738 0.3827 0.7241
vn 0.6193 0.2778 0.7343
vn 0.6586 0.1963 0.7264
vn 0.6750 0.1780 0.7161
vn 0.0922 0.9563 -0.2774
vn 0.1312 0.9628 -0.2361
vn 0.1488 0.9719 -0.1823
vn 0.1315 0.9822 -0.1339
vn 0.0595 0.9908 -0.1216
vn -0.0821 0.9773 -0.1951
vn -0.2435 0.9056 -0.3472
vn -0.3682 0.8338 -0.4113
vn -0.4794 0.7908 -0.3806
vn -0.5813 0.7680 -0.2687
vn -0.6510 0.7506 -0.1126
vn -0.6775 0.7318 0.0738
vn -0.6681 0.6990 0.2548
vn -0.6496 0.6587 0.3796
vn -0.6401 0.6392 0.4263
vn -0.6203 0.6861 0.3801
vn -0.5477 0.8211 0.1604
vn -0.3853 0.9218 -0.0424
vn -0.1654 0.9409 -0.2954
vn 0.0587 0.8264 -0.5600
vn 0.1970 0.6969 -0.6896
vn 0.2689 0.6329 -0.7260
vn 0.2903 0.6220 -0.7272
vn 0.2826 0.6713 -0.6852
vn 0.2468 0.7171 -0.6518
vn 0.1890 0.7429 -0.6421
vn 0.1301 0.7489 -0.6498
vn 0.0909 0.7824 -0.6161
vn 0.0522 0.8391 -0.5415
vn -0.0004 0.9087 -0.4175
vn -0.0651 0.9620 -0.2652
vn -0.1397 0.9875 -0.0731
vn -0.2178 0.9687 0.1192
vn -0.2870 0.9139 0.2871
vn -0.3424 0.8372 0.4263
vn -0.3950 0.7521 0.5275
vn -0.5038 0.6656 0.5506
vn -0.7091 0.5538 0.4365
vn -0.7983 0.4638 0.3843
vn -0.7801 0.4130 0.4700
vn -0.8014 0.4495 0.3945
vn -0.8615 0.4205 0.2845
vn -0.9293 0.3018 0.2128
vn -0.9569 0.2010 0.2096
vn -0.9462 0.2620 0.1897
vn -0.9106 0.3970 0.1148
vn -0.8657 0.4900 0.1023
vn -0.8398 0.5270 0.1309
vn -0.8645 0.3937 0.3125
vn -0.9288 0.3449 0.1356
vn -0.9805 -0.1700 -0.0985
vn -0.9803 0.1405 -0.1390
vn -0.9505 0.1475 -0.2737
vn -0.9381 0.2395 -0.2502
vn -0.5769 0.4413 -0.6874
vn -0.0424 0.8991 -0.4358
vn 0.3322 0.9424 -0.0378
vn 0.4041 0.9102 0.0914
vn 0.4160 0.8918 0.1780
vn 0.4213 0.8626 0.2801
vn 0.4201 0.8368 0.3511
vn 0.4033 0.8230 0.4000
vn 0.3789 0.8333 0.4025
vn 0.3412 0.8913 0.2985
vn 0.2435 0.9633 0.1134
vn -0.0124 0.9851 -0.1716
vn -0.2507 0.8739 -0.4165
vn -0.3304 0.8796 -0.3422
vn -0.3182 0.9424 -0.1028
vn -0.2307 0.9666 0.1117
vn -0.1002 0.9557 0.2767
vn 0.0409 0.9228 0.3830
vn 0.1488 0.8608 0.4867
vn 0.2228 0.7871 0.5751
vn 0.2809 0.7074 0.6486
vn 0.3332 0.6220 0.7086
vn 0.3874 0.5326 0.7525
vn 0.4463 0.4234 0.7884
vn 0.5059 0.3048 0.8070
vn 0.5543 0.2209 0.8025
vn 0.1065 0.9366 -0.3338
vn 0.1777 0.9446 -0.2759
vn 0.2270 0.9546 -0.1926
vn 0.2564 0.9596 -0.1162
vn 0.2520 0.9670 -0.0365
vn 0.1750 0.9838 -0.0381
vn 0.0173 0.9806 -0.1954
vn -0.1446 0.9411 -0.3055
vn -0.2831 0.9184 -0.2764
vn -0.4069 0.8959 -0.1781
vn -0.5083 0.8608 -0.0251
vn -0.5759 0.8062 0.1353
vn -0.5849 0.7586 0.2871
vn -0.5484 0.7322 0.4039
vn -0.5010 0.7419 0.4456
vn -0.4499 0.8354 0.3159
vn -0.3470 0.9378 -0.0036
vn -0.1881 0.9536 -0.2351
vn 0.0061 0.8789 -0.4769
vn 0.1538 0.7377 -0.6574
vn 0.2364 0.6349 -0.7355
vn 0.2724 0.6151 -0.7399
vn 0.2583 0.6451 -0.7191
vn 0.2155 0.7127 -0.6675
vn 0.1515 0.7639 -0.6273
vn 0.0694 0.7867 -0.6134
vn -0.0230 0.7731 -0.6339
vn -0.1023 0.7825 -0.6141
vn -0.1630 0.8293 -0.5345
vn -0.2132 0.8915 -0.3998
vn -0.2596 0.9372 -0.2331
vn -0.3064 0.9514 -0.0306
vn -0.3596 0.9177 0.1691
vn -0.4172 0.8479 0.3272
vn -0.4682 0.7614 0.4483
vn -0.5184 0.6646 0.5381
vn -0.5775 0.5700 0.5845
vn -0.6829 0.4864 0.5449
vn -0.7829 0.4674 0.4106
vn -0.7989 0.3491 0.4897
vn -0.8580 0.2254 0.4615
vn -0.9249 0.2330 0.3004
vn -0.9214 0.2835 0.2658
vn -0.8670 0.4461 0.2219
vn -0.8541 0.5143 0.0772
vn -0.8685 0.4872 -0.0910
vn -0.8182 0.5748 -0.0087
vn -0.7232 0.6773 0.1352
vn -0.6897 0.7122 0.1307
vn -0.8591 0.5112 -0.0226
vn -0.8462 0.3850 -0.3683
vn -0.8782 0.4113 -0.2441
vn -0.9513 0.0374 -0.3060
vn -0.9083 0.0480 -0.4156
vn -0.8161 0.1297 -0.5632
vn -0.6030 0.3152 -0.7328
vn -0.1562 0.8769 -0.4546
vn 0.2405 0.9706 0.0117
vn 0.3038 0.9424 0.1402
vn 0.3304 0.9101 0.2500
vn 0.3383 0.8733 0.3505
vn 0.3243 0.8454 0.4245
vn 0.3102 0.8471 0.4315
vn 0.2889 0.8885 0.3566
vn 0.2286 0.9517 0.2048
vn 0.1113 0.9938 0.0046
vn -0.1710 0.9498 -0.2620
vn -0.4266 0.8529 -0.3008
vn -0.5422 0.8265 -0.1514
vn -0.5349 0.8449 0.0038
vn -0.4543 0.8778 0.1520
vn -0.3240 0.9069 0.2693
vn -0.2054 0.8944 0.3973
vn -0.1119 0.8571 0.5028
vn -0.0368 0.7990 0.6002
vn 0.0323 0.7306 0.6821
vn 0.1043 0.6525 0.7506
vn 0.1810 0.5538 0.8128
vn 0.2586 0.4282 0.8659
vn 0.3361 0.3157 0.8873
vn 0.1429 0.9042 -0.4026
vn 0.2209 0.9178 -0.3300
vn 0.2891 0.9285 -0.2329
vn 0.3383 0.9313 -0.1350
vn 0.3554 0.9347 -0.0062
vn 0.3331 0.9416 0.0499
vn 0.2424 0.9696 -0.0341
vn 0.0689 0.9868 -0.1466
vn -0.0974 0.9846 -0.1449
vn -0.2054 0.9757 -0.0763
vn -0.2700 0.9596 0.0790
vn -0.3252 0.9161 0.2344
vn -0.3652 0.8655 0.3429
vn -0.3646 0.8298 0.4224
vn -0.3209 0.8494 0.4191
vn -0.2322 0.9504 0.2070
vn -0.1129 0.9856 -0.1259
vn -0.0001 0.9287 -0.3708
vn 0.1246 0.7979 -0.5898
vn 0.2095 0.6754 -0.7071
vn 0.2316 0.6108 -0.7572
vn 0.2286 0.6302 -0.7420
vn 0.1970 0.6894 -0.6971
vn 0.1341 0.7661 -0.6285
vn 0.0505 0.8112 -0.5826
vn -0.0450 0.8272 -0.5601
vn -0.1596 0.7992 -0.5795
vn -0.2688 0.7743 -0.5729
vn -0.3475 0.7895 -0.5059
vn -0.4018 0.8350 -0.3760
vn -0.4426 0.8722 -0.2085
vn -0.4758 0.8796 -0.0041
vn -0.4984 0.8433 0.2014
vn -0.5186 0.7745 0.3623
vn -0.5440 0.6902 0.4772
vn -0.5712 0.5934 0.5670
vn -0.6044 0.5117 0.6107
vn -0.6342 0.4803 0.6058
vn -0.7251 0.5182 0.4537
vn -0.6291 0.6539 0.4203
vn -0.6580 0.5412 0.5235
vn -0.7676 0.5780 0.2771
vn -0.6045 0.7823 0.1504
vn -0.4958 0.8507 0.1747
vn -0.6739 0.7341 0.0836
vn -0.7334 0.6743 -0.0862
vn -0.6712 0.7412 0.0026
vn -0.5603 0.8249 0.0747
vn -0.5945 0.8029 0.0442
vn -0.6823 0.6869 -0.2500
vn -0.8423 0.3472 -0.4122
vn -0.7044 0.5782 -0.4117
vn -0.7444 0.4248 -0.5152
vn -0.7962 0.4243 -0.4313
vn -0.7739 -0.3031 -0.5560
vn -0.7353 0.0489 -0.6759
vn -0.6375 0.2780 -0.7185
vn -0.2548 0.8801 -0.4006
vn 0.1049 0.9944 0.0148
vn 0.1800 0.9634 0.1987
vn 0.1945 0.9227 0.3330
vn 0.1998 0.8807 0.4295
vn 0.2094 0.8715 0.4435
vn 0.1950 0.8950 0.4012
vn 0.1462 0.9538 0.2626
vn 0.0774 0.9943 0.0735
vn -0.0476 0.9963 -0.0722
vn -0.3161 0.9377 -0.1443
vn -0.5749 0.8123 -0.0986
vn -0.6809 0.7318 -0.0298
vn -0.6884 0.7227 0.0613
vn -0.6377 0.7575 0.1400
vn -0.5694 0.7832 0.2497
vn -0.4932 0.7961 0.3506
vn -0.4137 0.7841 0.4627
vn -0.3281 0.7531 0.5703
vn -0.2410 0.7010 0.6712
vn -0.1541 0.6227 0.7671
vn -0.0615 0.5120 0.8568
vn 0.0294 0.3988 0.9166
vn 0.1421 0.8722 -0.4680
vn 0.2269 0.8910 -0.3932
vn 0.3003 0.9108 -0.2833
vn 0.3430 0.9259 -0.1582
vn 0.3747 0.9270 -0.0174
vn 0.3974 0.9153 0.0659
vn 0.3800 0.9227 0.0648
vn 0.3043 0.9525 0.0105
vn 0.1865 0.9824 -0.0011
vn 0.0515 0.9978 0.0417
vn -0.0505 0.9861 0.1586
vn -0.1073 0.9446 0.3103
vn -0.1508 0.9066 0.3941
vn -0.1626 0.8862 0.4338
vn -0.1296 0.9217 0.3657
vn -0.0624 0.9930 0.1005
vn 0.0177 0.9770 -0.2125
vn 0.1068 0.8817 -0.4596
vn 0.1750 0.7369 -0.6530
vn 0.2093 0.6443 -0.7355
vn 0.2172 0.6116 -0.7608
vn 0.2083 0.6526 -0.7285
vn 0.1726 0.7334 -0.6575
vn 0.1006 0.8195 -0.5642
vn -0.0138 0.8650 -0.5016
vn -0.1476 0.8658 -0.4782
vn -0.2679 0.8233 -0.5003
vn -0.3816 0.7776 -0.4997
vn -0.4861 0.7500 -0.4485
vn -0.5549 0.7577 -0.3434
vn -0.5974 0.7809 -0.1825
vn -0.6281 0.7780 0.0153
vn -0.6366 0.7431 0.2062
vn -0.6224 0.6929 0.3639
vn -0.6048 0.6268 0.4912
vn -0.5903 0.5516 0.5894
vn -0.5667 0.5250 0.6350
vn -0.5343 0.5523 0.6400
vn -0.5450 0.6474 0.5328
vn -0.5106 0.8173 0.2671
vn -0.4462 0.8082 0.3844
vn -0.1778 0.9597 0.2178
vn -0.2497 0.9677 0.0360
vn -0.2461 0.9624 0.1154
vn -0.4463 0.8838 0.1404
vn -0.5970 0.8005 -0.0529
vn -0.5678 0.8226 -0.0317
vn -0.4999 0.8659 0.0155
vn -0.4510 0.8922 -0.0233
vn -0.5616 0.7834 -0.2663
vn -0.6251 0.6644 -0.4096
vn -0.7276 0.5282 -0.4377
vn -0.7864 0.3945 -0.4753
vn -0.7070 0.5434 -0.4526
vn -0.7199 0.2421 -0.6505
vn -0.7878 -0.0932 -0.6088
vn -0.6220 0.0340 -0.7823
vn -0.6201 0.3243 -0.7143
vn -0.3899 0.8401 -0.3770
vn -0.1457 0.9890 0.0243
vn -0.0321 0.9658 0.2572
vn 0.0245 0.9197 0.3919
vn 0.0598 0.8978 0.4363
vn 0.0797 0.9054 0.4170
vn 0.0823 0.9528 0.2923
vn 0.0371 0.9919 0.1211
vn -0.0792 0.9964 0.0295
vn -0.1922 0.9814 0.0005
vn -0.3010 0.9527 0.0415
vn -0.5072 0.8595 0.0627
vn -0.6740 0.7346 0.0776
vn -0.7350 0.6709 0.0981
vn -0.7521 0.6388 0.1622
vn -0.7422 0.6347 0.2154
vn -0.7119 0.6406 0.2878
vn -0.6610 0.6480 0.3784
vn -0.5900 0.6400 0.4923
vn -0.5029 0.5976 0.6245
vn -0.4068 0.5152 0.7544
vn -0.3123 0.4208 0.8517
vn 0.1514 0.8406 -0.5201
vn 0.2115 0.8695 -0.4463
vn 0.2656 0.9073 -0.3261
vn 0.3204 0.9270 -0.1952
vn 0.3768 0.9242 -0.0628
vn 0.4274 0.9036 0.0301
vn 0.4650 0.8823 0.0731
vn 0.4601 0.8835 0.0881
vn 0.3984 0.9098 0.1166
vn 0.2953 0.9401 0.1704
vn 0.1623 0.9507 0.2643
vn 0.0436 0.9250 0.3774
vn -0.0266 0.9000 0.4350
vn -0.0547 0.8989 0.4347
vn -0.0386 0.9481 0.3156
vn 0.0128 0.9995 0.0305
vn 0.0783 0.9559 -0.2831
vn 0.1396 0.8387 -0.5264
vn 0.1681 0.7091 -0.6848
vn 0.1815 0.6287 -0.7562
vn 0.1889 0.6203 -0.7613
vn 0.1827 0.6757 -0.7142
vn 0.1636 0.7708 -0.6157
vn 0.1117 0.8650 -0.4891
vn 0.0149 0.9206 -0.3903
vn -0.1237 0.9245 -0.3606
vn -0.2803 0.8741 -0.3967
vn -0.4207 0.8114 -0.4058
vn -0.5401 0.7577 -0.3662
vn -0.6337 0.7169 -0.2907
vn -0.6959 0.7027 -0.1481
vn -0.7219 0.6915 0.0280
vn -0.7172 0.6678 0.1992
vn -0.6921 0.6364 0.3406
vn -0.6489 0.5895 0.4810
vn -0.5967 0.5489 0.5854
vn -0.5345 0.5855 0.6095
vn -0.4237 0.6707 0.6087
vn -0.3106 0.8096 0.4981
vn -0.2095 0.9604 0.1839
vn -0.1128 0.9929 0.0364
vn -0.2908 0.9106 0.2937
vn -0.1057 0.9923 0.0648
vn -0.1931 0.9783 0.0750
vn 0.1452 0.9423 0.3017
vn -0.4112 0.9114 0.0129
vn -0.4916 0.8699 -0.0408
vn -0.4760 0.8792 -0.0205
vn -0.4296 0.8999 -0.0753
vn -0.4440 0.8561 -0.2645
vn -0.5357 0.7594 -0.3692
vn -0.5910 0.7086 -0.3855
vn -0.6422 0.6083 -0.4664
vn -0.7281 0.4324 -0.5319
vn -0.7276 0.4223 -0.5406
vn -0.7774 0.1582 -0.6088
vn -0.7103 -0.2222 -0.6679
vn -0.6667 -0.0107 -0.7453
vn -0.6595 0.2958 -0.6911
vn -0.5918 0.7227 -0.3570
vn -0.4339 0.9007 0.0213
vn -0.2874 0.9200 0.2665
vn -0.1593 0.9212 0.3549
vn -0.0152 0.9384 0.3453
vn 0.1076 0.9589 0.2626
vn 0.1363 0.9773 0.1624
vn 0.0497 0.9887 0.1411
vn -0.0785 0.9949 0.0626
vn -0.0988 0.9919 0.0799
vn -0.0509 0.9829 0.1770
vn -0.1907 0.9548 0.2281
vn -0.4848 0.8400 0.2437
vn -0.6667 0.6997 0.2567
vn -0.7512 0.6127 0.2456
vn -0.7900 0.5626 0.2436
vn -0.7993 0.5377 0.2682
vn -0.7870 0.5146 0.3404
vn -0.7539 0.4839 0.4443
vn -0.6919 0.4412 0.5715
vn -0.6037 0.3896 0.6956
vn 0.1294 0.8257 -0.5490
vn 0.1584 0.8634 -0.4789
vn 0.2031 0.9083 -0.3657
vn 0.2584 0.9332 -0.2499
vn 0.3291 0.9349 -0.1329
vn 0.4149 0.9085 -0.0508
vn 0.4827 0.8754 0.0272
vn 0.5125 0.8530 0.0986
vn 0.5011 0.8468 0.1786
vn 0.4442 0.8578 0.2586
vn 0.3421 0.8634 0.3708
vn 0.2206 0.8634 0.4538
vn 0.1175 0.8659 0.4862
vn 0.0476 0.8889 0.4557
vn 0.0275 0.9573 0.2879
vn 0.0528 0.9984 -0.0181
vn 0.0936 0.9357 -0.3401
vn 0.1304 0.8103 -0.5714
vn 0.1503 0.6937 -0.7044
vn 0.1513 0.6230 -0.7675
vn 0.1504 0.6302 -0.7617
vn 0.1479 0.6950 -0.7036
vn 0.1337 0.8007 -0.5840
vn 0.1032 0.8961 -0.4316
vn 0.0538 0.9520 -0.3013
vn -0.0277 0.9697 -0.2429
vn -0.1621 0.9516 -0.2611
vn -0.3342 0.8981 -0.2859
vn -0.5032 0.8258 -0.2549
vn -0.6383 0.7432 -0.2006
vn -0.7237 0.6834 -0.0964
vn -0.7585 0.6503 0.0422
vn -0.7523 0.6332 0.1820
vn -0.7151 0.6277 0.3076
vn -0.6506 0.6040 0.4603
vn -0.5677 0.6072 0.5559
vn -0.4688 0.6926 0.5482
vn -0.3478 0.7863 0.5106
vn -0.2164 0.9122 0.3478
vn -0.0954 0.9900 0.1042
vn -0.0565 0.9978 -0.0353
vn 0.0134 0.9995 -0.0293
vn 0.4055 0.8539 -0.3263
vn 0.6226 0.7699 -0.1401
vn -0.1062 0.9148 0.3896
vn -0.2375 0.9638 0.1215
vn -0.3809 0.9244 -0.0222
vn -0.3993 0.9154 -0.0498
vn -0.3875 0.9104 -0.1450
vn -0.3879 0.8786 -0.2786
vn -0.4361 0.8465 -0.3053
vn -0.5151 0.7801 -0.3552
vn -0.5099 0.7326 -0.4509
vn -0.5515 0.6857 -0.4750
vn -0.6712 0.4900 -0.5563
vn -0.7247 0.3295 -0.6052
vn -0.7076 -0.0688 -0.7032
vn -0.6046 -0.2214 -0.7651
vn -0.7543 -0.0553 -0.6542
vn -0.7938 0.1197 -0.5963
vn -0.7907 0.3856 -0.4755
vn -0.6801 0.7195 -0.1410
vn -0.3816 0.9199 0.0905
vn -0.0696 0.9850 0.1581
vn 0.1516 0.9760 0.1564
vn 0.2471 0.9557 0.1602
vn 0.2547 0.9471 0.1954
vn 0.2182 0.9682 0.1221
vn 0.1511 0.9852 0.0804
vn 0.1867 0.9725 0.1395
vn 0.3020 0.9151 0.2673
vn 0.2280 0.8670 0.4431
vn -0.0460 0.8090 0.5859
vn -0.3705 0.7193 0.5876
vn -0.6206 0.6194 0.4809
vn -0.7537 0.5388 0.3764
vn -0.8000 0.4763 0.3648
vn -0.8120 0.4315 0.3930
vn -0.7953 0.3973 0.4579
vn -0.7488 0.3729 0.5480
vn 0.0746 0.8269 -0.5573
vn 0.0855 0.8630 -0.4980
vn 0.1189 0.9066 -0.4049
vn 0.1843 0.9311 -0.3148
vn 0.2794 0.9332 -0.2260
vn 0.3779 0.9133 -0.1516
vn 0.4570 0.8887 -0.0375
vn 0.5035 0.8612 0.0698
vn 0.5184 0.8337 0.1902
vn 0.4890 0.8138 0.3141
vn 0.4113 0.7961 0.4440
vn 0.3201 0.7929 0.5184
vn 0.2232 0.8063 0.5477
vn 0.1393 0.8546 0.5002
vn 0.0914 0.9505 0.2969
vn 0.0794 0.9960 -0.0402
vn 0.0994 0.9188 -0.3820
vn 0.1220 0.7908 -0.5998
vn 0.1228 0.6874 -0.7158
vn 0.0981 0.6360 -0.7655
vn 0.0718 0.6434 -0.7622
vn 0.0527 0.7177 -0.6943
vn 0.0326 0.8239 -0.5658
vn 0.0142 0.9157 -0.4016
vn -0.0011 0.9644 -0.2644
vn -0.0246 0.9843 -0.1745
vn -0.0861 0.9852 -0.1482
vn -0.1980 0.9682 -0.1529
vn -0.3456 0.9304 -0.1223
vn -0.4973 0.8638 -0.0807
vn -0.6139 0.7892 -0.0160
vn -0.6706 0.7372 0.0821
vn -0.6696 0.7206 0.1800
vn -0.6350 0.7126 0.2984
vn -0.5614 0.6970 0.4463
vn -0.4584 0.7238 0.5157
vn -0.3616 0.7953 0.4866
vn -0.2622 0.8773 0.4020
vn -0.1633 0.9647 0.2065
vn -0.1008 0.9939 0.0440
vn -0.0921 0.9952 -0.0320
vn -0.1515 0.9849 -0.0835
vn -0.0755 0.9913 0.1074
vn -0.0224 0.9982 0.0552
vn -0.3135 0.7609 0.5680
vn -0.3950 0.8857 0.2440
vn -0.4372 0.8990 -0.0260
vn -0.3849 0.9208 -0.0626
vn -0.3540 0.9091 -0.2194
vn -0.3332 0.9033 -0.2703
vn -0.3271 0.9132 -0.2429
vn -0.3816 0.8666 -0.3215
vn -0.3902 0.8072 -0.4430
vn -0.3952 0.8261 -0.4017
vn -0.4455 0.7964 -0.4090
vn -0.5248 0.6648 -0.5316
vn -0.6068 0.4654 -0.6443
vn -0.6374 -0.0023 -0.7705
vn -0.5810 -0.2340 -0.7795
vn -0.7199 -0.0667 -0.6908
vn -0.7914 0.0624 -0.6081
vn -0.7905 0.2744 -0.5476
vn -0.6115 0.6912 -0.3852
vn -0.1332 0.9836 -0.1220
vn 0.1607 0.9869 0.0158
vn 0.3090 0.9464 0.0939
vn 0.4248 0.8951 0.1355
vn 0.4850 0.8676 0.1097
vn 0.4661 0.8804 0.0873
vn 0.3866 0.9151 0.1148
vn 0.3518 0.9024 0.2490
vn 0.4225 0.7833 0.4560
vn 0.4247 0.6066 0.6720
vn 0.2613 0.5102 0.8194
vn -0.0602 0.4986 0.8647
vn -0.4403 0.5106 0.7385
vn -0.6360 0.4797 0.6045
vn -0.7161 0.4528 0.5312
vn -0.7448 0.4427 0.4993
vn -0.7307 0.4457 0.5171
vn -0.0192 0.8293 -0.5585
vn -0.0049 0.8581 -0.5135
vn 0.0415 0.8920 -0.4502
vn 0.1189 0.9133 -0.3895
vn 0.2100 0.9241 -0.3193
vn 0.2979 0.9239 -0.2403
vn 0.3778 0.9190 -0.1124
vn 0.4452 0.8953 0.0171
vn 0.4842 0.8582 0.1702
vn 0.4865 0.8085 0.3312
vn 0.4567 0.7538 0.4725
vn 0.3960 0.7275 0.5602
vn 0.3036 0.7346 0.6067
vn 0.2092 0.8012 0.5607
vn 0.1517 0.9312 0.3315
vn 0.1210 0.9922 -0.0286
vn 0.1077 0.9062 -0.4089
vn 0.1139 0.7782 -0.6176
vn 0.1006 0.6945 -0.7124
vn 0.0473 0.6677 -0.7430
vn -0.0207 0.6664 -0.7453
vn -0.0700 0.7346 -0.6748
vn -0.1105 0.8317 -0.5441
vn -0.1360 0.9122 -0.3864
vn -0.1270 0.9545 -0.2699
vn -0.1002 0.9811 -0.1656
vn -0.0895 0.9904 -0.1049
vn -0.1077 0.9908 -0.0814
vn -0.1330 0.9897 -0.0534
vn -0.1618 0.9868 -0.0008
vn -0.1973 0.9788 0.0555
vn -0.2318 0.9618 0.1456
vn -0.2596 0.9400 0.2213
vn -0.2670 0.8972 0.3517
vn -0.2404 0.8475 0.4732
vn -0.2010 0.8366 0.5097
vn -0.1585 0.8796 0.4486
vn -0.1200 0.9326 0.3404
vn -0.1068 0.9805 0.1647
vn -0.1305 0.9905 0.0431
vn -0.1891 0.9817 0.0234
vn -0.2768 0.9607 0.0209
vn -0.3633 0.9310 0.0361
vn -0.3893 0.9116 0.1322
vn -0.2577 0.8650 0.4305
vn 0.1647 0.9531 -0.2540
vn -0.1818 0.9179 0.3528
vn -0.4630 0.8857 -0.0341
vn -0.3712 0.8807 -0.2943
vn -0.2886 0.9143 -0.2842
vn -0.1967 0.9610 -0.1944
vn -0.2417 0.9332 -0.2658
vn -0.2803 0.8697 -0.4062
vn -0.3118 0.8868 -0.3412
vn -0.3497 0.8982 -0.2662
vn -0.3944 0.8633 -0.3148
vn -0.4393 0.7811 -0.4437
vn -0.5059 0.6029 -0.6169
vn -0.5987 0.3689 -0.7110
vn -0.6405 0.0434 -0.7668
vn -0.6399 0.0292 -0.7679
vn -0.6412 0.1832 -0.7452
vn -0.5990 0.4371 -0.6709
vn -0.2724 0.8679 -0.4154
vn 0.0977 0.9852 -0.1412
vn 0.3182 0.9468 -0.0484
vn 0.4932 0.8699 0.0062
vn 0.5948 0.8023 0.0498
vn 0.6060 0.7902 0.0909
vn 0.5260 0.8375 0.1478
vn 0.3770 0.8838 0.2769
vn 0.3250 0.8258 0.4609
vn 0.4421 0.5864 0.6788
vn 0.5085 0.3444 0.7891
vn 0.4562 0.2298 0.8597
vn 0.2585 0.2357 0.9368
vn -0.0953 0.3204 0.9425
vn -0.4157 0.4200 0.8067
vn -0.5680 0.5025 0.6518
vn -0.5951 0.5690 0.5676
vn -0.1255 0.8287 -0.5455
vn -0.1242 0.8401 -0.5281
vn -0.0667 0.8586 -0.5083
vn 0.0352 0.8806 -0.4726
vn 0.1532 0.8984 -0.4116
vn 0.2556 0.9135 -0.3166
vn 0.3316 0.9256 -0.1826
vn 0.3908 0.9193 -0.0466
vn 0.4439 0.8878 0.1214
vn 0.4728 0.8253 0.3087
vn 0.4668 0.7500 0.4686
vn 0.4344 0.6892 0.5800
vn 0.3837 0.6676 0.6380
vn 0.3351 0.7216 0.6057
vn 0.2826 0.8728 0.3979
vn 0.2130 0.9769 0.0192
vn 0.1634 0.8983 -0.4078
vn 0.1227 0.7806 -0.6128
vn 0.0699 0.7172 -0.6933
vn -0.0019 0.7105 -0.7037
vn -0.1018 0.7097 -0.6971
vn -0.1961 0.7464 -0.6359
vn -0.2606 0.8225 -0.5056
vn -0.2826 0.8798 -0.3823
vn -0.2604 0.9192 -0.2954
vn -0.2129 0.9560 -0.2017
vn -0.1470 0.9803 -0.1317
vn -0.0732 0.9918 -0.1048
vn 0.0064 0.9958 -0.0911
vn 0.1157 0.9916 -0.0575
vn 0.2541 0.9671 -0.0073
vn 0.3673 0.9247 0.1002
vn 0.4009 0.8890 0.2214
vn 0.3575 0.8548 0.3761
vn 0.2719 0.8141 0.5131
vn 0.1717 0.8147 0.5539
vn 0.0491 0.8706 0.4896
vn -0.0569 0.9253 0.3749
vn -0.1289 0.9688 0.2119
vn -0.2246 0.9668 0.1216
vn -0.3399 0.9319 0.1263
vn -0.4470 0.8845 0.1334
vn -0.5248 0.8427 0.1200
vn -0.5509 0.8253 0.1241
vn -0.5055 0.8460 0.1696
vn -0.3576 0.8778 0.3186
vn -0.1875 0.9384 0.2902
vn 0.1635 0.9162 -0.3658
vn -0.2058 0.9616 0.1818
vn -0.2874 0.8791 -0.3802
vn -0.3171 0.9241 -0.2134
vn -0.3412 0.9044 -0.2562
vn -0.3594 0.8432 -0.3999
vn -0.3638 0.8540 -0.3721
vn -0.3322 0.9133 -0.2358
vn -0.3301 0.9211 -0.2067
vn -0.3558 0.8912 -0.2814
vn -0.3879 0.8370 -0.3860
vn -0.4190 0.7246 -0.5472
vn -0.4722 0.5294 -0.7048
vn -0.5225 0.2965 -0.7994
vn -0.5537 0.2125 -0.8051
vn -0.5268 0.3256 -0.7852
vn -0.4626 0.6292 -0.6247
vn -0.0883 0.9350 -0.3434
vn 0.2233 0.9408 -0.2551
vn 0.4600 0.8765 -0.1421
vn 0.5783 0.8158 -0.0066
vn 0.6004 0.7907 0.1198
vn 0.5369 0.8133 0.2243
vn 0.4117 0.8481 0.3335
vn 0.2926 0.8313 0.4726
vn 0.3162 0.6742 0.6674
vn 0.4578 0.4051 0.7914
vn 0.5371 0.1833 0.8234
vn 0.5170 0.0628 0.8537
vn 0.4103 0.0312 0.9114
vn 0.2008 0.1434 0.9691
vn -0.1241 0.4368 0.8910
vn -0.3253 0.6725 0.6648
vn -0.2139 0.8317 -0.5124
vn -0.2078 0.8124 -0.5449
vn -0.1320 0.8080 -0.5742
vn -0.0212 0.8281 -0.5602
vn 0.0980 0.8561 -0.5074
vn 0.2135 0.8901 -0.4027
vn 0.3140 0.9139 -0.2573
vn 0.3853 0.9167 -0.1058
vn 0.4298 0.9007 0.0638
vn 0.4622 0.8474 0.2612
vn 0.4804 0.7611 0.4358
vn 0.4788 0.6749 0.5614
vn 0.4613 0.6223 0.6324
vn 0.4456 0.6465 0.6193
vn 0.4372 0.7694 0.4656
vn 0.3930 0.9124 0.1145
vn 0.2843 0.8935 -0.3475
vn 0.1789 0.8032 -0.5682
vn 0.0738 0.7617 -0.6437
vn -0.0480 0.7628 -0.6448
vn -0.1768 0.7659 -0.6182
vn -0.3095 0.7717 -0.5556
vn -0.4115 0.7959 -0.4441
vn -0.4361 0.8163 -0.3787
vn -0.4002 0.8538 -0.3329
vn -0.3233 0.9069 -0.2703
vn -0.2091 0.9522 -0.2226
vn -0.0656 0.9757 -0.2092
vn 0.0915 0.9747 -0.2039
vn 0.2624 0.9432 -0.2039
vn 0.4299 0.8908 -0.1470
vn 0.5520 0.8338 -0.0037
vn 0.6070 0.7748 0.1770
vn 0.5971 0.7174 0.3589
vn 0.5277 0.6663 0.5268
vn 0.4092 0.6702 0.6192
vn 0.2302 0.7458 0.6252
vn 0.0182 0.8659 0.5000
vn -0.1635 0.9339 0.3179
vn -0.2969 0.9229 0.2452
vn -0.4028 0.8811 0.2479
vn -0.4939 0.8348 0.2433
vn -0.5693 0.7981 0.1971
vn -0.6155 0.7763 0.1361
vn -0.6261 0.7750 0.0860
vn -0.6059 0.7933 0.0591
vn -0.5261 0.8488 0.0528
vn -0.3502 0.9310 0.1034
vn -0.1591 0.9755 0.1518
vn 0.1116 0.9286 -0.3540
vn -0.1038 0.9922 -0.0696
vn -0.1891 0.9778 -0.0906
vn -0.1980 0.9482 -0.2486
vn -0.2608 0.8955 -0.3607
vn -0.2997 0.9129 -0.2771
vn -0.2616 0.9492 -0.1750
vn -0.2447 0.9548 -0.1689
vn -0.2546 0.9332 -0.2534
vn -0.2982 0.8570 -0.4203
vn -0.3585 0.7452 -0.5623
vn -0.4396 0.5102 -0.7392
vn -0.4527 0.3243 -0.8306
vn -0.4286 0.3269 -0.8423
vn -0.4576 0.4757 -0.7512
vn -0.2551 0.7875 -0.5610
vn 0.0719 0.8886 -0.4530
vn 0.2989 0.9097 -0.2883
vn 0.4496 0.8912 -0.0608
vn 0.5049 0.8495 0.1530
vn 0.4536 0.8293 0.3263
vn 0.3694 0.8392 0.3991
vn 0.2845 0.8170 0.5015
vn 0.2445 0.7247 0.6442
vn 0.3120 0.5417 0.7805
vn 0.4105 0.3024 0.8603
vn 0.4613 0.1022 0.8813
vn 0.4704 -0.0221 0.8822
vn 0.4340 -0.0501 0.8995
vn 0.3464 0.1158 0.9309
vn 0.1438 0.5367 0.8314
vn -0.2209 0.8449 -0.4872
vn -0.1889 0.7929 -0.5793
vn -0.1125 0.7626 -0.6370
vn -0.0207 0.7721 -0.6351
vn 0.0793 0.8050 -0.5880
vn 0.1702 0.8591 -0.4826
vn 0.2553 0.9044 -0.3419
vn 0.3429 0.9218 -0.1809
vn 0.4227 0.9063 -0.0036
vn 0.4843 0.8546 0.1875
vn 0.5305 0.7671 0.3608
vn 0.5506 0.6665 0.5026
vn 0.5354 0.5906 0.6038
vn 0.5003 0.5875 0.6361
vn 0.5044 0.6981 0.5081
vn 0.5247 0.8269 0.2020
vn 0.4544 0.8661 -0.2083
vn 0.3079 0.8297 -0.4656
vn 0.1634 0.8195 -0.5493
vn 0.0010 0.8367 -0.5477
vn -0.1818 0.8419 -0.5081
vn -0.3567 0.8278 -0.4332
vn -0.4794 0.7996 -0.3616
vn -0.5198 0.7714 -0.3671
vn -0.4976 0.7827 -0.3739
vn -0.4215 0.8327 -0.3593
vn -0.2753 0.8915 -0.3598
vn -0.0754 0.9283 -0.3640
vn 0.1355 0.9223 -0.3620
vn 0.3183 0.8806 -0.3510
vn 0.4558 0.8497 -0.2651
vn 0.5600 0.8234 -0.0919
vn 0.6240 0.7708 0.1283
vn 0.6262 0.6940 0.3553
vn 0.5568 0.6106 0.5631
vn 0.4343 0.5708 0.6968
vn 0.2592 0.6092 0.7495
vn 0.0361 0.7542 0.6556
vn -0.1754 0.8791 0.4433
vn -0.3045 0.8856 0.3506
vn -0.4002 0.8456 0.3533
vn -0.4836 0.8078 0.3371
vn -0.5522 0.7874 0.2741
vn -0.5955 0.7861 0.1657
vn -0.5999 0.7975 0.0646
vn -0.5870 0.8093 0.0209
vn -0.5878 0.8077 -0.0460
vn -0.5705 0.8087 -0.1436
vn -0.4354 0.8915 -0.1252
vn -0.2142 0.9651 -0.1506
vn -0.0578 0.9888 -0.1379
vn 0.0050 0.9954 -0.0953
vn -0.0200 0.9989 -0.0414
vn -0.1736 0.9794 -0.1034
vn -0.2630 0.9103 -0.3196
vn -0.2308 0.9287 -0.2902
vn -0.1451 0.9748 -0.1697
vn -0.0625 0.9851 -0.1604
vn -0.0346 0.9691 -0.2444
vn -0.1024 0.9263 -0.3627
vn -0.2241 0.8032 -0.5519
vn -0.3194 0.5362 -0.7813
vn -0.3170 0.3754 -0.8710
vn -0.2943 0.4661 -0.8344
vn -0.2793 0.6313 -0.7235
vn -0.0473 0.8030 -0.5941
vn 0.1471 0.8957 -0.4197
vn 0.2913 0.9469 -0.1358
vn 0.3464 0.9223 0.1715
vn 0.3180 0.8553 0.4091
vn 0.2664 0.8414 0.4703
vn 0.2181 0.8181 0.5321
vn 0.1951 0.7444 0.6386
vn 0.2097 0.6314 0.7465
vn 0.2624 0.4576 0.8495
vn 0.3182 0.2536 0.9135
vn 0.3528 0.0785 0.9324
vn 0.3687 -0.0370 0.9288
vn 0.3876 -0.0229 0.9216
vn 0.3902 0.2213 0.8937
vn -0.1356 0.8613 -0.4896
vn -0.0989 0.7832 -0.6139
vn -0.0403 0.7279 -0.6845
vn 0.0210 0.7296 -0.6836
vn 0.0784 0.7632 -0.6414
vn 0.1368 0.8318 -0.5380
vn 0.1987 0.8898 -0.4108
vn 0.2731 0.9250 -0.2643
vn 0.3590 0.9289 -0.0905
vn 0.4407 0.8912 0.1074
vn 0.5048 0.8158 0.2822
vn 0.5396 0.7102 0.4521
vn 0.5402 0.6057 0.5842
vn 0.5283 0.5541 0.6433
vn 0.5490 0.6345 0.5440
vn 0.5600 0.7780 0.2847
vn 0.5109 0.8571 -0.0663
vn 0.4001 0.8549 -0.3303
vn 0.2716 0.8638 -0.4242
vn 0.1121 0.9081 -0.4036
vn -0.0866 0.9307 -0.3555
vn -0.2864 0.9164 -0.2797
vn -0.4417 0.8614 -0.2508
vn -0.5205 0.7872 -0.3307
vn -0.5254 0.7489 -0.4038
vn -0.4573 0.7643 -0.4547
vn -0.3166 0.8058 -0.5004
vn -0.1319 0.8491 -0.5116
vn 0.0704 0.8582 -0.5085
vn 0.2457 0.8504 -0.4652
vn 0.3772 0.8573 -0.3503
vn 0.4744 0.8667 -0.1539
vn 0.5313 0.8417 0.0965
vn 0.5338 0.7582 0.3743
vn 0.4673 0.6280 0.6223
vn 0.3489 0.5275 0.7746
vn 0.1905 0.5092 0.8393
vn -0.0005 0.6366 0.7712
vn -0.1974 0.8156 0.5440
vn -0.3149 0.8449 0.4325
vn -0.3847 0.8150 0.4334
vn -0.4426 0.7980 0.4091
vn -0.4911 0.8059 0.3307
vn -0.5220 0.8333 0.1818
vn -0.5224 0.8518 0.0395
vn -0.5155 0.8568 0.0131
vn -0.5291 0.8482 -0.0251
vn -0.5492 0.8198 -0.1620
vn -0.5459 0.7884 -0.2837
vn -0.4199 0.8486 -0.3217
vn -0.2138 0.9356 -0.2809
vn -0.1023 0.9785 -0.1790
vn -0.0353 0.9984 -0.0447
vn 0.0459 0.9989 0.0131
vn 0.0268 0.9622 -0.2712
vn -0.1736 0.9400 -0.2938
vn -0.1401 0.9229 -0.3587
vn -0.0236 0.9664 -0.2561
vn 0.0537 0.9787 -0.1981
vn 0.0310 0.9830 -0.1810
vn -0.0790 0.9607 -0.2660
vn -0.2045 0.8218 -0.5318
vn -0.2764 0.4837 -0.8305
vn -0.2264 0.4301 -0.8739
vn -0.2070 0.5507 -0.8086
vn -0.0741 0.7010 -0.7093
vn 0.1168 0.8194 -0.5612
vn 0.2606 0.9353 -0.2393
vn 0.2483 0.9512 0.1831
vn 0.1524 0.8714 0.4664
vn 0.0887 0.8296 0.5512
vn 0.0860 0.8267 0.5561
vn 0.1120 0.7668 0.6321
vn 0.1577 0.6908 0.7056
vn 0.1907 0.5660 0.8020
vn 0.2063 0.3985 0.8937
vn 0.2193 0.2226 0.9499
vn 0.2372 0.0749 0.9686
vn 0.2762 0.0086 0.9611
vn 0.3335 0.0992 0.9375
vn -0.0136 0.8618 -0.5070
vn 0.0207 0.7736 -0.6334
vn 0.0460 0.7068 -0.7059
vn 0.0690 0.7044 -0.7064
vn 0.0930 0.7406 -0.6655
vn 0.1135 0.8144 -0.5691
vn 0.1391 0.8817 -0.4508
vn 0.1794 0.9287 -0.3245
vn 0.2445 0.9548 -0.1693
vn 0.3229 0.9459 0.0302
vn 0.3884 0.8941 0.2230
vn 0.4352 0.7987 0.4154
vn 0.4575 0.6759 0.5779
vn 0.4652 0.5912 0.6588
vn 0.4935 0.6269 0.6029
vn 0.5228 0.7592 0.3876
vn 0.4879 0.8704 0.0652
vn 0.3957 0.8922 -0.2175
vn 0.2983 0.9017 -0.3129
vn 0.1931 0.9445 -0.2657
vn 0.0526 0.9806 -0.1888
vn -0.1300 0.9865 -0.0997
vn -0.3007 0.9476 -0.1078
vn -0.4101 0.8710 -0.2706
vn -0.4590 0.7885 -0.4093
vn -0.4396 0.7301 -0.5232
vn -0.3463 0.7225 -0.5984
vn -0.2082 0.7610 -0.6144
vn -0.0541 0.7932 -0.6066
vn 0.0863 0.8336 -0.5455
vn 0.1960 0.8913 -0.4090
vn 0.2760 0.9418 -0.1922
vn 0.3298 0.9402 0.0851
vn 0.3366 0.8496 0.4061
vn 0.2877 0.6742 0.6803
vn 0.1941 0.5116 0.8370
vn 0.0699 0.4446 0.8930
vn -0.0762 0.5520 0.8303
vn -0.2314 0.7603 0.6069
vn -0.3200 0.8103 0.4910
vn -0.3713 0.7920 0.4846
vn -0.4068 0.7983 0.4441
vn -0.4198 0.8394 0.3451
vn -0.4149 0.8931 0.1739
vn -0.4122 0.9104 0.0342
vn -0.4245 0.9051 0.0234
vn -0.4447 0.8956 0.0058
vn -0.4714 0.8711 -0.1378
vn -0.4787 0.8260 -0.2976
vn -0.4566 0.7665 -0.4517
vn -0.3234 0.8231 -0.4668
vn -0.1499 0.9318 -0.3306
vn -0.0218 0.9830 -0.1824
vn 0.0521 0.9957 -0.0768
vn 0.1172 0.9896 -0.0829
vn 0.1444 0.9549 -0.2595
vn -0.0241 0.9727 -0.2310
vn -0.1283 0.9125 -0.3884
vn -0.0743 0.9449 -0.3189
vn -0.0752 0.9739 -0.2143
vn -0.1073 0.9772 -0.1832
vn -0.1609 0.9124 -0.3764
vn -0.2571 0.6397 -0.7244
vn -0.3326 0.3530 -0.8745
vn -0.2415 0.4400 -0.8649
vn -0.0750 0.5878 -0.8055
vn 0.1655 0.6909 -0.7038
vn 0.3426 0.8446 -0.4114
vn 0.3266 0.9325 0.1543
vn 0.1263 0.8390 0.5293
vn -0.0292 0.7926 0.6091
vn -0.0808 0.8088 0.5825
vn -0.0598 0.7879 0.6129
vn 0.0155 0.7553 0.6552
vn 0.0669 0.6574 0.7506
vn 0.0935 0.5072 0.8567
vn 0.1094 0.3413 0.9336
vn 0.1253 0.1885 0.9740
vn 0.1509 0.0959 0.9839
vn 0.1848 0.1067 0.9770
vn 0.0941 0.8477 -0.5221
vn 0.1070 0.7617 -0.6390
vn 0.1140 0.6970 -0.7080
vn 0.1164 0.6952 -0.7093
vn 0.1093 0.7372 -0.6668
vn 0.0984 0.8132 -0.5737
vn 0.0902 0.8826 -0.4614
vn 0.0931 0.9322 -0.3498
vn 0.1109 0.9710 -0.2118
vn 0.1500 0.9884 -0.0242
vn 0.2041 0.9622 0.1803
vn 0.2478 0.8851 0.3939
vn 0.2756 0.7658 0.5810
vn 0.2953 0.6650 0.6860
vn 0.3235 0.6747 0.6634
vn 0.3533 0.7998 0.4852
vn 0.3410 0.9235 0.1758
vn 0.2818 0.9486 -0.1444
vn 0.2167 0.9445 -0.2470
vn 0.1634 0.9676 -0.1926
vn 0.1054 0.9911 -0.0811
vn 0.0157 0.9989 0.0446
vn -0.0978 0.9948 0.0273
vn -0.2093 0.9598 -0.1871
vn -0.3053 0.8784 -0.3677
vn -0.3385 0.7582 -0.5572
vn -0.2857 0.6793 -0.6760
vn -0.2022 0.6973 -0.6877
vn -0.1061 0.7349 -0.6698
vn -0.0099 0.8012 -0.5983
vn 0.0649 0.8946 -0.4422
vn 0.1086 0.9715 -0.2105
vn 0.1187 0.9889 0.0889
vn 0.0969 0.8952 0.4349
vn 0.0525 0.6961 0.7161
vn -0.0054 0.4981 0.8671
vn -0.0731 0.4076 0.9103
vn -0.1655 0.5097 0.8443
vn -0.2696 0.7309 0.6270
vn -0.3164 0.7878 0.5284
vn -0.3451 0.7831 0.5173
vn -0.3641 0.8145 0.4517
vn -0.3577 0.8780 0.3179
vn -0.3292 0.9338 0.1403
vn -0.3125 0.9490 0.0414
vn -0.3185 0.9471 0.0400
vn -0.3254 0.9453 0.0226
vn -0.3384 0.9338 -0.1164
vn -0.3559 0.8862 -0.2966
vn -0.3518 0.8063 -0.4756
vn -0.3253 0.7464 -0.5806
vn -0.1899 0.8313 -0.5224
vn -0.0614 0.9369 -0.3442
vn 0.0436 0.9829 -0.1788
vn 0.0556 0.9923 -0.1104
vn 0.0447 0.9884 -0.1452
vn 0.0941 0.9845 -0.1478
vn 0.1021 0.9310 -0.3505
vn -0.0440 0.9642 -0.2613
vn -0.0901 0.9788 -0.1840
vn -0.0779 0.9851 -0.1532
vn -0.1087 0.9507 -0.2903
vn -0.2456 0.7312 -0.6365
vn -0.3194 0.4273 -0.8458
vn -0.2693 0.3105 -0.9116
vn -0.1688 0.4564 -0.8736
vn 0.1099 0.5611 -0.8204
vn 0.3508 0.6967 -0.6257
vn 0.4035 0.9150 -0.0035
vn 0.2358 0.8007 0.5508
vn 0.0298 0.7228 0.6904
vn -0.1307 0.7756 0.6175
vn -0.1593 0.7944 0.5862
vn -0.1344 0.7903 0.5977
vn -0.1139 0.7213 0.6832
vn -0.0960 0.5875 0.8035
vn -0.0715 0.4324 0.8989
vn -0.0409 0.2808 0.9589
vn -0.0133 0.1678 0.9857
vn 0.0115 0.1496 0.9887
vn 0.1837 0.8211 -0.5405
vn 0.1929 0.7522 -0.6300
vn 0.1577 0.7046 -0.6919
vn 0.1081 0.7101 -0.6958
vn 0.0638 0.7529 -0.6551
vn 0.0338 0.8232 -0.5667
vn 0.0189 0.8890 -0.4575
vn 0.0049 0.9380 -0.3466
vn -0.0068 0.9763 -0.2161
vn -0.0030 0.9989 -0.0465
vn 0.0148 0.9880 0.1540
vn 0.0332 0.9219 0.3859
vn 0.0514 0.8139 0.5787
vn 0.0709 0.7130 0.6976
vn 0.0947 0.7162 0.6915
vn 0.1091 0.8319 0.5441
vn 0.1190 0.9716 0.2044
vn 0.1195 0.9857 -0.1187
vn 0.1026 0.9691 -0.2243
vn 0.0941 0.9804 -0.1732
vn 0.0756 0.9965 -0.0347
vn 0.0243 0.9919 0.1248
vn -0.0368 0.9929 0.1129
vn -0.0958 0.9895 -0.1078
vn -0.1437 0.9383 -0.3145
vn -0.1745 0.8103 -0.5594
vn -0.1575 0.6657 -0.7294
vn -0.1054 0.6577 -0.7459
vn -0.0419 0.6938 -0.7189
vn -0.0020 0.7752 -0.6318
vn 0.0138 0.8876 -0.4603
vn 0.0042 0.9784 -0.2067
vn -0.0396 0.9923 0.1177
vn -0.0974 0.8811 0.4627
vn -0.1428 0.6683 0.7301
vn -0.1737 0.4701 0.8654
vn -0.1971 0.3921 0.8986
vn -0.2372 0.5100 0.8268
vn -0.2828 0.7336 0.6179
vn -0.2859 0.7866 0.5473
vn -0.2826 0.7988 0.5311
vn -0.2740 0.8519 0.4463
vn -0.2542 0.9251 0.2820
vn -0.2271 0.9680 0.1069
vn -0.2046 0.9783 0.0328
vn -0.1875 0.9814 0.0404
vn -0.1805 0.9833 0.0242
vn -0.1875 0.9769 -0.1025
vn -0.2013 0.9374 -0.2842
vn -0.2105 0.8490 -0.4848
vn -0.2066 0.7676 -0.6067
vn -0.1863 0.7569 -0.6265
vn -0.0711 0.8563 -0.5115
vn 0.0190 0.9458 -0.3241
vn 0.1146 0.9825 -0.1471
vn 0.1426 0.9833 -0.1133
vn 0.1093 0.9736 -0.2006
vn 0.0751 0.9815 -0.1759
vn 0.0289 0.9866 -0.1605
vn -0.0181 0.9980 -0.0611
vn -0.0675 0.9931 -0.0961
vn -0.1864 0.9253 -0.3303
vn -0.2920 0.7435 -0.6016
vn -0.3237 0.3820 -0.8656
vn -0.2171 0.2316 -0.9483
vn -0.0701 0.3533 -0.9329
vn 0.0626 0.4613 -0.8851
vn 0.2295 0.5668 -0.7912
vn 0.2369 0.9395 -0.2476
vn 0.2104 0.8655 0.4545
vn 0.1072 0.6439 0.7576
vn -0.0353 0.7197 0.6934
vn -0.1681 0.7824 0.5997
vn -0.2159 0.7766 0.5919
vn -0.2531 0.7177 0.6487
vn -0.2651 0.6034 0.7521
vn -0.2533 0.4640 0.8488
vn -0.2347 0.3143 0.9199
vn -0.2181 0.1976 0.9557
vn -0.1965 0.1992 0.9601
vn 0.1834 0.8054 -0.5637
vn 0.1719 0.7629 -0.6233
vn 0.1227 0.7379 -0.6637
vn 0.0439 0.7485 -0.6617
vn -0.0394 0.7786 -0.6263
vn -0.0891 0.8261 -0.5564
vn -0.1065 0.8851 -0.4530
vn -0.1258 0.9363 -0.3278
vn -0.1479 0.9677 -0.2040
vn -0.1582 0.9863 -0.0468
vn -0.1653 0.9741 0.1544
vn -0.1679 0.9079 0.3841
vn -0.1590 0.8055 0.5708
vn -0.1366 0.7186 0.6819
vn -0.1022 0.7326 0.6730
vn -0.0618 0.8427 0.5348
vn -0.0378 0.9825 0.1826
vn -0.0134 0.9878 -0.1551
vn 0.0473 0.9649 -0.2583
vn 0.1044 0.9773 -0.1843
vn 0.1108 0.9938 -0.0020
vn 0.0593 0.9807 0.1864
vn 0.0032 0.9875 0.1577
vn -0.0178 0.9967 -0.0786
vn -0.0295 0.9560 -0.2919
vn -0.0401 0.8347 -0.5492
vn -0.0260 0.6554 -0.7548
vn 0.0175 0.6187 -0.7854
vn 0.0620 0.6651 -0.7442
vn 0.0691 0.7641 -0.6414
vn 0.0453 0.8849 -0.4635
vn -0.0003 0.9817 -0.1904
vn -0.0756 0.9836 0.1636
vn -0.1684 0.8416 0.5132
vn -0.2303 0.6179 0.7518
vn -0.2516 0.4346 0.8648
vn -0.2611 0.3931 0.8816
vn -0.2748 0.5478 0.7902
vn -0.2760 0.7549 0.5949
vn -0.2573 0.7977 0.5453
vn -0.2311 0.8250 0.5157
vn -0.1949 0.8875 0.4176
vn -0.1572 0.9569 0.2442
vn -0.1276 0.9884 0.0827
vn -0.1129 0.9934 0.0187
vn -0.1025 0.9944 0.0271
vn -0.0900 0.9958 0.0181
vn -0.0822 0.9917 -0.0988
vn -0.0796 0.9574 -0.2777
vn -0.0842 0.8742 -0.4783
vn -0.0907 0.7841 -0.6139
vn -0.0888 0.7569 -0.6474
vn -0.0598 0.7962 -0.6021
vn 0.0087 0.8941 -0.4477
vn 0.0626 0.9626 -0.2637
vn 0.1289 0.9820 -0.1379
vn 0.1309 0.9839 -0.1220
vn 0.0592 0.9914 -0.1168
vn -0.0077 0.9965 -0.0829
vn -0.0136 0.9993 -0.0358
vn -0.0043 0.9993 0.0375
vn -0.1158 0.9811 -0.1549
vn -0.2845 0.7768 -0.5618
vn -0.3684 0.2761 -0.8877
vn -0.2412 0.0643 -0.9683
vn -0.0767 0.2899 -0.9540
vn -0.0157 0.3907 -0.9204
vn 0.0393 0.4913 -0.8701
vn -0.0384 0.8918 -0.4508
vn -0.0120 0.9609 0.2767
vn 0.1070 0.6698 0.7348
vn 0.0857 0.6219 0.7784
vn -0.0943 0.7467 0.6585
vn -0.2149 0.7302 0.6485
vn -0.3000 0.6671 0.6818
vn -0.3515 0.5599 0.7503
vn -0.3768 0.4181 0.8266
vn -0.3869 0.2682 0.8823
vn -0.3867 0.1890 0.9026
vn -0.3781 0.2542 0.8902
vn 0.1019 0.8112 -0.5758
vn 0.0701 0.7913 -0.6074
vn 0.0013 0.7773 -0.6291
vn -0.0839 0.7872 -0.6110
vn -0.1669 0.7980 -0.5791
vn -0.2274 0.8163 -0.5309
vn -0.2661 0.8587 -0.4380
vn -0.2878 0.9060 -0.3104
vn -0.2984 0.9351 -0.1911
vn -0.3159 0.9481 -0.0355
vn -0.3364 0.9266 0.1677
vn -0.3415 0.8597 0.3798
vn -0.3167 0.7759 0.5456
vn -0.2709 0.7146 0.6450
vn -0.2108 0.7594 0.6155
vn -0.1349 0.8699 0.4745
vn -0.0541 0.9907 0.1247
vn 0.0352 0.9737 -0.2253
vn 0.1079 0.9427 -0.3158
vn 0.1512 0.9685 -0.1978
vn 0.1367 0.9899 0.0375
vn 0.0700 0.9651 0.2522
vn 0.0234 0.9831 0.1817
vn 0.0247 0.9963 -0.0822
vn 0.0312 0.9580 -0.2851
vn 0.0472 0.8274 -0.5597
vn 0.0635 0.6400 -0.7658
vn 0.0886 0.5860 -0.8054
vn 0.1301 0.6426 -0.7551
vn 0.1576 0.7527 -0.6392
vn 0.1493 0.8791 -0.4526
vn 0.1048 0.9797 -0.1708
vn 0.0326 0.9776 0.2080
vn -0.0694 0.8050 0.5892
vn -0.1806 0.5504 0.8151
vn -0.2392 0.4012 0.8842
vn -0.2485 0.4081 0.8784
vn -0.2518 0.6060 0.7546
vn -0.2328 0.7857 0.5731
vn -0.2036 0.8203 0.5344
vn -0.1720 0.8568 0.4862
vn -0.1312 0.9174 0.3758
vn -0.0974 0.9725 0.2115
vn -0.0799 0.9946 0.0656
vn -0.0710 0.9974 0.0118
vn -0.0626 0.9979 0.0152
vn -0.0478 0.9989 0.0027
vn -0.0224 0.9930 -0.1163
vn 0.0003 0.9588 -0.2842
vn 0.0085 0.8796 -0.4756
vn -0.0008 0.7940 -0.6079
vn -0.0162 0.7609 -0.6487
vn -0.0225 0.7859 -0.6179
vn 0.0008 0.8623 -0.5064
vn 0.0262 0.9398 -0.3406
vn 0.0399 0.9820 -0.1846
vn 0.0489 0.9959 -0.0758
vn 0.0280 0.9983 -0.0509
vn 0.0113 0.9979 -0.0642
vn 0.0368 0.9975 -0.0604
vn 0.0744 0.9938 0.0824
vn 0.0449 0.9989 0.0163
vn -0.1132 0.9011 -0.4185
vn -0.3214 0.3608 -0.8755
vn -0.3381 -0.1375 -0.9310
vn -0.0902 0.2032 -0.9750
vn 0.0016 0.3529 -0.9357
vn -0.1316 0.4949 -0.8589
vn -0.3244 0.7806 -0.5342
vn -0.2660 0.9557 0.1261
vn -0.0236 0.7524 0.6583
vn 0.0518 0.5348 0.8434
vn -0.0741 0.6683 0.7402
vn -0.2385 0.6392 0.7311
vn -0.3540 0.5781 0.7352
vn -0.4115 0.4747 0.7780
vn -0.4359 0.3245 0.8395
vn -0.4496 0.1866 0.8735
vn -0.4780 0.1806 0.8596
vn -0.4860 0.3515 0.8002
vn -0.0352 0.8266 -0.5617
vn -0.0843 0.8151 -0.5732
vn -0.1530 0.8044 -0.5740
vn -0.2317 0.8008 -0.5523
vn -0.3019 0.7975 -0.5223
vn -0.3626 0.7959 -0.4848
vn -0.4069 0.8163 -0.4100
vn -0.4184 0.8530 -0.3118
vn -0.4137 0.8900 -0.1915
vn -0.4239 0.9054 -0.0238
vn -0.4423 0.8783 0.1816
vn -0.4375 0.8219 0.3647
vn -0.3977 0.7678 0.5023
vn -0.3281 0.7380 0.5897
vn -0.2368 0.8160 0.5274
vn -0.0971 0.9286 0.3580
vn 0.0807 0.9967 -0.0078
vn 0.2077 0.9293 -0.3056
vn 0.2811 0.8953 -0.3455
vn 0.3143 0.9316 -0.1824
vn 0.2728 0.9570 0.0986
vn 0.1713 0.9310 0.3223
vn 0.0938 0.9715 0.2176
vn 0.0601 0.9949 -0.0808
vn 0.0748 0.9504 -0.3019
vn 0.0902 0.8154 -0.5718
vn 0.0835 0.6294 -0.7726
vn 0.1030 0.5640 -0.8193
vn 0.1544 0.6191 -0.7700
vn 0.2130 0.7349 -0.6439
vn 0.2517 0.8622 -0.4396
vn 0.2546 0.9550 -0.1519
vn 0.2180 0.9484 0.2301
vn 0.1353 0.7592 0.6367
vn 0.0237 0.4686 0.8831
vn -0.0810 0.3448 0.9352
vn -0.1552 0.4215 0.8935
vn -0.1802 0.6568 0.7322
vn -0.1659 0.8156 0.5544
vn -0.1310 0.8482 0.5133
vn -0.0927 0.8846 0.4571
vn -0.0634 0.9374 0.3425
vn -0.0403 0.9813 0.1884
vn -0.0269 0.9980 0.0571
vn -0.0216 0.9997 0.0061
vn -0.0138 0.9999 0.0046
vn -0.0036 0.9999 -0.0119
vn 0.0124 0.9897 -0.1425
vn 0.0375 0.9519 -0.3043
vn 0.0556 0.8739 -0.4829
vn 0.0502 0.8003 -0.5974
vn 0.0291 0.7691 -0.6385
vn 0.0043 0.7924 -0.6099
vn -0.0148 0.8551 -0.5182
vn -0.0162 0.9315 -0.3635
vn -0.0197 0.9790 -0.2030
vn -0.0343 0.9977 -0.0592
vn -0.0592 0.9982 -0.0032
vn -0.0804 0.9958 -0.0434
vn -0.0056 0.9917 -0.1283
vn 0.1379 0.9894 -0.0459
vn 0.2898 0.9562 0.0420
vn 0.2944 0.9438 -0.1504
vn 0.0549 0.6972 -0.7148
vn -0.2681 -0.1007 -0.9581
vn -0.1135 0.0486 -0.9923
vn 0.0341 0.3458 -0.9377
vn -0.0972 0.5648 -0.8195
vn -0.3824 0.7740 -0.5047
vn -0.4715 0.8817 0.0184
vn -0.2915 0.7540 0.5886
vn -0.1712 0.4249 0.8889
vn -0.2584 0.5359 0.8038
vn -0.3422 0.5209 0.7820
vn -0.4181 0.4814 0.7704
vn -0.4670 0.3763 0.8002
vn -0.4780 0.2358 0.8461
vn -0.4536 0.1678 0.8752
vn -0.4046 0.2752 0.8721
vn -0.3141 0.5598 0.7668
vn -0.1512 0.8418 -0.5182
vn -0.2161 0.8282 -0.5171
vn -0.2945 0.8141 -0.5006
vn -0.3689 0.7926 -0.4855
vn -0.4258 0.7761 -0.4652
vn -0.4555 0.7697 -0.4472
vn -0.4728 0.7889 -0.3926
vn -0.4845 0.8145 -0.3190
vn -0.4947 0.8461 -0.1984
vn -0.5011 0.8650 -0.0253
vn -0.4955 0.8500 0.1789
vn -0.4683 0.8177 0.3348
vn -0.4164 0.7901 0.4499
vn -0.3318 0.7940 0.5094
vn -0.1902 0.9011 0.3897
vn 0.0235 0.9865 0.1620
vn 0.2418 0.9523 -0.1863
vn 0.3808 0.8385 -0.3898
vn 0.4704 0.8037 -0.3643
vn 0.5137 0.8443 -0.1527
vn 0.4620 0.8722 0.1604
vn 0.3345 0.8566 0.3928
vn 0.2414 0.9250 0.2934
vn 0.1700 0.9847 -0.0391
vn 0.1377 0.9386 -0.3163
vn 0.1296 0.8115 -0.5698
vn 0.1018 0.6293 -0.7705
vn 0.1041 0.5434 -0.8330
vn 0.1645 0.5884 -0.7916
vn 0.2536 0.7100 -0.6569
vn 0.3285 0.8380 -0.4356
vn 0.3664 0.9210 -0.1327
vn 0.3553 0.9025 0.2434
vn 0.2929 0.7097 0.6407
vn 0.1970 0.4075 0.8917
vn 0.1058 0.2676 0.9577
vn 0.0073 0.3965 0.9180
vn -0.0717 0.6758 0.7335
vn -0.0802 0.8387 0.5386
vn -0.0521 0.8717 0.4872
vn -0.0266 0.9001 0.4349
vn -0.0100 0.9459 0.3243
vn -0.0029 0.9841 0.1775
vn -0.0027 0.9985 0.0545
vn -0.0011 1.0000 0.0018
vn 0.0119 0.9995 -0.0293
vn 0.0399 0.9849 -0.1685
vn 0.0686 0.9411 -0.3311
vn 0.0820 0.8668 -0.4918
vn 0.0721 0.8060 -0.5875
vn 0.0415 0.7833 -0.6203
vn 0.0014 0.8075 -0.5899
vn -0.0385 0.8640 -0.5021
vn -0.0703 0.9301 -0.3606
vn -0.0891 0.9760 -0.1987
vn -0.0902 0.9941 -0.0596
vn -0.0813 0.9966 0.0145
vn -0.1007 0.9949 -0.0061
vn -0.0754 0.9850 -0.1552
vn 0.0758 0.9611 -0.2655
vn 0.2595 0.9489 -0.1794
vn 0.3584 0.9298 -0.0843
vn 0.2799 0.8312 -0.4804
vn -0.0691 0.1002 -0.9926
vn -0.0736 -0.0069 -0.9973
vn 0.1393 0.3342 -0.9322
vn 0.2001 0.6559 -0.7278
vn 0.0202 0.9458 -0.3243
vn -0.3155 0.9403 0.1277
vn -0.4776 0.6439 0.5977
vn -0.4320 0.2213 0.8743
vn -0.5545 0.3393 0.7598
vn -0.5650 0.3892 0.7275
vn -0.5517 0.3942 0.7350
vn -0.5149 0.3455 0.7845
vn -0.3985 0.3034 0.8655
vn -0.2063 0.3474 0.9147
vn 0.0138 0.5283 0.8490
vn 0.1864 0.7226 0.6656
vn -0.2096 0.8612 -0.4631
vn -0.2845 0.8498 -0.4437
vn -0.3652 0.8295 -0.4225
vn -0.4324 0.7981 -0.4196
vn -0.4744 0.7712 -0.4244
vn -0.4984 0.7555 -0.4253
vn -0.5149 0.7652 -0.3864
vn -0.5213 0.7905 -0.3215
vn -0.5216 0.8254 -0.2160
vn -0.5214 0.8525 -0.0381
vn -0.5079 0.8477 0.1530
vn -0.4643 0.8384 0.2855
vn -0.3974 0.8318 0.3876
vn -0.3014 0.8639 0.4035
vn -0.1353 0.9717 0.1935
vn 0.1003 0.9925 -0.0697
vn 0.3242 0.8687 -0.3746
vn 0.4696 0.7348 -0.4895
vn 0.5739 0.7148 -0.3995
vn 0.6329 0.7606 -0.1444
vn 0.6009 0.7770 0.1876
vn 0.4953 0.7530 0.4332
vn 0.4383 0.8183 0.3719
vn 0.3744 0.9247 0.0695
vn 0.2779 0.9217 -0.2706
vn 0.1927 0.8200 -0.5389
vn 0.1154 0.6456 -0.7549
vn 0.0987 0.5262 -0.8446
vn 0.1474 0.5613 -0.8144
vn 0.2405 0.6964 -0.6762
vn 0.3352 0.8349 -0.4365
vn 0.4028 0.9080 -0.1153
vn 0.4301 0.8664 0.2536
vn 0.4061 0.6698 0.6216
vn 0.3411 0.3759 0.8616
vn 0.2715 0.2083 0.9396
vn 0.2018 0.3176 0.9265
vn 0.0808 0.6345 0.7687
vn 0.0066 0.8432 0.5376
vn 0.0039 0.8829 0.4696
vn 0.0165 0.9062 0.4224
vn 0.0159 0.9460 0.3238
vn 0.0037 0.9831 0.1833
vn -0.0012 0.9986 0.0532
vn -0.0002 1.0000 0.0004
vn 0.0083 0.9999 -0.0082
vn 0.0404 0.9971 -0.0650
vn 0.0769 0.9773 -0.1973
vn 0.0937 0.9321 -0.3499
vn 0.0895 0.8654 -0.4929
vn 0.0648 0.8171 -0.5728
vn 0.0220 0.8043 -0.5938
vn -0.0278 0.8262 -0.5627
vn -0.0755 0.8769 -0.4747
vn -0.1189 0.9332 -0.3392
vn -0.1479 0.9709 -0.1886
vn -0.1433 0.9864 -0.0809
vn -0.1055 0.9943 -0.0146
vn -0.0532 0.9986 -0.0079
vn -0.0404 0.9894 -0.1395
vn 0.0086 0.9364 -0.3507
vn 0.0751 0.9301 -0.3596
vn 0.1586 0.9600 -0.2306
vn 0.2164 0.8285 -0.5165
vn 0.0713 0.2464 -0.9665
vn 0.0425 0.0635 -0.9971
vn 0.0779 0.2562 -0.9635
vn -0.0329 0.6911 -0.7221
vn -0.2558 0.9562 -0.1421
vn -0.4134 0.8333 0.3670
vn -0.5588 0.3823 0.7360
vn -0.5618 0.0220 0.8270
vn -0.7363 0.1747 0.6538
vn -0.7475 0.2954 0.5950
vn -0.6639 0.4324 0.6101
vn -0.4315 0.5486 0.7162
vn -0.0953 0.6057 0.7900
vn 0.2166 0.6464 0.7316
vn 0.4264 0.6873 0.5880
vn 0.5176 0.7031 0.4875
vn -0.2139 0.8857 -0.4120
vn -0.2680 0.8846 -0.3817
vn -0.3252 0.8737 -0.3617
vn -0.3835 0.8482 -0.3653
vn -0.4252 0.8118 -0.4003
vn -0.4443 0.7930 -0.4169
vn -0.4611 0.7972 -0.3897
vn -0.4771 0.8134 -0.3328
vn -0.4928 0.8383 -0.2331
vn -0.5032 0.8624 -0.0547
vn -0.4801 0.8700 0.1127
vn -0.4367 0.8690 0.2326
vn -0.3785 0.8688 0.3193
vn -0.2785 0.9220 0.2688
vn -0.1148 0.9934 -0.0000
vn 0.1174 0.9421 -0.3140
vn 0.3448 0.7547 -0.5581
vn 0.4809 0.6542 -0.5838
vn 0.5726 0.6867 -0.4478
vn 0.6309 0.7564 -0.1726
vn 0.6192 0.7636 0.1829
vn 0.5423 0.7100 0.4492
vn 0.5223 0.7373 0.4285
vn 0.5098 0.8372 0.1981
vn 0.4159 0.8983 -0.1418
vn 0.2617 0.8531 -0.4513
vn 0.1257 0.6791 -0.7232
vn 0.0753 0.5210 -0.8502
vn 0.1017 0.5415 -0.8345
vn 0.1843 0.6970 -0.6930
vn 0.2666 0.8594 -0.4363
vn 0.3292 0.9390 -0.0994
vn 0.3760 0.8865 0.2698
vn 0.4074 0.6787 0.6110
vn 0.3983 0.3831 0.8334
vn 0.3573 0.1885 0.9148
vn 0.3246 0.2318 0.9170
vn 0.2424 0.5228 0.8173
vn 0.1198 0.8047 0.5815
vn 0.0543 0.8790 0.4738
vn 0.0324 0.9041 0.4260
vn 0.0173 0.9419 0.3354
vn 0.0061 0.9810 0.1940
vn 0.0004 0.9986 0.0527
vn 0.0058 1.0000 -0.0055
vn 0.0296 0.9990 -0.0347
vn 0.0664 0.9920 -0.1073
vn 0.0917 0.9716 -0.2180
vn 0.0958 0.9294 -0.3563
vn 0.0785 0.8725 -0.4822
vn 0.0423 0.8344 -0.5495
vn -0.0099 0.8292 -0.5589
vn -0.0738 0.8475 -0.5256
vn -0.1399 0.8883 -0.4375
vn -0.1916 0.9306 -0.3119
vn -0.2158 0.9597 -0.1801
vn -0.2139 0.9715 -0.1017
vn -0.1835 0.9808 -0.0662
vn -0.1259 0.9893 -0.0741
vn -0.0820 0.9897 -0.1175
vn -0.0818 0.9457 -0.3145
vn -0.0750 0.9143 -0.3981
vn -0.0329 0.9321 -0.3607
vn 0.1204 0.7619 -0.6364
vn 0.1465 0.3614 -0.9208
vn 0.0613 0.1118 -0.9918
vn -0.1574 0.1311 -0.9788
vn -0.5588 0.4912 -0.6682
vn -0.7700 0.6364 -0.0452
vn -0.7220 0.4899 0.4886
vn -0.5589 0.1081 0.8221
vn -0.5728 -0.0332 0.8190
vn -0.7687 0.1547 0.6207
vn -0.7826 0.4082 0.4700
vn -0.4374 0.8443 0.3095
vn 0.1470 0.9276 0.3434
vn 0.4586 0.7915 0.4040
vn 0.5748 0.7079 0.4104
vn 0.5978 0.6836 0.4188
vn 0.5699 0.6793 0.4623
vn -0.1702 0.9116 -0.3741
vn -0.1979 0.9138 -0.3546
vn -0.2286 0.9201 -0.3180
vn -0.2570 0.9061 -0.3362
vn -0.2646 0.8810 -0.3921
vn -0.2713 0.8649 -0.4222
vn -0.2853 0.8739 -0.3936
vn -0.2964 0.8889 -0.3493
vn -0.3095 0.9193 -0.2431
vn -0.3253 0.9431 -0.0694
vn -0.3336 0.9383 0.0906
vn -0.3325 0.9194 0.2103
vn -0.2876 0.9268 0.2417
vn -0.1922 0.9730 0.1273
vn -0.0546 0.9833 -0.1736
vn 0.1252 0.8476 -0.5156
vn 0.2700 0.6640 -0.6973
vn 0.3763 0.6327 -0.6769
vn 0.4705 0.7201 -0.5099
vn 0.5345 0.8152 -0.2232
vn 0.5422 0.8253 0.1580
vn 0.4977 0.7422 0.4489
vn 0.4909 0.7296 0.4761
vn 0.4815 0.8144 0.3238
vn 0.4025 0.9152 0.0207
vn 0.2493 0.9114 -0.3274
vn 0.0987 0.7289 -0.6775
vn 0.0455 0.5233 -0.8509
vn 0.0564 0.5275 -0.8477
vn 0.0956 0.7049 -0.7028
vn 0.1406 0.8905 -0.4326
vn 0.1835 0.9795 -0.0827
vn 0.2260 0.9311 0.2862
vn 0.2749 0.7333 0.6218
vn 0.3067 0.4328 0.8477
vn 0.3088 0.2098 0.9277
vn 0.3080 0.1922 0.9318
vn 0.2833 0.4079 0.8680
vn 0.1808 0.7236 0.6661
vn 0.0814 0.8571 0.5087
vn 0.0376 0.8952 0.4442
vn 0.0174 0.9371 0.3486
vn 0.0078 0.9797 0.2004
vn 0.0063 0.9986 0.0532
vn 0.0172 0.9996 -0.0223
vn 0.0447 0.9966 -0.0692
vn 0.0745 0.9874 -0.1395
vn 0.0920 0.9686 -0.2308
vn 0.0830 0.9340 -0.3476
vn 0.0500 0.8862 -0.4606
vn 0.0039 0.8559 -0.5172
vn -0.0550 0.8544 -0.5167
vn -0.1222 0.8697 -0.4783
vn -0.1908 0.8999 -0.3922
vn -0.2477 0.9272 -0.2810
vn -0.2791 0.9445 -0.1734
vn -0.2835 0.9524 -0.1123
vn -0.2732 0.9567 -0.1008
vn -0.2494 0.9597 -0.1297
vn -0.2329 0.9627 -0.1376
vn -0.2457 0.9380 -0.2447
vn -0.2667 0.8986 -0.3483
vn -0.2376 0.8803 -0.4107
vn -0.0444 0.6893 -0.7231
vn 0.0614 0.3912 -0.9183
vn -0.0636 0.1937 -0.9790
vn -0.4122 0.0461 -0.9099
vn -0.8529 0.1049 -0.5114
vn -0.9837 0.1796 0.0006
vn -0.8629 0.1290 0.4887
vn -0.5203 0.0423 0.8529
vn -0.5031 0.0815 0.8604
vn -0.6565 0.3249 0.6807
vn -0.4271 0.8927 0.1441
vn 0.2848 0.9236 -0.2567
vn 0.5484 0.8293 -0.1078
vn 0.6394 0.7631 0.0937
vn 0.6660 0.7016 0.2533
vn 0.6359 0.6526 0.4119
vn 0.5345 0.6213 0.5730
vn -0.1197 0.9325 -0.3408
vn -0.1473 0.9276 -0.3433
vn -0.1393 0.9387 -0.3154
vn -0.0951 0.9289 -0.3578
vn -0.0447 0.9105 -0.4112
vn -0.0156 0.9063 -0.4223
vn -0.0070 0.9209 -0.3897
vn -0.0064 0.9373 -0.3486
vn -0.0198 0.9726 -0.2318
vn -0.0493 0.9974 -0.0533
vn -0.0867 0.9899 0.1118
vn -0.1164 0.9687 0.2194
vn -0.1271 0.9737 0.1891
vn -0.1000 0.9945 0.0309
vn -0.0311 0.9559 -0.2921
vn 0.0593 0.7757 -0.6284
vn 0.1308 0.6190 -0.7744
vn 0.1918 0.6331 -0.7499
vn 0.2634 0.7687 -0.5829
vn 0.3255 0.9020 -0.2837
vn 0.3567 0.9270 0.1158
vn 0.3500 0.8268 0.4404
vn 0.3526 0.7785 0.5192
vn 0.3512 0.8296 0.4340
vn 0.3000 0.9382 0.1728
vn 0.1747 0.9647 -0.1973
vn 0.0685 0.7688 -0.6358
vn 0.0300 0.5303 -0.8473
vn 0.0219 0.5209 -0.8534
vn 0.0106 0.7075 -0.7067
vn -0.0044 0.9032 -0.4291
vn -0.0088 0.9972 -0.0747
vn 0.0082 0.9567 0.2910
vn 0.0461 0.7781 0.6265
vn 0.0969 0.4910 0.8657
vn 0.1468 0.2545 0.9559
vn 0.2005 0.1995 0.9592
vn 0.2397 0.3388 0.9098
vn 0.2020 0.6258 0.7533
vn 0.1023 0.8172 0.5672
vn 0.0440 0.8839 0.4656
vn 0.0269 0.9326 0.3599
vn 0.0195 0.9784 0.2057
vn 0.0148 0.9984 0.0542
vn 0.0247 0.9987 -0.0440
vn 0.0473 0.9941 -0.0975
vn 0.0685 0.9843 -0.1626
vn 0.0759 0.9690 -0.2353
vn 0.0606 0.9429 -0.3277
vn 0.0170 0.9056 -0.4238
vn -0.0446 0.8794 -0.4739
vn -0.1118 0.8771 -0.4672
vn -0.1859 0.8871 -0.4224
vn -0.2561 0.9037 -0.3433
vn -0.3095 0.9189 -0.2446
vn -0.3406 0.9263 -0.1610
vn -0.3516 0.9291 -0.1144
vn -0.3601 0.9273 -0.1024
vn -0.3731 0.9175 -0.1377
vn -0.3955 0.9089 -0.1323
vn -0.4252 0.8859 -0.1853
vn -0.4541 0.8474 -0.2752
vn -0.4312 0.8044 -0.4086
vn -0.3089 0.6271 -0.7150
vn -0.2011 0.3386 -0.9192
vn -0.3655 0.2381 -0.8998
vn -0.6495 0.0712 -0.7570
vn -0.9161 -0.0427 -0.3987
vn -0.9986 -0.0518 0.0047
vn -0.8869 -0.0201 0.4614
vn -0.5505 0.1028 0.8285
vn -0.3582 0.3127 0.8797
vn -0.1470 0.8251 0.5456
vn 0.3555 0.8836 -0.3047
vn 0.4806 0.7822 -0.3965
vn 0.4633 0.8441 -0.2699
vn 0.4290 0.9021 -0.0475
vn 0.4573 0.8653 0.2053
vn 0.5100 0.7430 0.4334
vn 0.4989 0.6063 0.6193
vn -0.0542 0.9464 -0.3184
vn -0.0497 0.9361 -0.3482
vn 0.0047 0.9289 -0.3702
vn 0.0865 0.9072 -0.4117
vn 0.1528 0.8829 -0.4440
vn 0.2005 0.8847 -0.4209
vn 0.2249 0.9001 -0.3732
vn 0.2291 0.9180 -0.3238
vn 0.2179 0.9575 -0.1888
vn 0.1834 0.9830 -0.0112
vn 0.1372 0.9788 0.1519
vn 0.0855 0.9649 0.2485
vn 0.0417 0.9790 0.1995
vn 0.0248 0.9997 -0.0032
vn 0.0286 0.9430 -0.3316
vn 0.0175 0.7556 -0.6548
vn 0.0084 0.6040 -0.7970
vn 0.0149 0.6283 -0.7779
vn 0.0260 0.7841 -0.6201
vn 0.0415 0.9437 -0.3282
vn 0.0673 0.9955 0.0670
vn 0.0889 0.9009 0.4249
vn 0.1062 0.8323 0.5441
vn 0.1205 0.8603 0.4953
vn 0.1034 0.9544 0.2801
vn 0.0423 0.9937 -0.1042
vn -0.0017 0.7892 -0.6142
vn -0.0155 0.5428 -0.8397
vn -0.0276 0.5183 -0.8547
vn -0.0807 0.6978 -0.7117
vn -0.1470 0.8885 -0.4347
vn -0.2011 0.9762 -0.0812
vn -0.2363 0.9313 0.2773
vn -0.2387 0.7655 0.5975
vn -0.1913 0.5163 0.8348
vn -0.0965 0.3061 0.9471
vn 0.0275 0.2446 0.9692
vn 0.1397 0.3302 0.9335
vn 0.1910 0.5558 0.8091
vn 0.1603 0.7643 0.6246
vn 0.1006 0.8611 0.4984
vn 0.0625 0.9252 0.3743
vn 0.0404 0.9745 0.2208
vn 0.0251 0.9979 0.0592
vn 0.0265 0.9978 -0.0602
vn 0.0397 0.9923 -0.1172
vn 0.0507 0.9831 -0.1758
vn 0.0503 0.9715 -0.2314
vn 0.0291 0.9529 -0.3020
vn -0.0168 0.9265 -0.3759
vn -0.0854 0.9053 -0.4161
vn -0.1667 0.8984 -0.4063
vn -0.2485 0.9004 -0.3570
vn -0.3246 0.9015 -0.2861
vn -0.3794 0.9016 -0.2077
vn -0.4045 0.9026 -0.1474
vn -0.4151 0.9033 -0.1084
vn -0.4316 0.8983 -0.0827
vn -0.4598 0.8819 -0.1039
vn -0.4903 0.8651 -0.1057
vn -0.5162 0.8462 -0.1322
vn -0.5417 0.8126 -0.2150
vn -0.5158 0.7525 -0.4096
vn -0.4512 0.6175 -0.6443
vn -0.4113 0.3600 -0.8374
vn -0.5690 0.2893 -0.7698
vn -0.7823 0.2757 -0.5585
vn -0.9449 0.1550 -0.2882
vn -0.9970 0.0659 0.0398
vn -0.8913 0.1290 0.4346
vn -0.5748 0.3584 0.7356
vn -0.1819 0.6931 0.6975
vn 0.2735 0.9523 -0.1357
vn 0.3964 0.7964 -0.4567
vn 0.3625 0.8415 -0.4006
vn 0.2515 0.9308 -0.2652
vn 0.1621 0.9816 -0.1008
vn 0.1562 0.9807 0.1175
vn 0.2297 0.8985 0.3741
vn 0.3184 0.7165 0.6207
vn 0.0664 0.9475 -0.3127
vn 0.0882 0.9224 -0.3760
vn 0.1372 0.8944 -0.4257
vn 0.1889 0.8690 -0.4573
vn 0.2229 0.8556 -0.4672
vn 0.2391 0.8726 -0.4258
vn 0.2422 0.8979 -0.3675
vn 0.2357 0.9216 -0.3085
vn 0.2358 0.9585 -0.1602
vn 0.2279 0.9733 0.0261
vn 0.2012 0.9609 0.1901
vn 0.1641 0.9437 0.2871
vn 0.1330 0.9642 0.2296
vn 0.1076 0.9940 0.0174
vn 0.0602 0.9528 -0.2975
vn -0.0090 0.7849 -0.6196
vn -0.0737 0.6229 -0.7788
vn -0.1239 0.6285 -0.7679
vn -0.1659 0.7723 -0.6132
vn -0.1896 0.9219 -0.3380
vn -0.1892 0.9810 0.0418
vn -0.1602 0.9013 0.4025
vn -0.1268 0.8369 0.5324
vn -0.1056 0.8611 0.4973
vn -0.1089 0.9414 0.3194
vn -0.1143 0.9901 -0.0809
vn -0.0781 0.7898 -0.6084
vn -0.0606 0.5588 -0.8271
vn -0.0766 0.5190 -0.8514
vn -0.1496 0.6758 -0.7218
vn -0.2490 0.8566 -0.4519
vn -0.3556 0.9295 -0.0976
vn -0.4336 0.8659 0.2494
vn -0.4644 0.7036 0.5379
vn -0.4319 0.5028 0.7488
vn -0.3211 0.3568 0.8772
vn -0.1532 0.3156 0.9364
vn 0.0220 0.3764 0.9262
vn 0.1555 0.5459 0.8233
vn 0.2162 0.7269 0.6518
vn 0.2009 0.8207 0.5348
vn 0.1525 0.8988 0.4109
vn 0.1006 0.9617 0.2551
vn 0.0552 0.9948 0.0856
vn 0.0276 0.9978 -0.0605
vn 0.0247 0.9915 -0.1275
vn 0.0257 0.9837 -0.1782
vn 0.0188 0.9746 -0.2233
vn -0.0055 0.9630 -0.2696
vn -0.0560 0.9448 -0.3228
vn -0.1237 0.9285 -0.3500
vn -0.2027 0.9201 -0.3352
vn -0.2895 0.9144 -0.2830
vn -0.3662 0.9036 -0.2223
vn -0.4146 0.8931 -0.1745
vn -0.4355 0.8896 -0.1378
vn -0.4461 0.8894 -0.1000
vn -0.4560 0.8876 -0.0659
vn -0.4787 0.8761 -0.0571
vn -0.5115 0.8564 -0.0708
vn -0.5352 0.8394 -0.0945
vn -0.5313 0.8249 -0.1933
vn -0.4952 0.7684 -0.4054
vn -0.4368 0.6583 -0.6130
vn -0.4681 0.5174 -0.7164
vn -0.6343 0.4128 -0.6537
vn -0.8175 0.4248 -0.3890
vn -0.9037 0.4053 -0.1379
vn -0.8997 0.4348 0.0379
vn -0.6533 0.7170 0.2430
vn -0.1017 0.9407 0.3235
vn 0.2483 0.9634 0.1006
vn 0.3097 0.8618 -0.4017
vn 0.2669 0.8533 -0.4478
vn 0.1701 0.9338 -0.3148
vn 0.0687 0.9779 -0.1973
vn -0.0012 0.9950 -0.1001
vn -0.0181 0.9988 0.0452
vn 0.0404 0.9664 0.2537
vn 0.1456 0.8415 0.5202
vn 0.1385 0.9300 -0.3405
vn 0.1927 0.8902 -0.4128
vn 0.2295 0.8616 -0.4528
vn 0.2407 0.8485 -0.4712
vn 0.2329 0.8530 -0.4671
vn 0.2163 0.8855 -0.4112
vn 0.1829 0.9201 -0.3464
vn 0.1408 0.9488 -0.2827
vn 0.1141 0.9831 -0.1430
vn 0.1019 0.9936 0.0496
vn 0.0927 0.9721 0.2154
vn 0.0821 0.9457 0.3146
vn 0.0723 0.9658 0.2490
vn 0.0596 0.9971 0.0473
vn 0.0360 0.9679 -0.2489
vn -0.0239 0.8308 -0.5560
vn -0.1200 0.6772 -0.7259
vn -0.2149 0.6499 -0.7290
vn -0.3051 0.7578 -0.5767
vn -0.3716 0.8751 -0.3101
vn -0.3922 0.9186 0.0480
vn -0.3489 0.8562 0.3810
vn -0.3050 0.8088 0.5028
vn -0.2865 0.8372 0.4659
vn -0.2680 0.9184 0.2912
vn -0.2070 0.9678 -0.1434
vn -0.0907 0.7687 -0.6332
vn -0.0565 0.5826 -0.8108
vn -0.0853 0.5312 -0.8429
vn -0.1780 0.6584 -0.7313
vn -0.3145 0.8234 -0.4723
vn -0.4370 0.8911 -0.1222
vn -0.5250 0.8216 0.2222
vn -0.5644 0.6661 0.4877
vn -0.5387 0.5046 0.6746
vn -0.4372 0.4177 0.7965
vn -0.2655 0.4053 0.8748
vn -0.0595 0.4616 0.8851
vn 0.1299 0.5903 0.7967
vn 0.2459 0.7217 0.6470
vn 0.2704 0.7874 0.5540
vn 0.2507 0.8550 0.4541
vn 0.2027 0.9295 0.3082
vn 0.1383 0.9800 0.1428
vn 0.0668 0.9976 -0.0184
vn 0.0167 0.9930 -0.1171
vn -0.0012 0.9850 -0.1723
vn -0.0161 0.9779 -0.2086
vn -0.0416 0.9705 -0.2373
vn -0.0884 0.9603 -0.2644
vn -0.1602 0.9468 -0.2792
vn -0.2413 0.9353 -0.2589
vn -0.3187 0.9249 -0.2074
vn -0.3830 0.9095 -0.1614
vn -0.4244 0.8941 -0.1430
vn -0.4451 0.8864 -0.1271
vn -0.4502 0.8874 -0.0996
vn -0.4453 0.8928 -0.0682
vn -0.4406 0.8969 -0.0367
vn -0.4486 0.8929 -0.0375
vn -0.4637 0.8831 -0.0717
vn -0.4631 0.8649 -0.1935
vn -0.4279 0.8105 -0.4000
vn -0.3724 0.7016 -0.6074
vn -0.4055 0.6745 -0.6169
vn -0.5433 0.6752 -0.4990
vn -0.6623 0.6929 -0.2850
vn -0.5659 0.8121 -0.1424
vn -0.2211 0.9570 -0.1876
vn 0.2126 0.9639 -0.1605
vn 0.4407 0.8926 -0.0956
vn 0.4990 0.8549 -0.1416
vn 0.4227 0.8446 -0.3286
vn 0.2740 0.9053 -0.3245
vn 0.1336 0.9690 -0.2077
vn 0.0284 0.9915 -0.1272
vn -0.0456 0.9966 -0.0683
vn -0.0793 0.9968 0.0093
vn -0.0491 0.9859 0.1601
vn 0.0248 0.9108 0.4121
vn 0.1477 0.9048 -0.3994
vn 0.2151 0.8593 -0.4641
vn 0.2624 0.8432 -0.4691
vn 0.2596 0.8512 -0.4561
vn 0.2137 0.8736 -0.4372
vn 0.1627 0.9109 -0.3793
vn 0.1127 0.9476 -0.2990
vn 0.0457 0.9733 -0.2249
vn -0.0207 0.9954 -0.0931
vn -0.0584 0.9957 0.0721
vn -0.0671 0.9715 0.2274
vn -0.0657 0.9458 0.3180
vn -0.0630 0.9680 0.2430
vn -0.0498 0.9981 0.0356
vn -0.0385 0.9705 -0.2378
vn -0.0710 0.8669 -0.4935
vn -0.1662 0.7471 -0.6436
vn -0.2926 0.6956 -0.6562
vn -0.4197 0.7536 -0.5060
vn -0.5072 0.8243 -0.2517
vn -0.5321 0.8435 0.0737
vn -0.4889 0.7941 0.3610
vn -0.4416 0.7692 0.4619
vn -0.4140 0.8127 0.4099
vn -0.3648 0.9119 0.1881
vn -0.2370 0.9325 -0.2726
vn -0.0912 0.7298 -0.6775
vn -0.0358 0.5948 -0.8030
vn -0.0656 0.5623 -0.8243
vn -0.1753 0.6651 -0.7259
vn -0.3186 0.8104 -0.4917
vn -0.4418 0.8839 -0.1533
vn -0.5165 0.8325 0.2004
vn -0.5399 0.6944 0.4758
vn -0.5023 0.5669 0.6530
vn -0.4036 0.5051 0.7629
vn -0.2559 0.5083 0.8223
vn -0.0687 0.5618 0.8244
vn 0.1314 0.6665 0.7338
vn 0.2596 0.7380 0.6229
vn 0.3036 0.7759 0.5530
vn 0.3155 0.8212 0.4756
vn 0.3017 0.8849 0.3548
vn 0.2544 0.9439 0.2104
vn 0.1774 0.9820 0.0643
vn 0.0804 0.9954 -0.0529
vn -0.0006 0.9902 -0.1395
vn -0.0449 0.9819 -0.1837
vn -0.0792 0.9758 -0.2040
vn -0.1218 0.9698 -0.2111
vn -0.1789 0.9616 -0.2082
vn -0.2529 0.9504 -0.1812
vn -0.3291 0.9345 -0.1356
vn -0.3889 0.9152 -0.1054
vn -0.4251 0.8982 -0.1118
vn -0.4392 0.8905 -0.1190
vn -0.4342 0.8937 -0.1129
vn -0.4160 0.9049 -0.0904
vn -0.3862 0.9203 -0.0628
vn -0.3474 0.9365 -0.0484
vn -0.3191 0.9450 -0.0711
vn -0.3143 0.9326 -0.1772
vn -0.3098 0.8675 -0.3891
vn -0.3047 0.7527 -0.5835
vn -0.3445 0.7432 -0.5736
vn -0.3973 0.8338 -0.3832
vn -0.3798 0.8900 -0.2523
vn -0.1528 0.9454 -0.2880
vn 0.1768 0.9144 -0.3641
vn 0.3872 0.8759 -0.2879
vn 0.4531 0.8767 -0.1613
vn 0.4303 0.8979 -0.0927
vn 0.3594 0.9207 -0.1522
vn 0.2415 0.9535 -0.1803
vn 0.1278 0.9848 -0.1177
vn 0.0534 0.9959 -0.0727
vn -0.0033 0.9994 -0.0335
vn -0.0329 0.9995 -0.0016
vn -0.0385 0.9932 0.1102
vn -0.0196 0.9411 0.3375
vn 0.1094 0.8830 -0.4565
vn 0.1634 0.8398 -0.5176
vn 0.2048 0.8470 -0.4906
vn 0.2130 0.8717 -0.4414
vn 0.1805 0.9032 -0.3894
vn 0.1138 0.9385 -0.3259
vn 0.0371 0.9712 -0.2352
vn -0.0489 0.9889 -0.1400
vn -0.1364 0.9906 -0.0107
vn -0.1970 0.9744 0.1085
vn -0.2077 0.9520 0.2248
vn -0.1872 0.9360 0.2982
vn -0.1628 0.9648 0.2064
vn -0.1384 0.9904 -0.0008
vn -0.1340 0.9616 -0.2393
vn -0.1549 0.8800 -0.4491
vn -0.2243 0.8026 -0.5528
vn -0.3593 0.7587 -0.5433
vn -0.5035 0.7629 -0.4057
vn -0.5974 0.7827 -0.1744
vn -0.6230 0.7743 0.1108
vn -0.5821 0.7372 0.3429
vn -0.5388 0.7371 0.4078
vn -0.4993 0.8063 0.3171
vn -0.4167 0.9087 0.0239
vn -0.2468 0.8747 -0.4172
vn -0.1131 0.6949 -0.7101
vn -0.0711 0.5880 -0.8057
vn -0.0846 0.5929 -0.8009
vn -0.1625 0.6934 -0.7020
vn -0.2832 0.8221 -0.4940
vn -0.3890 0.9037 -0.1788
vn -0.4362 0.8826 0.1756
vn -0.4078 0.7801 0.4745
vn -0.3345 0.6705 0.6622
vn -0.2507 0.5979 0.7614
vn -0.1458 0.5964 0.7893
vn -0.0086 0.6488 0.7609
vn 0.1521 0.7404 0.6547
vn 0.2640 0.7680 0.5835
vn 0.3219 0.7805 0.5360
vn 0.3585 0.8077 0.4681
vn 0.3807 0.8482 0.3683
vn 0.3700 0.8927 0.2573
vn 0.3155 0.9371 0.1495
vn 0.2216 0.9736 0.0551
vn 0.1000 0.9940 -0.0452
vn -0.0162 0.9926 -0.1207
vn -0.0936 0.9831 -0.1576
vn -0.1463 0.9756 -0.1635
vn -0.1977 0.9690 -0.1483
vn -0.2495 0.9614 -0.1163
vn -0.3014 0.9508 -0.0718
vn -0.3503 0.9350 -0.0546
vn -0.3859 0.9190 -0.0810
vn -0.4031 0.9081 -0.1134
vn -0.4011 0.9069 -0.1295
vn -0.3807 0.9162 -0.1250
vn -0.3440 0.9324 -0.1112
vn -0.2954 0.9499 -0.1020
vn -0.2468 0.9637 -0.1017
vn -0.2397 0.9595 -0.1481
vn -0.2478 0.8979 -0.3639
vn -0.2450 0.7950 -0.5549
vn -0.2612 0.7902 -0.5544
vn -0.2213 0.9071 -0.3580
vn -0.1200 0.9534 -0.2770
vn 0.0242 0.9142 -0.4045
vn 0.1673 0.8750 -0.4543
vn 0.2499 0.9075 -0.3377
vn 0.2805 0.9484 -0.1479
vn 0.2586 0.9659 -0.0105
vn 0.2072 0.9783 -0.0021
vn 0.1466 0.9876 -0.0564
vn 0.0838 0.9951 -0.0518
vn 0.0402 0.9987 -0.0318
vn 0.0170 0.9998 -0.0130
vn 0.0019 1.0000 0.0044
vn -0.0170 0.9950 0.0979
vn -0.0307 0.9526 0.3027
vn 0.0632 0.8669 -0.4945
vn 0.0830 0.8339 -0.5456
vn 0.0973 0.8565 -0.5069
vn 0.1082 0.8906 -0.4417
vn 0.1013 0.9288 -0.3564
vn 0.0618 0.9618 -0.2665
vn -0.0099 0.9876 -0.1569
vn -0.1137 0.9930 -0.0314
vn -0.2232 0.9706 0.0905
vn -0.2994 0.9406 0.1603
vn -0.3167 0.9262 0.2045
vn -0.2748 0.9302 0.2434
vn -0.2306 0.9611 0.1522
vn -0.2073 0.9778 -0.0292
vn -0.1989 0.9510 -0.2368
vn -0.2060 0.8844 -0.4189
vn -0.2614 0.8416 -0.4726
vn -0.3802 0.8254 -0.4173
vn -0.5234 0.8035 -0.2838
vn -0.6212 0.7783 -0.0911
vn -0.6432 0.7504 0.1523
vn -0.6101 0.7205 0.3296
vn -0.5700 0.7465 0.3433
vn -0.5079 0.8430 0.1772
vn -0.3808 0.9111 -0.1577
vn -0.2350 0.8205 -0.5211
vn -0.1535 0.6733 -0.7232
vn -0.1478 0.5907 -0.7932
vn -0.1929 0.6064 -0.7714
vn -0.2636 0.7049 -0.6585
vn -0.3401 0.8171 -0.4654
vn -0.4010 0.8977 -0.1825
vn -0.4074 0.9023 0.1412
vn -0.3396 0.8373 0.4284
vn -0.2282 0.7385 0.6345
vn -0.1155 0.6613 0.7412
vn -0.0111 0.6545 0.7560
vn 0.0848 0.6999 0.7092
vn 0.1688 0.7846 0.5966
vn 0.2372 0.8076 0.5399
vn 0.3065 0.8078 0.5035
vn 0.3768 0.8187 0.4333
vn 0.4323 0.8331 0.3450
vn 0.4534 0.8497 0.2690
vn 0.4304 0.8776 0.2111
vn 0.3621 0.9186 0.1586
vn 0.2480 0.9642 0.0944
vn 0.0998 0.9950 0.0072
vn -0.0419 0.9969 -0.0673
vn -0.1379 0.9848 -0.1058
vn -0.1943 0.9761 -0.0978
vn -0.2401 0.9683 -0.0681
vn -0.2785 0.9600 -0.0276
vn -0.3091 0.9509 -0.0137
vn -0.3309 0.9420 -0.0562
vn -0.3401 0.9343 -0.1065
vn -0.3423 0.9294 -0.1378
vn -0.3333 0.9301 -0.1543
vn -0.3062 0.9389 -0.1572
vn -0.2673 0.9513 -0.1536
vn -0.2357 0.9621 -0.1368
vn -0.2295 0.9653 -0.1248
vn -0.2214 0.9103 -0.3496
vn -0.2058 0.8102 -0.5489
vn -0.1940 0.8105 -0.5527
vn -0.1009 0.9229 -0.3717
vn 0.0023 0.9483 -0.3174
vn 0.0113 0.8863 -0.4630
vn 0.0085 0.8740 -0.4859
vn 0.0065 0.9363 -0.3512
vn 0.0347 0.9882 -0.1494
vn 0.0762 0.9969 0.0200
vn 0.0934 0.9933 0.0673
vn 0.0737 0.9969 0.0258
vn 0.0445 0.9990 -0.0079
vn 0.0309 0.9994 -0.0130
vn 0.0209 0.9998 -0.0019
vn 0.0013 0.9997 0.0223
vn -0.0313 0.9932 0.1118
vn -0.0688 0.9512 0.3006
vn -0.0095 0.8642 -0.5031
vn -0.0196 0.8380 -0.5453
vn -0.0228 0.8588 -0.5119
vn -0.0142 0.8946 -0.4467
vn -0.0054 0.9377 -0.3475
vn -0.0099 0.9722 -0.2340
vn -0.0428 0.9949 -0.0910
vn -0.1067 0.9919 0.0689
vn -0.1976 0.9583 0.2062
vn -0.3011 0.9209 0.2477
vn -0.3685 0.9065 0.2060
vn -0.3651 0.9153 0.1703
vn -0.3166 0.9455 0.0764
vn -0.2650 0.9619 -0.0672
vn -0.2426 0.9409 -0.2364
vn -0.2485 0.8848 -0.3942
vn -0.2942 0.8654 -0.4057
vn -0.3822 0.8693 -0.3133
vn -0.4865 0.8579 -0.1656
vn -0.5611 0.8275 -0.0191
vn -0.5675 0.8034 0.1801
vn -0.5191 0.7915 0.3225
vn -0.4715 0.8372 0.2770
vn -0.4151 0.9090 0.0359
vn -0.3131 0.9010 -0.3004
vn -0.2139 0.7930 -0.5704
vn -0.1829 0.6708 -0.7188
vn -0.2251 0.6179 -0.7534
vn -0.3204 0.6279 -0.7093
vn -0.4191 0.6884 -0.5920
vn -0.4850 0.7695 -0.4155
vn -0.5199 0.8380 -0.1656
vn -0.5038 0.8576 0.1037
vn -0.4185 0.8382 0.3498
vn -0.2676 0.7823 0.5625
vn -0.1045 0.7153 0.6910
vn 0.0284 0.7026 0.7110
vn 0.1181 0.7276 0.6757
vn 0.1615 0.8002 0.5776
vn 0.1954 0.8413 0.5040
vn 0.2707 0.8529 0.4464
vn 0.3689 0.8527 0.3699
vn 0.4478 0.8443 0.2945
vn 0.4910 0.8342 0.2511
vn 0.4976 0.8344 0.2371
vn 0.4625 0.8544 0.2370
vn 0.3815 0.8974 0.2218
vn 0.2526 0.9527 0.1690
vn 0.0863 0.9925 0.0868
vn -0.0665 0.9978 -0.0084
vn -0.1569 0.9865 -0.0465
vn -0.1995 0.9794 -0.0293
vn -0.2301 0.9732 0.0048
vn -0.2585 0.9659 0.0167
vn -0.2795 0.9594 -0.0384
vn -0.2875 0.9523 -0.1026
vn -0.2806 0.9487 -0.1459
vn -0.2648 0.9483 -0.1749
vn -0.2441 0.9506 -0.1916
vn -0.2222 0.9568 -0.1877
vn -0.2075 0.9657 -0.1562
vn -0.1849 0.9729 -0.1388
vn -0.1370 0.9202 -0.3666
vn -0.1172 0.8229 -0.5560
vn -0.1312 0.8261 -0.5480
vn -0.0715 0.9200 -0.3854
vn -0.0446 0.9349 -0.3520
vn -0.1294 0.8722 -0.4717
vn -0.1978 0.8559 -0.4779
vn -0.2211 0.9098 -0.3512
vn -0.2102 0.9630 -0.1688
vn -0.1647 0.9863 -0.0019
vn -0.0903 0.9937 0.0659
vn -0.0281 0.9983 0.0512
vn -0.0044 0.9999 0.0104
vn -0.0058 1.0000 -0.0019
vn -0.0130 0.9999 0.0097
vn -0.0247 0.9988 0.0429
vn -0.0461 0.9897 0.1358
vn -0.0823 0.9428 0.3231
vn -0.0859 0.8751 -0.4762
vn -0.1299 0.8444 -0.5197
vn -0.1537 0.8504 -0.5031
vn -0.1552 0.8811 -0.4468
vn -0.1541 0.9259 -0.3451
vn -0.1456 0.9612 -0.2341
vn -0.1339 0.9884 -0.0720
vn -0.1390 0.9836 0.1146
vn -0.1606 0.9465 0.2799
vn -0.2027 0.9174 0.3425
vn -0.2774 0.9192 0.2796
vn -0.3271 0.9329 0.1505
vn -0.3204 0.9471 0.0170
vn -0.3035 0.9477 -0.0983
vn -0.2869 0.9258 -0.2460
vn -0.2815 0.8847 -0.3714
vn -0.3193 0.8795 -0.3528
vn -0.3670 0.8941 -0.2566
vn -0.3938 0.9124 -0.1111
vn -0.4159 0.9089 0.0292
vn -0.4178 0.8892 0.1865
vn -0.3618 0.8872 0.2863
vn -0.2904 0.9333 0.2113
vn -0.2494 0.9677 -0.0377
vn -0.2116 0.9018 -0.3768
vn -0.1753 0.7882 -0.5899
vn -0.1956 0.6970 -0.6899
vn -0.2766 0.6647 -0.6940
vn -0.3844 0.6747 -0.6301
vn -0.4913 0.7000 -0.5183
vn -0.5687 0.7380 -0.3632
vn -0.5953 0.7880 -0.1572
vn -0.5539 0.8310 0.0518
vn -0.4345 0.8654 0.2497
vn -0.2272 0.8592 0.4585
vn 0.0246 0.7986 0.6014
vn 0.2105 0.7412 0.6375
vn 0.2872 0.7203 0.6314
vn 0.3091 0.7691 0.5594
vn 0.3179 0.8239 0.4692
vn 0.3645 0.8597 0.3578
vn 0.4373 0.8540 0.2818
vn 0.5028 0.8368 0.2166
vn 0.5558 0.8078 0.1964
vn 0.5927 0.7790 0.2047
vn 0.6041 0.7571 0.2487
vn 0.5840 0.7643 0.2737
vn 0.5318 0.8022 0.2715
vn 0.4361 0.8674 0.2397
vn 0.2846 0.9458 0.1564
vn 0.1117 0.9918 0.0627
vn -0.0159 0.9993 0.0336
vn -0.0846 0.9955 0.0429
vn -0.1109 0.9932 0.0363
vn -0.1158 0.9928 -0.0313
vn -0.1122 0.9878 -0.1077
vn -0.1036 0.9813 -0.1622
vn -0.0898 0.9765 -0.1959
vn -0.0634 0.9722 -0.2253
vn -0.0249 0.9746 -0.2226
vn 0.0172 0.9821 -0.1874
vn 0.0946 0.9709 -0.2200
vn 0.2130 0.8556 -0.4719
vn 0.2602 0.7862 -0.5606
vn 0.2010 0.8646 -0.4606
vn 0.0186 0.9473 -0.3198
vn -0.1707 0.9219 -0.3478
vn -0.3055 0.8415 -0.4456
vn -0.3651 0.8113 -0.4566
vn -0.3724 0.8580 -0.3538
vn -0.3560 0.9134 -0.1972
vn -0.3235 0.9451 -0.0469
vn -0.2758 0.9608 0.0264
vn -0.2150 0.9762 0.0286
vn -0.1485 0.9889 -0.0051
vn -0.1003 0.9949 -0.0096
vn -0.0806 0.9967 0.0123
vn -0.0900 0.9939 0.0640
vn -0.1209 0.9788 0.1653
vn -0.1542 0.9230 0.3526
vn -0.1419 0.9019 -0.4081
vn -0.2166 0.8545 -0.4722
vn -0.2547 0.8396 -0.4798
vn -0.2763 0.8578 -0.4335
vn -0.2805 0.8952 -0.3463
vn -0.2671 0.9309 -0.2491
vn -0.2522 0.9633 -0.0918
vn -0.2260 0.9690 0.0995
vn -0.1891 0.9430 0.2737
vn -0.1649 0.9136 0.3716
vn -0.1773 0.9196 0.3505
vn -0.2114 0.9610 0.1784
vn -0.2417 0.9700 0.0253
vn -0.2661 0.9595 -0.0924
vn -0.2655 0.9277 -0.2625
vn -0.2689 0.8970 -0.3508
vn -0.2944 0.9001 -0.3211
vn -0.3052 0.9188 -0.2504
vn -0.3078 0.9453 -0.1079
vn -0.3059 0.9512 0.0414
vn -0.2761 0.9463 0.1680
vn -0.2071 0.9530 0.2211
vn -0.1314 0.9796 0.1522
vn -0.0700 0.9945 -0.0779
vn -0.0423 0.9179 -0.3945
vn -0.0652 0.8090 -0.5841
vn -0.1321 0.7526 -0.6451
vn -0.2331 0.7353 -0.6364
vn -0.3452 0.7499 -0.5644
vn -0.4442 0.7670 -0.4630
vn -0.5181 0.7891 -0.3299
vn -0.5432 0.8205 -0.1781
vn -0.4894 0.8712 -0.0393
vn -0.3319 0.9389 0.0910
vn -0.0076 0.9705 0.2408
vn 0.4015 0.8446 0.3542
vn 0.6356 0.6515 0.4143
vn 0.7103 0.5390 0.4527
vn 0.6926 0.5377 0.4807
vn 0.6236 0.6358 0.4548
vn 0.5582 0.7652 0.3209
vn 0.5497 0.8114 0.1989
vn 0.5892 0.7976 0.1293
vn 0.6349 0.7642 0.1140
vn 0.6737 0.7261 0.1376
vn 0.7014 0.6852 0.1965
vn 0.7170 0.6535 0.2427
vn 0.7122 0.6448 0.2776
vn 0.6804 0.6685 0.3004
vn 0.6136 0.7348 0.2891
vn 0.4995 0.8363 0.2260
vn 0.3551 0.9220 0.1543
vn 0.2410 0.9651 0.1023
vn 0.1784 0.9824 0.0555
vn 0.1565 0.9870 -0.0378
vn 0.1743 0.9758 -0.1320
vn 0.2170 0.9585 -0.1849
vn 0.2982 0.9211 -0.2504
vn 0.4175 0.8644 -0.2802
vn 0.5210 0.8153 -0.2527
vn 0.6120 0.7549 -0.2356
vn 0.6983 0.6208 -0.3564
vn 0.7054 0.5107 -0.4915
vn 0.7369 0.5590 -0.3801
vn 0.6144 0.7757 -0.1444
vn 0.1523 0.9848 -0.0830
vn -0.2776 0.9213 -0.2721
vn -0.4458 0.7972 -0.4072
vn -0.4844 0.7543 -0.4431
vn -0.4787 0.8013 -0.3589
vn -0.4594 0.8580 -0.2297
vn -0.4176 0.9026 -0.1049
vn -0.3544 0.9347 -0.0285
vn -0.2863 0.9578 -0.0262
vn -0.2252 0.9725 -0.0593
vn -0.1753 0.9833 -0.0490
vn -0.1315 0.9913 -0.0118
vn -0.0934 0.9938 0.0596
vn -0.0800 0.9788 0.1888
vn -0.0967 0.9188 0.3826
vn -0.1629 0.9366 -0.3101
vn -0.2591 0.8786 -0.4011
vn -0.3191 0.8378 -0.4431
vn -0.3518 0.8408 -0.4115
vn -0.3617 0.8625 -0.3538
vn -0.3558 0.8960 -0.2657
vn -0.3404 0.9315 -0.1280
vn -0.3160 0.9471 0.0560
vn -0.2698 0.9392 0.2125
vn -0.2027 0.9218 0.3305
vn -0.1331 0.9332 0.3337
vn -0.0864 0.9778 0.1910
vn -0.0764 0.9956 0.0542
vn -0.0871 0.9941 -0.0654
vn -0.1078 0.9583 -0.2648
vn -0.1255 0.9341 -0.3341
vn -0.1534 0.9408 -0.3024
vn -0.1758 0.9503 -0.2571
vn -0.1687 0.9776 -0.1257
vn -0.1307 0.9913 0.0130
vn -0.0729 0.9903 0.1184
vn -0.0178 0.9863 0.1638
vn 0.0215 0.9934 0.1126
vn 0.0610 0.9919 -0.1111
vn 0.0841 0.9189 -0.3854
vn 0.0606 0.8322 -0.5511
vn -0.0049 0.8078 -0.5894
vn -0.0841 0.8047 -0.5877
vn -0.1490 0.8339 -0.5314
vn -0.2196 0.8741 -0.4333
vn -0.2973 0.9029 -0.3104
vn -0.3135 0.9209 -0.2316
vn -0.2283 0.9570 -0.1790
vn -0.0171 0.9888 -0.1484
vn 0.3479 0.9276 -0.1359
vn 0.7129 0.6994 -0.0518
vn 0.8961 0.4397 0.0600
vn 0.9498 0.2670 0.1630
vn 0.9459 0.1790 0.2706
vn 0.9196 0.1852 0.3466
vn 0.8874 0.3133 0.3381
vn 0.8228 0.5111 0.2487
vn 0.7349 0.6587 0.1612
vn 0.6681 0.7347 0.1175
vn 0.6375 0.7607 0.1218
vn 0.6422 0.7491 0.1623
vn 0.6657 0.7144 0.2158
vn 0.6869 0.6712 0.2785
vn 0.6964 0.6398 0.3251
vn 0.6960 0.6352 0.3349
vn 0.6904 0.6653 0.2840
vn 0.6751 0.7109 0.1973
vn 0.6425 0.7550 0.1314
vn 0.5942 0.8003 0.0802
vn 0.5508 0.8339 -0.0347
vn 0.5404 0.8281 -0.1490
vn 0.6009 0.7603 -0.2468
vn 0.6966 0.6542 -0.2945
vn 0.7617 0.5975 -0.2504
vn 0.7899 0.5703 -0.2256
vn 0.8091 0.5250 -0.2640
vn 0.7700 0.4312 -0.4703
vn 0.7915 0.4331 -0.4313
vn 0.8460 0.5214 -0.1114
vn 0.7347 0.5916 0.3322
vn 0.3507 0.8167 0.4584
vn -0.2878 0.9551 -0.0702
vn -0.4659 0.8084 -0.3597
vn -0.4813 0.7530 -0.4487
vn -0.4685 0.7992 -0.3765
vn -0.4545 0.8480 -0.2727
vn -0.4153 0.8901 -0.1880
vn -0.3448 0.9317 -0.1142
vn -0.2551 0.9617 -0.1006
vn -0.1743 0.9768 -0.1244
vn -0.1157 0.9882 -0.1006
vn -0.0806 0.9959 -0.0415
vn -0.0589 0.9977 0.0341
vn -0.0219 0.9842 0.1760
vn 0.0154 0.9198 0.3921
vn -0.1792 0.9598 -0.2162
vn -0.2689 0.9135 -0.3052
vn -0.3468 0.8545 -0.3867
vn -0.3948 0.8344 -0.3846
vn -0.4114 0.8396 -0.3548
vn -0.4106 0.8657 -0.2865
vn -0.4041 0.9000 -0.1633
vn -0.3813 0.9245 0.0013
vn -0.3149 0.9417 0.1183
vn -0.2143 0.9486 0.2330
vn -0.0965 0.9670 0.2357
vn 0.0263 0.9923 0.1207
vn 0.1122 0.9932 0.0321
vn 0.1450 0.9878 -0.0566
vn 0.1071 0.9701 -0.2180
vn 0.0309 0.9559 -0.2921
vn -0.0045 0.9580 -0.2868
vn 0.0015 0.9650 -0.2624
vn 0.0115 0.9892 -0.1463
vn 0.0344 0.9989 -0.0327
vn 0.0803 0.9950 0.0595
vn 0.1136 0.9847 0.1319
vn 0.1318 0.9866 0.0963
vn 0.1504 0.9814 -0.1190
vn 0.1556 0.9124 -0.3785
vn 0.1390 0.8445 -0.5171
vn 0.1242 0.8223 -0.5553
vn 0.1369 0.8113 -0.5683
vn 0.1482 0.8447 -0.5143
vn 0.1256 0.9115 -0.3915
vn 0.0827 0.9568 -0.2786
vn 0.0894 0.9537 -0.2871
vn 0.1771 0.9349 -0.3075
vn 0.3490 0.8643 -0.3621
vn 0.5632 0.7177 -0.4094
vn 0.7604 0.5625 -0.3247
vn 0.8929 0.4231 -0.1542
vn 0.9507 0.3056 0.0525
vn 0.9508 0.2002 0.2362
vn 0.9216 0.1220 0.3684
vn 0.9051 0.1238 0.4067
vn 0.9034 0.2123 0.3725
vn 0.8815 0.3518 0.3149
vn 0.8209 0.5074 0.2621
vn 0.7347 0.6444 0.2121
vn 0.6560 0.7284 0.1976
vn 0.6106 0.7617 0.2167
vn 0.6099 0.7494 0.2578
vn 0.6525 0.7033 0.2821
vn 0.7251 0.6412 0.2511
vn 0.7939 0.5803 0.1818
vn 0.8325 0.5421 0.1140
vn 0.8414 0.5323 0.0931
vn 0.8359 0.5452 0.0634
vn 0.8177 0.5755 -0.0085
vn 0.7914 0.5981 -0.1266
vn 0.7762 0.5608 -0.2881
vn 0.7890 0.5399 -0.2933
vn 0.7872 0.5728 -0.2284
vn 0.7535 0.6130 -0.2375
vn 0.7020 0.6156 -0.3579
vn 0.5746 0.5789 -0.5786
vn 0.5990 0.6979 -0.3926
vn 0.6240 0.7736 0.1108
vn 0.5724 0.5811 0.5785
vn 0.4320 0.4777 0.7649
vn 0.1401 0.8954 0.4227
vn -0.2108 0.9332 -0.2910
vn -0.2470 0.8318 -0.4971
vn -0.2060 0.8801 -0.4278
vn -0.1792 0.9252 -0.3344
vn -0.1682 0.9492 -0.2660
vn -0.1508 0.9690 -0.1956
vn -0.1166 0.9794 -0.1650
vn -0.0805 0.9817 -0.1728
vn -0.0510 0.9895 -0.1353
vn -0.0290 0.9981 -0.0543
vn -0.0143 0.9997 0.0219
vn 0.0063 0.9884 0.1516
vn 0.0389 0.9236 0.3813
vn -0.1450 0.9778 -0.1512
vn -0.2180 0.9536 -0.2076
vn -0.3080 0.8998 -0.3091
vn -0.3723 0.8582 -0.3534
vn -0.3945 0.8459 -0.3590
vn -0.4007 0.8627 -0.3085
vn -0.4000 0.8949 -0.1981
vn -0.3594 0.9296 -0.0822
vn -0.2774 0.9607 0.0064
vn -0.1593 0.9832 0.0888
vn -0.0052 0.9960 0.0887
vn 0.1376 0.9904 -0.0089
vn 0.2415 0.9694 -0.0437
vn 0.3102 0.9461 -0.0926
vn 0.3219 0.9335 -0.1583
vn 0.2704 0.9392 -0.2115
vn 0.2142 0.9400 -0.2656
vn 0.1887 0.9493 -0.2515
vn 0.1676 0.9764 -0.1362
vn 0.1572 0.9860 -0.0555
vn 0.1638 0.9862 0.0248
vn 0.1567 0.9794 0.1270
vn 0.1565 0.9835 0.0905
vn 0.1649 0.9802 -0.1092
vn 0.1458 0.9214 -0.3601
vn 0.1426 0.8445 -0.5162
vn 0.1804 0.8019 -0.5696
vn 0.2290 0.7755 -0.5884
vn 0.2733 0.8128 -0.5145
vn 0.3080 0.8731 -0.3779
vn 0.3282 0.9092 -0.2562
vn 0.3374 0.8943 -0.2938
vn 0.3743 0.8495 -0.3719
vn 0.4589 0.7470 -0.4809
vn 0.5474 0.6358 -0.5442
vn 0.6604 0.5790 -0.4782
vn 0.7892 0.5558 -0.2612
vn 0.8618 0.5066 0.0264
vn 0.8647 0.4142 0.2842
vn 0.8284 0.3038 0.4705
vn 0.8146 0.2383 0.5289
vn 0.8231 0.2368 0.5161
vn 0.8277 0.2888 0.4811
vn 0.8223 0.3772 0.4260
vn 0.8051 0.4842 0.3425
vn 0.7690 0.5776 0.2738
vn 0.7439 0.6346 0.2095
vn 0.7314 0.6527 0.1975
vn 0.7337 0.6560 0.1773
vn 0.7541 0.6438 0.1298
vn 0.7847 0.6144 0.0818
vn 0.8210 0.5693 0.0442
vn 0.8548 0.5169 0.0459
vn 0.8723 0.4871 0.0433
vn 0.8658 0.4989 0.0375
vn 0.8344 0.5442 -0.0868
vn 0.7551 0.5849 -0.2962
vn 0.6873 0.6629 -0.2970
vn 0.6026 0.7576 -0.2509
vn 0.5042 0.8197 -0.2719
vn 0.3872 0.8122 -0.4364
vn 0.2448 0.7525 -0.6114
vn 0.2045 0.9065 -0.3693
vn 0.2030 0.9673 0.1521
vn 0.2314 0.7376 0.6343
vn 0.2838 0.4471 0.8483
vn 0.2507 0.6637 0.7048
vn 0.0003 0.9703 -0.2418
vn -0.0570 0.8337 -0.5493
vn -0.0212 0.8813 -0.4721
vn 0.0104 0.9342 -0.3565
vn 0.0027 0.9626 -0.2707
vn -0.0319 0.9784 -0.2044
vn -0.0574 0.9825 -0.1772
vn -0.0589 0.9801 -0.1894
vn -0.0432 0.9878 -0.1498
vn -0.0244 0.9978 -0.0621
vn -0.0135 0.9997 0.0195
vn -0.0066 0.9887 0.1499
vn 0.0072 0.9249 0.3802
vn -0.0545 0.9927 -0.1078
vn -0.1170 0.9861 -0.1184
vn -0.2126 0.9536 -0.2131
vn -0.2846 0.9056 -0.3146
vn -0.3184 0.8783 -0.3567
vn -0.3296 0.8845 -0.3301
vn -0.3144 0.9166 -0.2471
vn -0.2577 0.9485 -0.1842
vn -0.1609 0.9800 -0.1172
vn -0.0358 0.9971 -0.0674
vn 0.1154 0.9898 -0.0832
vn 0.2534 0.9579 -0.1352
vn 0.3403 0.9318 -0.1262
vn 0.4066 0.8986 -0.1649
vn 0.4503 0.8806 -0.1472
vn 0.4395 0.8869 -0.1421
vn 0.3857 0.9000 -0.2029
vn 0.3163 0.9299 -0.1876
vn 0.2621 0.9596 -0.1022
vn 0.2410 0.9691 -0.0526
vn 0.2185 0.9753 0.0335
vn 0.1783 0.9728 0.1478
vn 0.1630 0.9824 0.0907
vn 0.1582 0.9833 -0.0896
vn 0.1416 0.9322 -0.3332
vn 0.1360 0.8367 -0.5305
vn 0.1443 0.7909 -0.5947
vn 0.1670 0.7614 -0.6264
vn 0.2273 0.7925 -0.5659
vn 0.2976 0.8562 -0.4223
vn 0.3425 0.8955 -0.2843
vn 0.3590 0.8877 -0.2884
vn 0.3655 0.8356 -0.4101
vn 0.3689 0.7515 -0.5469
vn 0.3841 0.6705 -0.6347
vn 0.4628 0.6623 -0.5892
vn 0.6089 0.7167 -0.3399
vn 0.6982 0.7159 -0.0039
vn 0.7015 0.6379 0.3177
vn 0.6662 0.5183 0.5363
vn 0.6514 0.4283 0.6263
vn 0.6570 0.3846 0.6485
vn 0.6901 0.3872 0.6114
vn 0.7346 0.4147 0.5371
vn 0.7763 0.4605 0.4304
vn 0.8000 0.5035 0.3264
vn 0.8171 0.5382 0.2067
vn 0.8198 0.5472 0.1689
vn 0.8210 0.5543 0.1367
vn 0.8122 0.5750 0.0986
vn 0.7867 0.6119 0.0817
vn 0.7564 0.6518 0.0550
vn 0.7538 0.6556 0.0455
vn 0.7730 0.6299 0.0757
vn 0.7720 0.6232 0.1250
vn 0.7264 0.6872 -0.0029
vn 0.5863 0.7704 -0.2507
vn 0.4329 0.8643 -0.2561
vn 0.2787 0.9306 -0.2373
vn 0.1437 0.9526 -0.2681
vn -0.0095 0.9117 -0.4107
vn -0.1321 0.8147 -0.5646
vn -0.2258 0.9065 -0.3567
vn -0.2717 0.9534 0.1314
vn -0.2171 0.7854 0.5797
vn -0.0674 0.5374 0.8406
vn 0.0718 0.6281 0.7748
vn 0.1102 0.9723 -0.2061
vn 0.0731 0.8065 -0.5868
vn 0.0773 0.8642 -0.4971
vn 0.0842 0.9310 -0.3551
vn 0.0651 0.9670 -0.2463
vn 0.0235 0.9831 -0.1816
vn -0.0169 0.9858 -0.1671
vn -0.0333 0.9806 -0.1930
vn -0.0222 0.9881 -0.1524
vn -0.0107 0.9981 -0.0604
vn -0.0164 0.9994 0.0299
vn -0.0314 0.9853 0.1676
vn -0.0326 0.9184 0.3942
vn 0.0642 0.9936 -0.0926
vn 0.0593 0.9960 -0.0665
vn 0.0187 0.9913 -0.1305
vn -0.0690 0.9669 -0.2458
vn -0.1576 0.9326 -0.3247
vn -0.1954 0.9181 -0.3448
vn -0.2006 0.9377 -0.2838
vn -0.1789 0.9505 -0.2541
vn -0.1083 0.9657 -0.2361
vn 0.0120 0.9783 -0.2070
vn 0.1445 0.9619 -0.2319
vn 0.2351 0.9457 -0.2244
vn 0.3085 0.9272 -0.2124
vn 0.3737 0.8968 -0.2368
vn 0.4191 0.8907 -0.1763
vn 0.4369 0.8921 -0.1155
vn 0.4040 0.9055 -0.1301
vn 0.3567 0.9268 -0.1176
vn 0.3138 0.9482 -0.0503
vn 0.2562 0.9665 -0.0149
vn 0.2005 0.9770 0.0729
vn 0.1678 0.9713 0.1684
vn 0.1780 0.9805 0.0830
vn 0.1733 0.9834 -0.0535
vn 0.1247 0.9474 -0.2949
vn 0.0871 0.8433 -0.5303
vn 0.0810 0.7932 -0.6035
vn 0.0715 0.7675 -0.6371
vn 0.0749 0.7799 -0.6214
vn 0.1135 0.8629 -0.4925
vn 0.1565 0.9251 -0.3460
vn 0.1911 0.9280 -0.3197
vn 0.1878 0.8834 -0.4294
vn 0.1446 0.8128 -0.5643
vn 0.1305 0.7216 -0.6800
vn 0.1952 0.7158 -0.6705
vn 0.3368 0.8262 -0.4515
vn 0.4388 0.8947 -0.0840
vn 0.4595 0.8386 0.2925
vn 0.4461 0.7077 0.5479
vn 0.4409 0.5917 0.6749
vn 0.4527 0.5178 0.7259
vn 0.4995 0.5067 0.7027
vn 0.5677 0.5331 0.6274
vn 0.6497 0.5699 0.5031
vn 0.7112 0.5914 0.3801
vn 0.7487 0.6143 0.2490
vn 0.7585 0.6239 0.1880
vn 0.7670 0.6219 0.1582
vn 0.7657 0.6248 0.1526
vn 0.7471 0.6437 0.1656
vn 0.7093 0.6877 0.1547
vn 0.6725 0.7351 0.0853
vn 0.6628 0.7396 0.1169
vn 0.6599 0.7243 0.2000
vn 0.6069 0.7785 0.1600
vn 0.4305 0.8966 -0.1033
vn 0.3010 0.9425 -0.1453
vn 0.2374 0.9598 -0.1498
vn 0.1712 0.9687 -0.1795
vn 0.0113 0.9590 -0.2831
vn -0.2385 0.8591 -0.4528
vn -0.4413 0.8387 -0.3190
vn -0.5501 0.8309 0.0834
vn -0.5144 0.7146 0.4741
vn -0.3421 0.5688 0.7479
vn -0.0758 0.6768 0.7323
vn 0.1768 0.9667 -0.1851
vn 0.2180 0.7558 -0.6174
vn 0.2012 0.8287 -0.5222
vn 0.1955 0.9147 -0.3537
vn 0.1675 0.9602 -0.2235
vn 0.1196 0.9806 -0.1555
vn 0.0552 0.9874 -0.1485
vn 0.0059 0.9820 -0.1890
vn -0.0028 0.9896 -0.1439
vn -0.0005 0.9987 -0.0502
vn -0.0128 0.9984 0.0557
vn -0.0423 0.9783 0.2029
vn -0.0585 0.9054 0.4206
vn 0.1900 0.9744 -0.1201
vn 0.2386 0.9677 -0.0815
vn 0.2564 0.9624 -0.0901
vn 0.2013 0.9701 -0.1358
vn 0.0872 0.9688 -0.2322
vn -0.0259 0.9534 -0.3007
vn -0.1016 0.9577 -0.2693
vn -0.1319 0.9539 -0.2697
vn -0.1284 0.9470 -0.2943
vn -0.0812 0.9480 -0.3078
vn -0.0141 0.9473 -0.3201
vn 0.0506 0.9551 -0.2921
vn 0.1260 0.9453 -0.3008
vn 0.1898 0.9372 -0.2926
vn 0.2458 0.9422 -0.2278
vn 0.2961 0.9461 -0.1310
vn 0.3130 0.9452 -0.0927
vn 0.2939 0.9527 -0.0771
vn 0.2595 0.9657 0.0015
vn 0.2043 0.9773 0.0563
vn 0.1346 0.9826 0.1280
vn 0.1067 0.9800 0.1682
vn 0.1234 0.9904 0.0619
vn 0.1457 0.9884 -0.0422
vn 0.1326 0.9627 -0.2360
vn 0.0657 0.8680 -0.4923
vn 0.0104 0.8043 -0.5941
vn -0.0279 0.7887 -0.6141
vn -0.0745 0.7858 -0.6140
vn -0.0986 0.8422 -0.5300
vn -0.0896 0.9166 -0.3895
vn -0.0803 0.9316 -0.3544
vn -0.0858 0.9014 -0.4243
vn -0.1250 0.8377 -0.5317
vn -0.1473 0.7363 -0.6605
vn -0.1144 0.7087 -0.6962
vn -0.0410 0.8246 -0.5643
vn 0.0415 0.9748 -0.2191
vn 0.0988 0.9764 0.1923
vn 0.1446 0.8563 0.4958
vn 0.1906 0.7262 0.6605
vn 0.2481 0.6371 0.7298
vn 0.3174 0.6005 0.7339
vn 0.3890 0.6157 0.6853
vn 0.4784 0.6795 0.5562
vn 0.5628 0.7209 0.4045
vn 0.6245 0.7305 0.2765
vn 0.6483 0.7315 0.2111
vn 0.6463 0.7383 0.1930
vn 0.6255 0.7480 0.2219
vn 0.6002 0.7572 0.2576
vn 0.5807 0.7695 0.2658
vn 0.5743 0.8056 0.1455
vn 0.5951 0.7959 0.1111
vn 0.6502 0.7418 0.1643
vn 0.6834 0.6948 0.2240
vn 0.6303 0.7674 0.1172
vn 0.5435 0.8391 0.0245
vn 0.4872 0.8732 -0.0125
vn 0.4246 0.9036 -0.0569
vn 0.3717 0.9174 -0.1422
vn 0.3031 0.9135 -0.2715
vn 0.0776 0.9600 -0.2692
vn -0.3785 0.9248 0.0386
vn -0.6409 0.6435 0.4185
vn -0.6438 0.4577 0.6132
vn -0.4168 0.6059 0.6776
vn 0.4564 0.8222 -0.3401
vn 0.5080 0.5821 -0.6349
vn 0.4391 0.7196 -0.5379
vn 0.3860 0.8559 -0.3440
vn 0.3082 0.9346 -0.1776
vn 0.2169 0.9690 -0.1186
vn 0.1412 0.9827 -0.1202
vn 0.0584 0.9844 -0.1659
vn 0.0096 0.9932 -0.1159
vn -0.0325 0.9989 -0.0325
vn -0.0827 0.9930 0.0841
vn -0.1358 0.9636 0.2302
vn -0.1705 0.8781 0.4472
vn 0.2643 0.9481 -0.1769
vn 0.3299 0.9337 -0.1389
vn 0.3754 0.9218 -0.0962
vn 0.3727 0.9260 -0.0605
vn 0.3053 0.9464 -0.1053
vn 0.1780 0.9686 -0.1734
vn 0.0266 0.9845 -0.1731
vn -0.0977 0.9708 -0.2189
vn -0.1695 0.9462 -0.2757
vn -0.1997 0.9230 -0.3289
vn -0.2084 0.9189 -0.3350
vn -0.1779 0.9212 -0.3461
vn -0.1169 0.9280 -0.3537
vn -0.0635 0.9419 -0.3298
vn -0.0114 0.9616 -0.2744
vn 0.0425 0.9849 -0.1681
vn 0.0814 0.9917 -0.1000
vn 0.0942 0.9940 -0.0562
vn 0.0900 0.9956 0.0274
vn 0.0637 0.9911 0.1165
vn 0.0242 0.9843 0.1746
vn 0.0178 0.9887 0.1486
vn 0.0411 0.9985 0.0375
vn 0.0691 0.9950 -0.0725
vn 0.0823 0.9747 -0.2079
vn 0.0459 0.9016 -0.4300
vn -0.0160 0.8293 -0.5586
vn -0.0829 0.8178 -0.5695
vn -0.1667 0.8163 -0.5530
vn -0.2501 0.8290 -0.5001
vn -0.3081 0.8717 -0.3810
vn -0.3280 0.8782 -0.3482
vn -0.3435 0.8513 -0.3967
vn -0.3560 0.8018 -0.4800
vn -0.3340 0.7172 -0.6116
vn -0.3257 0.6756 -0.6614
vn -0.3230 0.7284 -0.6042
vn -0.3406 0.8786 -0.3349
vn -0.3144 0.9489 0.0265
vn -0.2337 0.9115 0.3385
vn -0.1302 0.8256 0.5491
vn -0.0122 0.7596 0.6502
vn 0.0972 0.7075 0.7000
vn 0.2051 0.6981 0.6860
vn 0.3273 0.7558 0.5672
vn 0.4314 0.8174 0.3817
vn 0.5001 0.8290 0.2504
vn 0.5445 0.8143 0.2012
vn 0.5563 0.7983 0.2307
vn 0.5285 0.7971 0.2922
vn 0.4675 0.8126 0.3481
vn 0.4197 0.8450 0.3314
vn 0.4210 0.8907 0.1715
vn 0.4533 0.8879 0.0789
vn 0.5158 0.8500 0.1071
vn 0.5852 0.7844 0.2056
vn 0.5928 0.7750 0.2190
vn 0.5195 0.8446 0.1294
vn 0.4372 0.8976 0.0565
vn 0.3957 0.9173 -0.0447
vn 0.4013 0.9000 -0.1704
vn 0.4255 0.8728 -0.2391
vn 0.3885 0.9016 -0.1903
vn 0.0584 0.9983 -0.0061
vn -0.6316 0.6744 0.3825
vn -0.4104 0.7100 0.5723
vn 0.8586 0.4848 -0.1666
vn 0.8421 0.2044 -0.4991
vn 0.8074 0.2500 -0.5344
vn 0.7847 0.4417 -0.4350
vn 0.6959 0.6814 -0.2270
vn 0.5230 0.8514 -0.0405
vn 0.3196 0.9473 -0.0216
vn 0.1603 0.9845 -0.0706
vn 0.0461 0.9933 -0.1056
vn -0.0489 0.9973 -0.0550
vn -0.1476 0.9890 0.0079
vn -0.2427 0.9625 0.1214
vn -0.3294 0.9126 0.2423
vn -0.3784 0.8080 0.4515
vn 0.2207 0.9410 -0.2567
vn 0.2959 0.9326 -0.2066
vn 0.3342 0.9349 -0.1196
vn 0.3331 0.9423 -0.0335
vn 0.3130 0.9491 -0.0357
vn 0.2612 0.9639 -0.0524
vn 0.1643 0.9857 -0.0370
vn 0.0279 0.9950 -0.0959
vn -0.1250 0.9752 -0.1827
vn -0.2517 0.9312 -0.2636
vn -0.3229 0.8967 -0.3026
vn -0.3411 0.8722 -0.3505
vn -0.3299 0.8709 -0.3642
vn -0.2973 0.8908 -0.3435
vn -0.2545 0.9197 -0.2991
vn -0.2050 0.9574 -0.2034
vn -0.1622 0.9798 -0.1174
vn -0.1394 0.9885 -0.0592
vn -0.1118 0.9936 0.0131
vn -0.0835 0.9879 0.1309
vn -0.0889 0.9757 0.2001
vn -0.0850 0.9904 0.1093
vn -0.0255 0.9995 -0.0159
vn 0.0349 0.9935 -0.1086
vn 0.0803 0.9712 -0.2244
vn 0.0805 0.9234 -0.3754
vn 0.0284 0.8589 -0.5114
vn -0.0438 0.8578 -0.5122
vn -0.1586 0.8709 -0.4652
vn -0.2856 0.8614 -0.4200
vn -0.3692 0.8635 -0.3436
vn -0.4169 0.8529 -0.3144
vn -0.4365 0.8199 -0.3704
vn -0.3897 0.7853 -0.4811
vn -0.3268 0.7268 -0.6041
vn -0.3667 0.6839 -0.6307
vn -0.4450 0.6717 -0.5923
vn -0.5627 0.7328 -0.3825
vn -0.5986 0.7908 -0.1281
vn -0.5596 0.8218 0.1071
vn -0.4500 0.8398 0.3036
vn -0.3035 0.8420 0.4461
vn -0.1513 0.8221 0.5489
vn 0.0171 0.8195 0.5728
vn 0.1847 0.8505 0.4925
vn 0.3143 0.8912 0.3272
vn 0.3894 0.9019 0.1870
vn 0.4367 0.8857 0.1575
vn 0.4591 0.8514 0.2535
vn 0.4545 0.8177 0.3532
vn 0.4228 0.7956 0.4339
vn 0.3646 0.8390 0.4039
vn 0.2833 0.9320 0.2260
vn 0.2265 0.9702 0.0857
vn 0.1991 0.9737 0.1110
vn 0.1716 0.9594 0.2240
vn 0.1516 0.9416 0.3006
vn 0.1233 0.9657 0.2284
vn 0.1041 0.9909 0.0851
vn 0.1418 0.9843 -0.1054
vn 0.2368 0.9399 -0.2462
vn 0.3690 0.8771 -0.3074
vn 0.5120 0.8208 -0.2532
vn 0.6482 0.7436 -0.1639
vn 0.7926 0.6097 0.0104
vn 0.9385 0.3403 -0.0586
vn 0.9338 0.1218 -0.3364
vn 0.8917 0.1302 -0.4335
vn 0.8801 0.2571 -0.3990
vn 0.8504 0.4593 -0.2564
vn 0.7508 0.6604 -0.0066
vn 0.6249 0.7636 0.1625
vn 0.5010 0.8401 0.2081
vn 0.3035 0.9311 0.2025
vn 0.0175 0.9837 0.1790
vn -0.2415 0.9610 0.1350
vn -0.4180 0.9027 0.1024
vn -0.5318 0.8351 0.1409
vn -0.6005 0.7730 0.2045
vn -0.6111 0.6924 0.3837
vn 0.1084 0.9357 -0.3358
vn 0.1621 0.9518 -0.2602
vn 0.1955 0.9700 -0.1441
vn 0.2160 0.9759 -0.0319
vn 0.2067 0.9784 -0.0081
vn 0.1796 0.9837 -0.0004
vn 0.1543 0.9874 0.0346
vn 0.0909 0.9954 0.0304
vn -0.0307 0.9987 -0.0419
vn -0.1726 0.9746 -0.1425
vn -0.2950 0.9275 -0.2298
vn -0.3712 0.8745 -0.3122
vn -0.4115 0.8442 -0.3436
vn -0.4144 0.8397 -0.3510
vn -0.3797 0.8647 -0.3289
vn -0.3288 0.9102 -0.2517
vn -0.2801 0.9486 -0.1474
vn -0.2138 0.9700 -0.1159
vn -0.1352 0.9900 -0.0411
vn -0.0730 0.9924 0.0990
vn -0.0013 0.9844 0.1760
vn 0.0904 0.9945 0.0520
vn 0.1729 0.9826 -0.0684
vn 0.2645 0.9512 -0.1587
vn 0.3630 0.8968 -0.2530
vn 0.4041 0.8597 -0.3124
vn 0.3723 0.8282 -0.4189
vn 0.2982 0.8572 -0.4199
vn 0.1818 0.9192 -0.3494
vn 0.0266 0.9478 -0.3177
vn -0.0800 0.9465 -0.3127
vn -0.1271 0.9508 -0.2826
vn -0.1094 0.9083 -0.4039
vn -0.0055 0.8261 -0.5635
vn 0.0939 0.7527 -0.6516
vn 0.0461 0.7496 -0.6603
vn -0.1771 0.7736 -0.6084
vn -0.4993 0.7779 -0.3814
vn -0.6608 0.7281 -0.1826
vn -0.6718 0.7382 -0.0612
vn -0.5998 0.7994 0.0335
vn -0.4868 0.8582 0.1627
vn -0.3362 0.8991 0.2805
vn -0.1410 0.9375 0.3180
vn 0.0727 0.9532 0.2936
vn 0.2358 0.9487 0.2108
vn 0.3281 0.9388 0.1052
vn 0.3585 0.9248 0.1274
vn 0.3629 0.8936 0.2641
vn 0.3675 0.8483 0.3812
vn 0.3687 0.7926 0.4857
vn 0.3430 0.8008 0.4910
vn 0.2568 0.8933 0.3689
vn 0.0906 0.9700 0.2255
vn -0.0657 0.9809 0.1833
vn -0.1301 0.9602 0.2472
vn -0.1281 0.9434 0.3059
vn -0.0607 0.9670 0.2474
vn 0.0499 0.9972 0.0561
vn 0.1280 0.9787 -0.1606
vn 0.1496 0.9439 -0.2944
vn 0.2032 0.9094 -0.3629
vn 0.3465 0.8732 -0.3427
vn 0.5239 0.8083 -0.2686
vn 0.6595 0.7393 -0.1360
vn 0.7645 0.6397 -0.0795
vn 0.8332 0.5173 -0.1953
vn 0.8052 0.5297 -0.2665
vn 0.7210 0.6575 -0.2189
vn 0.6078 0.7917 -0.0621
vn 0.5036 0.8560 0.1166
vn 0.4720 0.8594 0.1966
vn 0.4418 0.8327 0.3338
vn 0.3036 0.7989 0.5192
vn 0.0556 0.7848 0.6172
vn -0.2136 0.8103 0.5457
vn -0.4305 0.8004 0.4171
vn -0.5741 0.7465 0.3365
vn -0.6581 0.6967 0.2855
vn -0.6725 0.6518 0.3505
vn -0.0341 0.9238 -0.3813
vn -0.0060 0.9568 -0.2908
vn 0.0251 0.9839 -0.1771
vn 0.0603 0.9967 -0.0552
vn 0.0867 0.9962 -0.0018
vn 0.0951 0.9954 0.0113
vn 0.0905 0.9945 0.0518
vn 0.0878 0.9931 0.0781
vn 0.0581 0.9967 0.0574
vn -0.0319 0.9994 -0.0149
vn -0.1548 0.9813 -0.1147
vn -0.2709 0.9325 -0.2387
vn -0.3305 0.8845 -0.3292
vn -0.3199 0.8597 -0.3983
vn -0.2962 0.8736 -0.3862
vn -0.2566 0.9065 -0.3352
vn -0.1573 0.9525 -0.2609
vn -0.0439 0.9740 -0.2220
vn 0.0625 0.9867 -0.1497
vn 0.2153 0.9761 -0.0277
vn 0.3693 0.9279 0.0511
vn 0.4871 0.8727 -0.0345
vn 0.5847 0.8014 -0.1264
vn 0.6622 0.7257 -0.1868
vn 0.7025 0.6745 -0.2271
vn 0.7295 0.6335 -0.2579
vn 0.7457 0.6024 -0.2849
vn 0.7433 0.6173 -0.2576
vn 0.7181 0.6734 -0.1758
vn 0.6790 0.7183 -0.1516
vn 0.6496 0.7398 -0.1750
vn 0.6674 0.7180 -0.1976
vn 0.7173 0.6121 -0.3328
vn 0.7204 0.5337 -0.4428
vn 0.6886 0.5288 -0.4962
vn 0.6186 0.6060 -0.5000
vn 0.4548 0.7706 -0.4464
vn 0.1030 0.9706 -0.2175
vn -0.3347 0.9423 -0.0016
vn -0.5559 0.8312 0.0065
vn -0.5973 0.8001 -0.0559
vn -0.5302 0.8443 -0.0779
vn -0.4182 0.9083 0.0088
vn -0.2585 0.9655 0.0303
vn -0.0778 0.9963 0.0363
vn 0.0862 0.9951 0.0481
vn 0.1887 0.9817 0.0262
vn 0.2220 0.9676 0.1202
vn 0.2347 0.9351 0.2656
vn 0.2463 0.8849 0.3954
vn 0.2510 0.8140 0.5239
vn 0.2441 0.7854 0.5688
vn 0.1983 0.8239 0.5309
vn 0.0519 0.8619 0.5044
vn -0.2227 0.8957 0.3849
vn -0.3914 0.8771 0.2783
vn -0.3774 0.8879 0.2632
vn -0.2039 0.9660 0.1590
vn 0.0855 0.9945 -0.0601
vn 0.2554 0.9420 -0.2177
vn 0.2509 0.9274 -0.2776
vn 0.1777 0.9234 -0.3402
vn 0.1498 0.9235 -0.3531
vn 0.2146 0.9226 -0.3205
vn 0.3306 0.9150 -0.2312
vn 0.4590 0.8724 -0.1680
vn 0.5721 0.7971 -0.1934
vn 0.6058 0.7745 -0.1822
vn 0.5641 0.8202 -0.0953
vn 0.4816 0.8735 0.0715
vn 0.4305 0.8898 0.1516
vn 0.4266 0.8874 0.1747
vn 0.3834 0.8347 0.3953
vn 0.2457 0.7025 0.6679
vn 0.0756 0.5860 0.8068
vn -0.0378 0.6350 0.7716
vn -0.1249 0.7037 0.6994
vn -0.2545 0.7348 0.6288
vn -0.4128 0.7568 0.5068
vn -0.4985 0.7565 0.4234
vn -0.1502 0.9119 -0.3819
vn -0.1558 0.9395 -0.3049
vn -0.1372 0.9690 -0.2055
vn -0.0919 0.9904 -0.1028
vn -0.0361 0.9988 -0.0341
vn 0.0066 1.0000 -0.0069
vn 0.0496 0.9982 0.0324
vn 0.0905 0.9941 0.0601
vn 0.1105 0.9903 0.0846
vn 0.0949 0.9936 0.0615
vn 0.0334 0.9994 -0.0078
vn -0.0511 0.9873 -0.1505
vn -0.0919 0.9373 -0.3361
vn -0.1082 0.8966 -0.4293
vn -0.1016 0.8899 -0.4447
vn -0.0305 0.8965 -0.4420
vn 0.0711 0.9138 -0.3999
vn 0.1861 0.9222 -0.3390
vn 0.3197 0.8983 -0.3014
vn 0.4566 0.8647 -0.2093
vn 0.5880 0.7965 -0.1408
vn 0.6868 0.7108 -0.1518
vn 0.7363 0.6490 -0.1917
vn 0.7620 0.6058 -0.2286
vn 0.7871 0.5642 -0.2493
vn 0.8043 0.5314 -0.2659
vn 0.8103 0.5280 -0.2543
vn 0.8072 0.5542 -0.2031
vn 0.8052 0.5767 -0.1384
vn 0.8112 0.5744 -0.1097
vn 0.8156 0.5672 -0.1141
vn 0.8339 0.5118 -0.2067
vn 0.8398 0.4450 -0.3108
vn 0.8190 0.4340 -0.3752
vn 0.7767 0.4831 -0.4043
vn 0.7175 0.5857 -0.3769
vn 0.6280 0.7354 -0.2547
vn 0.4542 0.8903 0.0316
vn 0.1686 0.9247 0.3413
vn -0.1510 0.9012 0.4062
vn -0.4122 0.8882 0.2028
vn -0.4674 0.8772 -0.1101
vn -0.4342 0.8875 -0.1544
vn -0.3221 0.9287 -0.1837
vn -0.1883 0.9674 -0.1694
vn -0.0628 0.9915 -0.1142
vn 0.0144 0.9988 -0.0474
vn 0.0304 0.9945 0.1001
vn 0.0239 0.9653 0.2601
vn 0.0190 0.9132 0.4072
vn 0.0454 0.8378 0.5441
vn 0.0929 0.7967 0.5972
vn 0.1279 0.7777 0.6155
vn 0.0845 0.6787 0.7295
vn -0.2357 0.6125 0.7545
vn -0.6267 0.6415 0.4423
vn -0.6341 0.7526 0.1775
vn -0.2553 0.9633 -0.0827
vn 0.2060 0.9403 -0.2710
vn 0.3637 0.8888 -0.2789
vn 0.3583 0.9057 -0.2265
vn 0.2930 0.9243 -0.2447
vn 0.1921 0.9348 -0.2986
vn 0.1179 0.9425 -0.3126
vn 0.1157 0.9514 -0.2855
vn 0.1853 0.9382 -0.2922
vn 0.2672 0.9104 -0.3160
vn 0.3065 0.9226 -0.2342
vn 0.2983 0.9510 -0.0818
vn 0.2768 0.9552 0.1045
vn 0.2639 0.9539 0.1430
vn 0.2287 0.9594 0.1650
vn 0.1579 0.8861 0.4359
vn 0.0463 0.6789 0.7328
vn -0.0453 0.5258 0.8494
vn -0.0760 0.6202 0.7808
vn -0.0901 0.6471 0.7571
vn -0.1833 0.6484 0.7389
vn -0.3054 0.7150 0.6288
vn -0.3776 0.7962 0.4727
vn -0.1883 0.9154 -0.3557
vn -0.2124 0.9286 -0.3042
vn -0.2039 0.9509 -0.2327
vn -0.1634 0.9736 -0.1596
vn -0.0999 0.9904 -0.0951
vn -0.0345 0.9980 -0.0535
vn 0.0265 0.9993 -0.0246
vn 0.0889 0.9959 0.0133
vn 0.1468 0.9878 0.0515
vn 0.1976 0.9787 0.0555
vn 0.2159 0.9756 0.0393
vn 0.2008 0.9750 -0.0946
vn 0.1598 0.9374 -0.3095
vn 0.1180 0.9047 -0.4094
vn 0.1193 0.8659 -0.4857
vn 0.1588 0.8481 -0.5055
vn 0.2212 0.8477 -0.4821
vn 0.3179 0.8312 -0.4562
vn 0.4095 0.8153 -0.4094
vn 0.4918 0.7953 -0.3544
vn 0.5750 0.7526 -0.3210
vn 0.6367 0.7133 -0.2929
vn 0.6741 0.6820 -0.2839
vn 0.6935 0.6504 -0.3099
vn 0.7039 0.6255 -0.3366
vn 0.7111 0.6203 -0.3312
vn 0.7138 0.6362 -0.2927
vn 0.7132 0.6675 -0.2142
vn 0.7143 0.6762 -0.1804
vn 0.7207 0.6774 -0.1475
vn 0.7399 0.6543 -0.1565
vn 0.7615 0.5853 -0.2784
vn 0.7552 0.5461 -0.3625
vn 0.7302 0.5580 -0.3943
vn 0.6844 0.6285 -0.3696
vn 0.6000 0.7381 -0.3084
vn 0.4916 0.8594 -0.1403
vn 0.3512 0.9228 0.1581
vn 0.1766 0.8637 0.4721
vn -0.0017 0.7834 0.6215
vn -0.1981 0.8100 0.5519
vn -0.4063 0.9068 0.1121
vn -0.4666 0.8607 -0.2038
vn -0.4006 0.8579 -0.3217
vn -0.2978 0.8987 -0.3220
vn -0.1927 0.9511 -0.2414
vn -0.1330 0.9851 -0.1087
vn -0.1313 0.9877 0.0853
vn -0.1521 0.9536 0.2597
vn -0.1580 0.9015 0.4029
vn -0.1244 0.8461 0.5184
vn -0.0793 0.7874 0.6113
vn -0.0236 0.7262 0.6871
vn 0.0990 0.5928 0.7993
vn 0.0164 0.4133 0.9104
vn -0.4395 0.5260 0.7282
vn -0.5330 0.8404 0.0984
vn -0.0123 0.9278 -0.3728
vn 0.3338 0.8391 -0.4296
vn 0.3967 0.8664 -0.3032
vn 0.3606 0.9147 -0.1825
vn 0.3192 0.9361 -0.1478
vn 0.2817 0.9390 -0.1975
vn 0.2116 0.9480 -0.2379
vn 0.1202 0.9645 -0.2352
vn 0.0508 0.9522 -0.3013
vn 0.0241 0.9291 -0.3691
vn 0.0259 0.9585 -0.2839
vn 0.0203 0.9947 -0.1009
vn -0.0047 0.9954 0.0953
vn -0.0396 0.9900 0.1350
vn -0.0933 0.9774 0.1895
vn -0.1758 0.8729 0.4551
vn -0.2361 0.6373 0.7336
vn -0.2432 0.5242 0.8161
vn -0.2646 0.6277 0.7321
vn -0.2942 0.5859 0.7551
vn -0.3428 0.5818 0.7376
vn -0.3814 0.6797 0.6266
vn -0.3789 0.8123 0.4434
vn -0.1626 0.9335 -0.3195
vn -0.1878 0.9349 -0.3011
vn -0.1802 0.9486 -0.2602
vn -0.1460 0.9662 -0.2126
vn -0.0939 0.9824 -0.1615
vn -0.0222 0.9916 -0.1271
vn 0.0527 0.9945 -0.0909
vn 0.1049 0.9937 -0.0397
vn 0.1658 0.9859 -0.0221
vn 0.2217 0.9750 0.0121
vn 0.2570 0.9662 0.0221
vn 0.2850 0.9542 -0.0912
vn 0.2665 0.9297 -0.2543
vn 0.2223 0.8995 -0.3762
vn 0.1881 0.8536 -0.4858
vn 0.1716 0.8351 -0.5227
vn 0.1809 0.8268 -0.5325
vn 0.2089 0.8135 -0.5428
vn 0.2545 0.8308 -0.4950
vn 0.2989 0.8259 -0.4780
vn 0.3437 0.8089 -0.4770
vn 0.3946 0.8099 -0.4339
vn 0.4329 0.8046 -0.4065
vn 0.4592 0.7845 -0.4168
vn 0.4802 0.7644 -0.4303
vn 0.4914 0.7706 -0.4060
vn 0.4886 0.7981 -0.3525
vn 0.4887 0.8312 -0.2649
vn 0.5015 0.8326 -0.2353
vn 0.5195 0.8303 -0.2018
vn 0.5508 0.8024 -0.2296
vn 0.5798 0.7389 -0.3435
vn 0.5861 0.6997 -0.4085
vn 0.5819 0.7041 -0.4070
vn 0.5508 0.7768 -0.3051
vn 0.4467 0.8738 -0.1923
vn 0.2979 0.9546 -0.0084
vn 0.1382 0.9542 0.2653
vn 0.0007 0.8468 0.5319
vn -0.1083 0.7308 0.6740
vn -0.2265 0.7087 0.6681
vn -0.4345 0.8218 0.3687
vn -0.5667 0.8083 -0.1600
vn -0.5355 0.7409 -0.4054
vn -0.4547 0.7713 -0.4454
vn -0.3759 0.8571 -0.3521
vn -0.3290 0.9264 -0.1830
vn -0.3228 0.9447 0.0569
vn -0.3406 0.9074 0.2462
vn -0.3464 0.8611 0.3723
vn -0.3252 0.8061 0.4945
vn -0.2695 0.7031 0.6581
vn -0.1822 0.5987 0.7800
vn -0.0139 0.4248 0.9052
vn 0.0665 0.3061 0.9497
vn 0.0857 0.6985 0.7105
vn 0.2470 0.9624 -0.1130
vn 0.3822 0.8026 -0.4579
vn 0.3958 0.7999 -0.4511
vn 0.3031 0.9075 -0.2908
vn 0.1991 0.9698 -0.1412
vn 0.1261 0.9879 -0.0901
vn 0.0833 0.9897 -0.1164
vn 0.0797 0.9868 -0.1407
vn 0.0888 0.9860 -0.1411
vn 0.0445 0.9793 -0.1977
vn -0.0470 0.9525 -0.3008
vn -0.1209 0.9612 -0.2481
vn -0.1689 0.9837 -0.0625
vn -0.2207 0.9656 0.1376
vn -0.3123 0.9341 0.1729
vn -0.4178 0.8772 0.2367
vn -0.4922 0.7457 0.4490
vn -0.4767 0.5695 0.6697
vn -0.4273 0.5391 0.7258
vn -0.4144 0.5873 0.6953
vn -0.4229 0.5262 0.7378
vn -0.4345 0.5747 0.6935
vn -0.4022 0.7231 0.5616
vn -0.3201 0.8757 0.3616
vn -0.1068 0.9565 -0.2715
vn -0.1462 0.9452 -0.2918
vn -0.1525 0.9488 -0.2766
vn -0.1408 0.9590 -0.2461
vn -0.1142 0.9711 -0.2096
vn -0.0748 0.9784 -0.1927
vn -0.0372 0.9890 -0.1434
vn 0.0090 0.9956 -0.0932
vn 0.0587 0.9942 -0.0906
vn 0.0934 0.9953 -0.0242
vn 0.1233 0.9922 -0.0176
vn 0.1516 0.9811 -0.1202
vn 0.1437 0.9657 -0.2161
vn 0.0986 0.9325 -0.3473
vn 0.0348 0.8919 -0.4510
vn -0.0235 0.8585 -0.5122
vn -0.0511 0.8389 -0.5418
vn -0.0591 0.8238 -0.5638
vn -0.0509 0.8406 -0.5393
vn -0.0236 0.8403 -0.5416
vn 0.0106 0.8266 -0.5627
vn 0.0418 0.8535 -0.5193
vn 0.0750 0.8698 -0.4877
vn 0.1147 0.8647 -0.4890
vn 0.1386 0.8621 -0.4875
vn 0.1442 0.8771 -0.4581
vn 0.1462 0.9055 -0.3983
vn 0.1578 0.9321 -0.3260
vn 0.1887 0.9361 -0.2967
vn 0.2229 0.9391 -0.2615
vn 0.2658 0.9192 -0.2904
vn 0.3165 0.8649 -0.3895
vn 0.3536 0.8242 -0.4423
vn 0.3721 0.8290 -0.4175
vn 0.3627 0.8972 -0.2520
vn 0.2759 0.9595 -0.0571
vn 0.1171 0.9828 0.1431
vn -0.0493 0.9231 0.3815
vn -0.1752 0.7937 0.5825
vn -0.2688 0.6735 0.6885
vn -0.3779 0.6345 0.6742
vn -0.5672 0.6844 0.4582
vn -0.7351 0.6744 -0.0696
vn -0.7134 0.5680 -0.4104
vn -0.6592 0.5573 -0.5049
vn -0.6193 0.6472 -0.4445
vn -0.5980 0.7498 -0.2832
vn -0.5909 0.8061 -0.0313
vn -0.5807 0.7939 0.1802
vn -0.5790 0.7546 0.3086
vn -0.5473 0.6848 0.4812
vn -0.4261 0.5751 0.6984
vn -0.2681 0.4700 0.8410
vn -0.0746 0.5236 0.8487
vn 0.2180 0.7951 0.5660
vn 0.4493 0.8934 0.0076
vn 0.5143 0.8089 -0.2851
vn 0.4603 0.7794 -0.4250
vn 0.3297 0.8571 -0.3959
vn 0.1755 0.9523 -0.2498
vn 0.1026 0.9872 -0.1219
vn 0.1177 0.9896 -0.0831
vn 0.1671 0.9777 -0.1275
vn 0.1857 0.9694 -0.1607
vn 0.1493 0.9832 -0.1054
vn 0.0855 0.9929 -0.0822
vn 0.0040 0.9845 -0.1756
vn -0.0700 0.9841 -0.1633
vn -0.1107 0.9939 0.0012
vn -0.1377 0.9657 0.2201
vn -0.2158 0.9291 0.3004
vn -0.3122 0.8790 0.3604
vn -0.3129 0.7832 0.5373
vn -0.1838 0.6579 0.7303
vn -0.0801 0.6305 0.7720
vn -0.0930 0.5891 0.8027
vn -0.1558 0.5322 0.8321
vn -0.2201 0.6422 0.7343
vn -0.2317 0.8286 0.5096
vn -0.1761 0.9447 0.2768
vn -0.0526 0.9739 -0.2208
vn -0.1004 0.9608 -0.2584
vn -0.1448 0.9540 -0.2625
vn -0.1742 0.9539 -0.2445
vn -0.1830 0.9560 -0.2294
vn -0.1860 0.9600 -0.2091
vn -0.1822 0.9683 -0.1707
vn -0.1580 0.9771 -0.1422
vn -0.1342 0.9833 -0.1229
vn -0.1207 0.9915 -0.0488
vn -0.0975 0.9938 -0.0530
vn -0.0794 0.9872 -0.1386
vn -0.0950 0.9791 -0.1795
vn -0.1462 0.9454 -0.2913
vn -0.2193 0.9028 -0.3699
vn -0.2888 0.8490 -0.4425
vn -0.3408 0.8102 -0.4768
vn -0.3703 0.7796 -0.5051
vn -0.3828 0.7767 -0.5001
vn -0.3716 0.7666 -0.5237
vn -0.3599 0.7581 -0.5438
vn -0.3630 0.7875 -0.4981
vn -0.3526 0.8065 -0.4745
vn -0.3296 0.8170 -0.4731
vn -0.3134 0.8335 -0.4550
vn -0.3029 0.8427 -0.4451
vn -0.3043 0.8679 -0.3926
vn -0.3022 0.8890 -0.3440
vn -0.2660 0.9009 -0.3429
vn -0.2105 0.9267 -0.3113
vn -0.1442 0.9336 -0.3280
vn -0.0486 0.9079 -0.4165
vn 0.0372 0.8901 -0.4542
vn 0.0794 0.9062 -0.4154
vn 0.0754 0.9712 -0.2260
vn 0.0171 0.9993 0.0344
vn -0.1095 0.9560 0.2723
vn -0.2600 0.8399 0.4763
vn -0.3887 0.6897 0.6109
vn -0.4968 0.5716 0.6531
vn -0.6226 0.5328 0.5732
vn -0.7525 0.5236 0.3994
vn -0.8763 0.4810 0.0258
vn -0.8860 0.3702 -0.2791
vn -0.8546 0.2934 -0.4285
vn -0.8304 0.3103 -0.4628
vn -0.8369 0.3937 -0.3802
vn -0.8557 0.4795 -0.1946
vn -0.8507 0.5255 0.0114
vn -0.8267 0.5272 0.1966
vn -0.7448 0.5002 0.4417
vn -0.5601 0.4705 0.6819
vn -0.3455 0.4969 0.7961
vn -0.1830 0.8317 0.5242
vn 0.0351 0.9990 -0.0282
vn 0.2140 0.9379 -0.2731
vn 0.3067 0.8974 -0.3171
vn 0.2743 0.8913 -0.3610
vn 0.1639 0.9337 -0.3183
vn 0.0683 0.9735 -0.2182
vn 0.0503 0.9870 -0.1524
vn 0.1000 0.9804 -0.1696
vn 0.1697 0.9628 -0.2104
vn 0.2256 0.9547 -0.1942
vn 0.2683 0.9570 -0.1108
vn 0.2999 0.9510 -0.0757
vn 0.3070 0.9444 -0.1175
vn 0.2823 0.9536 -0.1047
vn 0.2633 0.9646 0.0141
vn 0.2851 0.9388 0.1935
vn 0.3305 0.8852 0.3275
vn 0.3728 0.8389 0.3965
vn 0.4245 0.7671 0.4810
vn 0.4506 0.6392 0.6232
vn 0.4074 0.5460 0.7320
vn 0.3246 0.5028 0.8011
vn 0.2638 0.4952 0.8277
vn 0.2202 0.6245 0.7493
vn 0.1426 0.8419 0.5205
vn 0.0586 0.9599 0.2742
vn -0.0709 0.9802 -0.1847
vn -0.1027 0.9711 -0.2154
vn -0.1552 0.9652 -0.2104
vn -0.2163 0.9542 -0.2065
vn -0.2634 0.9420 -0.2080
vn -0.2975 0.9358 -0.1892
vn -0.3175 0.9330 -0.1697
vn -0.3211 0.9334 -0.1601
vn -0.3231 0.9381 -0.1246
vn -0.3234 0.9444 -0.0597
vn -0.3238 0.9442 -0.0608
vn -0.3365 0.9337 -0.1225
vn -0.3614 0.9229 -0.1327
vn -0.4037 0.8913 -0.2065
vn -0.4721 0.8446 -0.2525
vn -0.5469 0.7783 -0.3083
vn -0.6060 0.7171 -0.3442
vn -0.6482 0.6690 -0.3637
vn -0.6758 0.6366 -0.3715
vn -0.6862 0.6097 -0.3967
vn -0.7061 0.5931 -0.3868
vn -0.7302 0.5922 -0.3406
vn -0.7373 0.5936 -0.3225
vn -0.7369 0.5988 -0.3135
vn -0.7364 0.6090 -0.2945
vn -0.7317 0.6069 -0.3102
vn -0.7407 0.6131 -0.2747
vn -0.7536 0.6125 -0.2387
vn -0.7421 0.6038 -0.2911
vn -0.7218 0.6342 -0.2769
vn -0.6694 0.6744 -0.3116
vn -0.5570 0.7328 -0.3908
vn -0.4229 0.8041 -0.4178
vn -0.3346 0.8638 -0.3766
vn -0.3302 0.9223 -0.2007
vn -0.3778 0.9237 0.0627
vn -0.4715 0.8237 0.3148
vn -0.5789 0.6703 0.4642
vn -0.6666 0.5211 0.5330
vn -0.7386 0.4291 0.5199
vn -0.8209 0.3770 0.4290
vn -0.8929 0.3463 0.2879
vn -0.9388 0.3160 0.1370
vn -0.9731 0.2276 -0.0358
vn -0.9703 0.1026 -0.2189
vn -0.9382 0.0209 -0.3454
vn -0.9224 0.0098 -0.3861
vn -0.9369 0.0557 -0.3451
vn -0.9707 0.1286 -0.2028
vn -0.9765 0.2141 0.0246
vn -0.8995 0.2933 0.3237
vn -0.7307 0.3684 0.5748
vn -0.5166 0.5349 0.6686
vn -0.3567 0.7961 0.4888
vn -0.2793 0.9493 0.1446
vn -0.1888 0.9778 -0.0912
vn -0.0871 0.9713 -0.2214
vn -0.0460 0.9566 -0.2879
vn -0.0792 0.9566 -0.2803
vn -0.1430 0.9592 -0.2440
vn -0.1761 0.9396 -0.2935
vn -0.1569 0.9126 -0.3775
vn -0.1287 0.9121 -0.3892
vn -0.1050 0.9443 -0.3120
vn -0.0819 0.9769 -0.1975
vn -0.0581 0.9908 -0.1226
vn -0.0286 0.9936 -0.1089
vn 0.0076 0.9959 -0.0905
vn 0.0520 0.9984 -0.0241
vn 0.1177 0.9894 0.0855
vn 0.2150 0.9526 0.2151
vn 0.3218 0.8955 0.3075
vn 0.3877 0.8260 0.4091
vn 0.3955 0.6850 0.6119
vn 0.3593 0.5189 0.7756
vn 0.3089 0.4541 0.8357
vn 0.2857 0.4803 0.8292
vn 0.2879 0.5774 0.7640
vn 0.2507 0.7768 0.5776
vn 0.1667 0.9244 0.3430
vn -0.1160 0.9824 -0.1464
vn -0.1698 0.9711 -0.1680
vn -0.2181 0.9632 -0.1572
vn -0.2689 0.9521 -0.1453
vn -0.3326 0.9310 -0.1504
vn -0.3865 0.9103 -0.1482
vn -0.4202 0.8958 -0.1450
vn -0.4465 0.8836 -0.1413
vn -0.4690 0.8767 -0.1072
vn -0.4775 0.8765 -0.0605
vn -0.4843 0.8739 -0.0426
vn -0.5137 0.8550 -0.0716
vn -0.5547 0.8285 -0.0765
vn -0.5936 0.7953 -0.1233
vn -0.6414 0.7548 -0.1377
vn -0.7026 0.6940 -0.1571
vn -0.7632 0.6183 -0.1876
vn -0.8076 0.5541 -0.2020
vn -0.8393 0.5034 -0.2052
vn -0.8609 0.4585 -0.2203
vn -0.8788 0.4316 -0.2037
vn -0.8908 0.4194 -0.1750
vn -0.8989 0.4112 -0.1513
vn -0.9022 0.4047 -0.1495
vn -0.8986 0.4079 -0.1617
vn -0.8962 0.4090 -0.1716
vn -0.8990 0.4058 -0.1649
vn -0.8987 0.4076 -0.1620
vn -0.9001 0.3924 -0.1892
vn -0.9062 0.3779 -0.1899
vn -0.8922 0.3647 -0.2663
vn -0.8545 0.3973 -0.3346
vn -0.7999 0.4984 -0.3341
vn -0.7529 0.5985 -0.2738
vn -0.7457 0.6506 -0.1439
vn -0.7718 0.6342 0.0458
vn -0.8076 0.5451 0.2250
vn -0.8391 0.4454 0.3122
vn -0.8539 0.3664 0.3697
vn -0.8586 0.2882 0.4240
vn -0.8942 0.2117 0.3943
vn -0.9468 0.1861 0.2626
vn -0.9653 0.2024 0.1652
vn -0.9727 0.2222 0.0667
vn -0.9782 0.1910 -0.0819
vn -0.9609 0.1081 -0.2550
vn -0.9332 0.0289 -0.3581
vn -0.9280 -0.0180 -0.3723
vn -0.9512 -0.0090 -0.3085
vn -0.9880 0.0548 -0.1444
vn -0.9828 0.1437 0.1156
vn -0.8926 0.2780 0.3550
vn -0.7404 0.4900 0.4601
vn -0.5623 0.6886 0.4578
vn -0.4576 0.8131 0.3600
vn -0.4620 0.8511 0.2494
vn -0.4811 0.8763 0.0241
vn -0.4839 0.8577 -0.1740
vn -0.5041 0.8197 -0.2718
vn -0.5336 0.7805 -0.3259
vn -0.5271 0.7135 -0.4617
vn -0.5121 0.6702 -0.5372
vn -0.5175 0.6910 -0.5046
vn -0.5214 0.7548 -0.3979
vn -0.5140 0.8136 -0.2717
vn -0.5000 0.8438 -0.1951
vn -0.4782 0.8607 -0.1746
vn -0.4505 0.8781 -0.1612
vn -0.4179 0.9029 -0.1006
vn -0.3768 0.9263 0.0028
vn -0.3119 0.9412 0.1296
vn -0.2172 0.9474 0.2350
vn -0.1298 0.9040 0.4074
vn -0.0729 0.7396 0.6690
vn -0.0244 0.5148 0.8569
vn 0.0185 0.4285 0.9034
vn 0.0713 0.4927 0.8673
vn 0.1674 0.6048 0.7786
vn 0.2804 0.7708 0.5720
vn 0.3376 0.8751 0.3468
vn -0.1148 0.9890 -0.0937
vn -0.1762 0.9788 -0.1048
vn -0.2371 0.9653 -0.1097
vn -0.2854 0.9541 -0.0907
vn -0.3292 0.9399 -0.0906
vn -0.3743 0.9219 -0.0999
vn -0.4179 0.9022 -0.1072
vn -0.4650 0.8803 -0.0944
vn -0.5061 0.8589 -0.0780
vn -0.5253 0.8492 -0.0544
vn -0.5323 0.8461 -0.0291
vn -0.5547 0.8319 -0.0148
vn -0.5901 0.8069 -0.0261
vn -0.6239 0.7790 -0.0626
vn -0.6607 0.7480 -0.0630
vn -0.6972 0.7141 -0.0626
vn -0.7371 0.6705 -0.0843
vn -0.7856 0.6104 -0.1012
vn -0.8294 0.5478 -0.1100
vn -0.8545 0.4970 -0.1512
vn -0.8727 0.4639 -0.1522
vn -0.8898 0.4380 -0.1282
vn -0.9013 0.4186 -0.1116
vn -0.9078 0.4019 -0.1203
vn -0.9121 0.3849 -0.1411
vn -0.9142 0.3787 -0.1441
vn -0.9183 0.3776 -0.1191
vn -0.9255 0.3615 -0.1131
vn -0.9331 0.3433 -0.1070
vn -0.9390 0.3207 -0.1243
vn -0.9372 0.2763 -0.2127
vn -0.9187 0.2416 -0.3125
vn -0.9099 0.2755 -0.3100
vn -0.9156 0.3479 -0.2018
vn -0.9195 0.3838 -0.0846
vn -0.9243 0.3809 0.0235
vn -0.9261 0.3544 0.1296
vn -0.9249 0.3182 0.2080
vn -0.9113 0.2657 0.3144
vn -0.8748 0.2121 0.4356
vn -0.8549 0.2644 0.4464
vn -0.8888 0.3745 0.2641
vn -0.8977 0.4351 0.0697
vn -0.8809 0.4710 -0.0466
vn -0.8611 0.4932 -0.1241
vn -0.8462 0.4784 -0.2349
vn -0.8506 0.4219 -0.3138
vn -0.8655 0.3522 -0.3563
vn -0.8853 0.2824 -0.3695
vn -0.9307 0.2332 -0.2819
vn -0.9658 0.2345 -0.1107
vn -0.9474 0.3142 0.0608
vn -0.8742 0.4480 0.1873
vn -0.7656 0.5730 0.2926
vn -0.6476 0.6654 0.3714
vn -0.5674 0.7473 0.3460
vn -0.5800 0.7918 0.1917
vn -0.6555 0.7548 0.0248
vn -0.7302 0.6734 -0.1155
vn -0.7751 0.5779 -0.2553
vn -0.7818 0.4651 -0.4153
vn -0.7891 0.3763 -0.4856
vn -0.8088 0.3482 -0.4740
vn -0.8332 0.3856 -0.3964
vn -0.8456 0.4403 -0.3016
vn -0.8409 0.4805 -0.2490
vn -0.8242 0.5176 -0.2298
vn -0.7994 0.5575 -0.2240
vn -0.7783 0.6054 -0.1665
vn -0.7595 0.6480 -0.0578
vn -0.7343 0.6750 0.0711
vn -0.7034 0.6901 0.1705
vn -0.6636 0.6620 0.3484
vn -0.5953 0.5404 0.5947
vn -0.4808 0.4005 0.7800
vn -0.3736 0.3840 0.8444
vn -0.2526 0.5261 0.8120
vn -0.0144 0.7290 0.6844
vn 0.2658 0.8650 0.4257
vn 0.4221 0.8674 0.2634
vn -0.0909 0.9948 -0.0453
vn -0.1336 0.9899 -0.0485
vn -0.1834 0.9816 -0.0534
vn -0.2321 0.9715 -0.0475
vn -0.2723 0.9611 -0.0463
vn -0.3070 0.9498 -0.0599
vn -0.3459 0.9364 -0.0599
vn -0.3898 0.9199 -0.0436
vn -0.4214 0.9056 -0.0480
vn -0.4362 0.8985 -0.0483
vn -0.4505 0.8927 -0.0139
vn -0.4649 0.8852 0.0148
vn -0.4746 0.8802 0.0025
vn -0.4973 0.8674 -0.0172
vn -0.5219 0.8526 -0.0246
vn -0.5354 0.8441 -0.0291
vn -0.5618 0.8270 -0.0219
vn -0.6029 0.7973 -0.0278
vn -0.6363 0.7688 -0.0640
vn -0.6738 0.7270 -0.1319
vn -0.7209 0.6778 -0.1446
vn -0.7562 0.6406 -0.1334
vn -0.7850 0.6079 -0.1194
vn -0.8145 0.5686 -0.1154
vn -0.8377 0.5277 -0.1405
vn -0.8584 0.4957 -0.1318
vn -0.8724 0.4813 -0.0849
vn -0.8791 0.4725 -0.0623
vn -0.8865 0.4585 -0.0628
vn -0.8970 0.4326 -0.0902
vn -0.9105 0.3736 -0.1774
vn -0.9129 0.2803 -0.2967
vn -0.9209 0.2342 -0.3116
vn -0.9433 0.2589 -0.2077
vn -0.9524 0.2949 -0.0771
vn -0.9504 0.3110 0.0075
vn -0.9354 0.3258 0.1373
vn -0.9029 0.3266 0.2796
vn -0.8504 0.3279 0.4116
vn -0.7896 0.4024 0.4633
vn -0.7297 0.5459 0.4118
vn -0.6775 0.6972 0.2343
vn -0.6530 0.7573 0.0038
vn -0.6611 0.7414 -0.1150
vn -0.6884 0.7074 -0.1603
vn -0.7130 0.6679 -0.2135
vn -0.7324 0.6278 -0.2636
vn -0.7550 0.5842 -0.2978
vn -0.7780 0.5389 -0.3229
vn -0.8017 0.5031 -0.3228
vn -0.8307 0.4867 -0.2703
vn -0.8510 0.4934 -0.1801
vn -0.8479 0.5253 -0.0713
vn -0.8226 0.5639 0.0736
vn -0.7640 0.6153 0.1943
vn -0.6858 0.6940 0.2193
vn -0.6203 0.7597 0.1950
vn -0.5965 0.7914 0.1335
vn -0.6245 0.7772 0.0767
vn -0.6988 0.7141 -0.0413
vn -0.7892 0.5832 -0.1926
vn -0.8655 0.4110 -0.2862
vn -0.9162 0.2623 -0.3028
vn -0.9487 0.1711 -0.2659
vn -0.9620 0.1250 -0.2426
vn -0.9651 0.1070 -0.2389
vn -0.9629 0.1076 -0.2473
vn -0.9558 0.1282 -0.2646
vn -0.9537 0.1823 -0.2392
vn -0.9566 0.2580 -0.1353
vn -0.9489 0.3152 0.0168
vn -0.9331 0.3400 0.1176
vn -0.9079 0.3325 0.2553
vn -0.8482 0.2999 0.4366
vn -0.7478 0.2889 0.5978
vn -0.6441 0.3607 0.6746
vn -0.5415 0.5809 0.6078
vn -0.2820 0.8691 0.4064
vn 0.0723 0.9822 0.1735
vn 0.2759 0.9465 0.1675
vn -0.0513 0.9985 -0.0167
vn -0.0710 0.9974 -0.0143
vn -0.0946 0.9954 -0.0132
vn -0.1171 0.9930 -0.0148
vn -0.1369 0.9904 -0.0170
vn -0.1676 0.9856 -0.0229
vn -0.2066 0.9783 -0.0182
vn -0.2312 0.9728 -0.0147
vn -0.2478 0.9684 -0.0269
vn -0.2737 0.9614 -0.0291
vn -0.2879 0.9577 -0.0044
vn -0.2767 0.9609 0.0107
vn -0.2682 0.9633 0.0095
vn -0.2685 0.9633 0.0043
vn -0.2729 0.9620 -0.0098
vn -0.2875 0.9577 -0.0121
vn -0.2998 0.9540 0.0062
vn -0.3079 0.9514 0.0030
vn -0.3367 0.9411 -0.0317
vn -0.3914 0.9170 -0.0774
vn -0.4468 0.8880 -0.1088
vn -0.5017 0.8582 -0.1091
vn -0.5532 0.8285 -0.0872
vn -0.5949 0.8007 -0.0701
vn -0.6424 0.7611 -0.0901
vn -0.6763 0.7315 -0.0862
vn -0.6898 0.7212 -0.0635
vn -0.6987 0.7138 -0.0480
vn -0.7095 0.7022 -0.0593
vn -0.7187 0.6891 -0.0923
vn -0.7320 0.6605 -0.1670
vn -0.7725 0.5790 -0.2606
vn -0.8279 0.4667 -0.3110
vn -0.8758 0.4170 -0.2431
vn -0.8945 0.4354 -0.1013
vn -0.8848 0.4652 0.0285
vn -0.8525 0.4949 0.1683
vn -0.7749 0.5410 0.3271
vn -0.6671 0.6060 0.4333
vn -0.5634 0.7005 0.4380
vn -0.4632 0.8238 0.3269
vn -0.3733 0.9131 0.1641
vn -0.3410 0.9400 0.0120
vn -0.3812 0.9215 -0.0744
vn -0.4505 0.8866 -0.1046
vn -0.5177 0.8402 -0.1617
vn -0.5679 0.7927 -0.2215
vn -0.5988 0.7571 -0.2613
vn -0.6270 0.7244 -0.2865
vn -0.6538 0.6891 -0.3127
vn -0.6742 0.6678 -0.3154
vn -0.6979 0.6600 -0.2782
vn -0.7290 0.6523 -0.2076
vn -0.7537 0.6517 -0.0857
vn -0.7375 0.6752 0.0133
vn -0.6942 0.7177 0.0545
vn -0.6455 0.7590 0.0850
vn -0.6040 0.7916 0.0927
vn -0.5676 0.8169 0.1025
vn -0.5421 0.8376 0.0673
vn -0.5450 0.8384 0.0045
vn -0.5882 0.8067 -0.0577
vn -0.6860 0.7199 -0.1053
vn -0.7997 0.5897 -0.1126
vn -0.8862 0.4454 -0.1274
vn -0.9415 0.3055 -0.1425
vn -0.9703 0.1792 -0.1627
vn -0.9787 0.0681 -0.1937
vn -0.9804 -0.0145 -0.1966
vn -0.9864 -0.0424 -0.1587
vn -0.9929 0.0091 -0.1189
vn -0.9936 0.1115 -0.0176
vn -0.9726 0.1911 0.1321
vn -0.9234 0.2334 0.3046
vn -0.8540 0.2811 0.4378
vn -0.7835 0.3873 0.4860
vn -0.6988 0.6326 0.3340
vn -0.4641 0.8842 0.0527
vn -0.2051 0.9763 -0.0695
vn -0.0417 0.9976 0.0558
vn -0.0149 0.9999 -0.0048
vn -0.0206 0.9998 -0.0009
vn -0.0225 0.9997 -0.0010
vn -0.0252 0.9997 -0.0017
vn -0.0311 0.9995 -0.0043
vn -0.0358 0.9994 -0.0003
vn -0.0370 0.9993 -0.0007
vn -0.0411 0.9991 -0.0035
vn -0.0535 0.9985 -0.0089
vn -0.0686 0.9976 -0.0059
vn -0.0780 0.9969 -0.0041
vn -0.0807 0.9967 0.0010
vn -0.0750 0.9972 0.0049
vn -0.0680 0.9977 0.0023
vn -0.0683 0.9977 -0.0027
vn -0.0711 0.9975 -0.0002
vn -0.0672 0.9977 0.0039
vn -0.0588 0.9983 0.0043
vn -0.0584 0.9983 -0.0061
vn -0.0834 0.9962 -0.0263
vn -0.1422 0.9885 -0.0518
vn -0.2059 0.9771 -0.0533
vn -0.2542 0.9661 -0.0452
vn -0.2857 0.9578 -0.0320
vn -0.3058 0.9515 -0.0340
vn -0.3367 0.9403 -0.0487
vn -0.3706 0.9279 -0.0393
vn -0.3920 0.9191 -0.0405
vn -0.4066 0.9119 -0.0557
vn -0.4271 0.8987 -0.1000
vn -0.4642 0.8718 -0.1569
vn -0.5213 0.8309 -0.1945
vn -0.5969 0.7658 -0.2392
vn -0.6735 0.7044 -0.2244
vn -0.7244 0.6779 -0.1251
vn -0.7285 0.6849 0.0135
vn -0.6935 0.7070 0.1385
vn -0.6257 0.7351 0.2611
vn -0.5046 0.7936 0.3400
vn -0.3472 0.8781 0.3293
vn -0.2130 0.9516 0.2214
vn -0.1369 0.9851 0.1040
vn -0.1133 0.9934 0.0197
vn -0.1270 0.9917 -0.0193
vn -0.1681 0.9850 -0.0395
vn -0.2324 0.9696 -0.0769
vn -0.3163 0.9371 -0.1477
vn -0.3967 0.8941 -0.2081
vn -0.4583 0.8542 -0.2457
vn -0.5126 0.8126 -0.2772
vn -0.5737 0.7637 -0.2962
vn -0.6391 0.7214 -0.2666
vn -0.6915 0.6925 -0.2054
vn -0.7172 0.6849 -0.1286
vn -0.7086 0.7019 -0.0726
vn -0.6781 0.7338 -0.0412
vn -0.6390 0.7691 -0.0066
vn -0.5956 0.8030 0.0205
vn -0.5525 0.8328 0.0340
vn -0.5161 0.8560 0.0307
vn -0.4982 0.8669 0.0167
vn -0.5123 0.8586 0.0198
vn -0.5506 0.8338 0.0404
vn -0.5992 0.7977 0.0690
vn -0.6588 0.7483 0.0779
vn -0.7223 0.6872 0.0777
vn -0.7833 0.6187 0.0599
vn -0.8393 0.5435 0.0153
vn -0.8878 0.4593 -0.0289
vn -0.9296 0.3541 -0.1019
vn -0.9530 0.2391 -0.1860
vn -0.9761 0.1802 -0.1218
vn -0.9809 0.1945 -0.0045
vn -0.9544 0.2599 0.1468
vn -0.8888 0.3662 0.2756
vn -0.7923 0.5236 0.3132
vn -0.6690 0.7348 0.1119
vn -0.5205 0.8423 -0.1403
vn -0.4208 0.8854 -0.1973
vn -0.3584 0.9325 -0.0454
vt 0.987654 0.987654
vt 0.987654 1.000000
vt 1.000000 1.000000
vt 1.000000 0.987654
vt 0.000000 0.987654
vt 0.000000 1.000000
vt 0.012346 1.000000
vt 0.012346 0.987654
vt 0.024691 1.000000
vt 0.024691 0.987654
vt 0.037037 1.000000
vt 0.037037 0.987654
vt 0.049383 1.000000
vt 0.049383 0.987654
vt 0.061728 1.000000
vt 0.061728 0.987654
vt 0.074074 1.000000
vt 0.074074 0.987654
vt 0.086420 1.000000
vt 0.086420 0.987654
vt 0.098765 1.000000
vt 0.098765 0.987654
vt 0.111111 1.000000
vt 0.111111 0.987654
vt 0.123457 1.000000
vt 0.123457 0.987654
vt 0.135802 1.000000
vt 0.135802 0.987654
vt 0.148148 1.000000
vt 0.148148 0.987654
vt 0.160494 1.000000
vt 0.160494 0.987654
vt 0.172840 1.000000
vt 0.172840 0.987654
vt 0.185185 1.000000
vt 0.185185 0.987654
vt 0.197531 1.000000
vt 0.197531 0.987654
vt 0.209877 1.000000
vt 0.209877 0.987654
vt 0.222222 1.000000
vt 0.222222 0.987654
vt 0.234568 1.000000
vt 0.234568 0.987654
vt 0.246914 1.000000
vt 0.246914 0.987654
vt 0.259259 1.000000
vt 0.259259 0.987654
vt 0.271605 1.000000
vt 0.271605 0.987654
vt 0.283951 1.000000
vt 0.283951 0.987654
vt 0.296296 1.000000
vt 0.296296 0.987654
vt 0.308642 1.000000
vt 0.308642 0.987654
vt 0.320988 1.000000
vt 0.320988 0.987654
vt 0.333333 1.000000
vt 0.333333 0.987654
vt 0.345679 1.000000
vt 0.345679 0.987654
vt 0.358025 1.000000
vt 0.358025 0.987654
vt 0.370371 1.000000
vt 0.370371 0.987654
vt 0.382716 1.000000
vt 0.382716 0.987654
vt 0.395062 1.000000
vt 0.395062 0.987654
vt 0.407408 1.000000
vt 0.407408 0.987654
vt 0.419753 1.000000
vt 0.419753 0.987654
vt 0.432099 1.000000
vt 0.432099 0.987654
vt 0.444445 1.000000
vt 0.444445 0.987654
vt 0.456790 1.000000
vt 0.456790 0.987654
vt 0.469136 1.000000
vt 0.469136 0.987654
vt 0.481482 1.000000
vt 0.481482 0.987654
vt 0.493827 1.000000
vt 0.493827 0.987654
vt 0.506173 1.000000
vt 0.506173 0.987654
vt 0.518519 1.000000
vt 0.518519 0.987654
vt 0.530864 1.000000
vt 0.530864 0.987654
vt 0.543210 1.000000
vt 0.543210 0.987654
vt 0.555556 1.000000
vt 0.555556 0.987654
vt 0.567901 1.000000
vt 0.567901 0.987654
vt 0.580247 1.000000
vt 0.580247 0.987654
vt 0.592593 1.000000
vt 0.592593 0.987654
vt 0.604938 1.000000
vt 0.604938 0.987654
vt 0.617284 1.000000
vt 0.617284 0.987654
vt 0.629630 1.000000
vt 0.629630 0.987654
vt 0.641975 1.000000
vt 0.641975 0.987654
vt 0.654321 1.000000
vt 0.654321 0.987654
vt 0.666667 1.000000
vt 0.666667 0.987654
vt 0.679012 1.000000
vt 0.679012 0.987654
vt 0.691358 1.000000
vt 0.691358 0.987654
vt 0.703704 1.000000
vt 0.703704 0.987654
vt 0.716049 1.000000
vt 0.716049 0.987654
vt 0.728395 1.000000
vt 0.728395 0.987654
vt 0.740741 1.000000
vt 0.740741 0.987654
vt 0.753086 1.000000
vt 0.753086 0.987654
vt 0.765432 1.000000
vt 0.765432 0.987654
vt 0.777778 1.000000
vt 0.777778 0.987654
vt 0.790123 1.000000
vt 0.790123 0.987654
vt 0.802469 1.000000
vt 0.802469 0.987654
vt 0.814815 1.000000
vt 0.814815 0.987654
vt 0.827160 1.000000
vt 0.827160 0.987654
vt 0.839506 1.000000
vt 0.839506 0.987654
vt 0.851852 1.000000
vt 0.851852 0.987654
vt 0.864198 1.000000
vt 0.864197 0.987654
vt 0.876543 1.000000
vt 0.876543 0.987654
vt 0.888889 1.000000
vt 0.888889 0.987654
vt 0.901235 1.000000
vt 0.901235 0.987654
vt 0.913580 1.000000
vt 0.913580 0.987654
vt 0.925926 1.000000
vt 0.925926 0.987654
vt 0.938272 1.000000
vt 0.938272 0.987654
vt 0.950617 1.000000
vt 0.950617 0.987654
vt 0.962963 1.000000
vt 0.962963 0.987654
vt 0.975309 1.000000
vt 0.975309 0.987654
vt 0.000000 0.000000
vt 0.000000 0.012346
vt 0.012346 0.012346
vt 0.012346 0.000000
vt 0.000000 0.024691
vt 0.012346 0.024691
vt 0.000000 0.037037
vt 0.012346 0.037037
vt 0.000000 0.049383
vt 0.012346 0.049383
vt 0.000000 0.061728
vt 0.012346 0.061728
vt 0.000000 0.074074
vt 0.012346 0.074074
vt 0.000000 0.086420
vt 0.012346 0.086420
vt 0.000000 0.098765
vt 0.012346 0.098765
vt 0.000000 0.111111
vt 0.012346 0.111111
vt 0.000000 0.123457
vt 0.012346 0.123457
vt 0.000000 0.135802
vt 0.012346 0.135802
vt 0.000000 0.148148
vt 0.012346 0.148148
vt 0.000000 0.160494
vt 0.012346 0.160494
vt 0.000000 0.172840
vt 0.012346 0.172839
vt 0.000000 0.185185
vt 0.012346 0.185185
vt 0.000000 0.197531
vt 0.012346 0.197531
vt 0.000000 0.209877
vt 0.012346 0.209877
vt 0.000000 0.222222
vt 0.012346 0.222222
vt 0.000000 0.234568
vt 0.012346 0.234568
vt 0.000000 0.246914
vt 0.012346 0.246914
vt 0.000000 0.259259
vt 0.012346 0.259259
vt 0.000000 0.271605
vt 0.012346 0.271605
vt 0.000000 0.283951
vt 0.012346 0.283951
vt 0.000000 0.296296
vt 0.012346 0.296296
vt 0.000000 0.308642
vt 0.012346 0.308642
vt 0.000000 0.320988
vt 0.012346 0.320988
vt 0.000000 0.333333
vt 0.012346 0.333333
vt 0.000000 0.345679
vt 0.012346 0.345679
vt 0.000000 0.358025
vt 0.012346 0.358025
vt 0.000000 0.370371
vt 0.012346 0.370370
vt 0.000000 0.382716
vt 0.012346 0.382716
vt 0.000000 0.395062
vt 0.012346 0.395062
vt 0.000000 0.407408
vt 0.012346 0.407407
vt 0.000000 0.419753
vt 0.012346 0.419753
vt 0.000000 0.432099
vt 0.012346 0.432099
vt 0.000000 0.444445
vt 0.012346 0.444445
vt 0.000000 0.456790
vt 0.012346 0.456790
vt 0.000000 0.469136
vt 0.012346 0.469136
vt 0.000000 0.481482
vt 0.012346 0.481482
vt 0.000000 0.493827
vt 0.012346 0.493827
vt 0.000000 0.506173
vt 0.012346 0.506173
vt 0.000000 0.518519
vt 0.012346 0.518519
vt 0.000000 0.530864
vt 0.012346 0.530864
vt 0.000000 0.543210
vt 0.012346 0.543210
vt 0.000000 0.555556
vt 0.012346 0.555556
vt 0.000000 0.567901
vt 0.012346 0.567901
vt 0.000000 0.580247
vt 0.012346 0.580247
vt 0.000000 0.592593
vt 0.012346 0.592593
vt 0.000000 0.604938
vt 0.012346 0.604938
vt 0.000000 0.617284
vt 0.012346 0.617284
vt 0.000000 0.629630
vt 0.012346 0.629630
vt 0.000000 0.641975
vt 0.012346 0.641975
vt 0.000000 0.654321
vt 0.012346 0.654321
vt 0.000000 0.666667
vt 0.012346 0.666667
vt 0.000000 0.679012
vt 0.012346 0.679012
vt 0.000000 0.691358
vt 0.012346 0.691358
vt 0.000000 0.703704
vt 0.012346 0.703704
vt 0.000000 0.716049
vt 0.012346 0.716049
vt 0.000000 0.728395
vt 0.012346 0.728395
vt 0.000000 0.740741
vt 0.012346 0.740741
vt 0.000000 0.753086
vt 0.012346 0.753086
vt 0.000000 0.765432
vt 0.012346 0.765432
vt 0.000000 0.777778
vt 0.012346 0.777778
vt 0.000000 0.790123
vt 0.012346 0.790123
vt 0.000000 0.802469
vt 0.012346 0.802469
vt 0.000000 0.814815
vt 0.012346 0.814815
vt 0.000000 0.827160
vt 0.012346 0.827160
vt 0.000000 0.839506
vt 0.012346 0.839506
vt 0.000000 0.851852
vt 0.012346 0.851852
vt 0.000000 0.864198
vt 0.012346 0.864197
vt 0.000000 0.876543
vt 0.012346 0.876543
vt 0.000000 0.888889
vt 0.012346 0.888889
vt 0.000000 0.901235
vt 0.012346 0.901234
vt 0.000000 0.913580
vt 0.012346 0.913580
vt 0.000000 0.925926
vt 0.012346 0.925926
vt 0.000000 0.938272
vt 0.012346 0.938272
vt 0.000000 0.950617
vt 0.012346 0.950617
vt 0.000000 0.962963
vt 0.012346 0.962963
vt 0.000000 0.975309
vt 0.012346 0.975309
vt 0.024691 0.012346
vt 0.024691 0.000000
vt 0.024691 0.024691
vt 0.024691 0.037037
vt 0.024691 0.049383
vt 0.024691 0.061728
vt 0.024691 0.074074
vt 0.024691 0.086420
vt 0.024691 0.098765
vt 0.024691 0.111111
vt 0.024691 0.123457
vt 0.024691 0.135802
vt 0.024691 0.148148
vt 0.024691 0.160494
vt 0.024691 0.172839
vt 0.024691 0.185185
vt 0.024691 0.197531
vt 0.024691 0.209877
vt 0.024691 0.222222
vt 0.024691 0.234568
vt 0.024691 0.246914
vt 0.024691 0.259259
vt 0.024691 0.271605
vt 0.024691 0.283951
vt 0.024691 0.296296
vt 0.024691 0.308642
vt 0.024691 0.320988
vt 0.024691 0.333333
vt 0.024691 0.345679
vt 0.024691 0.358025
vt 0.024691 0.370370
vt 0.024691 0.382716
vt 0.024691 0.395062
vt 0.024691 0.407407
vt 0.024691 0.419753
vt 0.024691 0.432099
vt 0.024691 0.444445
vt 0.024691 0.456790
vt 0.024691 0.469136
vt 0.024691 0.481482
vt 0.024691 0.493827
vt 0.024691 0.506173
vt 0.024691 0.518519
vt 0.024691 0.530864
vt 0.024691 0.543210
vt 0.024691 0.555556
vt 0.024691 0.567901
vt 0.024691 0.580247
vt 0.024691 0.592593
vt 0.024691 0.604938
vt 0.024691 0.617284
vt 0.024691 0.629630
vt 0.024691 0.641975
vt 0.024691 0.654321
vt 0.024691 0.666667
vt 0.024691 0.679012
vt 0.024691 0.691358
vt 0.024691 0.703704
vt 0.024691 0.716049
vt 0.024691 0.728395
vt 0.024691 0.740741
vt 0.024691 0.753086
vt 0.024691 0.765432
vt 0.024691 0.777778
vt 0.024691 0.790123
vt 0.024691 0.802469
vt 0.024691 0.814815
vt 0.024691 0.827160
vt 0.024691 0.839506
vt 0.024691 0.851852
vt 0.024691 0.864197
vt 0.024691 0.876543
vt 0.024691 0.888889
vt 0.024691 0.901234
vt 0.024691 0.913580
vt 0.024691 0.925926
vt 0.024691 0.938272
vt 0.024691 0.950617
vt 0.024691 0.962963
vt 0.024691 0.975309
vt 0.037037 0.012346
vt 0.037037 0.000000
vt 0.037037 0.024691
vt 0.037037 0.037037
vt 0.037037 0.049383
vt 0.037037 0.061728
vt 0.037037 0.074074
vt 0.037037 0.086420
vt 0.037037 0.098765
vt 0.037037 0.111111
vt 0.037037 0.123457
vt 0.037037 0.135802
vt 0.037037 0.148148
vt 0.037037 0.160494
vt 0.037037 0.172839
vt 0.037037 0.185185
vt 0.037037 0.197531
vt 0.037037 0.209877
vt 0.037037 0.222222
vt 0.037037 0.234568
vt 0.037037 0.246914
vt 0.037037 0.259259
vt 0.037037 0.271605
vt 0.037037 0.283951
vt 0.037037 0.296296
vt 0.037037 0.308642
vt 0.037037 0.320988
vt 0.037037 0.333333
vt 0.037037 0.345679
vt 0.037037 0.358025
vt 0.037037 0.370370
vt 0.037037 0.382716
vt 0.037037 0.395062
vt 0.037037 0.407407
vt 0.037037 0.419753
vt 0.037037 0.432099
vt 0.037037 0.444445
vt 0.037037 0.456790
vt 0.037037 0.469136
vt 0.037037 0.481482
vt 0.037037 0.493827
vt 0.037037 0.506173
vt 0.037037 0.518519
vt 0.037037 0.530864
vt 0.037037 0.543210
vt 0.037037 0.555556
vt 0.037037 0.567901
vt 0.037037 0.580247
vt 0.037037 0.592593
vt 0.037037 0.604938
vt 0.037037 0.617284
vt 0.037037 0.629630
vt 0.037037 0.641975
vt 0.037037 0.654321
vt 0.037037 0.666667
vt 0.037037 0.679012
vt 0.037037 0.691358
vt 0.037037 0.703704
vt 0.037037 0.716049
vt 0.037037 0.728395
vt 0.037037 0.740741
vt 0.037037 0.753086
vt 0.037037 0.765432
vt 0.037037 0.777778
vt 0.037037 0.790123
vt 0.037037 0.802469
vt 0.037037 0.814815
vt 0.037037 0.827160
vt 0.037037 0.839506
vt 0.037037 0.851852
vt 0.037037 0.864197
vt 0.037037 0.876543
vt 0.037037 0.888889
vt 0.037037 0.901234
vt 0.037037 0.913580
vt 0.037037 0.925926
vt 0.037037 0.938272
vt 0.037037 0.950617
vt 0.037037 0.962963
vt 0.037037 0.975309
vt 0.049383 0.012346
vt 0.049383 0.000000
vt 0.049383 0.024691
vt 0.049383 0.037037
vt 0.049383 0.049383
vt 0.049383 0.061728
vt 0.049383 0.074074
vt 0.049383 0.086420
vt 0.049383 0.098765
vt 0.049383 0.111111
vt 0.049383 0.123457
vt 0.049383 0.135802
vt 0.049383 0.148148
vt 0.049383 0.160494
vt 0.049383 0.172839
vt 0.049383 0.185185
vt 0.049383 0.197531
vt 0.049383 0.209877
vt 0.049383 0.222222
vt 0.049383 0.234568
vt 0.049383 0.246914
vt 0.049383 0.259259
vt 0.049383 0.271605
vt 0.049383 0.283951
vt 0.049383 0.296296
vt 0.049383 0.308642
vt 0.049383 0.320988
vt 0.049383 0.333333
vt 0.049383 0.345679
vt 0.049383 0.358025
vt 0.049383 0.370370
vt 0.049383 0.382716
vt 0.049383 0.395062
vt 0.049383 0.407407
vt 0.049383 0.419753
vt 0.049383 0.432099
vt 0.049383 0.444445
vt 0.049383 0.456790
vt 0.049383 0.469136
vt 0.049383 0.481482
vt 0.049383 0.493827
vt 0.049383 0.506173
vt 0.049383 0.518519
vt 0.049383 0.530864
vt 0.049383 0.543210
vt 0.049383 0.555556
vt 0.049383 0.567901
vt 0.049383 0.580247
vt 0.049383 0.592593
vt 0.049383 0.604938
vt 0.049383 0.617284
vt 0.049383 0.629630
vt 0.049383 0.641975
vt 0.049383 0.654321
vt 0.049383 0.666667
vt 0.049383 0.679012
vt 0.049383 0.691358
vt 0.049383 0.703704
vt 0.049383 0.716049
vt 0.049383 0.728395
vt 0.049383 0.740741
vt 0.049383 0.753086
vt 0.049383 0.765432
vt 0.049383 0.777778
vt 0.049383 0.790123
vt 0.049383 0.802469
vt 0.049383 0.814815
vt 0.049383 0.827160
vt 0.049383 0.839506
vt 0.049383 0.851852
vt 0.049383 0.864197
vt 0.049383 0.876543
vt 0.049383 0.888889
vt 0.049383 0.901234
vt 0.049383 0.913580
vt 0.049383 0.925926
vt 0.049383 0.938272
vt 0.049383 0.950617
vt 0.049383 0.962963
vt 0.049383 0.975309
vt 0.061728 0.012346
vt 0.061728 0.000000
vt 0.061728 0.024691
vt 0.061728 0.037037
vt 0.061728 0.049383
vt 0.061728 0.061728
vt 0.061728 0.074074
vt 0.061728 0.086420
vt 0.061728 0.098765
vt 0.061728 0.111111
vt 0.061728 0.123457
vt 0.061728 0.135802
vt 0.061728 0.148148
vt 0.061728 0.160494
vt 0.061728 0.172839
vt 0.061728 0.185185
vt 0.061728 0.197531
vt 0.061728 0.209877
vt 0.061728 0.222222
vt 0.061728 0.234568
vt 0.061728 0.246914
vt 0.061728 0.259259
vt 0.061728 0.271605
vt 0.061728 0.283951
vt 0.061728 0.296296
vt 0.061728 0.308642
vt 0.061728 0.320988
vt 0.061728 0.333333
vt 0.061728 0.345679
vt 0.061728 0.358025
vt 0.061728 0.370370
vt 0.061728 0.382716
vt 0.061728 0.395062
vt 0.061728 0.407407
vt 0.061728 0.419753
vt 0.061728 0.432099
vt 0.061728 0.444445
vt 0.061728 0.456790
vt 0.061728 0.469136
vt 0.061728 0.481482
vt 0.061728 0.493827
vt 0.061728 0.506173
vt 0.061728 0.518519
vt 0.061728 0.530864
vt 0.061728 0.543210
vt 0.061728 0.555556
vt 0.061728 0.567901
vt 0.061728 0.580247
vt 0.061728 0.592593
vt 0.061728 0.604938
vt 0.061728 0.617284
vt 0.061728 0.629630
vt 0.061728 0.641975
vt 0.061728 0.654321
vt 0.061728 0.666667
vt 0.061728 0.679012
vt 0.061728 0.691358
vt 0.061728 0.703704
vt 0.061728 0.716049
vt 0.061728 0.728395
vt 0.061728 0.740741
vt 0.061728 0.753086
vt 0.061728 0.765432
vt 0.061728 0.777778
vt 0.061728 0.790123
vt 0.061728 0.802469
vt 0.061728 0.814815
vt 0.061728 0.827160
vt 0.061728 0.839506
vt 0.061728 0.851852
vt 0.061728 0.864197
vt 0.061728 0.876543
vt 0.061728 0.888889
vt 0.061728 0.901234
vt 0.061728 0.913580
vt 0.061728 0.925926
vt 0.061728 0.938272
vt 0.061728 0.950617
vt 0.061728 0.962963
vt 0.061728 0.975309
vt 0.074074 0.012346
vt 0.074074 0.000000
vt 0.074074 0.024691
vt 0.074074 0.037037
vt 0.074074 0.049383
vt 0.074074 0.061728
vt 0.074074 0.074074
vt 0.074074 0.086420
vt 0.074074 0.098765
vt 0.074074 0.111111
vt 0.074074 0.123457
vt 0.074074 0.135802
vt 0.074074 0.148148
vt 0.074074 0.160494
vt 0.074074 0.172839
vt 0.074074 0.185185
vt 0.074074 0.197531
vt 0.074074 0.209877
vt 0.074074 0.222222
vt 0.074074 0.234568
vt 0.074074 0.246914
vt 0.074074 0.259259
vt 0.074074 0.271605
vt 0.074074 0.283951
vt 0.074074 0.296296
vt 0.074074 0.308642
vt 0.074074 0.320988
vt 0.074074 0.333333
vt 0.074074 0.345679
vt 0.074074 0.358025
vt 0.074074 0.370370
vt 0.074074 0.382716
vt 0.074074 0.395062
vt 0.074074 0.407407
vt 0.074074 0.419753
vt 0.074074 0.432099
vt 0.074074 0.444445
vt 0.074074 0.456790
vt 0.074074 0.469136
vt 0.074074 0.481482
vt 0.074074 0.493827
vt 0.074074 0.506173
vt 0.074074 0.518519
vt 0.074074 0.530864
vt 0.074074 0.543210
vt 0.074074 0.555556
vt 0.074074 0.567901
vt 0.074074 0.580247
vt 0.074074 0.592593
vt 0.074074 0.604938
vt 0.074074 0.617284
vt 0.074074 0.629630
vt 0.074074 0.641975
vt 0.074074 0.654321
vt 0.074074 0.666667
vt 0.074074 0.679012
vt 0.074074 0.691358
vt 0.074074 0.703704
vt 0.074074 0.716049
vt 0.074074 0.728395
vt 0.074074 0.740741
vt 0.074074 0.753086
vt 0.074074 0.765432
vt 0.074074 0.777778
vt 0.074074 0.790123
vt 0.074074 0.802469
vt 0.074074 0.814815
vt 0.074074 0.827160
vt 0.074074 0.839506
vt 0.074074 0.851852
vt 0.074074 0.864197
vt 0.074074 0.876543
vt 0.074074 0.888889
vt 0.074074 0.901234
vt 0.074074 0.913580
vt 0.074074 0.925926
vt 0.074074 0.938272
vt 0.074074 0.950617
vt 0.074074 0.962963
vt 0.074074 0.975309
vt 0.086420 0.012346
vt 0.086420 0.000000
vt 0.086420 0.024691
vt 0.086420 0.037037
vt 0.086420 0.049383
vt 0.086420 0.061728
vt 0.086420 0.074074
vt 0.086420 0.086420
vt 0.086420 0.098765
vt 0.086420 0.111111
vt 0.086420 0.123457
vt 0.086420 0.135802
vt 0.086420 0.148148
vt 0.086420 0.160494
vt 0.086420 0.172839
vt 0.086420 0.185185
vt 0.086420 0.197531
vt 0.086420 0.209877
vt 0.086420 0.222222
vt 0.086420 0.234568
vt 0.086420 0.246914
vt 0.086420 0.259259
vt 0.086420 0.271605
vt 0.086420 0.283951
vt 0.086420 0.296296
vt 0.086420 0.308642
vt 0.086420 0.320988
vt 0.086420 0.333333
vt 0.086420 0.345679
vt 0.086420 0.358025
vt 0.086420 0.370370
vt 0.086420 0.382716
vt 0.086420 0.395062
vt 0.086420 0.407407
vt 0.086420 0.419753
vt 0.086420 0.432099
vt 0.086420 0.444445
vt 0.086420 0.456790
vt 0.086420 0.469136
vt 0.086420 0.481482
vt 0.086420 0.493827
vt 0.086420 0.506173
vt 0.086420 0.518519
vt 0.086420 0.530864
vt 0.086420 0.543210
vt 0.086420 0.555556
vt 0.086420 0.567901
vt 0.086420 0.580247
vt 0.086420 0.592593
vt 0.086420 0.604938
vt 0.086420 0.617284
vt 0.086420 0.629630
vt 0.086420 0.641975
vt 0.086420 0.654321
vt 0.086420 0.666667
vt 0.086420 0.679012
vt 0.086420 0.691358
vt 0.086420 0.703704
vt 0.086420 0.716049
vt 0.086420 0.728395
vt 0.086420 0.740741
vt 0.086420 0.753086
vt 0.086420 0.765432
vt 0.086420 0.777778
vt 0.086420 0.790123
vt 0.086420 0.802469
vt 0.086420 0.814815
vt 0.086420 0.827160
vt 0.086420 0.839506
vt 0.086420 0.851852
vt 0.086420 0.864197
vt 0.086420 0.876543
vt 0.086420 0.888889
vt 0.086420 0.901234
vt 0.086420 0.913580
vt 0.086420 0.925926
vt 0.086420 0.938272
vt 0.086420 0.950617
vt 0.086420 0.962963
vt 0.086420 0.975309
vt 0.098765 0.012346
vt 0.098765 0.000000
vt 0.098765 0.024691
vt 0.098765 0.037037
vt 0.098765 0.049383
vt 0.098765 0.061728
vt 0.098765 0.074074
vt 0.098765 0.086420
vt 0.098765 0.098765
vt 0.098765 0.111111
vt 0.098765 0.123457
vt 0.098765 0.135802
vt 0.098765 0.148148
vt 0.098765 0.160494
vt 0.098765 0.172839
vt 0.098765 0.185185
vt 0.098765 0.197531
vt 0.098765 0.209877
vt 0.098765 0.222222
vt 0.098765 0.234568
vt 0.098765 0.246914
vt 0.098765 0.259259
vt 0.098765 0.271605
vt 0.098765 0.283951
vt 0.098765 0.296296
vt 0.098765 0.308642
vt 0.098765 0.320988
vt 0.098765 0.333333
vt 0.098765 0.345679
vt 0.098765 0.358025
vt 0.098765 0.370370
vt 0.098765 0.382716
vt 0.098765 0.395062
vt 0.098765 0.407407
vt 0.098765 0.419753
vt 0.098765 0.432099
vt 0.098765 0.444445
vt 0.098765 0.456790
vt 0.098765 0.469136
vt 0.098765 0.481482
vt 0.098765 0.493827
vt 0.098765 0.506173
vt 0.098765 0.518519
vt 0.098765 0.530864
vt 0.098765 0.543210
vt 0.098765 0.555556
vt 0.098765 0.567901
vt 0.098765 0.580247
vt 0.098765 0.592593
vt 0.098765 0.604938
vt 0.098765 0.617284
vt 0.098765 0.629630
vt 0.098765 0.641975
vt 0.098765 0.654321
vt 0.098765 0.666667
vt 0.098765 0.679012
vt 0.098765 0.691358
vt 0.098765 0.703704
vt 0.098765 0.716049
vt 0.098765 0.728395
vt 0.098765 0.740741
vt 0.098765 0.753086
vt 0.098765 0.765432
vt 0.098765 0.777778
vt 0.098765 0.790123
vt 0.098765 0.802469
vt 0.098765 0.814815
vt 0.098765 0.827160
vt 0.098765 0.839506
vt 0.098765 0.851852
vt 0.098765 0.864197
vt 0.098765 0.876543
vt 0.098765 0.888889
vt 0.098765 0.901234
vt 0.098765 0.913580
vt 0.098765 0.925926
vt 0.098765 0.938272
vt 0.098765 0.950617
vt 0.098765 0.962963
vt 0.098765 0.975309
vt 0.111111 0.012346
vt 0.111111 0.000000
vt 0.111111 0.024691
vt 0.111111 0.037037
vt 0.111111 0.049383
vt 0.111111 0.061728
vt 0.111111 0.074074
vt 0.111111 0.086420
vt 0.111111 0.098765
vt 0.111111 0.111111
vt 0.111111 0.123457
vt 0.111111 0.135802
vt 0.111111 0.148148
vt 0.111111 0.160494
vt 0.111111 0.172839
vt 0.111111 0.185185
vt 0.111111 0.197531
vt 0.111111 0.209877
vt 0.111111 0.222222
vt 0.111111 0.234568
vt 0.111111 0.246914
vt 0.111111 0.259259
vt 0.111111 0.271605
vt 0.111111 0.283951
vt 0.111111 0.296296
vt 0.111111 0.308642
vt 0.111111 0.320988
vt 0.111111 0.333333
vt 0.111111 0.345679
vt 0.111111 0.358025
vt 0.111111 0.370370
vt 0.111111 0.382716
vt 0.111111 0.395062
vt 0.111111 0.407407
vt 0.111111 0.419753
vt 0.111111 0.432099
vt 0.111111 0.444445
vt 0.111111 0.456790
vt 0.111111 0.469136
vt 0.111111 0.481482
vt 0.111111 0.493827
vt 0.111111 0.506173
vt 0.111111 0.518519
vt 0.111111 0.530864
vt 0.111111 0.543210
vt 0.111111 0.555556
vt 0.111111 0.567901
vt 0.111111 0.580247
vt 0.111111 0.592593
vt 0.111111 0.604938
vt 0.111111 0.617284
vt 0.111111 0.629630
vt 0.111111 0.641975
vt 0.111111 0.654321
vt 0.111111 0.666667
vt 0.111111 0.679012
vt 0.111111 0.691358
vt 0.111111 0.703704
vt 0.111111 0.716049
vt 0.111111 0.728395
vt 0.111111 0.740741
vt 0.111111 0.753086
vt 0.111111 0.765432
vt 0.111111 0.777778
vt 0.111111 0.790123
vt 0.111111 0.802469
vt 0.111111 0.814815
vt 0.111111 0.827160
vt 0.111111 0.839506
vt 0.111111 0.851852
vt 0.111111 0.864197
vt 0.111111 0.876543
vt 0.111111 0.888889
vt 0.111111 0.901234
vt 0.111111 0.913580
vt 0.111111 0.925926
vt 0.111111 0.938272
vt 0.111111 0.950617
vt 0.111111 0.962963
vt 0.111111 0.975309
vt 0.123457 0.012346
vt 0.123457 0.000000
vt 0.123457 0.024691
vt 0.123457 0.037037
vt 0.123457 0.049383
vt 0.123457 0.061728
vt 0.123457 0.074074
vt 0.123457 0.086420
vt 0.123457 0.098765
vt 0.123457 0.111111
vt 0.123457 0.123457
vt 0.123457 0.135802
vt 0.123457 0.148148
vt 0.123457 0.160494
vt 0.123457 0.172839
vt 0.123457 0.185185
vt 0.123457 0.197531
vt 0.123457 0.209877
vt 0.123457 0.222222
vt 0.123457 0.234568
vt 0.123457 0.246914
vt 0.123457 0.259259
vt 0.123457 0.271605
vt 0.123457 0.283951
vt 0.123457 0.296296
vt 0.123457 0.308642
vt 0.123457 0.320988
vt 0.123457 0.333333
vt 0.123457 0.345679
vt 0.123457 0.358025
vt 0.123457 0.370370
vt 0.123457 0.382716
vt 0.123457 0.395062
vt 0.123457 0.407407
vt 0.123457 0.419753
vt 0.123457 0.432099
vt 0.123457 0.444445
vt 0.123457 0.456790
vt 0.123457 0.469136
vt 0.123457 0.481482
vt 0.123457 0.493827
vt 0.123457 0.506173
vt 0.123457 0.518519
vt 0.123457 0.530864
vt 0.123457 0.543210
vt 0.123457 0.555556
vt 0.123457 0.567901
vt 0.123457 0.580247
vt 0.123457 0.592593
vt 0.123457 0.604938
vt 0.123457 0.617284
vt 0.123457 0.629630
vt 0.123457 0.641975
vt 0.123457 0.654321
vt 0.123457 0.666667
vt 0.123457 0.679012
vt 0.123457 0.691358
vt 0.123457 0.703704
vt 0.123457 0.716049
vt 0.123457 0.728395
vt 0.123457 0.740741
vt 0.123457 0.753086
vt 0.123457 0.765432
vt 0.123457 0.777778
vt 0.123457 0.790123
vt 0.123457 0.802469
vt 0.123457 0.814815
vt 0.123457 0.827160
vt 0.123457 0.839506
vt 0.123457 0.851852
vt 0.123457 0.864197
vt 0.123457 0.876543
vt 0.123457 0.888889
vt 0.123457 0.901234
vt 0.123457 0.913580
vt 0.123457 0.925926
vt 0.123457 0.938272
vt 0.123457 0.950617
vt 0.123457 0.962963
vt 0.123457 0.975309
vt 0.135802 0.012346
vt 0.135802 0.000000
vt 0.135802 0.024691
vt 0.135802 0.037037
vt 0.135802 0.049383
vt 0.135802 0.061728
vt 0.135802 0.074074
vt 0.135802 0.086420
vt 0.135802 0.098765
vt 0.135802 0.111111
vt 0.135802 0.123457
vt 0.135802 0.135802
vt 0.135802 0.148148
vt 0.135802 0.160494
vt 0.135802 0.172839
vt 0.135802 0.185185
vt 0.135802 0.197531
vt 0.135802 0.209877
vt 0.135802 0.222222
vt 0.135802 0.234568
vt 0.135802 0.246914
vt 0.135802 0.259259
vt 0.135802 0.271605
vt 0.135802 0.283951
vt 0.135802 0.296296
vt 0.135802 0.308642
vt 0.135802 0.320988
vt 0.135802 0.333333
vt 0.135802 0.345679
vt 0.135802 0.358025
vt 0.135802 0.370370
vt 0.135802 0.382716
vt 0.135802 0.395062
vt 0.135802 0.407407
vt 0.135802 0.419753
vt 0.135802 0.432099
vt 0.135802 0.444445
vt 0.135802 0.456790
vt 0.135802 0.469136
vt 0.135802 0.481482
vt 0.135802 0.493827
vt 0.135802 0.506173
vt 0.135802 0.518519
vt 0.135802 0.530864
vt 0.135802 0.543210
vt 0.135802 0.555556
vt 0.135802 0.567901
vt 0.135802 0.580247
vt 0.135802 0.592593
vt 0.135802 0.604938
vt 0.135802 0.617284
vt 0.135803 0.629630
vt 0.135803 0.641975
vt 0.135802 0.654321
vt 0.135802 0.666667
vt 0.135802 0.679012
vt 0.135802 0.691358
vt 0.135802 0.703704
vt 0.135802 0.716049
vt 0.135802 0.728395
vt 0.135802 0.740741
vt 0.135802 0.753086
vt 0.135802 0.765432
vt 0.135803 0.777778
vt 0.135802 0.790123
vt 0.135802 0.802469
vt 0.135802 0.814815
vt 0.135802 0.827160
vt 0.135802 0.839506
vt 0.135802 0.851852
vt 0.135802 0.864197
vt 0.135802 0.876543
vt 0.135802 0.888889
vt 0.135802 0.901234
vt 0.135802 0.913580
vt 0.135802 0.925926
vt 0.135802 0.938272
vt 0.135802 0.950617
vt 0.135802 0.962963
vt 0.135802 0.975309
vt 0.148148 0.012346
vt 0.148148 0.000000
vt 0.148148 0.024691
vt 0.148148 0.037037
vt 0.148148 0.049383
vt 0.148148 0.061728
vt 0.148148 0.074074
vt 0.148148 0.086420
vt 0.148148 0.098765
vt 0.148148 0.111111
vt 0.148148 0.123457
vt 0.148148 0.135802
vt 0.148148 0.148148
vt 0.148148 0.160494
vt 0.148148 0.172839
vt 0.148148 0.185185
vt 0.148148 0.197531
vt 0.148148 0.209877
vt 0.148148 0.222222
vt 0.148148 0.234568
vt 0.148148 0.246914
vt 0.148148 0.259259
vt 0.148148 0.271605
vt 0.148148 0.283951
vt 0.148148 0.296296
vt 0.148148 0.308642
vt 0.148148 0.320988
vt 0.148148 0.333333
vt 0.148148 0.345679
vt 0.148148 0.358025
vt 0.148148 0.370370
vt 0.148148 0.382716
vt 0.148148 0.395062
vt 0.148148 0.407407
vt 0.148148 0.419753
vt 0.148148 0.432099
vt 0.148148 0.444445
vt 0.148148 0.456790
vt 0.148148 0.469136
vt 0.148148 0.481482
vt 0.148148 0.493827
vt 0.148148 0.506173
vt 0.148148 0.518519
vt 0.148148 0.530864
vt 0.148148 0.543210
vt 0.148148 0.555556
vt 0.148148 0.567901
vt 0.148148 0.580247
vt 0.148148 0.592593
vt 0.148148 0.604938
vt 0.148148 0.617284
vt 0.148148 0.629630
vt 0.148148 0.641975
vt 0.148148 0.654321
vt 0.148148 0.666667
vt 0.148148 0.679012
vt 0.148148 0.691358
vt 0.148148 0.703704
vt 0.148148 0.716049
vt 0.148148 0.728395
vt 0.148148 0.740741
vt 0.148148 0.753086
vt 0.148148 0.765432
vt 0.148148 0.777778
vt 0.148148 0.790123
vt 0.148148 0.802469
vt 0.148148 0.814815
vt 0.148148 0.827160
vt 0.148148 0.839506
vt 0.148148 0.851852
vt 0.148148 0.864197
vt 0.148148 0.876543
vt 0.148148 0.888889
vt 0.148148 0.901234
vt 0.148148 0.913580
vt 0.148148 0.925926
vt 0.148148 0.938272
vt 0.148148 0.950617
vt 0.148148 0.962963
vt 0.148148 0.975309
vt 0.160494 0.012346
vt 0.160494 0.000000
vt 0.160494 0.024691
vt 0.160494 0.037037
vt 0.160494 0.049383
vt 0.160494 0.061728
vt 0.160494 0.074074
vt 0.160494 0.086420
vt 0.160494 0.098765
vt 0.160494 0.111111
vt 0.160494 0.123457
vt 0.160494 0.135802
vt 0.160494 0.148148
vt 0.160494 0.160494
vt 0.160494 0.172839
vt 0.160494 0.185185
vt 0.160494 0.197531
vt 0.160494 0.209877
vt 0.160494 0.222222
vt 0.160494 0.234568
vt 0.160494 0.246914
vt 0.160494 0.259259
vt 0.160494 0.271605
vt 0.160494 0.283951
vt 0.160494 0.296296
vt 0.160494 0.308642
vt 0.160494 0.320988
vt 0.160494 0.333333
vt 0.160494 0.345679
vt 0.160494 0.358025
vt 0.160494 0.370370
vt 0.160494 0.382716
vt 0.160494 0.395062
vt 0.160494 0.407407
vt 0.160494 0.419753
vt 0.160494 0.432099
vt 0.160494 0.444445
vt 0.160494 0.456790
vt 0.160494 0.469136
vt 0.160494 0.481482
vt 0.160494 0.493827
vt 0.160494 0.506173
vt 0.160494 0.518519
vt 0.160494 0.530864
vt 0.160494 0.543210
vt 0.160494 0.555556
vt 0.160494 0.567901
vt 0.160494 0.580247
vt 0.160494 0.592593
vt 0.160494 0.604938
vt 0.160494 0.617284
vt 0.160494 0.629630
vt 0.160494 0.641975
vt 0.160494 0.654321
vt 0.160494 0.666667
vt 0.160494 0.679012
vt 0.160494 0.691358
vt 0.160494 0.703704
vt 0.160494 0.716049
vt 0.160494 0.728395
vt 0.160494 0.740741
vt 0.160494 0.753086
vt 0.160494 0.765432
vt 0.160494 0.777778
vt 0.160494 0.790123
vt 0.160494 0.802469
vt 0.160494 0.814815
vt 0.160494 0.827160
vt 0.160494 0.839506
vt 0.160494 0.851852
vt 0.160494 0.864197
vt 0.160494 0.876543
vt 0.160494 0.888889
vt 0.160494 0.901234
vt 0.160494 0.913580
vt 0.160494 0.925926
vt 0.160494 0.938272
vt 0.160494 0.950617
vt 0.160494 0.962963
vt 0.160494 0.975309
vt 0.172839 0.012346
vt 0.172839 0.000000
vt 0.172839 0.024691
vt 0.172839 0.037037
vt 0.172839 0.049383
vt 0.172839 0.061728
vt 0.172839 0.074074
vt 0.172839 0.086420
vt 0.172839 0.098765
vt 0.172839 0.111111
vt 0.172839 0.123457
vt 0.172839 0.135802
vt 0.172839 0.148148
vt 0.172839 0.160494
vt 0.172839 0.172839
vt 0.172839 0.185185
vt 0.172839 0.197531
vt 0.172839 0.209877
vt 0.172839 0.222222
vt 0.172839 0.234568
vt 0.172839 0.246914
vt 0.172839 0.259259
vt 0.172839 0.271605
vt 0.172839 0.283951
vt 0.172839 0.296296
vt 0.172839 0.308642
vt 0.172839 0.320988
vt 0.172839 0.333333
vt 0.172839 0.345679
vt 0.172839 0.358025
vt 0.172839 0.370370
vt 0.172839 0.382716
vt 0.172839 0.395062
vt 0.172839 0.407407
vt 0.172839 0.419753
vt 0.172839 0.432099
vt 0.172840 0.444445
vt 0.172840 0.456790
vt 0.172840 0.469136
vt 0.172840 0.481482
vt 0.172840 0.493827
vt 0.172840 0.506173
vt 0.172840 0.518519
vt 0.172840 0.530864
vt 0.172840 0.543210
vt 0.172840 0.555556
vt 0.172840 0.567901
vt 0.172840 0.580247
vt 0.172840 0.592593
vt 0.172840 0.604938
vt 0.172840 0.617284
vt 0.172840 0.629630
vt 0.172840 0.641975
vt 0.172840 0.654321
vt 0.172840 0.666667
vt 0.172840 0.679012
vt 0.172840 0.691358
vt 0.172840 0.703704
vt 0.172840 0.716049
vt 0.172840 0.728395
vt 0.172840 0.740741
vt 0.172840 0.753086
vt 0.172840 0.765432
vt 0.172840 0.777778
vt 0.172839 0.790123
vt 0.172839 0.802469
vt 0.172839 0.814815
vt 0.172839 0.827160
vt 0.172839 0.839506
vt 0.172840 0.851852
vt 0.172840 0.864197
vt 0.172840 0.876543
vt 0.172839 0.888889
vt 0.172839 0.901234
vt 0.172839 0.913580
vt 0.172839 0.925926
vt 0.172839 0.938272
vt 0.172840 0.950617
vt 0.172840 0.962963
vt 0.172840 0.975309
vt 0.185185 0.012346
vt 0.185185 0.000000
vt 0.185185 0.024691
vt 0.185185 0.037037
vt 0.185185 0.049383
vt 0.185185 0.061728
vt 0.185185 0.074074
vt 0.185185 0.086420
vt 0.185185 0.098765
vt 0.185185 0.111111
vt 0.185185 0.123457
vt 0.185185 0.135802
vt 0.185185 0.148148
vt 0.185185 0.160494
vt 0.185185 0.172839
vt 0.185185 0.185185
vt 0.185185 0.197531
vt 0.185185 0.209877
vt 0.185185 0.222222
vt 0.185185 0.234568
vt 0.185185 0.246914
vt 0.185185 0.259259
vt 0.185185 0.271605
vt 0.185185 0.283951
vt 0.185185 0.296296
vt 0.185185 0.308642
vt 0.185185 0.320988
vt 0.185185 0.333333
vt 0.185185 0.345679
vt 0.185185 0.358025
vt 0.185185 0.370370
vt 0.185185 0.382716
vt 0.185185 0.395062
vt 0.185185 0.407407
vt 0.185185 0.419753
vt 0.185185 0.432099
vt 0.185185 0.444445
vt 0.185185 0.456790
vt 0.185185 0.469136
vt 0.185185 0.481482
vt 0.185185 0.493827
vt 0.185185 0.506173
vt 0.185185 0.518519
vt 0.185185 0.530864
vt 0.185185 0.543210
vt 0.185185 0.555556
vt 0.185185 0.567901
vt 0.185185 0.580247
vt 0.185185 0.592593
vt 0.185185 0.604938
vt 0.185185 0.617284
vt 0.185185 0.629630
vt 0.185185 0.641975
vt 0.185185 0.654321
vt 0.185185 0.666667
vt 0.185185 0.679012
vt 0.185185 0.691358
vt 0.185185 0.703704
vt 0.185185 0.716049
vt 0.185185 0.728395
vt 0.185185 0.740741
vt 0.185185 0.753086
vt 0.185185 0.765432
vt 0.185185 0.777778
vt 0.185185 0.790123
vt 0.185185 0.802469
vt 0.185185 0.814815
vt 0.185185 0.827160
vt 0.185185 0.839506
vt 0.185185 0.851852
vt 0.185185 0.864197
vt 0.185185 0.876543
vt 0.185185 0.888889
vt 0.185185 0.901234
vt 0.185185 0.913580
vt 0.185185 0.925926
vt 0.185185 0.938272
vt 0.185185 0.950617
vt 0.185185 0.962963
vt 0.185185 0.975309
vt 0.197531 0.012346
vt 0.197531 0.000000
vt 0.197531 0.024691
vt 0.197531 0.037037
vt 0.197531 0.049383
vt 0.197531 0.061728
vt 0.197531 0.074074
vt 0.197531 0.086420
vt 0.197531 0.098765
vt 0.197531 0.111111
vt 0.197531 0.123457
vt 0.197531 0.135802
vt 0.197531 0.148148
vt 0.197531 0.160494
vt 0.197531 0.172839
vt 0.197531 0.185185
vt 0.197531 0.197531
vt 0.197531 0.209877
vt 0.197531 0.222222
vt 0.197531 0.234568
vt 0.197531 0.246914
vt 0.197531 0.259259
vt 0.197531 0.271605
vt 0.197531 0.283951
vt 0.197531 0.296296
vt 0.197531 0.308642
vt 0.197531 0.320988
vt 0.197531 0.333333
vt 0.197531 0.345679
vt 0.197531 0.358025
vt 0.197531 0.370370
vt 0.197531 0.382716
vt 0.197531 0.395062
vt 0.197531 0.407407
vt 0.197531 0.419753
vt 0.197531 0.432099
vt 0.197531 0.444445
vt 0.197531 0.456790
vt 0.197531 0.469136
vt 0.197531 0.481482
vt 0.197531 0.493827
vt 0.197531 0.506173
vt 0.197531 0.518519
vt 0.197531 0.530864
vt 0.197531 0.543210
vt 0.197531 0.555556
vt 0.197531 0.567901
vt 0.197531 0.580247
vt 0.197531 0.592593
vt 0.197531 0.604938
vt 0.197531 0.617284
vt 0.197531 0.629630
vt 0.197531 0.641975
vt 0.197531 0.654321
vt 0.197531 0.666667
vt 0.197531 0.679012
vt 0.197531 0.691358
vt 0.197531 0.703704
vt 0.197531 0.716049
vt 0.197531 0.728395
vt 0.197531 0.740741
vt 0.197531 0.753086
vt 0.197531 0.765432
vt 0.197531 0.777778
vt 0.197531 0.790123
vt 0.197531 0.802469
vt 0.197531 0.814815
vt 0.197531 0.827160
vt 0.197531 0.839506
vt 0.197531 0.851852
vt 0.197531 0.864197
vt 0.197531 0.876543
vt 0.197531 0.888889
vt 0.197531 0.901234
vt 0.197531 0.913580
vt 0.197531 0.925926
vt 0.197531 0.938272
vt 0.197531 0.950617
vt 0.197531 0.962963
vt 0.197531 0.975309
vt 0.209877 0.012346
vt 0.209877 0.000000
vt 0.209877 0.024691
vt 0.209877 0.037037
vt 0.209877 0.049383
vt 0.209877 0.061728
vt 0.209877 0.074074
vt 0.209877 0.086420
vt 0.209877 0.098765
vt 0.209877 0.111111
vt 0.209877 0.123457
vt 0.209877 0.135802
vt 0.209877 0.148148
vt 0.209877 0.160494
vt 0.209877 0.172839
vt 0.209877 0.185185
vt 0.209877 0.197531
vt 0.209877 0.209877
vt 0.209877 0.222222
vt 0.209877 0.234568
vt 0.209877 0.246914
vt 0.209877 0.259259
vt 0.209877 0.271605
vt 0.209877 0.283951
vt 0.209877 0.296296
vt 0.209877 0.308642
vt 0.209877 0.320988
vt 0.209877 0.333333
vt 0.209877 0.345679
vt 0.209877 0.358025
vt 0.209877 0.370370
vt 0.209877 0.382716
vt 0.209877 0.395062
vt 0.209877 0.407407
vt 0.209877 0.419753
vt 0.209877 0.432099
vt 0.209877 0.444445
vt 0.209877 0.456790
vt 0.209877 0.469136
vt 0.209877 0.481482
vt 0.209877 0.493827
vt 0.209877 0.506173
vt 0.209877 0.518519
vt 0.209877 0.530864
vt 0.209877 0.543210
vt 0.209877 0.555556
vt 0.209877 0.567901
vt 0.209877 0.580247
vt 0.209877 0.592593
vt 0.209877 0.604938
vt 0.209877 0.617284
vt 0.209877 0.629630
vt 0.209877 0.641975
vt 0.209877 0.654321
vt 0.209877 0.666667
vt 0.209877 0.679012
vt 0.209877 0.691358
vt 0.209877 0.703704
vt 0.209877 0.716049
vt 0.209877 0.728395
vt 0.209877 0.740741
vt 0.209877 0.753086
vt 0.209877 0.765432
vt 0.209877 0.777778
vt 0.209877 0.790123
vt 0.209877 0.802469
vt 0.209877 0.814815
vt 0.209877 0.827160
vt 0.209877 0.839506
vt 0.209877 0.851852
vt 0.209877 0.864197
vt 0.209877 0.876543
vt 0.209877 0.888889
vt 0.209877 0.901234
vt 0.209877 0.913580
vt 0.209877 0.925926
vt 0.209877 0.938272
vt 0.209877 0.950617
vt 0.209877 0.962963
vt 0.209877 0.975309
vt 0.222222 0.012346
vt 0.222222 0.000000
vt 0.222222 0.024691
vt 0.222222 0.037037
vt 0.222222 0.049383
vt 0.222222 0.061728
vt 0.222222 0.074074
vt 0.222222 0.086420
vt 0.222222 0.098765
vt 0.222222 0.111111
vt 0.222222 0.123457
vt 0.222222 0.135802
vt 0.222222 0.148148
vt 0.222222 0.160494
vt 0.222222 0.172839
vt 0.222222 0.185185
vt 0.222222 0.197531
vt 0.222222 0.209877
vt 0.222222 0.222222
vt 0.222222 0.234568
vt 0.222222 0.246914
vt 0.222222 0.259259
vt 0.222222 0.271605
vt 0.222222 0.283951
vt 0.222222 0.296296
vt 0.222222 0.308642
vt 0.222222 0.320988
vt 0.222222 0.333333
vt 0.222222 0.345679
vt 0.222222 0.358025
vt 0.222222 0.370370
vt 0.222222 0.382716
vt 0.222222 0.395062
vt 0.222222 0.407407
vt 0.222222 0.419753
vt 0.222222 0.432099
vt 0.222222 0.444445
vt 0.222222 0.456790
vt 0.222222 0.469136
vt 0.222222 0.481482
vt 0.222222 0.493827
vt 0.222222 0.506173
vt 0.222222 0.518519
vt 0.222222 0.530864
vt 0.222222 0.543210
vt 0.222222 0.555556
vt 0.222222 0.567901
vt 0.222222 0.580247
vt 0.222222 0.592593
vt 0.222222 0.604938
vt 0.222222 0.617284
vt 0.222222 0.629630
vt 0.222222 0.641975
vt 0.222222 0.654321
vt 0.222222 0.666667
vt 0.222222 0.679012
vt 0.222222 0.691358
vt 0.222222 0.703704
vt 0.222222 0.716049
vt 0.222222 0.728395
vt 0.222222 0.740741
vt 0.222222 0.753086
vt 0.222222 0.765432
vt 0.222222 0.777778
vt 0.222222 0.790123
vt 0.222222 0.802469
vt 0.222222 0.814815
vt 0.222222 0.827160
vt 0.222222 0.839506
vt 0.222222 0.851852
vt 0.222222 0.864197
vt 0.222222 0.876543
vt 0.222222 0.888889
vt 0.222222 0.901234
vt 0.222222 0.913580
vt 0.222222 0.925926
vt 0.222222 0.938272
vt 0.222222 0.950617
vt 0.222222 0.962963
vt 0.222222 0.975309
vt 0.234568 0.012346
vt 0.234568 0.000000
vt 0.234568 0.024691
vt 0.234568 0.037037
vt 0.234568 0.049383
vt 0.234568 0.061728
vt 0.234568 0.074074
vt 0.234568 0.086420
vt 0.234568 0.098765
vt 0.234568 0.111111
vt 0.234568 0.123457
vt 0.234568 0.135802
vt 0.234568 0.148148
vt 0.234568 0.160494
vt 0.234568 0.172839
vt 0.234568 0.185185
vt 0.234568 0.197531
vt 0.234568 0.209877
vt 0.234568 0.222222
vt 0.234568 0.234568
vt 0.234568 0.246914
vt 0.234568 0.259259
vt 0.234568 0.271605
vt 0.234568 0.283951
vt 0.234568 0.296296
vt 0.234568 0.308642
vt 0.234568 0.320988
vt 0.234568 0.333333
vt 0.234568 0.345679
vt 0.234568 0.358025
vt 0.234568 0.370370
vt 0.234568 0.382716
vt 0.234568 0.395062
vt 0.234568 0.407407
vt 0.234568 0.419753
vt 0.234568 0.432099
vt 0.234568 0.444445
vt 0.234568 0.456790
vt 0.234568 0.469136
vt 0.234568 0.481482
vt 0.234568 0.493827
vt 0.234568 0.506173
vt 0.234568 0.518519
vt 0.234568 0.530864
vt 0.234568 0.543210
vt 0.234568 0.555556
vt 0.234568 0.567901
vt 0.234568 0.580247
vt 0.234568 0.592593
vt 0.234568 0.604938
vt 0.234568 0.617284
vt 0.234568 0.629630
vt 0.234568 0.641975
vt 0.234568 0.654321
vt 0.234568 0.666667
vt 0.234568 0.679012
vt 0.234568 0.691358
vt 0.234568 0.703704
vt 0.234568 0.716049
vt 0.234568 0.728395
vt 0.234568 0.740741
vt 0.234568 0.753086
vt 0.234568 0.765432
vt 0.234568 0.777778
vt 0.234568 0.790123
vt 0.234568 0.802469
vt 0.234568 0.814815
vt 0.234568 0.827160
vt 0.234568 0.839506
vt 0.234568 0.851852
vt 0.234568 0.864197
vt 0.234568 0.876543
vt 0.234568 0.888889
vt 0.234568 0.901234
vt 0.234568 0.913580
vt 0.234568 0.925926
vt 0.234568 0.938272
vt 0.234568 0.950617
vt 0.234568 0.962963
vt 0.234568 0.975309
vt 0.246914 0.012346
vt 0.246914 0.000000
vt 0.246914 0.024691
vt 0.246914 0.037037
vt 0.246914 0.049383
vt 0.246914 0.061728
vt 0.246914 0.074074
vt 0.246914 0.086420
vt 0.246914 0.098765
vt 0.246914 0.111111
vt 0.246914 0.123457
vt 0.246914 0.135802
vt 0.246914 0.148148
vt 0.246914 0.160494
vt 0.246914 0.172839
vt 0.246914 0.185185
vt 0.246914 0.197531
vt 0.246914 0.209877
vt 0.246914 0.222222
vt 0.246914 0.234568
vt 0.246914 0.246914
vt 0.246914 0.259259
vt 0.246914 0.271605
vt 0.246914 0.283951
vt 0.246914 0.296296
vt 0.246914 0.308642
vt 0.246914 0.320988
vt 0.246914 0.333333
vt 0.246914 0.345679
vt 0.246914 0.358025
vt 0.246914 0.370370
vt 0.246914 0.382716
vt 0.246914 0.395062
vt 0.246914 0.407407
vt 0.246914 0.419753
vt 0.246914 0.432099
vt 0.246914 0.444445
vt 0.246914 0.456790
vt 0.246914 0.469136
vt 0.246914 0.481482
vt 0.246914 0.493827
vt 0.246914 0.506173
vt 0.246914 0.518519
vt 0.246914 0.530864
vt 0.246914 0.543210
vt 0.246914 0.555556
vt 0.246914 0.567901
vt 0.246914 0.580247
vt 0.246914 0.592593
vt 0.246914 0.604938
vt 0.246914 0.617284
vt 0.246914 0.629630
vt 0.246914 0.641975
vt 0.246914 0.654321
vt 0.246914 0.666667
vt 0.246914 0.679012
vt 0.246914 0.691358
vt 0.246914 0.703704
vt 0.246914 0.716049
vt 0.246914 0.728395
vt 0.246914 0.740741
vt 0.246914 0.753086
vt 0.246914 0.765432
vt 0.246914 0.777778
vt 0.246914 0.790123
vt 0.246914 0.802469
vt 0.246914 0.814815
vt 0.246914 0.827160
vt 0.246914 0.839506
vt 0.246914 0.851852
vt 0.246914 0.864197
vt 0.246914 0.876543
vt 0.246914 0.888889
vt 0.246914 0.901234
vt 0.246914 0.913580
vt 0.246914 0.925926
vt 0.246914 0.938272
vt 0.246914 0.950617
vt 0.246914 0.962963
vt 0.246914 0.975309
vt 0.259259 0.012346
vt 0.259259 0.000000
vt 0.259259 0.024691
vt 0.259259 0.037037
vt 0.259259 0.049383
vt 0.259259 0.061728
vt 0.259259 0.074074
vt 0.259259 0.086420
vt 0.259259 0.098765
vt 0.259259 0.111111
vt 0.259259 0.123457
vt 0.259259 0.135802
vt 0.259259 0.148148
vt 0.259259 0.160494
vt 0.259259 0.172839
vt 0.259259 0.185185
vt 0.259259 0.197531
vt 0.259259 0.209877
vt 0.259259 0.222222
vt 0.259259 0.234568
vt 0.259259 0.246914
vt 0.259259 0.259259
vt 0.259259 0.271605
vt 0.259259 0.283951
vt 0.259259 0.296296
vt 0.259259 0.308642
vt 0.259259 0.320988
vt 0.259259 0.333333
vt 0.259259 0.345679
vt 0.259259 0.358025
vt 0.259259 0.370370
vt 0.259259 0.382716
vt 0.259259 0.395062
vt 0.259259 0.407407
vt 0.259259 0.419753
vt 0.259259 0.432099
vt 0.259259 0.444445
vt 0.259259 0.456790
vt 0.259259 0.469136
vt 0.259259 0.481482
vt 0.259259 0.493827
vt 0.259259 0.506173
vt 0.259259 0.518519
vt 0.259259 0.530864
vt 0.259259 0.543210
vt 0.259259 0.555556
vt 0.259259 0.567901
vt 0.259259 0.580247
vt 0.259259 0.592593
vt 0.259259 0.604938
vt 0.259259 0.617284
vt 0.259259 0.629630
vt 0.259259 0.641975
vt 0.259259 0.654321
vt 0.259259 0.666667
vt 0.259259 0.679012
vt 0.259259 0.691358
vt 0.259259 0.703704
vt 0.259259 0.716049
vt 0.259259 0.728395
vt 0.259259 0.740741
vt 0.259259 0.753086
vt 0.259259 0.765432
vt 0.259259 0.777778
vt 0.259259 0.790123
vt 0.259259 0.802469
vt 0.259259 0.814815
vt 0.259259 0.827160
vt 0.259259 0.839506
vt 0.259259 0.851852
vt 0.259259 0.864197
vt 0.259259 0.876543
vt 0.259259 0.888889
vt 0.259259 0.901234
vt 0.259259 0.913580
vt 0.259259 0.925926
vt 0.259259 0.938272
vt 0.259259 0.950617
vt 0.259259 0.962963
vt 0.259259 0.975309
vt 0.271605 0.012346
vt 0.271605 0.000000
vt 0.271605 0.024691
vt 0.271605 0.037037
vt 0.271605 0.049383
vt 0.271605 0.061728
vt 0.271605 0.074074
vt 0.271605 0.086420
vt 0.271605 0.098765
vt 0.271605 0.111111
vt 0.271605 0.123457
vt 0.271605 0.135802
vt 0.271605 0.148148
vt 0.271605 0.160494
vt 0.271605 0.172839
vt 0.271605 0.185185
vt 0.271605 0.197531
vt 0.271605 0.209877
vt 0.271605 0.222222
vt 0.271605 0.234568
vt 0.271605 0.246914
vt 0.271605 0.259259
vt 0.271605 0.271605
vt 0.271605 0.283951
vt 0.271605 0.296296
vt 0.271605 0.308642
vt 0.271605 0.320988
vt 0.271605 0.333333
vt 0.271605 0.345679
vt 0.271605 0.358025
vt 0.271605 0.370370
vt 0.271605 0.382716
vt 0.271605 0.395062
vt 0.271605 0.407407
vt 0.271605 0.419753
vt 0.271605 0.432099
vt 0.271605 0.444445
vt 0.271605 0.456790
vt 0.271605 0.469136
vt 0.271605 0.481482
vt 0.271605 0.493827
vt 0.271605 0.506173
vt 0.271605 0.518519
vt 0.271605 0.530864
vt 0.271605 0.543210
vt 0.271605 0.555556
vt 0.271605 0.567901
vt 0.271605 0.580247
vt 0.271605 0.592593
vt 0.271605 0.604938
vt 0.271605 0.617284
vt 0.271605 0.629630
vt 0.271605 0.641975
vt 0.271605 0.654321
vt 0.271605 0.666667
vt 0.271605 0.679012
vt 0.271605 0.691358
vt 0.271605 0.703704
vt 0.271605 0.716049
vt 0.271605 0.728395
vt 0.271605 0.740741
vt 0.271605 0.753086
vt 0.271605 0.765432
vt 0.271605 0.777778
vt 0.271605 0.790123
vt 0.271605 0.802469
vt 0.271605 0.814815
vt 0.271605 0.827160
vt 0.271605 0.839506
vt 0.271605 0.851852
vt 0.271605 0.864197
vt 0.271605 0.876543
vt 0.271605 0.888889
vt 0.271605 0.901234
vt 0.271605 0.913580
vt 0.271605 0.925926
vt 0.271605 0.938272
vt 0.271605 0.950617
vt 0.271605 0.962963
vt 0.271605 0.975309
vt 0.283951 0.012346
vt 0.283951 0.000000
vt 0.283951 0.024691
vt 0.283951 0.037037
vt 0.283951 0.049383
vt 0.283951 0.061728
vt 0.283951 0.074074
vt 0.283951 0.086420
vt 0.283951 0.098765
vt 0.283951 0.111111
vt 0.283951 0.123457
vt 0.283951 0.135802
vt 0.283951 0.148148
vt 0.283951 0.160494
vt 0.283951 0.172839
vt 0.283951 0.185185
vt 0.283951 0.197531
vt 0.283951 0.209877
vt 0.283951 0.222222
vt 0.283951 0.234568
vt 0.283951 0.246914
vt 0.283951 0.259259
vt 0.283951 0.271605
vt 0.283951 0.283951
vt 0.283951 0.296296
vt 0.283951 0.308642
vt 0.283951 0.320988
vt 0.283951 0.333333
vt 0.283951 0.345679
vt 0.283951 0.358025
vt 0.283951 0.370370
vt 0.283951 0.382716
vt 0.283951 0.395062
vt 0.283951 0.407407
vt 0.283951 0.419753
vt 0.283951 0.432099
vt 0.283951 0.444445
vt 0.283951 0.456790
vt 0.283951 0.469136
vt 0.283951 0.481482
vt 0.283951 0.493827
vt 0.283951 0.506173
vt 0.283951 0.518519
vt 0.283951 0.530864
vt 0.283951 0.543210
vt 0.283951 0.555556
vt 0.283951 0.567901
vt 0.283951 0.580247
vt 0.283951 0.592593
vt 0.283951 0.604938
vt 0.283951 0.617284
vt 0.283951 0.629630
vt 0.283951 0.641975
vt 0.283951 0.654321
vt 0.283951 0.666667
vt 0.283951 0.679012
vt 0.283951 0.691358
vt 0.283951 0.703704
vt 0.283951 0.716049
vt 0.283951 0.728395
vt 0.283951 0.740741
vt 0.283951 0.753086
vt 0.283951 0.765432
vt 0.283951 0.777778
vt 0.283951 0.790123
vt 0.283951 0.802469
vt 0.283951 0.814815
vt 0.283951 0.827160
vt 0.283951 0.839506
vt 0.283951 0.851852
vt 0.283951 0.864197
vt 0.283951 0.876543
vt 0.283951 0.888889
vt 0.283951 0.901234
vt 0.283951 0.913580
vt 0.283951 0.925926
vt 0.283951 0.938272
vt 0.283951 0.950617
vt 0.283951 0.962963
vt 0.283951 0.975309
vt 0.296296 0.012346
vt 0.296296 0.000000
vt 0.296296 0.024691
vt 0.296296 0.037037
vt 0.296296 0.049383
vt 0.296296 0.061728
vt 0.296296 0.074074
vt 0.296296 0.086420
vt 0.296296 0.098765
vt 0.296296 0.111111
vt 0.296296 0.123457
vt 0.296296 0.135802
vt 0.296296 0.148148
vt 0.296296 0.160494
vt 0.296296 0.172839
vt 0.296296 0.185185
vt 0.296296 0.197531
vt 0.296296 0.209877
vt 0.296296 0.222222
vt 0.296296 0.234568
vt 0.296296 0.246914
vt 0.296296 0.259259
vt 0.296296 0.271605
vt 0.296296 0.283951
vt 0.296296 0.296296
vt 0.296296 0.308642
vt 0.296296 0.320988
vt 0.296296 0.333333
vt 0.296296 0.345679
vt 0.296296 0.358025
vt 0.296296 0.370370
vt 0.296296 0.382716
vt 0.296296 0.395062
vt 0.296296 0.407407
vt 0.296296 0.419753
vt 0.296296 0.432099
vt 0.296296 0.444445
vt 0.296296 0.456790
vt 0.296296 0.469136
vt 0.296296 0.481482
vt 0.296296 0.493827
vt 0.296296 0.506173
vt 0.296296 0.518519
vt 0.296296 0.530864
vt 0.296296 0.543210
vt 0.296296 0.555556
vt 0.296296 0.567901
vt 0.296296 0.580247
vt 0.296296 0.592593
vt 0.296296 0.604938
vt 0.296296 0.617284
vt 0.296296 0.629630
vt 0.296296 0.641975
vt 0.296296 0.654321
vt 0.296296 0.666667
vt 0.296296 0.679012
vt 0.296296 0.691358
vt 0.296296 0.703704
vt 0.296296 0.716049
vt 0.296296 0.728395
vt 0.296296 0.740741
vt 0.296296 0.753086
vt 0.296296 0.765432
vt 0.296296 0.777778
vt 0.296296 0.790123
vt 0.296296 0.802469
vt 0.296296 0.814815
vt 0.296296 0.827160
vt 0.296296 0.839506
vt 0.296296 0.851852
vt 0.296296 0.864197
vt 0.296296 0.876543
vt 0.296296 0.888889
vt 0.296296 0.901234
vt 0.296296 0.913580
vt 0.296296 0.925926
vt 0.296296 0.938272
vt 0.296296 0.950617
vt 0.296296 0.962963
vt 0.296296 0.975309
vt 0.308642 0.012346
vt 0.308642 0.000000
vt 0.308642 0.024691
vt 0.308642 0.037037
vt 0.308642 0.049383
vt 0.308642 0.061728
vt 0.308642 0.074074
vt 0.308642 0.086420
vt 0.308642 0.098765
vt 0.308642 0.111111
vt 0.308642 0.123457
vt 0.308642 0.135802
vt 0.308642 0.148148
vt 0.308642 0.160494
vt 0.308642 0.172839
vt 0.308642 0.185185
vt 0.308642 0.197531
vt 0.308642 0.209877
vt 0.308642 0.222222
vt 0.308642 0.234568
vt 0.308642 0.246914
vt 0.308642 0.259259
vt 0.308642 0.271605
vt 0.308642 0.283951
vt 0.308642 0.296296
vt 0.308642 0.308642
vt 0.308642 0.320988
vt 0.308642 0.333333
vt 0.308642 0.345679
vt 0.308642 0.358025
vt 0.308642 0.370370
vt 0.308642 0.382716
vt 0.308642 0.395062
vt 0.308642 0.407407
vt 0.308642 0.419753
vt 0.308642 0.432099
vt 0.308642 0.444445
vt 0.308642 0.456790
vt 0.308642 0.469136
vt 0.308642 0.481482
vt 0.308642 0.493827
vt 0.308642 0.506173
vt 0.308642 0.518519
vt 0.308642 0.530864
vt 0.308642 0.543210
vt 0.308642 0.555556
vt 0.308642 0.567901
vt 0.308642 0.580247
vt 0.308642 0.592593
vt 0.308642 0.604938
vt 0.308642 0.617284
vt 0.308642 0.629630
vt 0.308642 0.641975
vt 0.308642 0.654321
vt 0.308642 0.666667
vt 0.308642 0.679012
vt 0.308642 0.691358
vt 0.308642 0.703704
vt 0.308642 0.716049
vt 0.308642 0.728395
vt 0.308642 0.740741
vt 0.308642 0.753086
vt 0.308642 0.765432
vt 0.308642 0.777778
vt 0.308642 0.790123
vt 0.308642 0.802469
vt 0.308642 0.814815
vt 0.308642 0.827160
vt 0.308642 0.839506
vt 0.308642 0.851852
vt 0.308642 0.864197
vt 0.308642 0.876543
vt 0.308642 0.888889
vt 0.308642 0.901234
vt 0.308642 0.913580
vt 0.308642 0.925926
vt 0.308642 0.938272
vt 0.308642 0.950617
vt 0.308642 0.962963
vt 0.308642 0.975309
vt 0.320988 0.012346
vt 0.320988 0.000000
vt 0.320988 0.024691
vt 0.320988 0.037037
vt 0.320988 0.049383
vt 0.320988 0.061728
vt 0.320988 0.074074
vt 0.320988 0.086420
vt 0.320988 0.098765
vt 0.320988 0.111111
vt 0.320988 0.123457
vt 0.320988 0.135802
vt 0.320988 0.148148
vt 0.320988 0.160494
vt 0.320988 0.172839
vt 0.320988 0.185185
vt 0.320988 0.197531
vt 0.320988 0.209877
vt 0.320988 0.222222
vt 0.320988 0.234568
vt 0.320988 0.246914
vt 0.320988 0.259259
vt 0.320988 0.271605
vt 0.320988 0.283951
vt 0.320988 0.296296
vt 0.320988 0.308642
vt 0.320988 0.320988
vt 0.320988 0.333333
vt 0.320988 0.345679
vt 0.320988 0.358025
vt 0.320988 0.370370
vt 0.320988 0.382716
vt 0.320988 0.395062
vt 0.320988 0.407407
vt 0.320988 0.419753
vt 0.320988 0.432099
vt 0.320988 0.444445
vt 0.320988 0.456790
vt 0.320988 0.469136
vt 0.320988 0.481482
vt 0.320988 0.493827
vt 0.320988 0.506173
vt 0.320988 0.518519
vt 0.320988 0.530864
vt 0.320988 0.543210
vt 0.320988 0.555556
vt 0.320988 0.567901
vt 0.320988 0.580247
vt 0.320988 0.592593
vt 0.320988 0.604938
vt 0.320988 0.617284
vt 0.320988 0.629630
vt 0.320988 0.641975
vt 0.320988 0.654321
vt 0.320988 0.666667
vt 0.320988 0.679012
vt 0.320988 0.691358
vt 0.320988 0.703704
vt 0.320988 0.716049
vt 0.320988 0.728395
vt 0.320988 0.740741
vt 0.320988 0.753086
vt 0.320988 0.765432
vt 0.320988 0.777778
vt 0.320988 0.790123
vt 0.320988 0.802469
vt 0.320988 0.814815
vt 0.320988 0.827160
vt 0.320988 0.839506
vt 0.320988 0.851852
vt 0.320988 0.864197
vt 0.320988 0.876543
vt 0.320988 0.888889
vt 0.320988 0.901234
vt 0.320988 0.913580
vt 0.320988 0.925926
vt 0.320988 0.938272
vt 0.320988 0.950617
vt 0.320988 0.962963
vt 0.320988 0.975309
vt 0.333333 0.012346
vt 0.333333 0.000000
vt 0.333333 0.024691
vt 0.333333 0.037037
vt 0.333333 0.049383
vt 0.333333 0.061728
vt 0.333333 0.074074
vt 0.333333 0.086420
vt 0.333333 0.098765
vt 0.333333 0.111111
vt 0.333333 0.123457
vt 0.333333 0.135802
vt 0.333333 0.148148
vt 0.333333 0.160494
vt 0.333333 0.172839
vt 0.333333 0.185185
vt 0.333333 0.197531
vt 0.333333 0.209877
vt 0.333333 0.222222
vt 0.333333 0.234568
vt 0.333333 0.246914
vt 0.333333 0.259259
vt 0.333333 0.271605
vt 0.333333 0.283951
vt 0.333333 0.296296
vt 0.333333 0.308642
vt 0.333333 0.320988
vt 0.333333 0.333333
vt 0.333333 0.345679
vt 0.333333 0.358025
vt 0.333333 0.370370
vt 0.333333 0.382716
vt 0.333333 0.395062
vt 0.333334 0.407407
vt 0.333334 0.419753
vt 0.333334 0.432099
vt 0.333334 0.444445
vt 0.333334 0.456790
vt 0.333334 0.469136
vt 0.333334 0.481482
vt 0.333334 0.493827
vt 0.333334 0.506173
vt 0.333334 0.518519
vt 0.333334 0.530864
vt 0.333333 0.543210
vt 0.333333 0.555556
vt 0.333333 0.567901
vt 0.333333 0.580247
vt 0.333333 0.592593
vt 0.333334 0.604938
vt 0.333333 0.617284
vt 0.333333 0.629630
vt 0.333333 0.641975
vt 0.333333 0.654321
vt 0.333333 0.666667
vt 0.333333 0.679012
vt 0.333333 0.691358
vt 0.333333 0.703704
vt 0.333333 0.716049
vt 0.333333 0.728395
vt 0.333333 0.740741
vt 0.333333 0.753086
vt 0.333333 0.765432
vt 0.333333 0.777778
vt 0.333333 0.790123
vt 0.333333 0.802469
vt 0.333333 0.814815
vt 0.333333 0.827160
vt 0.333333 0.839506
vt 0.333333 0.851852
vt 0.333333 0.864197
vt 0.333333 0.876543
vt 0.333333 0.888889
vt 0.333333 0.901234
vt 0.333333 0.913580
vt 0.333333 0.925926
vt 0.333333 0.938272
vt 0.333333 0.950617
vt 0.333333 0.962963
vt 0.333333 0.975309
vt 0.345679 0.012346
vt 0.345679 0.000000
vt 0.345679 0.024691
vt 0.345679 0.037037
vt 0.345679 0.049383
vt 0.345679 0.061728
vt 0.345679 0.074074
vt 0.345679 0.086420
vt 0.345679 0.098765
vt 0.345679 0.111111
vt 0.345679 0.123457
vt 0.345679 0.135802
vt 0.345679 0.148148
vt 0.345679 0.160494
vt 0.345679 0.172839
vt 0.345679 0.185185
vt 0.345679 0.197531
vt 0.345679 0.209877
vt 0.345679 0.222222
vt 0.345679 0.234568
vt 0.345679 0.246914
vt 0.345679 0.259259
vt 0.345679 0.271605
vt 0.345679 0.283951
vt 0.345679 0.296296
vt 0.345679 0.308642
vt 0.345679 0.320988
vt 0.345679 0.333333
vt 0.345679 0.345679
vt 0.345679 0.358025
vt 0.345679 0.370370
vt 0.345679 0.382716
vt 0.345679 0.395062
vt 0.345679 0.407407
vt 0.345679 0.419753
vt 0.345679 0.432099
vt 0.345679 0.444445
vt 0.345679 0.456790
vt 0.345679 0.469136
vt 0.345679 0.481482
vt 0.345679 0.493827
vt 0.345679 0.506173
vt 0.345679 0.518519
vt 0.345679 0.530864
vt 0.345679 0.543210
vt 0.345679 0.555556
vt 0.345679 0.567901
vt 0.345679 0.580247
vt 0.345679 0.592593
vt 0.345679 0.604938
vt 0.345679 0.617284
vt 0.345679 0.629630
vt 0.345679 0.641975
vt 0.345679 0.654321
vt 0.345679 0.666667
vt 0.345679 0.679012
vt 0.345679 0.691358
vt 0.345679 0.703704
vt 0.345679 0.716049
vt 0.345679 0.728395
vt 0.345679 0.740741
vt 0.345679 0.753086
vt 0.345679 0.765432
vt 0.345679 0.777778
vt 0.345679 0.790123
vt 0.345679 0.802469
vt 0.345679 0.814815
vt 0.345679 0.827160
vt 0.345679 0.839506
vt 0.345679 0.851852
vt 0.345679 0.864197
vt 0.345679 0.876543
vt 0.345679 0.888889
vt 0.345679 0.901234
vt 0.345679 0.913580
vt 0.345679 0.925926
vt 0.345679 0.938272
vt 0.345679 0.950617
vt 0.345679 0.962963
vt 0.345679 0.975309
vt 0.358025 0.012346
vt 0.358025 0.000000
vt 0.358025 0.024691
vt 0.358025 0.037037
vt 0.358025 0.049383
vt 0.358025 0.061728
vt 0.358025 0.074074
vt 0.358025 0.086420
vt 0.358025 0.098765
vt 0.358025 0.111111
vt 0.358025 0.123457
vt 0.358025 0.135802
vt 0.358025 0.148148
vt 0.358025 0.160494
vt 0.358025 0.172839
vt 0.358025 0.185185
vt 0.358025 0.197531
vt 0.358025 0.209877
vt 0.358025 0.222222
vt 0.358025 0.234568
vt 0.358025 0.246914
vt 0.358025 0.259259
vt 0.358025 0.271605
vt 0.358025 0.283951
vt 0.358025 0.296296
vt 0.358025 0.308642
vt 0.358025 0.320988
vt 0.358025 0.333333
vt 0.358025 0.345679
vt 0.358025 0.358025
vt 0.358025 0.370370
vt 0.358025 0.382716
vt 0.358025 0.395062
vt 0.358025 0.407407
vt 0.358025 0.419753
vt 0.358025 0.432099
vt 0.358025 0.444445
vt 0.358025 0.456790
vt 0.358025 0.469136
vt 0.358025 0.481482
vt 0.358025 0.493827
vt 0.358025 0.506173
vt 0.358025 0.518519
vt 0.358025 0.530864
vt 0.358025 0.543210
vt 0.358025 0.555556
vt 0.358025 0.567901
vt 0.358025 0.580247
vt 0.358025 0.592593
vt 0.358025 0.604938
vt 0.358025 0.617284
vt 0.358025 0.629630
vt 0.358025 0.641975
vt 0.358025 0.654321
vt 0.358025 0.666667
vt 0.358025 0.679012
vt 0.358025 0.691358
vt 0.358025 0.703704
vt 0.358025 0.716049
vt 0.358025 0.728395
vt 0.358025 0.740741
vt 0.358025 0.753086
vt 0.358025 0.765432
vt 0.358025 0.777778
vt 0.358025 0.790123
vt 0.358025 0.802469
vt 0.358025 0.814815
vt 0.358025 0.827160
vt 0.358025 0.839506
vt 0.358025 0.851852
vt 0.358025 0.864197
vt 0.358025 0.876543
vt 0.358025 0.888889
vt 0.358025 0.901234
vt 0.358025 0.913580
vt 0.358025 0.925926
vt 0.358025 0.938272
vt 0.358025 0.950617
vt 0.358025 0.962963
vt 0.358025 0.975309
vt 0.370370 0.012346
vt 0.370370 0.000000
vt 0.370370 0.024691
vt 0.370370 0.037037
vt 0.370370 0.049383
vt 0.370370 0.061728
vt 0.370370 0.074074
vt 0.370370 0.086420
vt 0.370370 0.098765
vt 0.370370 0.111111
vt 0.370370 0.123457
vt 0.370370 0.135802
vt 0.370370 0.148148
vt 0.370370 0.160494
vt 0.370370 0.172839
vt 0.370370 0.185185
vt 0.370370 0.197531
vt 0.370370 0.209877
vt 0.370370 0.222222
vt 0.370370 0.234568
vt 0.370370 0.246914
vt 0.370371 0.259259
vt 0.370371 0.271605
vt 0.370371 0.283951
vt 0.370371 0.296296
vt 0.370371 0.308642
vt 0.370371 0.320988
vt 0.370371 0.333333
vt 0.370371 0.345679
vt 0.370371 0.358025
vt 0.370371 0.370370
vt 0.370371 0.382716
vt 0.370371 0.395062
vt 0.370371 0.407407
vt 0.370371 0.419753
vt 0.370371 0.432099
vt 0.370371 0.444445
vt 0.370371 0.456790
vt 0.370371 0.469136
vt 0.370371 0.481482
vt 0.370371 0.493827
vt 0.370371 0.506173
vt 0.370371 0.518519
vt 0.370371 0.530864
vt 0.370371 0.543210
vt 0.370371 0.555556
vt 0.370371 0.567901
vt 0.370371 0.580247
vt 0.370371 0.592593
vt 0.370371 0.604938
vt 0.370371 0.617284
vt 0.370371 0.629630
vt 0.370371 0.641975
vt 0.370371 0.654321
vt 0.370371 0.666667
vt 0.370371 0.679012
vt 0.370371 0.691358
vt 0.370371 0.703704
vt 0.370371 0.716049
vt 0.370371 0.728395
vt 0.370371 0.740741
vt 0.370371 0.753086
vt 0.370371 0.765432
vt 0.370371 0.777778
vt 0.370371 0.790123
vt 0.370371 0.802469
vt 0.370371 0.814815
vt 0.370371 0.827160
vt 0.370371 0.839506
vt 0.370371 0.851852
vt 0.370371 0.864197
vt 0.370371 0.876543
vt 0.370371 0.888889
vt 0.370371 0.901234
vt 0.370371 0.913580
vt 0.370371 0.925926
vt 0.370371 0.938272
vt 0.370371 0.950617
vt 0.370371 0.962963
vt 0.370371 0.975309
vt 0.382716 0.012346
vt 0.382716 0.000000
vt 0.382716 0.024691
vt 0.382716 0.037037
vt 0.382716 0.049383
vt 0.382716 0.061728
vt 0.382716 0.074074
vt 0.382716 0.086420
vt 0.382716 0.098765
vt 0.382716 0.111111
vt 0.382716 0.123457
vt 0.382716 0.135802
vt 0.382716 0.148148
vt 0.382716 0.160494
vt 0.382716 0.172839
vt 0.382716 0.185185
vt 0.382716 0.197531
vt 0.382716 0.209877
vt 0.382716 0.222222
vt 0.382716 0.234568
vt 0.382716 0.246914
vt 0.382716 0.259259
vt 0.382716 0.271605
vt 0.382716 0.283951
vt 0.382716 0.296296
vt 0.382716 0.308642
vt 0.382716 0.320988
vt 0.382716 0.333333
vt 0.382716 0.345679
vt 0.382716 0.358025
vt 0.382716 0.370370
vt 0.382716 0.382716
vt 0.382716 0.395062
vt 0.382716 0.407407
vt 0.382716 0.419753
vt 0.382716 0.432099
vt 0.382716 0.444445
vt 0.382716 0.456790
vt 0.382716 0.469136
vt 0.382716 0.481482
vt 0.382716 0.493827
vt 0.382716 0.506173
vt 0.382716 0.518519
vt 0.382716 0.530864
vt 0.382716 0.543210
vt 0.382716 0.555556
vt 0.382716 0.567901
vt 0.382716 0.580247
vt 0.382716 0.592593
vt 0.382716 0.604938
vt 0.382716 0.617284
vt 0.382716 0.629630
vt 0.382716 0.641975
vt 0.382716 0.654321
vt 0.382716 0.666667
vt 0.382716 0.679012
vt 0.382716 0.691358
vt 0.382716 0.703704
vt 0.382716 0.716049
vt 0.382716 0.728395
vt 0.382716 0.740741
vt 0.382716 0.753086
vt 0.382716 0.765432
vt 0.382716 0.777778
vt 0.382716 0.790123
vt 0.382716 0.802469
vt 0.382716 0.814815
vt 0.382716 0.827160
vt 0.382716 0.839506
vt 0.382716 0.851852
vt 0.382716 0.864197
vt 0.382716 0.876543
vt 0.382716 0.888889
vt 0.382716 0.901234
vt 0.382716 0.913580
vt 0.382716 0.925926
vt 0.382716 0.938272
vt 0.382716 0.950617
vt 0.382716 0.962963
vt 0.382716 0.975309
vt 0.395062 0.012346
vt 0.395062 0.000000
vt 0.395062 0.024691
vt 0.395062 0.037037
vt 0.395062 0.049383
vt 0.395062 0.061728
vt 0.395062 0.074074
vt 0.395062 0.086420
vt 0.395062 0.098765
vt 0.395062 0.111111
vt 0.395062 0.123457
vt 0.395062 0.135802
vt 0.395062 0.148148
vt 0.395062 0.160494
vt 0.395062 0.172839
vt 0.395062 0.185185
vt 0.395062 0.197531
vt 0.395062 0.209877
vt 0.395062 0.222222
vt 0.395062 0.234568
vt 0.395062 0.246914
vt 0.395062 0.259259
vt 0.395062 0.271605
vt 0.395062 0.283951
vt 0.395062 0.296296
vt 0.395062 0.308642
vt 0.395062 0.320988
vt 0.395062 0.333333
vt 0.395062 0.345679
vt 0.395062 0.358025
vt 0.395062 0.370370
vt 0.395062 0.382716
vt 0.395062 0.395062
vt 0.395062 0.407407
vt 0.395062 0.419753
vt 0.395062 0.432099
vt 0.395062 0.444445
vt 0.395062 0.456790
vt 0.395062 0.469136
vt 0.395062 0.481482
vt 0.395062 0.493827
vt 0.395062 0.506173
vt 0.395062 0.518519
vt 0.395062 0.530864
vt 0.395062 0.543210
vt 0.395062 0.555556
vt 0.395062 0.567901
vt 0.395062 0.580247
vt 0.395062 0.592593
vt 0.395062 0.604938
vt 0.395062 0.617284
vt 0.395062 0.629630
vt 0.395062 0.641975
vt 0.395062 0.654321
vt 0.395062 0.666667
vt 0.395062 0.679012
vt 0.395062 0.691358
vt 0.395062 0.703704
vt 0.395062 0.716049
vt 0.395062 0.728395
vt 0.395062 0.740741
vt 0.395062 0.753086
vt 0.395062 0.765432
vt 0.395062 0.777778
vt 0.395062 0.790123
vt 0.395062 0.802469
vt 0.395062 0.814815
vt 0.395062 0.827160
vt 0.395062 0.839506
vt 0.395062 0.851852
vt 0.395062 0.864197
vt 0.395062 0.876543
vt 0.395062 0.888889
vt 0.395062 0.901234
vt 0.395062 0.913580
vt 0.395062 0.925926
vt 0.395062 0.938272
vt 0.395062 0.950617
vt 0.395062 0.962963
vt 0.395062 0.975309
vt 0.407407 0.012346
vt 0.407407 0.000000
vt 0.407407 0.024691
vt 0.407407 0.037037
vt 0.407407 0.049383
vt 0.407407 0.061728
vt 0.407407 0.074074
vt 0.407407 0.086420
vt 0.407407 0.098765
vt 0.407407 0.111111
vt 0.407407 0.123457
vt 0.407407 0.135802
vt 0.407407 0.148148
vt 0.407407 0.160494
vt 0.407407 0.172839
vt 0.407407 0.185185
vt 0.407407 0.197531
vt 0.407407 0.209877
vt 0.407407 0.222222
vt 0.407407 0.234568
vt 0.407407 0.246914
vt 0.407407 0.259259
vt 0.407407 0.271605
vt 0.407407 0.283951
vt 0.407407 0.296296
vt 0.407407 0.308642
vt 0.407407 0.320988
vt 0.407407 0.333333
vt 0.407407 0.345679
vt 0.407407 0.358025
vt 0.407407 0.370370
vt 0.407407 0.382716
vt 0.407407 0.395062
vt 0.407407 0.407407
vt 0.407408 0.419753
vt 0.407408 0.432099
vt 0.407408 0.444445
vt 0.407408 0.456790
vt 0.407408 0.469136
vt 0.407408 0.481482
vt 0.407408 0.493827
vt 0.407408 0.506173
vt 0.407408 0.518519
vt 0.407408 0.530864
vt 0.407408 0.543210
vt 0.407408 0.555556
vt 0.407407 0.567901
vt 0.407407 0.580247
vt 0.407407 0.592593
vt 0.407407 0.604938
vt 0.407407 0.617284
vt 0.407407 0.629630
vt 0.407407 0.641975
vt 0.407407 0.654321
vt 0.407407 0.666667
vt 0.407407 0.679012
vt 0.407407 0.691358
vt 0.407407 0.703704
vt 0.407407 0.716049
vt 0.407407 0.728395
vt 0.407407 0.740741
vt 0.407407 0.753086
vt 0.407407 0.765432
vt 0.407407 0.777778
vt 0.407407 0.790123
vt 0.407407 0.802469
vt 0.407407 0.814815
vt 0.407407 0.827160
vt 0.407407 0.839506
vt 0.407407 0.851852
vt 0.407407 0.864197
vt 0.407407 0.876543
vt 0.407407 0.888889
vt 0.407408 0.901234
vt 0.407408 0.913580
vt 0.407408 0.925926
vt 0.407408 0.938272
vt 0.407408 0.950617
vt 0.407408 0.962963
vt 0.407408 0.975309
vt 0.419753 0.012346
vt 0.419753 0.000000
vt 0.419753 0.024691
vt 0.419753 0.037037
vt 0.419753 0.049383
vt 0.419753 0.061728
vt 0.419753 0.074074
vt 0.419753 0.086420
vt 0.419753 0.098765
vt 0.419753 0.111111
vt 0.419753 0.123457
vt 0.419753 0.135802
vt 0.419753 0.148148
vt 0.419753 0.160494
vt 0.419753 0.172839
vt 0.419753 0.185185
vt 0.419753 0.197531
vt 0.419753 0.209877
vt 0.419753 0.222222
vt 0.419753 0.234568
vt 0.419753 0.246914
vt 0.419753 0.259259
vt 0.419753 0.271605
vt 0.419753 0.283951
vt 0.419753 0.296296
vt 0.419753 0.308642
vt 0.419753 0.320988
vt 0.419753 0.333333
vt 0.419753 0.345679
vt 0.419753 0.358025
vt 0.419753 0.370370
vt 0.419753 0.382716
vt 0.419753 0.395062
vt 0.419753 0.407407
vt 0.419753 0.419753
vt 0.419753 0.432099
vt 0.419753 0.444445
vt 0.419753 0.456790
vt 0.419753 0.469136
vt 0.419753 0.481482
vt 0.419753 0.493827
vt 0.419753 0.506173
vt 0.419753 0.518519
vt 0.419753 0.530864
vt 0.419753 0.543210
vt 0.419753 0.555556
vt 0.419753 0.567901
vt 0.419753 0.580247
vt 0.419753 0.592593
vt 0.419753 0.604938
vt 0.419753 0.617284
vt 0.419753 0.629630
vt 0.419753 0.641975
vt 0.419753 0.654321
vt 0.419753 0.666667
vt 0.419753 0.679012
vt 0.419753 0.691358
vt 0.419753 0.703704
vt 0.419753 0.716049
vt 0.419753 0.728395
vt 0.419753 0.740741
vt 0.419753 0.753086
vt 0.419753 0.765432
vt 0.419753 0.777778
vt 0.419753 0.790123
vt 0.419753 0.802469
vt 0.419753 0.814815
vt 0.419753 0.827160
vt 0.419753 0.839506
vt 0.419753 0.851852
vt 0.419753 0.864197
vt 0.419753 0.876543
vt 0.419753 0.888889
vt 0.419753 0.901234
vt 0.419753 0.913580
vt 0.419753 0.925926
vt 0.419753 0.938272
vt 0.419753 0.950617
vt 0.419753 0.962963
vt 0.419753 0.975309
vt 0.432099 0.012346
vt 0.432099 0.000000
vt 0.432099 0.024691
vt 0.432099 0.037037
vt 0.432099 0.049383
vt 0.432099 0.061728
vt 0.432099 0.074074
vt 0.432099 0.086420
vt 0.432099 0.098765
vt 0.432099 0.111111
vt 0.432099 0.123457
vt 0.432099 0.135802
vt 0.432099 0.148148
vt 0.432099 0.160494
vt 0.432099 0.172839
vt 0.432099 0.185185
vt 0.432099 0.197531
vt 0.432099 0.209877
vt 0.432099 0.222222
vt 0.432099 0.234568
vt 0.432099 0.246914
vt 0.432099 0.259259
vt 0.432099 0.271605
vt 0.432099 0.283951
vt 0.432099 0.296296
vt 0.432099 0.308642
vt 0.432099 0.320988
vt 0.432099 0.333333
vt 0.432099 0.345679
vt 0.432099 0.358025
vt 0.432099 0.370370
vt 0.432099 0.382716
vt 0.432099 0.395062
vt 0.432099 0.407407
vt 0.432099 0.419753
vt 0.432099 0.432099
vt 0.432099 0.444445
vt 0.432099 0.456790
vt 0.432099 0.469136
vt 0.432099 0.481482
vt 0.432099 0.493827
vt 0.432099 0.506173
vt 0.432099 0.518519
vt 0.432099 0.530864
vt 0.432099 0.543210
vt 0.432099 0.555556
vt 0.432099 0.567901
vt 0.432099 0.580247
vt 0.432099 0.592593
vt 0.432099 0.604938
vt 0.432099 0.617284
vt 0.432099 0.629630
vt 0.432099 0.641975
vt 0.432099 0.654321
vt 0.432099 0.666667
vt 0.432099 0.679012
vt 0.432099 0.691358
vt 0.432099 0.703704
vt 0.432099 0.716049
vt 0.432099 0.728395
vt 0.432099 0.740741
vt 0.432099 0.753086
vt 0.432099 0.765432
vt 0.432099 0.777778
vt 0.432099 0.790123
vt 0.432099 0.802469
vt 0.432099 0.814815
vt 0.432099 0.827160
vt 0.432099 0.839506
vt 0.432099 0.851852
vt 0.432099 0.864197
vt 0.432099 0.876543
vt 0.432099 0.888889
vt 0.432099 0.901234
vt 0.432099 0.913580
vt 0.432099 0.925926
vt 0.432099 0.938272
vt 0.432099 0.950617
vt 0.432099 0.962963
vt 0.432099 0.975309
vt 0.444445 0.012346
vt 0.444445 0.000000
vt 0.444445 0.024691
vt 0.444445 0.037037
vt 0.444445 0.049383
vt 0.444445 0.061728
vt 0.444445 0.074074
vt 0.444445 0.086420
vt 0.444445 0.098765
vt 0.444445 0.111111
vt 0.444445 0.123457
vt 0.444444 0.135802
vt 0.444444 0.148148
vt 0.444444 0.160494
vt 0.444444 0.172839
vt 0.444444 0.185185
vt 0.444444 0.197531
vt 0.444444 0.209877
vt 0.444444 0.222222
vt 0.444444 0.234568
vt 0.444445 0.246914
vt 0.444445 0.259259
vt 0.444445 0.271605
vt 0.444445 0.283951
vt 0.444445 0.296296
vt 0.444445 0.308642
vt 0.444445 0.320988
vt 0.444445 0.333333
vt 0.444445 0.345679
vt 0.444445 0.358025
vt 0.444445 0.370370
vt 0.444445 0.382716
vt 0.444445 0.395062
vt 0.444445 0.407407
vt 0.444445 0.419753
vt 0.444445 0.432099
vt 0.444445 0.444445
vt 0.444445 0.456790
vt 0.444445 0.469136
vt 0.444445 0.481482
vt 0.444445 0.493827
vt 0.444445 0.506173
vt 0.444445 0.518519
vt 0.444445 0.530864
vt 0.444445 0.543210
vt 0.444445 0.555556
vt 0.444445 0.567901
vt 0.444445 0.580247
vt 0.444445 0.592593
vt 0.444445 0.604938
vt 0.444445 0.617284
vt 0.444445 0.629630
vt 0.444445 0.641975
vt 0.444445 0.654321
vt 0.444445 0.666667
vt 0.444445 0.679012
vt 0.444445 0.691358
vt 0.444445 0.703704
vt 0.444445 0.716049
vt 0.444445 0.728395
vt 0.444445 0.740741
vt 0.444445 0.753086
vt 0.444445 0.765432
vt 0.444445 0.777778
vt 0.444445 0.790123
vt 0.444445 0.802469
vt 0.444445 0.814815
vt 0.444445 0.827160
vt 0.444445 0.839506
vt 0.444445 0.851852
vt 0.444445 0.864197
vt 0.444445 0.876543
vt 0.444445 0.888889
vt 0.444445 0.901234
vt 0.444445 0.913580
vt 0.444445 0.925926
vt 0.444445 0.938272
vt 0.444445 0.950617
vt 0.444445 0.962963
vt 0.444445 0.975309
vt 0.456790 0.012346
vt 0.456790 0.000000
vt 0.456790 0.024691
vt 0.456790 0.037037
vt 0.456790 0.049383
vt 0.456790 0.061728
vt 0.456790 0.074074
vt 0.456790 0.086420
vt 0.456790 0.098765
vt 0.456790 0.111111
vt 0.456790 0.123457
vt 0.456790 0.135802
vt 0.456790 0.148148
vt 0.456790 0.160494
vt 0.456790 0.172839
vt 0.456790 0.185185
vt 0.456790 0.197531
vt 0.456790 0.209877
vt 0.456790 0.222222
vt 0.456790 0.234568
vt 0.456790 0.246914
vt 0.456790 0.259259
vt 0.456790 0.271605
vt 0.456790 0.283951
vt 0.456790 0.296296
vt 0.456790 0.308642
vt 0.456790 0.320988
vt 0.456790 0.333333
vt 0.456790 0.345679
vt 0.456790 0.358025
vt 0.456790 0.370370
vt 0.456790 0.382716
vt 0.456790 0.395062
vt 0.456790 0.407407
vt 0.456790 0.419753
vt 0.456790 0.432099
vt 0.456790 0.444445
vt 0.456790 0.456790
vt 0.456790 0.469136
vt 0.456790 0.481482
vt 0.456790 0.493827
vt 0.456790 0.506173
vt 0.456790 0.518519
vt 0.456790 0.530864
vt 0.456790 0.543210
vt 0.456790 0.555556
vt 0.456790 0.567901
vt 0.456790 0.580247
vt 0.456790 0.592593
vt 0.456790 0.604938
vt 0.456790 0.617284
vt 0.456790 0.629630
vt 0.456790 0.641975
vt 0.456790 0.654321
vt 0.456790 0.666667
vt 0.456790 0.679012
vt 0.456790 0.691358
vt 0.456790 0.703704
vt 0.456790 0.716049
vt 0.456790 0.728395
vt 0.456790 0.740741
vt 0.456790 0.753086
vt 0.456790 0.765432
vt 0.456790 0.777778
vt 0.456790 0.790123
vt 0.456790 0.802469
vt 0.456790 0.814815
vt 0.456790 0.827160
vt 0.456790 0.839506
vt 0.456790 0.851852
vt 0.456790 0.864197
vt 0.456790 0.876543
vt 0.456790 0.888889
vt 0.456790 0.901234
vt 0.456790 0.913580
vt 0.456790 0.925926
vt 0.456790 0.938272
vt 0.456790 0.950617
vt 0.456790 0.962963
vt 0.456790 0.975309
vt 0.469136 0.012346
vt 0.469136 0.000000
vt 0.469136 0.024691
vt 0.469136 0.037037
vt 0.469136 0.049383
vt 0.469136 0.061728
vt 0.469136 0.074074
vt 0.469136 0.086420
vt 0.469136 0.098765
vt 0.469136 0.111111
vt 0.469136 0.123457
vt 0.469136 0.135802
vt 0.469136 0.148148
vt 0.469136 0.160494
vt 0.469136 0.172839
vt 0.469136 0.185185
vt 0.469136 0.197531
vt 0.469136 0.209877
vt 0.469136 0.222222
vt 0.469136 0.234568
vt 0.469136 0.246914
vt 0.469136 0.259259
vt 0.469136 0.271605
vt 0.469136 0.283951
vt 0.469136 0.296296
vt 0.469136 0.308642
vt 0.469136 0.320988
vt 0.469136 0.333333
vt 0.469136 0.345679
vt 0.469136 0.358025
vt 0.469136 0.370370
vt 0.469136 0.382716
vt 0.469136 0.395062
vt 0.469136 0.407407
vt 0.469136 0.419753
vt 0.469136 0.432099
vt 0.469136 0.444445
vt 0.469136 0.456790
vt 0.469136 0.469136
vt 0.469136 0.481482
vt 0.469136 0.493827
vt 0.469136 0.506173
vt 0.469136 0.518519
vt 0.469136 0.530864
vt 0.469136 0.543210
vt 0.469136 0.555556
vt 0.469136 0.567901
vt 0.469136 0.580247
vt 0.469136 0.592593
vt 0.469136 0.604938
vt 0.469136 0.617284
vt 0.469136 0.629630
vt 0.469136 0.641975
vt 0.469136 0.654321
vt 0.469136 0.666667
vt 0.469136 0.679012
vt 0.469136 0.691358
vt 0.469136 0.703704
vt 0.469136 0.716049
vt 0.469136 0.728395
vt 0.469136 0.740741
vt 0.469136 0.753086
vt 0.469136 0.765432
vt 0.469136 0.777778
vt 0.469136 0.790123
vt 0.469136 0.802469
vt 0.469136 0.814815
vt 0.469136 0.827160
vt 0.469136 0.839506
vt 0.469136 0.851852
vt 0.469136 0.864197
vt 0.469136 0.876543
vt 0.469136 0.888889
vt 0.469136 0.901234
vt 0.469136 0.913580
vt 0.469136 0.925926
vt 0.469136 0.938272
vt 0.469136 0.950617
vt 0.469136 0.962963
vt 0.469136 0.975309
vt 0.481482 0.012346
vt 0.481482 0.000000
vt 0.481482 0.024691
vt 0.481482 0.037037
vt 0.481482 0.049383
vt 0.481482 0.061728
vt 0.481482 0.074074
vt 0.481482 0.086420
vt 0.481482 0.098765
vt 0.481482 0.111111
vt 0.481482 0.123457
vt 0.481482 0.135802
vt 0.481482 0.148148
vt 0.481482 0.160494
vt 0.481482 0.172839
vt 0.481482 0.185185
vt 0.481482 0.197531
vt 0.481482 0.209877
vt 0.481482 0.222222
vt 0.481482 0.234568
vt 0.481482 0.246914
vt 0.481482 0.259259
vt 0.481482 0.271605
vt 0.481482 0.283951
vt 0.481482 0.296296
vt 0.481482 0.308642
vt 0.481482 0.320988
vt 0.481482 0.333333
vt 0.481482 0.345679
vt 0.481482 0.358025
vt 0.481482 0.370370
vt 0.481482 0.382716
vt 0.481482 0.395062
vt 0.481482 0.407407
vt 0.481482 0.419753
vt 0.481482 0.432099
vt 0.481482 0.444445
vt 0.481482 0.456790
vt 0.481482 0.469136
vt 0.481482 0.481482
vt 0.481482 0.493827
vt 0.481482 0.506173
vt 0.481482 0.518519
vt 0.481482 0.530864
vt 0.481482 0.543210
vt 0.481482 0.555556
vt 0.481482 0.567901
vt 0.481482 0.580247
vt 0.481482 0.592593
vt 0.481482 0.604938
vt 0.481482 0.617284
vt 0.481482 0.629630
vt 0.481482 0.641975
vt 0.481482 0.654321
vt 0.481482 0.666667
vt 0.481482 0.679012
vt 0.481482 0.691358
vt 0.481482 0.703704
vt 0.481482 0.716049
vt 0.481482 0.728395
vt 0.481482 0.740741
vt 0.481482 0.753086
vt 0.481482 0.765432
vt 0.481482 0.777778
vt 0.481482 0.790123
vt 0.481482 0.802469
vt 0.481482 0.814815
vt 0.481482 0.827160
vt 0.481482 0.839506
vt 0.481482 0.851852
vt 0.481482 0.864197
vt 0.481482 0.876543
vt 0.481482 0.888889
vt 0.481482 0.901234
vt 0.481482 0.913580
vt 0.481482 0.925926
vt 0.481482 0.938272
vt 0.481482 0.950617
vt 0.481482 0.962963
vt 0.481482 0.975309
vt 0.493827 0.012346
vt 0.493827 0.000000
vt 0.493827 0.024691
vt 0.493827 0.037037
vt 0.493827 0.049383
vt 0.493827 0.061728
vt 0.493827 0.074074
vt 0.493827 0.086420
vt 0.493827 0.098765
vt 0.493827 0.111111
vt 0.493827 0.123457
vt 0.493827 0.135802
vt 0.493827 0.148148
vt 0.493827 0.160494
vt 0.493827 0.172839
vt 0.493827 0.185185
vt 0.493827 0.197531
vt 0.493827 0.209877
vt 0.493827 0.222222
vt 0.493827 0.234568
vt 0.493827 0.246914
vt 0.493827 0.259259
vt 0.493827 0.271605
vt 0.493827 0.283951
vt 0.493827 0.296296
vt 0.493827 0.308642
vt 0.493827 0.320988
vt 0.493827 0.333333
vt 0.493827 0.345679
vt 0.493827 0.358025
vt 0.493827 0.370370
vt 0.493827 0.382716
vt 0.493827 0.395062
vt 0.493827 0.407407
vt 0.493827 0.419753
vt 0.493827 0.432099
vt 0.493827 0.444445
vt 0.493827 0.456790
vt 0.493827 0.469136
vt 0.493827 0.481482
vt 0.493827 0.493827
vt 0.493827 0.506173
vt 0.493827 0.518519
vt 0.493827 0.530864
vt 0.493827 0.543210
vt 0.493827 0.555556
vt 0.493827 0.567901
vt 0.493827 0.580247
vt 0.493827 0.592593
vt 0.493827 0.604938
vt 0.493827 0.617284
vt 0.493827 0.629630
vt 0.493827 0.641975
vt 0.493827 0.654321
vt 0.493827 0.666667
vt 0.493827 0.679012
vt 0.493827 0.691358
vt 0.493827 0.703704
vt 0.493827 0.716049
vt 0.493827 0.728395
vt 0.493827 0.740741
vt 0.493827 0.753086
vt 0.493827 0.765432
vt 0.493827 0.777778
vt 0.493827 0.790123
vt 0.493827 0.802469
vt 0.493827 0.814815
vt 0.493827 0.827160
vt 0.493827 0.839506
vt 0.493827 0.851852
vt 0.493827 0.864197
vt 0.493827 0.876543
vt 0.493827 0.888889
vt 0.493827 0.901234
vt 0.493827 0.913580
vt 0.493827 0.925926
vt 0.493827 0.938272
vt 0.493827 0.950617
vt 0.493827 0.962963
vt 0.493827 0.975309
vt 0.506173 0.012346
vt 0.506173 0.000000
vt 0.506173 0.024691
vt 0.506173 0.037037
vt 0.506173 0.049383
vt 0.506173 0.061728
vt 0.506173 0.074074
vt 0.506173 0.086420
vt 0.506173 0.098765
vt 0.506173 0.111111
vt 0.506173 0.123457
vt 0.506173 0.135802
vt 0.506173 0.148148
vt 0.506173 0.160494
vt 0.506173 0.172839
vt 0.506173 0.185185
vt 0.506173 0.197531
vt 0.506173 0.209877
vt 0.506173 0.222222
vt 0.506173 0.234568
vt 0.506173 0.246914
vt 0.506173 0.259259
vt 0.506173 0.271605
vt 0.506173 0.283951
vt 0.506173 0.296296
vt 0.506173 0.308642
vt 0.506173 0.320988
vt 0.506173 0.333333
vt 0.506173 0.345679
vt 0.506173 0.358025
vt 0.506173 0.370370
vt 0.506173 0.382716
vt 0.506173 0.395062
vt 0.506173 0.407407
vt 0.506173 0.419753
vt 0.506173 0.432099
vt 0.506173 0.444445
vt 0.506173 0.456790
vt 0.506173 0.469136
vt 0.506173 0.481482
vt 0.506173 0.493827
vt 0.506173 0.506173
vt 0.506173 0.518519
vt 0.506173 0.530864
vt 0.506173 0.543210
vt 0.506173 0.555556
vt 0.506173 0.567901
vt 0.506173 0.580247
vt 0.506173 0.592593
vt 0.506173 0.604938
vt 0.506173 0.617284
vt 0.506173 0.629630
vt 0.506173 0.641975
vt 0.506173 0.654321
vt 0.506173 0.666667
vt 0.506173 0.679012
vt 0.506173 0.691358
vt 0.506173 0.703704
vt 0.506173 0.716049
vt 0.506173 0.728395
vt 0.506173 0.740741
vt 0.506173 0.753086
vt 0.506173 0.765432
vt 0.506173 0.777778
vt 0.506173 0.790123
vt 0.506173 0.802469
vt 0.506173 0.814815
vt 0.506173 0.827160
vt 0.506173 0.839506
vt 0.506173 0.851852
vt 0.506173 0.864197
vt 0.506173 0.876543
vt 0.506173 0.888889
vt 0.506173 0.901234
vt 0.506173 0.913580
vt 0.506173 0.925926
vt 0.506173 0.938272
vt 0.506173 0.950617
vt 0.506173 0.962963
vt 0.506173 0.975309
vt 0.518519 0.012346
vt 0.518519 0.000000
vt 0.518519 0.024691
vt 0.518519 0.037037
vt 0.518519 0.049383
vt 0.518519 0.061728
vt 0.518518 0.074074
vt 0.518518 0.086420
vt 0.518518 0.098765
vt 0.518518 0.111111
vt 0.518518 0.123457
vt 0.518518 0.135802
vt 0.518518 0.148148
vt 0.518518 0.160494
vt 0.518518 0.172839
vt 0.518518 0.185185
vt 0.518518 0.197531
vt 0.518518 0.209877
vt 0.518519 0.222222
vt 0.518519 0.234568
vt 0.518519 0.246914
vt 0.518519 0.259259
vt 0.518519 0.271605
vt 0.518519 0.283951
vt 0.518519 0.296296
vt 0.518519 0.308642
vt 0.518519 0.320988
vt 0.518519 0.333333
vt 0.518519 0.345679
vt 0.518519 0.358025
vt 0.518519 0.370370
vt 0.518519 0.382716
vt 0.518519 0.395062
vt 0.518519 0.407407
vt 0.518519 0.419753
vt 0.518519 0.432099
vt 0.518519 0.444445
vt 0.518519 0.456790
vt 0.518519 0.469136
vt 0.518519 0.481482
vt 0.518519 0.493827
vt 0.518519 0.506173
vt 0.518519 0.518519
vt 0.518519 0.530864
vt 0.518519 0.543210
vt 0.518519 0.555556
vt 0.518519 0.567901
vt 0.518519 0.580247
vt 0.518519 0.592593
vt 0.518519 0.604938
vt 0.518519 0.617284
vt 0.518519 0.629630
vt 0.518519 0.641975
vt 0.518519 0.654321
vt 0.518519 0.666667
vt 0.518519 0.679012
vt 0.518519 0.691358
vt 0.518519 0.703704
vt 0.518519 0.716049
vt 0.518519 0.728395
vt 0.518519 0.740741
vt 0.518519 0.753086
vt 0.518519 0.765432
vt 0.518519 0.777778
vt 0.518519 0.790123
vt 0.518519 0.802469
vt 0.518519 0.814815
vt 0.518519 0.827160
vt 0.518519 0.839506
vt 0.518519 0.851852
vt 0.518519 0.864197
vt 0.518519 0.876543
vt 0.518519 0.888889
vt 0.518519 0.901234
vt 0.518519 0.913580
vt 0.518519 0.925926
vt 0.518519 0.938272
vt 0.518519 0.950617
vt 0.518519 0.962963
vt 0.518519 0.975309
vt 0.530864 0.012346
vt 0.530864 0.000000
vt 0.530864 0.024691
vt 0.530864 0.037037
vt 0.530864 0.049383
vt 0.530864 0.061728
vt 0.530864 0.074074
vt 0.530864 0.086420
vt 0.530864 0.098765
vt 0.530864 0.111111
vt 0.530864 0.123457
vt 0.530864 0.135802
vt 0.530864 0.148148
vt 0.530864 0.160494
vt 0.530864 0.172839
vt 0.530864 0.185185
vt 0.530864 0.197531
vt 0.530864 0.209877
vt 0.530864 0.222222
vt 0.530864 0.234568
vt 0.530864 0.246914
vt 0.530864 0.259259
vt 0.530864 0.271605
vt 0.530864 0.283951
vt 0.530864 0.296296
vt 0.530864 0.308642
vt 0.530864 0.320988
vt 0.530864 0.333333
vt 0.530864 0.345679
vt 0.530864 0.358025
vt 0.530864 0.370370
vt 0.530864 0.382716
vt 0.530864 0.395062
vt 0.530864 0.407407
vt 0.530864 0.419753
vt 0.530864 0.432099
vt 0.530864 0.444445
vt 0.530864 0.456790
vt 0.530864 0.469136
vt 0.530864 0.481482
vt 0.530864 0.493827
vt 0.530864 0.506173
vt 0.530864 0.518519
vt 0.530864 0.530864
vt 0.530864 0.543210
vt 0.530864 0.555556
vt 0.530864 0.567901
vt 0.530864 0.580247
vt 0.530864 0.592593
vt 0.530864 0.604938
vt 0.530864 0.617284
vt 0.530864 0.629630
vt 0.530864 0.641975
vt 0.530864 0.654321
vt 0.530864 0.666667
vt 0.530864 0.679012
vt 0.530864 0.691358
vt 0.530864 0.703704
vt 0.530864 0.716049
vt 0.530864 0.728395
vt 0.530864 0.740741
vt 0.530864 0.753086
vt 0.530864 0.765432
vt 0.530864 0.777778
vt 0.530864 0.790123
vt 0.530864 0.802469
vt 0.530864 0.814815
vt 0.530864 0.827160
vt 0.530864 0.839506
vt 0.530864 0.851852
vt 0.530864 0.864197
vt 0.530864 0.876543
vt 0.530864 0.888889
vt 0.530864 0.901234
vt 0.530864 0.913580
vt 0.530864 0.925926
vt 0.530864 0.938272
vt 0.530864 0.950617
vt 0.530864 0.962963
vt 0.530864 0.975309
vt 0.543210 0.012346
vt 0.543210 0.000000
vt 0.543210 0.024691
vt 0.543210 0.037037
vt 0.543210 0.049383
vt 0.543210 0.061728
vt 0.543210 0.074074
vt 0.543210 0.086420
vt 0.543210 0.098765
vt 0.543210 0.111111
vt 0.543210 0.123457
vt 0.543210 0.135802
vt 0.543210 0.148148
vt 0.543210 0.160494
vt 0.543210 0.172839
vt 0.543210 0.185185
vt 0.543210 0.197531
vt 0.543210 0.209877
vt 0.543210 0.222222
vt 0.543210 0.234568
vt 0.543210 0.246914
vt 0.543210 0.259259
vt 0.543210 0.271605
vt 0.543210 0.283951
vt 0.543210 0.296296
vt 0.543210 0.308642
vt 0.543210 0.320988
vt 0.543210 0.333333
vt 0.543210 0.345679
vt 0.543210 0.358025
vt 0.543210 0.370370
vt 0.543210 0.382716
vt 0.543210 0.395062
vt 0.543210 0.407407
vt 0.543210 0.419753
vt 0.543210 0.432099
vt 0.543210 0.444445
vt 0.543210 0.456790
vt 0.543210 0.469136
vt 0.543210 0.481482
vt 0.543210 0.493827
vt 0.543210 0.506173
vt 0.543210 0.518519
vt 0.543210 0.530864
vt 0.543210 0.543210
vt 0.543210 0.555556
vt 0.543210 0.567901
vt 0.543210 0.580247
vt 0.543210 0.592593
vt 0.543210 0.604938
vt 0.543210 0.617284
vt 0.543210 0.629630
vt 0.543210 0.641975
vt 0.543210 0.654321
vt 0.543210 0.666667
vt 0.543210 0.679012
vt 0.543210 0.691358
vt 0.543210 0.703704
vt 0.543210 0.716049
vt 0.543210 0.728395
vt 0.543210 0.740741
vt 0.543210 0.753086
vt 0.543210 0.765432
vt 0.543210 0.777778
vt 0.543210 0.790123
vt 0.543210 0.802469
vt 0.543210 0.814815
vt 0.543210 0.827160
vt 0.543210 0.839506
vt 0.543210 0.851852
vt 0.543210 0.864197
vt 0.543210 0.876543
vt 0.543210 0.888889
vt 0.543210 0.901234
vt 0.543210 0.913580
vt 0.543210 0.925926
vt 0.543210 0.938272
vt 0.543210 0.950617
vt 0.543210 0.962963
vt 0.543210 0.975309
vt 0.555556 0.012346
vt 0.555556 0.000000
vt 0.555556 0.024691
vt 0.555556 0.037037
vt 0.555556 0.049383
vt 0.555556 0.061728
vt 0.555556 0.074074
vt 0.555556 0.086420
vt 0.555556 0.098765
vt 0.555556 0.111111
vt 0.555556 0.123457
vt 0.555556 0.135802
vt 0.555556 0.148148
vt 0.555556 0.160494
vt 0.555556 0.172839
vt 0.555556 0.185185
vt 0.555556 0.197531
vt 0.555556 0.209877
vt 0.555556 0.222222
vt 0.555556 0.234568
vt 0.555556 0.246914
vt 0.555556 0.259259
vt 0.555556 0.271605
vt 0.555556 0.283951
vt 0.555556 0.296296
vt 0.555556 0.308642
vt 0.555556 0.320988
vt 0.555556 0.333333
vt 0.555556 0.345679
vt 0.555556 0.358025
vt 0.555556 0.370370
vt 0.555556 0.382716
vt 0.555556 0.395062
vt 0.555556 0.407407
vt 0.555556 0.419753
vt 0.555556 0.432099
vt 0.555556 0.444445
vt 0.555556 0.456790
vt 0.555556 0.469136
vt 0.555556 0.481482
vt 0.555556 0.493827
vt 0.555556 0.506173
vt 0.555556 0.518519
vt 0.555556 0.530864
vt 0.555556 0.543210
vt 0.555556 0.555556
vt 0.555556 0.567901
vt 0.555556 0.580247
vt 0.555556 0.592593
vt 0.555556 0.604938
vt 0.555556 0.617284
vt 0.555556 0.629630
vt 0.555556 0.641975
vt 0.555556 0.654321
vt 0.555556 0.666667
vt 0.555556 0.679012
vt 0.555556 0.691358
vt 0.555556 0.703704
vt 0.555556 0.716049
vt 0.555556 0.728395
vt 0.555556 0.740741
vt 0.555556 0.753086
vt 0.555556 0.765432
vt 0.555556 0.777778
vt 0.555556 0.790123
vt 0.555556 0.802469
vt 0.555556 0.814815
vt 0.555556 0.827160
vt 0.555556 0.839506
vt 0.555556 0.851852
vt 0.555556 0.864197
vt 0.555556 0.876543
vt 0.555556 0.888889
vt 0.555556 0.901234
vt 0.555556 0.913580
vt 0.555556 0.925926
vt 0.555556 0.938272
vt 0.555556 0.950617
vt 0.555556 0.962963
vt 0.555556 0.975309
vt 0.567901 0.012346
vt 0.567901 0.000000
vt 0.567901 0.024691
vt 0.567901 0.037037
vt 0.567901 0.049383
vt 0.567901 0.061728
vt 0.567901 0.074074
vt 0.567901 0.086420
vt 0.567901 0.098765
vt 0.567901 0.111111
vt 0.567901 0.123457
vt 0.567901 0.135802
vt 0.567901 0.148148
vt 0.567901 0.160494
vt 0.567901 0.172839
vt 0.567901 0.185185
vt 0.567901 0.197531
vt 0.567901 0.209877
vt 0.567901 0.222222
vt 0.567901 0.234568
vt 0.567901 0.246914
vt 0.567901 0.259259
vt 0.567901 0.271605
vt 0.567901 0.283951
vt 0.567901 0.296296
vt 0.567901 0.308642
vt 0.567901 0.320988
vt 0.567901 0.333333
vt 0.567901 0.345679
vt 0.567901 0.358025
vt 0.567901 0.370370
vt 0.567901 0.382716
vt 0.567901 0.395062
vt 0.567901 0.407407
vt 0.567901 0.419753
vt 0.567901 0.432099
vt 0.567901 0.444445
vt 0.567901 0.456790
vt 0.567901 0.469136
vt 0.567901 0.481482
vt 0.567901 0.493827
vt 0.567901 0.506173
vt 0.567901 0.518519
vt 0.567901 0.530864
vt 0.567901 0.543210
vt 0.567901 0.555556
vt 0.567901 0.567901
vt 0.567901 0.580247
vt 0.567901 0.592593
vt 0.567901 0.604938
vt 0.567901 0.617284
vt 0.567901 0.629630
vt 0.567901 0.641975
vt 0.567901 0.654321
vt 0.567901 0.666667
vt 0.567901 0.679012
vt 0.567901 0.691358
vt 0.567901 0.703704
vt 0.567901 0.716049
vt 0.567901 0.728395
vt 0.567901 0.740741
vt 0.567901 0.753086
vt 0.567901 0.765432
vt 0.567901 0.777778
vt 0.567901 0.790123
vt 0.567901 0.802469
vt 0.567901 0.814815
vt 0.567901 0.827160
vt 0.567901 0.839506
vt 0.567901 0.851852
vt 0.567901 0.864197
vt 0.567901 0.876543
vt 0.567901 0.888889
vt 0.567901 0.901234
vt 0.567901 0.913580
vt 0.567901 0.925926
vt 0.567901 0.938272
vt 0.567901 0.950617
vt 0.567901 0.962963
vt 0.567901 0.975309
vt 0.580247 0.012346
vt 0.580247 0.000000
vt 0.580247 0.024691
vt 0.580247 0.037037
vt 0.580247 0.049383
vt 0.580247 0.061728
vt 0.580247 0.074074
vt 0.580247 0.086420
vt 0.580247 0.098765
vt 0.580247 0.111111
vt 0.580247 0.123457
vt 0.580247 0.135802
vt 0.580247 0.148148
vt 0.580247 0.160494
vt 0.580247 0.172839
vt 0.580247 0.185185
vt 0.580247 0.197531
vt 0.580247 0.209877
vt 0.580247 0.222222
vt 0.580247 0.234568
vt 0.580247 0.246914
vt 0.580247 0.259259
vt 0.580247 0.271605
vt 0.580247 0.283951
vt 0.580247 0.296296
vt 0.580247 0.308642
vt 0.580247 0.320988
vt 0.580247 0.333333
vt 0.580247 0.345679
vt 0.580247 0.358025
vt 0.580247 0.370370
vt 0.580247 0.382716
vt 0.580247 0.395062
vt 0.580247 0.407407
vt 0.580247 0.419753
vt 0.580247 0.432099
vt 0.580247 0.444445
vt 0.580247 0.456790
vt 0.580247 0.469136
vt 0.580247 0.481482
vt 0.580247 0.493827
vt 0.580247 0.506173
vt 0.580247 0.518519
vt 0.580247 0.530864
vt 0.580247 0.543210
vt 0.580247 0.555556
vt 0.580247 0.567901
vt 0.580247 0.580247
vt 0.580247 0.592593
vt 0.580247 0.604938
vt 0.580247 0.617284
vt 0.580247 0.629630
vt 0.580247 0.641975
vt 0.580247 0.654321
vt 0.580247 0.666667
vt 0.580247 0.679012
vt 0.580247 0.691358
vt 0.580247 0.703704
vt 0.580247 0.716049
vt 0.580247 0.728395
vt 0.580247 0.740741
vt 0.580247 0.753086
vt 0.580247 0.765432
vt 0.580247 0.777778
vt 0.580247 0.790123
vt 0.580247 0.802469
vt 0.580247 0.814815
vt 0.580247 0.827160
vt 0.580247 0.839506
vt 0.580247 0.851852
vt 0.580247 0.864197
vt 0.580247 0.876543
vt 0.580247 0.888889
vt 0.580247 0.901234
vt 0.580247 0.913580
vt 0.580247 0.925926
vt 0.580247 0.938272
vt 0.580247 0.950617
vt 0.580247 0.962963
vt 0.580247 0.975309
vt 0.592593 0.012346
vt 0.592593 0.000000
vt 0.592593 0.024691
vt 0.592593 0.037037
vt 0.592593 0.049383
vt 0.592593 0.061728
vt 0.592593 0.074074
vt 0.592593 0.086420
vt 0.592593 0.098765
vt 0.592593 0.111111
vt 0.592593 0.123457
vt 0.592593 0.135802
vt 0.592592 0.148148
vt 0.592592 0.160494
vt 0.592592 0.172839
vt 0.592592 0.185185
vt 0.592592 0.197531
vt 0.592592 0.209877
vt 0.592592 0.222222
vt 0.592592 0.234568
vt 0.592592 0.246914
vt 0.592593 0.259259
vt 0.592593 0.271605
vt 0.592592 0.283951
vt 0.592593 0.296296
vt 0.592593 0.308642
vt 0.592593 0.320988
vt 0.592593 0.333333
vt 0.592593 0.345679
vt 0.592593 0.358025
vt 0.592593 0.370370
vt 0.592593 0.382716
vt 0.592593 0.395062
vt 0.592593 0.407407
vt 0.592593 0.419753
vt 0.592593 0.432099
vt 0.592593 0.444445
vt 0.592593 0.456790
vt 0.592593 0.469136
vt 0.592593 0.481482
vt 0.592593 0.493827
vt 0.592593 0.506173
vt 0.592593 0.518519
vt 0.592593 0.530864
vt 0.592593 0.543210
vt 0.592593 0.555556
vt 0.592593 0.567901
vt 0.592593 0.580247
vt 0.592593 0.592593
vt 0.592593 0.604938
vt 0.592593 0.617284
vt 0.592593 0.629630
vt 0.592593 0.641975
vt 0.592593 0.654321
vt 0.592593 0.666667
vt 0.592593 0.679012
vt 0.592593 0.691358
vt 0.592593 0.703704
vt 0.592593 0.716049
vt 0.592593 0.728395
vt 0.592593 0.740741
vt 0.592593 0.753086
vt 0.592593 0.765432
vt 0.592593 0.777778
vt 0.592593 0.790123
vt 0.592593 0.802469
vt 0.592593 0.814815
vt 0.592593 0.827160
vt 0.592593 0.839506
vt 0.592593 0.851852
vt 0.592593 0.864197
vt 0.592593 0.876543
vt 0.592593 0.888889
vt 0.592593 0.901234
vt 0.592593 0.913580
vt 0.592593 0.925926
vt 0.592593 0.938272
vt 0.592593 0.950617
vt 0.592593 0.962963
vt 0.592593 0.975309
vt 0.604938 0.012346
vt 0.604938 0.000000
vt 0.604938 0.024691
vt 0.604938 0.037037
vt 0.604938 0.049383
vt 0.604938 0.061728
vt 0.604938 0.074074
vt 0.604938 0.086420
vt 0.604938 0.098765
vt 0.604938 0.111111
vt 0.604938 0.123457
vt 0.604938 0.135802
vt 0.604938 0.148148
vt 0.604938 0.160494
vt 0.604938 0.172839
vt 0.604938 0.185185
vt 0.604938 0.197531
vt 0.604938 0.209877
vt 0.604938 0.222222
vt 0.604938 0.234568
vt 0.604938 0.246914
vt 0.604938 0.259259
vt 0.604938 0.271605
vt 0.604938 0.283951
vt 0.604938 0.296296
vt 0.604938 0.308642
vt 0.604938 0.320988
vt 0.604938 0.333333
vt 0.604938 0.345679
vt 0.604938 0.358025
vt 0.604938 0.370370
vt 0.604938 0.382716
vt 0.604938 0.395062
vt 0.604938 0.407407
vt 0.604938 0.419753
vt 0.604938 0.432099
vt 0.604938 0.444445
vt 0.604938 0.456790
vt 0.604938 0.469136
vt 0.604938 0.481482
vt 0.604938 0.493827
vt 0.604938 0.506173
vt 0.604938 0.518519
vt 0.604938 0.530864
vt 0.604938 0.543210
vt 0.604938 0.555556
vt 0.604938 0.567901
vt 0.604938 0.580247
vt 0.604938 0.592593
vt 0.604938 0.604938
vt 0.604938 0.617284
vt 0.604938 0.629630
vt 0.604938 0.641975
vt 0.604938 0.654321
vt 0.604938 0.666667
vt 0.604938 0.679012
vt 0.604938 0.691358
vt 0.604938 0.703704
vt 0.604938 0.716049
vt 0.604938 0.728395
vt 0.604938 0.740741
vt 0.604938 0.753086
vt 0.604938 0.765432
vt 0.604938 0.777778
vt 0.604938 0.790123
vt 0.604938 0.802469
vt 0.604938 0.814815
vt 0.604938 0.827160
vt 0.604938 0.839506
vt 0.604938 0.851852
vt 0.604938 0.864197
vt 0.604938 0.876543
vt 0.604938 0.888889
vt 0.604938 0.901234
vt 0.604938 0.913580
vt 0.604938 0.925926
vt 0.604938 0.938272
vt 0.604938 0.950617
vt 0.604938 0.962963
vt 0.604938 0.975309
vt 0.617284 0.012346
vt 0.617284 0.000000
vt 0.617284 0.024691
vt 0.617284 0.037037
vt 0.617284 0.049383
vt 0.617284 0.061728
vt 0.617284 0.074074
vt 0.617284 0.086420
vt 0.617284 0.098765
vt 0.617284 0.111111
vt 0.617284 0.123457
vt 0.617284 0.135802
vt 0.617284 0.148148
vt 0.617284 0.160494
vt 0.617284 0.172839
vt 0.617284 0.185185
vt 0.617284 0.197531
vt 0.617284 0.209877
vt 0.617284 0.222222
vt 0.617284 0.234568
vt 0.617284 0.246914
vt 0.617284 0.259259
vt 0.617284 0.271605
vt 0.617284 0.283951
vt 0.617284 0.296296
vt 0.617284 0.308642
vt 0.617284 0.320988
vt 0.617284 0.333333
vt 0.617284 0.345679
vt 0.617284 0.358025
vt 0.617284 0.370370
vt 0.617284 0.382716
vt 0.617284 0.395062
vt 0.617284 0.407407
vt 0.617284 0.419753
vt 0.617284 0.432099
vt 0.617284 0.444445
vt 0.617284 0.456790
vt 0.617284 0.469136
vt 0.617284 0.481482
vt 0.617284 0.493827
vt 0.617284 0.506173
vt 0.617284 0.518519
vt 0.617284 0.530864
vt 0.617284 0.543210
vt 0.617284 0.555556
vt 0.617284 0.567901
vt 0.617284 0.580247
vt 0.617284 0.592593
vt 0.617284 0.604938
vt 0.617284 0.617284
vt 0.617284 0.629630
vt 0.617284 0.641975
vt 0.617284 0.654321
vt 0.617284 0.666667
vt 0.617284 0.679012
vt 0.617284 0.691358
vt 0.617284 0.703704
vt 0.617284 0.716049
vt 0.617284 0.728395
vt 0.617284 0.740741
vt 0.617284 0.753086
vt 0.617284 0.765432
vt 0.617284 0.777778
vt 0.617284 0.790123
vt 0.617284 0.802469
vt 0.617284 0.814815
vt 0.617284 0.827160
vt 0.617284 0.839506
vt 0.617284 0.851852
vt 0.617284 0.864197
vt 0.617284 0.876543
vt 0.617284 0.888889
vt 0.617284 0.901234
vt 0.617284 0.913580
vt 0.617284 0.925926
vt 0.617284 0.938272
vt 0.617284 0.950617
vt 0.617284 0.962963
vt 0.617284 0.975309
vt 0.629630 0.012346
vt 0.629630 0.000000
vt 0.629630 0.024691
vt 0.629630 0.037037
vt 0.629630 0.049383
vt 0.629630 0.061728
vt 0.629630 0.074074
vt 0.629630 0.086420
vt 0.629630 0.098765
vt 0.629630 0.111111
vt 0.629630 0.123457
vt 0.629630 0.135802
vt 0.629630 0.148148
vt 0.629630 0.160494
vt 0.629630 0.172839
vt 0.629630 0.185185
vt 0.629630 0.197531
vt 0.629630 0.209877
vt 0.629630 0.222222
vt 0.629630 0.234568
vt 0.629630 0.246914
vt 0.629630 0.259259
vt 0.629630 0.271605
vt 0.629630 0.283951
vt 0.629630 0.296296
vt 0.629630 0.308642
vt 0.629630 0.320988
vt 0.629630 0.333333
vt 0.629630 0.345679
vt 0.629630 0.358025
vt 0.629630 0.370370
vt 0.629630 0.382716
vt 0.629630 0.395062
vt 0.629630 0.407407
vt 0.629630 0.419753
vt 0.629630 0.432099
vt 0.629630 0.444445
vt 0.629630 0.456790
vt 0.629630 0.469136
vt 0.629630 0.481482
vt 0.629630 0.493827
vt 0.629630 0.506173
vt 0.629630 0.518519
vt 0.629630 0.530864
vt 0.629630 0.543210
vt 0.629630 0.555556
vt 0.629630 0.567901
vt 0.629630 0.580247
vt 0.629630 0.592593
vt 0.629630 0.604938
vt 0.629630 0.617284
vt 0.629630 0.629630
vt 0.629630 0.641975
vt 0.629630 0.654321
vt 0.629630 0.666667
vt 0.629630 0.679012
vt 0.629630 0.691358
vt 0.629630 0.703704
vt 0.629630 0.716049
vt 0.629630 0.728395
vt 0.629630 0.740741
vt 0.629630 0.753086
vt 0.629630 0.765432
vt 0.629630 0.777778
vt 0.629630 0.790123
vt 0.629630 0.802469
vt 0.629630 0.814815
vt 0.629630 0.827160
vt 0.629630 0.839506
vt 0.629630 0.851852
vt 0.629630 0.864197
vt 0.629630 0.876543
vt 0.629630 0.888889
vt 0.629630 0.901234
vt 0.629630 0.913580
vt 0.629630 0.925926
vt 0.629630 0.938272
vt 0.629630 0.950617
vt 0.629630 0.962963
vt 0.629630 0.975309
vt 0.641975 0.012346
vt 0.641975 0.000000
vt 0.641975 0.024691
vt 0.641975 0.037037
vt 0.641975 0.049383
vt 0.641975 0.061728
vt 0.641975 0.074074
vt 0.641975 0.086420
vt 0.641975 0.098765
vt 0.641975 0.111111
vt 0.641975 0.123457
vt 0.641975 0.135802
vt 0.641975 0.148148
vt 0.641975 0.160494
vt 0.641975 0.172839
vt 0.641975 0.185185
vt 0.641975 0.197531
vt 0.641975 0.209877
vt 0.641975 0.222222
vt 0.641975 0.234568
vt 0.641975 0.246914
vt 0.641975 0.259259
vt 0.641975 0.271605
vt 0.641975 0.283951
vt 0.641975 0.296296
vt 0.641975 0.308642
vt 0.641975 0.320988
vt 0.641975 0.333333
vt 0.641975 0.345679
vt 0.641975 0.358025
vt 0.641975 0.370370
vt 0.641975 0.382716
vt 0.641975 0.395062
vt 0.641975 0.407407
vt 0.641975 0.419753
vt 0.641975 0.432099
vt 0.641975 0.444445
vt 0.641975 0.456790
vt 0.641975 0.469136
vt 0.641975 0.481482
vt 0.641975 0.493827
vt 0.641976 0.506173
vt 0.641976 0.518519
vt 0.641976 0.530864
vt 0.641976 0.543210
vt 0.641976 0.555556
vt 0.641976 0.567901
vt 0.641976 0.580247
vt 0.641975 0.592593
vt 0.641976 0.604938
vt 0.641976 0.617284
vt 0.641976 0.629630
vt 0.641976 0.641975
vt 0.641976 0.654321
vt 0.641976 0.666667
vt 0.641976 0.679012
vt 0.641976 0.691358
vt 0.641975 0.703704
vt 0.641975 0.716049
vt 0.641975 0.728395
vt 0.641975 0.740741
vt 0.641975 0.753086
vt 0.641975 0.765432
vt 0.641975 0.777778
vt 0.641975 0.790123
vt 0.641975 0.802469
vt 0.641975 0.814815
vt 0.641975 0.827160
vt 0.641975 0.839506
vt 0.641975 0.851852
vt 0.641975 0.864197
vt 0.641975 0.876543
vt 0.641975 0.888889
vt 0.641975 0.901234
vt 0.641975 0.913580
vt 0.641976 0.925926
vt 0.641975 0.938272
vt 0.641975 0.950617
vt 0.641975 0.962963
vt 0.641975 0.975309
vt 0.654321 0.012346
vt 0.654321 0.000000
vt 0.654321 0.024691
vt 0.654321 0.037037
vt 0.654321 0.049383
vt 0.654321 0.061728
vt 0.654321 0.074074
vt 0.654321 0.086420
vt 0.654321 0.098765
vt 0.654321 0.111111
vt 0.654321 0.123457
vt 0.654321 0.135802
vt 0.654321 0.148148
vt 0.654321 0.160494
vt 0.654321 0.172839
vt 0.654321 0.185185
vt 0.654321 0.197531
vt 0.654321 0.209877
vt 0.654321 0.222222
vt 0.654321 0.234568
vt 0.654321 0.246914
vt 0.654321 0.259259
vt 0.654321 0.271605
vt 0.654321 0.283951
vt 0.654321 0.296296
vt 0.654321 0.308642
vt 0.654321 0.320988
vt 0.654321 0.333333
vt 0.654321 0.345679
vt 0.654321 0.358025
vt 0.654321 0.370370
vt 0.654321 0.382716
vt 0.654321 0.395062
vt 0.654321 0.407407
vt 0.654321 0.419753
vt 0.654321 0.432099
vt 0.654321 0.444445
vt 0.654321 0.456790
vt 0.654321 0.469136
vt 0.654321 0.481482
vt 0.654321 0.493827
vt 0.654321 0.506173
vt 0.654321 0.518519
vt 0.654321 0.530864
vt 0.654321 0.543210
vt 0.654321 0.555556
vt 0.654321 0.567901
vt 0.654321 0.580247
vt 0.654321 0.592593
vt 0.654321 0.604938
vt 0.654321 0.617284
vt 0.654321 0.629630
vt 0.654321 0.641975
vt 0.654321 0.654321
vt 0.654321 0.666667
vt 0.654321 0.679012
vt 0.654321 0.691358
vt 0.654321 0.703704
vt 0.654321 0.716049
vt 0.654321 0.728395
vt 0.654321 0.740741
vt 0.654321 0.753086
vt 0.654321 0.765432
vt 0.654321 0.777778
vt 0.654321 0.790123
vt 0.654321 0.802469
vt 0.654321 0.814815
vt 0.654321 0.827160
vt 0.654321 0.839506
vt 0.654321 0.851852
vt 0.654321 0.864197
vt 0.654321 0.876543
vt 0.654321 0.888889
vt 0.654321 0.901234
vt 0.654321 0.913580
vt 0.654321 0.925926
vt 0.654321 0.938272
vt 0.654321 0.950617
vt 0.654321 0.962963
vt 0.654321 0.975309
vt 0.666667 0.012346
vt 0.666667 0.000000
vt 0.666667 0.024691
vt 0.666667 0.037037
vt 0.666667 0.049383
vt 0.666667 0.061728
vt 0.666667 0.074074
vt 0.666667 0.086420
vt 0.666667 0.098765
vt 0.666667 0.111111
vt 0.666667 0.123457
vt 0.666667 0.135802
vt 0.666667 0.148148
vt 0.666667 0.160494
vt 0.666667 0.172839
vt 0.666667 0.185185
vt 0.666667 0.197531
vt 0.666667 0.209877
vt 0.666667 0.222222
vt 0.666667 0.234568
vt 0.666667 0.246914
vt 0.666667 0.259259
vt 0.666667 0.271605
vt 0.666667 0.283951
vt 0.666667 0.296296
vt 0.666667 0.308642
vt 0.666667 0.320988
vt 0.666667 0.333333
vt 0.666667 0.345679
vt 0.666667 0.358025
vt 0.666667 0.370370
vt 0.666667 0.382716
vt 0.666667 0.395062
vt 0.666667 0.407407
vt 0.666667 0.419753
vt 0.666667 0.432099
vt 0.666667 0.444445
vt 0.666667 0.456790
vt 0.666667 0.469136
vt 0.666667 0.481482
vt 0.666667 0.493827
vt 0.666667 0.506173
vt 0.666667 0.518519
vt 0.666667 0.530864
vt 0.666667 0.543210
vt 0.666667 0.555556
vt 0.666667 0.567901
vt 0.666667 0.580247
vt 0.666667 0.592593
vt 0.666667 0.604938
vt 0.666667 0.617284
vt 0.666667 0.629630
vt 0.666667 0.641975
vt 0.666667 0.654321
vt 0.666667 0.666667
vt 0.666667 0.679012
vt 0.666667 0.691358
vt 0.666667 0.703704
vt 0.666667 0.716049
vt 0.666667 0.728395
vt 0.666667 0.740741
vt 0.666667 0.753086
vt 0.666667 0.765432
vt 0.666667 0.777778
vt 0.666667 0.790123
vt 0.666667 0.802469
vt 0.666667 0.814815
vt 0.666667 0.827160
vt 0.666667 0.839506
vt 0.666667 0.851852
vt 0.666667 0.864197
vt 0.666667 0.876543
vt 0.666667 0.888889
vt 0.666667 0.901234
vt 0.666667 0.913580
vt 0.666667 0.925926
vt 0.666667 0.938272
vt 0.666667 0.950617
vt 0.666667 0.962963
vt 0.666667 0.975309
vt 0.679012 0.012346
vt 0.679012 0.000000
vt 0.679012 0.024691
vt 0.679012 0.037037
vt 0.679012 0.049383
vt 0.679012 0.061728
vt 0.679012 0.074074
vt 0.679012 0.086420
vt 0.679012 0.098765
vt 0.679012 0.111111
vt 0.679012 0.123457
vt 0.679012 0.135802
vt 0.679012 0.148148
vt 0.679012 0.160494
vt 0.679012 0.172839
vt 0.679012 0.185185
vt 0.679012 0.197531
vt 0.679012 0.209877
vt 0.679012 0.222222
vt 0.679012 0.234568
vt 0.679012 0.246914
vt 0.679012 0.259259
vt 0.679012 0.271605
vt 0.679012 0.283951
vt 0.679012 0.296296
vt 0.679012 0.308642
vt 0.679012 0.320988
vt 0.679012 0.333333
vt 0.679012 0.345679
vt 0.679012 0.358025
vt 0.679012 0.370370
vt 0.679012 0.382716
vt 0.679012 0.395062
vt 0.679013 0.407407
vt 0.679013 0.419753
vt 0.679013 0.432099
vt 0.679013 0.444445
vt 0.679013 0.456790
vt 0.679013 0.469136
vt 0.679013 0.481482
vt 0.679013 0.493827
vt 0.679013 0.506173
vt 0.679013 0.518519
vt 0.679013 0.530864
vt 0.679013 0.543210
vt 0.679013 0.555556
vt 0.679013 0.567901
vt 0.679013 0.580247
vt 0.679013 0.592593
vt 0.679013 0.604938
vt 0.679013 0.617284
vt 0.679013 0.629630
vt 0.679013 0.641975
vt 0.679012 0.654321
vt 0.679012 0.666667
vt 0.679013 0.679012
vt 0.679012 0.691358
vt 0.679012 0.703704
vt 0.679012 0.716049
vt 0.679012 0.728395
vt 0.679012 0.740741
vt 0.679012 0.753086
vt 0.679012 0.765432
vt 0.679012 0.777778
vt 0.679012 0.790123
vt 0.679012 0.802469
vt 0.679012 0.814815
vt 0.679012 0.827160
vt 0.679012 0.839506
vt 0.679012 0.851852
vt 0.679012 0.864197
vt 0.679012 0.876543
vt 0.679012 0.888889
vt 0.679012 0.901234
vt 0.679012 0.913580
vt 0.679012 0.925926
vt 0.679012 0.938272
vt 0.679012 0.950617
vt 0.679012 0.962963
vt 0.679012 0.975309
vt 0.691358 0.012346
vt 0.691358 0.000000
vt 0.691358 0.024691
vt 0.691358 0.037037
vt 0.691358 0.049383
vt 0.691358 0.061728
vt 0.691358 0.074074
vt 0.691358 0.086420
vt 0.691358 0.098765
vt 0.691358 0.111111
vt 0.691358 0.123457
vt 0.691358 0.135802
vt 0.691358 0.148148
vt 0.691358 0.160494
vt 0.691358 0.172839
vt 0.691358 0.185185
vt 0.691358 0.197531
vt 0.691358 0.209877
vt 0.691358 0.222222
vt 0.691358 0.234568
vt 0.691358 0.246914
vt 0.691358 0.259259
vt 0.691358 0.271605
vt 0.691358 0.283951
vt 0.691358 0.296296
vt 0.691358 0.308642
vt 0.691358 0.320988
vt 0.691358 0.333333
vt 0.691358 0.345679
vt 0.691358 0.358025
vt 0.691358 0.370370
vt 0.691358 0.382716
vt 0.691358 0.395062
vt 0.691358 0.407407
vt 0.691358 0.419753
vt 0.691358 0.432099
vt 0.691358 0.444445
vt 0.691358 0.456790
vt 0.691358 0.469136
vt 0.691358 0.481482
vt 0.691358 0.493827
vt 0.691358 0.506173
vt 0.691358 0.518519
vt 0.691358 0.530864
vt 0.691358 0.543210
vt 0.691358 0.555556
vt 0.691358 0.567901
vt 0.691358 0.580247
vt 0.691358 0.592593
vt 0.691358 0.604938
vt 0.691358 0.617284
vt 0.691358 0.629630
vt 0.691358 0.641975
vt 0.691358 0.654321
vt 0.691358 0.666667
vt 0.691358 0.679012
vt 0.691358 0.691358
vt 0.691358 0.703704
vt 0.691358 0.716049
vt 0.691358 0.728395
vt 0.691358 0.740741
vt 0.691358 0.753086
vt 0.691358 0.765432
vt 0.691358 0.777778
vt 0.691358 0.790123
vt 0.691358 0.802469
vt 0.691358 0.814815
vt 0.691358 0.827160
vt 0.691358 0.839506
vt 0.691358 0.851852
vt 0.691358 0.864197
vt 0.691358 0.876543
vt 0.691358 0.888889
vt 0.691358 0.901234
vt 0.691358 0.913580
vt 0.691358 0.925926
vt 0.691358 0.938272
vt 0.691358 0.950617
vt 0.691358 0.962963
vt 0.691358 0.975309
vt 0.703704 0.012346
vt 0.703704 0.000000
vt 0.703704 0.024691
vt 0.703704 0.037037
vt 0.703704 0.049383
vt 0.703704 0.061728
vt 0.703704 0.074074
vt 0.703704 0.086420
vt 0.703704 0.098765
vt 0.703704 0.111111
vt 0.703704 0.123457
vt 0.703704 0.135802
vt 0.703704 0.148148
vt 0.703704 0.160494
vt 0.703703 0.172839
vt 0.703703 0.185185
vt 0.703704 0.197531
vt 0.703704 0.209877
vt 0.703704 0.222222
vt 0.703704 0.234568
vt 0.703704 0.246914
vt 0.703704 0.259259
vt 0.703704 0.271605
vt 0.703704 0.283951
vt 0.703704 0.296296
vt 0.703704 0.308642
vt 0.703704 0.320988
vt 0.703704 0.333333
vt 0.703704 0.345679
vt 0.703704 0.358025
vt 0.703704 0.370370
vt 0.703704 0.382716
vt 0.703704 0.395062
vt 0.703704 0.407407
vt 0.703704 0.419753
vt 0.703704 0.432099
vt 0.703704 0.444445
vt 0.703704 0.456790
vt 0.703704 0.469136
vt 0.703704 0.481482
vt 0.703704 0.493827
vt 0.703704 0.506173
vt 0.703704 0.518519
vt 0.703704 0.530864
vt 0.703704 0.543210
vt 0.703704 0.555556
vt 0.703704 0.567901
vt 0.703704 0.580247
vt 0.703704 0.592593
vt 0.703704 0.604938
vt 0.703704 0.617284
vt 0.703704 0.629630
vt 0.703704 0.641975
vt 0.703704 0.654321
vt 0.703704 0.666667
vt 0.703704 0.679012
vt 0.703704 0.691358
vt 0.703704 0.703704
vt 0.703704 0.716049
vt 0.703704 0.728395
vt 0.703704 0.740741
vt 0.703704 0.753086
vt 0.703704 0.765432
vt 0.703704 0.777778
vt 0.703704 0.790123
vt 0.703704 0.802469
vt 0.703704 0.814815
vt 0.703704 0.827160
vt 0.703704 0.839506
vt 0.703704 0.851852
vt 0.703704 0.864197
vt 0.703704 0.876543
vt 0.703704 0.888889
vt 0.703704 0.901234
vt 0.703704 0.913580
vt 0.703704 0.925926
vt 0.703704 0.938272
vt 0.703704 0.950617
vt 0.703704 0.962963
vt 0.703704 0.975309
vt 0.716049 0.012346
vt 0.716049 0.000000
vt 0.716049 0.024691
vt 0.716049 0.037037
vt 0.716049 0.049383
vt 0.716049 0.061728
vt 0.716049 0.074074
vt 0.716049 0.086420
vt 0.716049 0.098765
vt 0.716049 0.111111
vt 0.716049 0.123457
vt 0.716049 0.135802
vt 0.716049 0.148148
vt 0.716049 0.160494
vt 0.716049 0.172839
vt 0.716049 0.185185
vt 0.716049 0.197531
vt 0.716049 0.209877
vt 0.716049 0.222222
vt 0.716049 0.234568
vt 0.716049 0.246914
vt 0.716049 0.259259
vt 0.716049 0.271605
vt 0.716049 0.283951
vt 0.716049 0.296296
vt 0.716049 0.308642
vt 0.716049 0.320988
vt 0.716049 0.333333
vt 0.716049 0.345679
vt 0.716049 0.358025
vt 0.716049 0.370370
vt 0.716049 0.382716
vt 0.716049 0.395062
vt 0.716049 0.407407
vt 0.716049 0.419753
vt 0.716049 0.432099
vt 0.716049 0.444445
vt 0.716049 0.456790
vt 0.716049 0.469136
vt 0.716049 0.481482
vt 0.716049 0.493827
vt 0.716049 0.506173
vt 0.716049 0.518519
vt 0.716049 0.530864
vt 0.716049 0.543210
vt 0.716049 0.555556
vt 0.716049 0.567901
vt 0.716049 0.580247
vt 0.716049 0.592593
vt 0.716049 0.604938
vt 0.716049 0.617284
vt 0.716049 0.629630
vt 0.716049 0.641975
vt 0.716049 0.654321
vt 0.716049 0.666667
vt 0.716049 0.679012
vt 0.716049 0.691358
vt 0.716049 0.703704
vt 0.716049 0.716049
vt 0.716049 0.728395
vt 0.716049 0.740741
vt 0.716049 0.753086
vt 0.716049 0.765432
vt 0.716049 0.777778
vt 0.716049 0.790123
vt 0.716049 0.802469
vt 0.716049 0.814815
vt 0.716049 0.827160
vt 0.716049 0.839506
vt 0.716049 0.851852
vt 0.716049 0.864197
vt 0.716049 0.876543
vt 0.716049 0.888889
vt 0.716049 0.901234
vt 0.716049 0.913580
vt 0.716049 0.925926
vt 0.716049 0.938272
vt 0.716049 0.950617
vt 0.716049 0.962963
vt 0.716049 0.975309
vt 0.728395 0.012346
vt 0.728395 0.000000
vt 0.728395 0.024691
vt 0.728395 0.037037
vt 0.728395 0.049383
vt 0.728395 0.061728
vt 0.728395 0.074074
vt 0.728395 0.086420
vt 0.728395 0.098765
vt 0.728395 0.111111
vt 0.728395 0.123457
vt 0.728395 0.135802
vt 0.728395 0.148148
vt 0.728395 0.160494
vt 0.728395 0.172839
vt 0.728395 0.185185
vt 0.728395 0.197531
vt 0.728395 0.209877
vt 0.728395 0.222222
vt 0.728395 0.234568
vt 0.728395 0.246914
vt 0.728395 0.259259
vt 0.728395 0.271605
vt 0.728395 0.283951
vt 0.728395 0.296296
vt 0.728395 0.308642
vt 0.728395 0.320988
vt 0.728395 0.333333
vt 0.728395 0.345679
vt 0.728395 0.358025
vt 0.728395 0.370370
vt 0.728395 0.382716
vt 0.728395 0.395062
vt 0.728395 0.407407
vt 0.728395 0.419753
vt 0.728395 0.432099
vt 0.728395 0.444445
vt 0.728395 0.456790
vt 0.728395 0.469136
vt 0.728395 0.481482
vt 0.728395 0.493827
vt 0.728395 0.506173
vt 0.728395 0.518519
vt 0.728395 0.530864
vt 0.728395 0.543210
vt 0.728395 0.555556
vt 0.728395 0.567901
vt 0.728395 0.580247
vt 0.728395 0.592593
vt 0.728395 0.604938
vt 0.728395 0.617284
vt 0.728395 0.629630
vt 0.728395 0.641975
vt 0.728395 0.654321
vt 0.728395 0.666667
vt 0.728395 0.679012
vt 0.728395 0.691358
vt 0.728395 0.703704
vt 0.728395 0.716049
vt 0.728395 0.728395
vt 0.728395 0.740741
vt 0.728395 0.753086
vt 0.728395 0.765432
vt 0.728395 0.777778
vt 0.728395 0.790123
vt 0.728395 0.802469
vt 0.728395 0.814815
vt 0.728395 0.827160
vt 0.728395 0.839506
vt 0.728395 0.851852
vt 0.728395 0.864197
vt 0.728395 0.876543
vt 0.728395 0.888889
vt 0.728395 0.901234
vt 0.728395 0.913580
vt 0.728395 0.925926
vt 0.728395 0.938272
vt 0.728395 0.950617
vt 0.728395 0.962963
vt 0.728395 0.975309
vt 0.740741 0.012346
vt 0.740741 0.000000
vt 0.740741 0.024691
vt 0.740741 0.037037
vt 0.740741 0.049383
vt 0.740741 0.061728
vt 0.740741 0.074074
vt 0.740741 0.086420
vt 0.740741 0.098765
vt 0.740741 0.111111
vt 0.740741 0.123457
vt 0.740741 0.135802
vt 0.740741 0.148148
vt 0.740741 0.160494
vt 0.740741 0.172839
vt 0.740741 0.185185
vt 0.740741 0.197531
vt 0.740741 0.209877
vt 0.740741 0.222222
vt 0.740741 0.234568
vt 0.740741 0.246914
vt 0.740741 0.259259
vt 0.740741 0.271605
vt 0.740741 0.283951
vt 0.740741 0.296296
vt 0.740741 0.308642
vt 0.740741 0.320988
vt 0.740741 0.333333
vt 0.740741 0.345679
vt 0.740741 0.358025
vt 0.740741 0.370370
vt 0.740741 0.382716
vt 0.740741 0.395062
vt 0.740741 0.407407
vt 0.740741 0.419753
vt 0.740741 0.432099
vt 0.740741 0.444445
vt 0.740741 0.456790
vt 0.740741 0.469136
vt 0.740741 0.481482
vt 0.740741 0.493827
vt 0.740741 0.506173
vt 0.740741 0.518519
vt 0.740741 0.530864
vt 0.740741 0.543210
vt 0.740741 0.555556
vt 0.740741 0.567901
vt 0.740741 0.580247
vt 0.740741 0.592593
vt 0.740741 0.604938
vt 0.740741 0.617284
vt 0.740741 0.629630
vt 0.740741 0.641975
vt 0.740741 0.654321
vt 0.740741 0.666667
vt 0.740741 0.679012
vt 0.740741 0.691358
vt 0.740741 0.703704
vt 0.740741 0.716049
vt 0.740741 0.728395
vt 0.740741 0.740741
vt 0.740741 0.753086
vt 0.740741 0.765432
vt 0.740741 0.777778
vt 0.740741 0.790123
vt 0.740741 0.802469
vt 0.740741 0.814815
vt 0.740741 0.827160
vt 0.740741 0.839506
vt 0.740741 0.851852
vt 0.740741 0.864197
vt 0.740741 0.876543
vt 0.740741 0.888889
vt 0.740741 0.901234
vt 0.740741 0.913580
vt 0.740741 0.925926
vt 0.740741 0.938272
vt 0.740741 0.950617
vt 0.740741 0.962963
vt 0.740741 0.975309
vt 0.753086 0.012346
vt 0.753086 0.000000
vt 0.753086 0.024691
vt 0.753086 0.037037
vt 0.753086 0.049383
vt 0.753086 0.061728
vt 0.753086 0.074074
vt 0.753086 0.086420
vt 0.753086 0.098765
vt 0.753086 0.111111
vt 0.753086 0.123457
vt 0.753086 0.135802
vt 0.753086 0.148148
vt 0.753086 0.160494
vt 0.753086 0.172839
vt 0.753086 0.185185
vt 0.753086 0.197531
vt 0.753086 0.209877
vt 0.753086 0.222222
vt 0.753086 0.234568
vt 0.753086 0.246914
vt 0.753086 0.259259
vt 0.753086 0.271605
vt 0.753086 0.283951
vt 0.753086 0.296296
vt 0.753086 0.308642
vt 0.753087 0.320988
vt 0.753087 0.333333
vt 0.753087 0.345679
vt 0.753087 0.358025
vt 0.753087 0.370370
vt 0.753087 0.382716
vt 0.753087 0.395062
vt 0.753087 0.407407
vt 0.753087 0.419753
vt 0.753087 0.432099
vt 0.753087 0.444445
vt 0.753087 0.456790
vt 0.753087 0.469136
vt 0.753087 0.481482
vt 0.753087 0.493827
vt 0.753087 0.506173
vt 0.753087 0.518519
vt 0.753087 0.530864
vt 0.753087 0.543210
vt 0.753087 0.555556
vt 0.753087 0.567901
vt 0.753087 0.580247
vt 0.753087 0.592593
vt 0.753087 0.604938
vt 0.753087 0.617284
vt 0.753087 0.629630
vt 0.753087 0.641975
vt 0.753087 0.654321
vt 0.753087 0.666667
vt 0.753087 0.679012
vt 0.753087 0.691358
vt 0.753087 0.703704
vt 0.753087 0.716049
vt 0.753087 0.728395
vt 0.753087 0.740741
vt 0.753087 0.753086
vt 0.753087 0.765432
vt 0.753087 0.777778
vt 0.753087 0.790123
vt 0.753087 0.802469
vt 0.753087 0.814815
vt 0.753087 0.827160
vt 0.753086 0.839506
vt 0.753087 0.851852
vt 0.753087 0.864197
vt 0.753087 0.876543
vt 0.753086 0.888889
vt 0.753086 0.901234
vt 0.753086 0.913580
vt 0.753086 0.925926
vt 0.753086 0.938272
vt 0.753086 0.950617
vt 0.753086 0.962963
vt 0.753086 0.975309
vt 0.765432 0.012346
vt 0.765432 0.000000
vt 0.765432 0.024691
vt 0.765432 0.037037
vt 0.765432 0.049383
vt 0.765432 0.061728
vt 0.765432 0.074074
vt 0.765432 0.086420
vt 0.765432 0.098765
vt 0.765432 0.111111
vt 0.765432 0.123457
vt 0.765432 0.135802
vt 0.765432 0.148148
vt 0.765432 0.160494
vt 0.765432 0.172839
vt 0.765432 0.185185
vt 0.765432 0.197531
vt 0.765432 0.209877
vt 0.765432 0.222222
vt 0.765432 0.234568
vt 0.765432 0.246914
vt 0.765432 0.259259
vt 0.765432 0.271605
vt 0.765432 0.283951
vt 0.765432 0.296296
vt 0.765432 0.308642
vt 0.765432 0.320988
vt 0.765432 0.333333
vt 0.765432 0.345679
vt 0.765432 0.358025
vt 0.765432 0.370370
vt 0.765432 0.382716
vt 0.765432 0.395062
vt 0.765432 0.407407
vt 0.765432 0.419753
vt 0.765432 0.432099
vt 0.765432 0.444445
vt 0.765432 0.456790
vt 0.765432 0.469136
vt 0.765432 0.481482
vt 0.765432 0.493827
vt 0.765432 0.506173
vt 0.765432 0.518519
vt 0.765432 0.530864
vt 0.765432 0.543210
vt 0.765432 0.555556
vt 0.765432 0.567901
vt 0.765432 0.580247
vt 0.765432 0.592593
vt 0.765432 0.604938
vt 0.765432 0.617284
vt 0.765432 0.629630
vt 0.765432 0.641975
vt 0.765432 0.654321
vt 0.765432 0.666667
vt 0.765432 0.679012
vt 0.765432 0.691358
vt 0.765432 0.703704
vt 0.765432 0.716049
vt 0.765432 0.728395
vt 0.765432 0.740741
vt 0.765432 0.753086
vt 0.765432 0.765432
vt 0.765432 0.777778
vt 0.765432 0.790123
vt 0.765432 0.802469
vt 0.765432 0.814815
vt 0.765432 0.827160
vt 0.765432 0.839506
vt 0.765432 0.851852
vt 0.765432 0.864197
vt 0.765432 0.876543
vt 0.765432 0.888889
vt 0.765432 0.901234
vt 0.765432 0.913580
vt 0.765432 0.925926
vt 0.765432 0.938272
vt 0.765432 0.950617
vt 0.765432 0.962963
vt 0.765432 0.975309
vt 0.777778 0.012346
vt 0.777778 0.000000
vt 0.777778 0.024691
vt 0.777778 0.037037
vt 0.777778 0.049383
vt 0.777778 0.061728
vt 0.777778 0.074074
vt 0.777778 0.086420
vt 0.777778 0.098765
vt 0.777778 0.111111
vt 0.777778 0.123457
vt 0.777778 0.135802
vt 0.777778 0.148148
vt 0.777778 0.160494
vt 0.777778 0.172839
vt 0.777778 0.185185
vt 0.777778 0.197531
vt 0.777778 0.209877
vt 0.777778 0.222222
vt 0.777778 0.234568
vt 0.777778 0.246914
vt 0.777778 0.259259
vt 0.777778 0.271605
vt 0.777778 0.283951
vt 0.777778 0.296296
vt 0.777778 0.308642
vt 0.777778 0.320988
vt 0.777778 0.333333
vt 0.777778 0.345679
vt 0.777778 0.358025
vt 0.777778 0.370370
vt 0.777778 0.382716
vt 0.777778 0.395062
vt 0.777778 0.407407
vt 0.777778 0.419753
vt 0.777778 0.432099
vt 0.777778 0.444445
vt 0.777778 0.456790
vt 0.777778 0.469136
vt 0.777778 0.481482
vt 0.777778 0.493827
vt 0.777778 0.506173
vt 0.777778 0.518519
vt 0.777778 0.530864
vt 0.777778 0.543210
vt 0.777778 0.555556
vt 0.777778 0.567901
vt 0.777778 0.580247
vt 0.777778 0.592593
vt 0.777778 0.604938
vt 0.777778 0.617284
vt 0.777778 0.629630
vt 0.777778 0.641975
vt 0.777778 0.654321
vt 0.777778 0.666667
vt 0.777778 0.679012
vt 0.777778 0.691358
vt 0.777778 0.703704
vt 0.777778 0.716049
vt 0.777778 0.728395
vt 0.777778 0.740741
vt 0.777778 0.753086
vt 0.777778 0.765432
vt 0.777778 0.777778
vt 0.777778 0.790123
vt 0.777778 0.802469
vt 0.777778 0.814815
vt 0.777778 0.827160
vt 0.777778 0.839506
vt 0.777778 0.851852
vt 0.777778 0.864197
vt 0.777778 0.876543
vt 0.777778 0.888889
vt 0.777778 0.901234
vt 0.777778 0.913580
vt 0.777778 0.925926
vt 0.777778 0.938272
vt 0.777778 0.950617
vt 0.777778 0.962963
vt 0.777778 0.975309
vt 0.790123 0.012346
vt 0.790123 0.000000
vt 0.790123 0.024691
vt 0.790123 0.037037
vt 0.790123 0.049383
vt 0.790123 0.061728
vt 0.790123 0.074074
vt 0.790123 0.086420
vt 0.790123 0.098765
vt 0.790123 0.111111
vt 0.790123 0.123457
vt 0.790123 0.135802
vt 0.790123 0.148148
vt 0.790123 0.160494
vt 0.790123 0.172839
vt 0.790123 0.185185
vt 0.790123 0.197531
vt 0.790123 0.209877
vt 0.790123 0.222222
vt 0.790123 0.234568
vt 0.790123 0.246914
vt 0.790124 0.259259
vt 0.790124 0.271605
vt 0.790124 0.283951
vt 0.790124 0.296296
vt 0.790124 0.308642
vt 0.790124 0.320988
vt 0.790124 0.333333
vt 0.790124 0.345679
vt 0.790124 0.358025
vt 0.790124 0.370370
vt 0.790124 0.382716
vt 0.790124 0.395062
vt 0.790124 0.407407
vt 0.790124 0.419753
vt 0.790124 0.432099
vt 0.790124 0.444445
vt 0.790124 0.456790
vt 0.790124 0.469136
vt 0.790124 0.481482
vt 0.790124 0.493827
vt 0.790124 0.506173
vt 0.790124 0.518519
vt 0.790124 0.530864
vt 0.790124 0.543210
vt 0.790124 0.555556
vt 0.790124 0.567901
vt 0.790124 0.580247
vt 0.790124 0.592593
vt 0.790124 0.604938
vt 0.790124 0.617284
vt 0.790124 0.629630
vt 0.790124 0.641975
vt 0.790124 0.654321
vt 0.790124 0.666667
vt 0.790124 0.679012
vt 0.790124 0.691358
vt 0.790124 0.703704
vt 0.790124 0.716049
vt 0.790124 0.728395
vt 0.790124 0.740741
vt 0.790124 0.753086
vt 0.790124 0.765432
vt 0.790124 0.777778
vt 0.790123 0.790123
vt 0.790123 0.802469
vt 0.790123 0.814815
vt 0.790123 0.827160
vt 0.790123 0.839506
vt 0.790123 0.851852
vt 0.790123 0.864197
vt 0.790123 0.876543
vt 0.790123 0.888889
vt 0.790123 0.901234
vt 0.790123 0.913580
vt 0.790123 0.925926
vt 0.790123 0.938272
vt 0.790123 0.950617
vt 0.790123 0.962963
vt 0.790123 0.975309
vt 0.802469 0.012346
vt 0.802469 0.000000
vt 0.802469 0.024691
vt 0.802469 0.037037
vt 0.802469 0.049383
vt 0.802469 0.061728
vt 0.802469 0.074074
vt 0.802469 0.086420
vt 0.802469 0.098765
vt 0.802469 0.111111
vt 0.802469 0.123457
vt 0.802469 0.135802
vt 0.802469 0.148148
vt 0.802469 0.160494
vt 0.802469 0.172839
vt 0.802469 0.185185
vt 0.802469 0.197531
vt 0.802469 0.209877
vt 0.802469 0.222222
vt 0.802469 0.234568
vt 0.802469 0.246914
vt 0.802469 0.259259
vt 0.802469 0.271605
vt 0.802469 0.283951
vt 0.802469 0.296296
vt 0.802469 0.308642
vt 0.802469 0.320988
vt 0.802469 0.333333
vt 0.802469 0.345679
vt 0.802469 0.358025
vt 0.802469 0.370370
vt 0.802469 0.382716
vt 0.802469 0.395062
vt 0.802469 0.407407
vt 0.802469 0.419753
vt 0.802469 0.432099
vt 0.802469 0.444445
vt 0.802469 0.456790
vt 0.802469 0.469136
vt 0.802469 0.481482
vt 0.802469 0.493827
vt 0.802469 0.506173
vt 0.802469 0.518519
vt 0.802469 0.530864
vt 0.802469 0.543210
vt 0.802469 0.555556
vt 0.802469 0.567901
vt 0.802469 0.580247
vt 0.802469 0.592593
vt 0.802469 0.604938
vt 0.802469 0.617284
vt 0.802469 0.629630
vt 0.802469 0.641975
vt 0.802469 0.654321
vt 0.802469 0.666667
vt 0.802469 0.679012
vt 0.802469 0.691358
vt 0.802469 0.703704
vt 0.802469 0.716049
vt 0.802469 0.728395
vt 0.802469 0.740741
vt 0.802469 0.753086
vt 0.802469 0.765432
vt 0.802469 0.777778
vt 0.802469 0.790123
vt 0.802469 0.802469
vt 0.802469 0.814815
vt 0.802469 0.827160
vt 0.802469 0.839506
vt 0.802469 0.851852
vt 0.802469 0.864197
vt 0.802469 0.876543
vt 0.802469 0.888889
vt 0.802469 0.901234
vt 0.802469 0.913580
vt 0.802469 0.925926
vt 0.802469 0.938272
vt 0.802469 0.950617
vt 0.802469 0.962963
vt 0.802469 0.975309
vt 0.814815 0.012346
vt 0.814815 0.000000
vt 0.814815 0.024691
vt 0.814815 0.037037
vt 0.814815 0.049383
vt 0.814815 0.061728
vt 0.814815 0.074074
vt 0.814815 0.086420
vt 0.814815 0.098765
vt 0.814815 0.111111
vt 0.814815 0.123457
vt 0.814815 0.135802
vt 0.814815 0.148148
vt 0.814815 0.160494
vt 0.814815 0.172839
vt 0.814815 0.185185
vt 0.814815 0.197531
vt 0.814815 0.209877
vt 0.814815 0.222222
vt 0.814815 0.234568
vt 0.814815 0.246914
vt 0.814815 0.259259
vt 0.814815 0.271605
vt 0.814815 0.283951
vt 0.814815 0.296296
vt 0.814815 0.308642
vt 0.814815 0.320988
vt 0.814815 0.333333
vt 0.814815 0.345679
vt 0.814815 0.358025
vt 0.814815 0.370370
vt 0.814815 0.382716
vt 0.814815 0.395062
vt 0.814815 0.407407
vt 0.814815 0.419753
vt 0.814815 0.432099
vt 0.814815 0.444445
vt 0.814815 0.456790
vt 0.814815 0.469136
vt 0.814815 0.481482
vt 0.814815 0.493827
vt 0.814815 0.506173
vt 0.814815 0.518519
vt 0.814815 0.530864
vt 0.814815 0.543210
vt 0.814815 0.555556
vt 0.814815 0.567901
vt 0.814815 0.580247
vt 0.814815 0.592593
vt 0.814815 0.604938
vt 0.814815 0.617284
vt 0.814815 0.629630
vt 0.814815 0.641975
vt 0.814815 0.654321
vt 0.814815 0.666667
vt 0.814815 0.679012
vt 0.814815 0.691358
vt 0.814815 0.703704
vt 0.814815 0.716049
vt 0.814815 0.728395
vt 0.814815 0.740741
vt 0.814815 0.753086
vt 0.814815 0.765432
vt 0.814815 0.777778
vt 0.814815 0.790123
vt 0.814815 0.802469
vt 0.814815 0.814815
vt 0.814815 0.827160
vt 0.814815 0.839506
vt 0.814815 0.851852
vt 0.814815 0.864197
vt 0.814815 0.876543
vt 0.814815 0.888889
vt 0.814815 0.901234
vt 0.814815 0.913580
vt 0.814815 0.925926
vt 0.814815 0.938272
vt 0.814815 0.950617
vt 0.814815 0.962963
vt 0.814815 0.975309
vt 0.827160 0.012346
vt 0.827160 0.000000
vt 0.827160 0.024691
vt 0.827160 0.037037
vt 0.827160 0.049383
vt 0.827160 0.061728
vt 0.827160 0.074074
vt 0.827160 0.086420
vt 0.827160 0.098765
vt 0.827160 0.111111
vt 0.827160 0.123457
vt 0.827160 0.135802
vt 0.827160 0.148148
vt 0.827160 0.160494
vt 0.827160 0.172839
vt 0.827160 0.185185
vt 0.827160 0.197531
vt 0.827160 0.209877
vt 0.827160 0.222222
vt 0.827160 0.234568
vt 0.827160 0.246914
vt 0.827160 0.259259
vt 0.827160 0.271605
vt 0.827160 0.283951
vt 0.827160 0.296296
vt 0.827160 0.308642
vt 0.827160 0.320988
vt 0.827160 0.333333
vt 0.827160 0.345679
vt 0.827161 0.358025
vt 0.827161 0.370370
vt 0.827161 0.382716
vt 0.827161 0.395062
vt 0.827161 0.407407
vt 0.827161 0.419753
vt 0.827161 0.432099
vt 0.827161 0.444445
vt 0.827161 0.456790
vt 0.827161 0.469136
vt 0.827161 0.481482
vt 0.827161 0.493827
vt 0.827161 0.506173
vt 0.827161 0.518519
vt 0.827161 0.530864
vt 0.827161 0.543210
vt 0.827161 0.555556
vt 0.827161 0.567901
vt 0.827161 0.580247
vt 0.827160 0.592593
vt 0.827161 0.604938
vt 0.827161 0.617284
vt 0.827161 0.629630
vt 0.827161 0.641975
vt 0.827161 0.654321
vt 0.827161 0.666667
vt 0.827161 0.679012
vt 0.827161 0.691358
vt 0.827161 0.703704
vt 0.827161 0.716049
vt 0.827161 0.728395
vt 0.827161 0.740741
vt 0.827161 0.753086
vt 0.827161 0.765432
vt 0.827161 0.777778
vt 0.827161 0.790123
vt 0.827161 0.802469
vt 0.827161 0.814815
vt 0.827161 0.827160
vt 0.827160 0.839506
vt 0.827160 0.851852
vt 0.827160 0.864197
vt 0.827160 0.876543
vt 0.827160 0.888889
vt 0.827160 0.901234
vt 0.827160 0.913580
vt 0.827160 0.925926
vt 0.827160 0.938272
vt 0.827160 0.950617
vt 0.827160 0.962963
vt 0.827160 0.975309
vt 0.839506 0.012346
vt 0.839506 0.000000
vt 0.839506 0.024691
vt 0.839506 0.037037
vt 0.839506 0.049383
vt 0.839506 0.061728
vt 0.839506 0.074074
vt 0.839506 0.086420
vt 0.839506 0.098765
vt 0.839506 0.111111
vt 0.839506 0.123457
vt 0.839506 0.135802
vt 0.839506 0.148148
vt 0.839506 0.160494
vt 0.839506 0.172839
vt 0.839506 0.185185
vt 0.839506 0.197531
vt 0.839506 0.209877
vt 0.839506 0.222222
vt 0.839506 0.234568
vt 0.839506 0.246914
vt 0.839506 0.259259
vt 0.839506 0.271605
vt 0.839506 0.283951
vt 0.839506 0.296296
vt 0.839506 0.308642
vt 0.839506 0.320988
vt 0.839506 0.333333
vt 0.839506 0.345679
vt 0.839506 0.358025
vt 0.839506 0.370370
vt 0.839506 0.382716
vt 0.839506 0.395062
vt 0.839506 0.407407
vt 0.839506 0.419753
vt 0.839506 0.432099
vt 0.839506 0.444445
vt 0.839506 0.456790
vt 0.839506 0.469136
vt 0.839506 0.481482
vt 0.839506 0.493827
vt 0.839506 0.506173
vt 0.839506 0.518519
vt 0.839506 0.530864
vt 0.839506 0.543210
vt 0.839506 0.555556
vt 0.839506 0.567901
vt 0.839506 0.580247
vt 0.839506 0.592593
vt 0.839506 0.604938
vt 0.839506 0.617284
vt 0.839506 0.629630
vt 0.839506 0.641975
vt 0.839506 0.654321
vt 0.839506 0.666667
vt 0.839506 0.679012
vt 0.839506 0.691358
vt 0.839506 0.703704
vt 0.839506 0.716049
vt 0.839506 0.728395
vt 0.839506 0.740741
vt 0.839506 0.753086
vt 0.839506 0.765432
vt 0.839506 0.777778
vt 0.839506 0.790123
vt 0.839506 0.802469
vt 0.839506 0.814815
vt 0.839506 0.827160
vt 0.839506 0.839506
vt 0.839506 0.851852
vt 0.839506 0.864197
vt 0.839506 0.876543
vt 0.839506 0.888889
vt 0.839506 0.901234
vt 0.839506 0.913580
vt 0.839506 0.925926
vt 0.839506 0.938272
vt 0.839506 0.950617
vt 0.839506 0.962963
vt 0.839506 0.975309
vt 0.851852 0.012346
vt 0.851852 0.000000
vt 0.851852 0.024691
vt 0.851852 0.037037
vt 0.851852 0.049383
vt 0.851852 0.061728
vt 0.851852 0.074074
vt 0.851852 0.086420
vt 0.851852 0.098765
vt 0.851852 0.111111
vt 0.851852 0.123457
vt 0.851852 0.135802
vt 0.851852 0.148148
vt 0.851852 0.160494
vt 0.851852 0.172839
vt 0.851852 0.185185
vt 0.851852 0.197531
vt 0.851852 0.209877
vt 0.851852 0.222222
vt 0.851852 0.234568
vt 0.851852 0.246914
vt 0.851852 0.259259
vt 0.851852 0.271605
vt 0.851852 0.283951
vt 0.851852 0.296296
vt 0.851852 0.308642
vt 0.851852 0.320988
vt 0.851852 0.333333
vt 0.851852 0.345679
vt 0.851852 0.358025
vt 0.851852 0.370370
vt 0.851852 0.382716
vt 0.851852 0.395062
vt 0.851852 0.407407
vt 0.851852 0.419753
vt 0.851852 0.432099
vt 0.851852 0.444445
vt 0.851852 0.456790
vt 0.851852 0.469136
vt 0.851852 0.481482
vt 0.851852 0.493827
vt 0.851852 0.506173
vt 0.851852 0.518519
vt 0.851852 0.530864
vt 0.851852 0.543210
vt 0.851852 0.555556
vt 0.851852 0.567901
vt 0.851852 0.580247
vt 0.851852 0.592593
vt 0.851852 0.604938
vt 0.851852 0.617284
vt 0.851852 0.629630
vt 0.851852 0.641975
vt 0.851852 0.654321
vt 0.851852 0.666667
vt 0.851852 0.679012
vt 0.851852 0.691358
vt 0.851852 0.703704
vt 0.851852 0.716049
vt 0.851852 0.728395
vt 0.851852 0.740741
vt 0.851852 0.753086
vt 0.851852 0.765432
vt 0.851852 0.777778
vt 0.851852 0.790123
vt 0.851852 0.802469
vt 0.851852 0.814815
vt 0.851852 0.827160
vt 0.851852 0.839506
vt 0.851852 0.851852
vt 0.851852 0.864197
vt 0.851852 0.876543
vt 0.851852 0.888889
vt 0.851852 0.901234
vt 0.851852 0.913580
vt 0.851852 0.925926
vt 0.851852 0.938272
vt 0.851852 0.950617
vt 0.851852 0.962963
vt 0.851852 0.975309
vt 0.864197 0.012346
vt 0.864197 0.000000
vt 0.864197 0.024691
vt 0.864197 0.037037
vt 0.864197 0.049383
vt 0.864197 0.061728
vt 0.864197 0.074074
vt 0.864197 0.086420
vt 0.864197 0.098765
vt 0.864197 0.111111
vt 0.864197 0.123457
vt 0.864197 0.135802
vt 0.864197 0.148148
vt 0.864197 0.160494
vt 0.864197 0.172839
vt 0.864197 0.185185
vt 0.864197 0.197531
vt 0.864197 0.209877
vt 0.864197 0.222222
vt 0.864197 0.234568
vt 0.864197 0.246914
vt 0.864197 0.259259
vt 0.864197 0.271605
vt 0.864197 0.283951
vt 0.864197 0.296296
vt 0.864197 0.308642
vt 0.864197 0.320988
vt 0.864197 0.333333
vt 0.864197 0.345679
vt 0.864197 0.358025
vt 0.864197 0.370370
vt 0.864197 0.382716
vt 0.864197 0.395062
vt 0.864197 0.407407
vt 0.864197 0.419753
vt 0.864197 0.432099
vt 0.864197 0.444445
vt 0.864197 0.456790
vt 0.864197 0.469136
vt 0.864197 0.481482
vt 0.864197 0.493827
vt 0.864197 0.506173
vt 0.864197 0.518519
vt 0.864197 0.530864
vt 0.864197 0.543210
vt 0.864197 0.555556
vt 0.864197 0.567901
vt 0.864197 0.580247
vt 0.864197 0.592593
vt 0.864197 0.604938
vt 0.864197 0.617284
vt 0.864197 0.629630
vt 0.864197 0.641975
vt 0.864197 0.654321
vt 0.864197 0.666667
vt 0.864197 0.679012
vt 0.864197 0.691358
vt 0.864197 0.703704
vt 0.864197 0.716049
vt 0.864197 0.728395
vt 0.864197 0.740741
vt 0.864197 0.753086
vt 0.864197 0.765432
vt 0.864197 0.777778
vt 0.864197 0.790123
vt 0.864197 0.802469
vt 0.864197 0.814815
vt 0.864197 0.827160
vt 0.864197 0.839506
vt 0.864197 0.851852
vt 0.864198 0.864197
vt 0.864197 0.876543
vt 0.864197 0.888889
vt 0.864197 0.901234
vt 0.864197 0.913580
vt 0.864197 0.925926
vt 0.864197 0.938272
vt 0.864198 0.950617
vt 0.864198 0.962963
vt 0.864197 0.975309
vt 0.876543 0.012346
vt 0.876543 0.000000
vt 0.876543 0.024691
vt 0.876543 0.037037
vt 0.876543 0.049383
vt 0.876543 0.061728
vt 0.876543 0.074074
vt 0.876543 0.086420
vt 0.876543 0.098765
vt 0.876543 0.111111
vt 0.876543 0.123457
vt 0.876543 0.135802
vt 0.876543 0.148148
vt 0.876543 0.160494
vt 0.876543 0.172839
vt 0.876543 0.185185
vt 0.876543 0.197531
vt 0.876543 0.209877
vt 0.876543 0.222222
vt 0.876543 0.234568
vt 0.876543 0.246914
vt 0.876543 0.259259
vt 0.876543 0.271605
vt 0.876543 0.283951
vt 0.876543 0.296296
vt 0.876543 0.308642
vt 0.876543 0.320988
vt 0.876543 0.333333
vt 0.876543 0.345679
vt 0.876543 0.358025
vt 0.876543 0.370370
vt 0.876543 0.382716
vt 0.876543 0.395062
vt 0.876543 0.407407
vt 0.876543 0.419753
vt 0.876543 0.432099
vt 0.876543 0.444445
vt 0.876543 0.456790
vt 0.876543 0.469136
vt 0.876543 0.481482
vt 0.876543 0.493827
vt 0.876543 0.506173
vt 0.876543 0.518519
vt 0.876543 0.530864
vt 0.876543 0.543210
vt 0.876543 0.555556
vt 0.876543 0.567901
vt 0.876543 0.580247
vt 0.876543 0.592593
vt 0.876543 0.604938
vt 0.876543 0.617284
vt 0.876543 0.629630
vt 0.876543 0.641975
vt 0.876543 0.654321
vt 0.876543 0.666667
vt 0.876543 0.679012
vt 0.876543 0.691358
vt 0.876543 0.703704
vt 0.876543 0.716049
vt 0.876543 0.728395
vt 0.876543 0.740741
vt 0.876543 0.753086
vt 0.876543 0.765432
vt 0.876543 0.777778
vt 0.876543 0.790123
vt 0.876543 0.802469
vt 0.876543 0.814815
vt 0.876543 0.827160
vt 0.876543 0.839506
vt 0.876543 0.851852
vt 0.876543 0.864197
vt 0.876543 0.876543
vt 0.876543 0.888889
vt 0.876543 0.901234
vt 0.876543 0.913580
vt 0.876543 0.925926
vt 0.876543 0.938272
vt 0.876543 0.950617
vt 0.876543 0.962963
vt 0.876543 0.975309
vt 0.888889 0.012346
vt 0.888889 0.000000
vt 0.888889 0.024691
vt 0.888889 0.037037
vt 0.888889 0.049383
vt 0.888889 0.061728
vt 0.888889 0.074074
vt 0.888889 0.086420
vt 0.888889 0.098765
vt 0.888889 0.111111
vt 0.888889 0.123457
vt 0.888889 0.135802
vt 0.888889 0.148148
vt 0.888889 0.160494
vt 0.888889 0.172839
vt 0.888889 0.185185
vt 0.888889 0.197531
vt 0.888889 0.209877
vt 0.888889 0.222222
vt 0.888889 0.234568
vt 0.888889 0.246914
vt 0.888889 0.259259
vt 0.888889 0.271605
vt 0.888889 0.283951
vt 0.888889 0.296296
vt 0.888889 0.308642
vt 0.888889 0.320988
vt 0.888889 0.333333
vt 0.888889 0.345679
vt 0.888889 0.358025
vt 0.888889 0.370370
vt 0.888889 0.382716
vt 0.888889 0.395062
vt 0.888889 0.407407
vt 0.888889 0.419753
vt 0.888889 0.432099
vt 0.888889 0.444445
vt 0.888889 0.456790
vt 0.888889 0.469136
vt 0.888889 0.481482
vt 0.888889 0.493827
vt 0.888889 0.506173
vt 0.888889 0.518519
vt 0.888889 0.530864
vt 0.888889 0.543210
vt 0.888889 0.555556
vt 0.888889 0.567901
vt 0.888889 0.580247
vt 0.888889 0.592593
vt 0.888889 0.604938
vt 0.888889 0.617284
vt 0.888889 0.629630
vt 0.888889 0.641975
vt 0.888889 0.654321
vt 0.888889 0.666667
vt 0.888889 0.679012
vt 0.888889 0.691358
vt 0.888889 0.703704
vt 0.888889 0.716049
vt 0.888889 0.728395
vt 0.888889 0.740741
vt 0.888889 0.753086
vt 0.888889 0.765432
vt 0.888889 0.777778
vt 0.888889 0.790123
vt 0.888889 0.802469
vt 0.888889 0.814815
vt 0.888889 0.827160
vt 0.888889 0.839506
vt 0.888889 0.851852
vt 0.888889 0.864197
vt 0.888889 0.876543
vt 0.888889 0.888889
vt 0.888889 0.901234
vt 0.888889 0.913580
vt 0.888889 0.925926
vt 0.888889 0.938272
vt 0.888889 0.950617
vt 0.888889 0.962963
vt 0.888889 0.975309
vt 0.901234 0.012346
vt 0.901234 0.000000
vt 0.901234 0.024691
vt 0.901234 0.037037
vt 0.901234 0.049383
vt 0.901234 0.061728
vt 0.901234 0.074074
vt 0.901234 0.086420
vt 0.901234 0.098765
vt 0.901234 0.111111
vt 0.901234 0.123457
vt 0.901234 0.135802
vt 0.901234 0.148148
vt 0.901234 0.160494
vt 0.901234 0.172839
vt 0.901234 0.185185
vt 0.901234 0.197531
vt 0.901234 0.209877
vt 0.901234 0.222222
vt 0.901234 0.234568
vt 0.901234 0.246914
vt 0.901234 0.259259
vt 0.901234 0.271605
vt 0.901234 0.283951
vt 0.901234 0.296296
vt 0.901234 0.308642
vt 0.901234 0.320988
vt 0.901234 0.333333
vt 0.901234 0.345679
vt 0.901234 0.358025
vt 0.901234 0.370370
vt 0.901234 0.382716
vt 0.901234 0.395062
vt 0.901235 0.407407
vt 0.901235 0.419753
vt 0.901235 0.432099
vt 0.901235 0.444445
vt 0.901235 0.456790
vt 0.901235 0.469136
vt 0.901235 0.481482
vt 0.901235 0.493827
vt 0.901235 0.506173
vt 0.901235 0.518519
vt 0.901235 0.530864
vt 0.901235 0.543210
vt 0.901235 0.555556
vt 0.901235 0.567901
vt 0.901235 0.580247
vt 0.901235 0.592593
vt 0.901235 0.604938
vt 0.901235 0.617284
vt 0.901235 0.629630
vt 0.901235 0.641975
vt 0.901235 0.654321
vt 0.901235 0.666667
vt 0.901235 0.679012
vt 0.901235 0.691358
vt 0.901235 0.703704
vt 0.901235 0.716049
vt 0.901235 0.728395
vt 0.901235 0.740741
vt 0.901235 0.753086
vt 0.901235 0.765432
vt 0.901235 0.777778
vt 0.901235 0.790123
vt 0.901235 0.802469
vt 0.901235 0.814815
vt 0.901235 0.827160
vt 0.901235 0.839506
vt 0.901235 0.851852
vt 0.901235 0.864197
vt 0.901234 0.876543
vt 0.901234 0.888889
vt 0.901234 0.901234
vt 0.901234 0.913580
vt 0.901235 0.925926
vt 0.901235 0.938272
vt 0.901235 0.950617
vt 0.901235 0.962963
vt 0.901235 0.975309
vt 0.913580 0.012346
vt 0.913580 0.000000
vt 0.913580 0.024691
vt 0.913580 0.037037
vt 0.913580 0.049383
vt 0.913580 0.061728
vt 0.913580 0.074074
vt 0.913580 0.086420
vt 0.913580 0.098765
vt 0.913580 0.111111
vt 0.913580 0.123457
vt 0.913580 0.135802
vt 0.913580 0.148148
vt 0.913580 0.160494
vt 0.913580 0.172839
vt 0.913580 0.185185
vt 0.913580 0.197531
vt 0.913580 0.209877
vt 0.913580 0.222222
vt 0.913580 0.234568
vt 0.913580 0.246914
vt 0.913580 0.259259
vt 0.913580 0.271605
vt 0.913580 0.283951
vt 0.913580 0.296296
vt 0.913580 0.308642
vt 0.913580 0.320988
vt 0.913580 0.333333
vt 0.913580 0.345679
vt 0.913580 0.358025
vt 0.913580 0.370370
vt 0.913580 0.382716
vt 0.913580 0.395062
vt 0.913580 0.407407
vt 0.913580 0.419753
vt 0.913580 0.432099
vt 0.913580 0.444445
vt 0.913580 0.456790
vt 0.913580 0.469136
vt 0.913580 0.481482
vt 0.913580 0.493827
vt 0.913580 0.506173
vt 0.913580 0.518519
vt 0.913580 0.530864
vt 0.913580 0.543210
vt 0.913580 0.555556
vt 0.913580 0.567901
vt 0.913580 0.580247
vt 0.913580 0.592593
vt 0.913580 0.604938
vt 0.913580 0.617284
vt 0.913580 0.629630
vt 0.913580 0.641975
vt 0.913580 0.654321
vt 0.913580 0.666667
vt 0.913580 0.679012
vt 0.913580 0.691358
vt 0.913580 0.703704
vt 0.913580 0.716049
vt 0.913580 0.728395
vt 0.913580 0.740741
vt 0.913580 0.753086
vt 0.913580 0.765432
vt 0.913580 0.777778
vt 0.913580 0.790123
vt 0.913580 0.802469
vt 0.913580 0.814815
vt 0.913580 0.827160
vt 0.913580 0.839506
vt 0.913580 0.851852
vt 0.913580 0.864197
vt 0.913580 0.876543
vt 0.913580 0.888889
vt 0.913580 0.901234
vt 0.913580 0.913580
vt 0.913580 0.925926
vt 0.913580 0.938272
vt 0.913580 0.950617
vt 0.913580 0.962963
vt 0.913580 0.975309
vt 0.925926 0.012346
vt 0.925926 0.000000
vt 0.925926 0.024691
vt 0.925926 0.037037
vt 0.925926 0.049383
vt 0.925926 0.061728
vt 0.925926 0.074074
vt 0.925926 0.086420
vt 0.925926 0.098765
vt 0.925926 0.111111
vt 0.925926 0.123457
vt 0.925926 0.135802
vt 0.925926 0.148148
vt 0.925926 0.160494
vt 0.925926 0.172839
vt 0.925926 0.185185
vt 0.925926 0.197531
vt 0.925926 0.209877
vt 0.925926 0.222222
vt 0.925926 0.234568
vt 0.925926 0.246914
vt 0.925926 0.259259
vt 0.925926 0.271605
vt 0.925926 0.283951
vt 0.925926 0.296296
vt 0.925926 0.308642
vt 0.925926 0.320988
vt 0.925926 0.333333
vt 0.925926 0.345679
vt 0.925926 0.358025
vt 0.925926 0.370370
vt 0.925926 0.382716
vt 0.925926 0.395062
vt 0.925926 0.407407
vt 0.925926 0.419753
vt 0.925926 0.432099
vt 0.925926 0.444445
vt 0.925926 0.456790
vt 0.925926 0.469136
vt 0.925926 0.481482
vt 0.925926 0.493827
vt 0.925926 0.506173
vt 0.925926 0.518519
vt 0.925926 0.530864
vt 0.925926 0.543210
vt 0.925926 0.555556
vt 0.925926 0.567901
vt 0.925926 0.580247
vt 0.925926 0.592593
vt 0.925926 0.604938
vt 0.925926 0.617284
vt 0.925926 0.629630
vt 0.925926 0.641975
vt 0.925926 0.654321
vt 0.925926 0.666667
vt 0.925926 0.679012
vt 0.925926 0.691358
vt 0.925926 0.703704
vt 0.925926 0.716049
vt 0.925926 0.728395
vt 0.925926 0.740741
vt 0.925926 0.753086
vt 0.925926 0.765432
vt 0.925926 0.777778
vt 0.925926 0.790123
vt 0.925926 0.802469
vt 0.925926 0.814815
vt 0.925926 0.827160
vt 0.925926 0.839506
vt 0.925926 0.851852
vt 0.925926 0.864197
vt 0.925926 0.876543
vt 0.925926 0.888889
vt 0.925926 0.901234
vt 0.925926 0.913580
vt 0.925926 0.925926
vt 0.925926 0.938272
vt 0.925926 0.950617
vt 0.925926 0.962963
vt 0.925926 0.975309
vt 0.938272 0.012346
vt 0.938272 0.000000
vt 0.938272 0.024691
vt 0.938272 0.037037
vt 0.938272 0.049383
vt 0.938272 0.061728
vt 0.938272 0.074074
vt 0.938272 0.086420
vt 0.938272 0.098765
vt 0.938272 0.111111
vt 0.938272 0.123457
vt 0.938271 0.135802
vt 0.938271 0.148148
vt 0.938271 0.160494
vt 0.938271 0.172839
vt 0.938271 0.185185
vt 0.938271 0.197531
vt 0.938271 0.209877
vt 0.938271 0.222222
vt 0.938271 0.234568
vt 0.938272 0.246914
vt 0.938272 0.259259
vt 0.938272 0.271605
vt 0.938272 0.283951
vt 0.938272 0.296296
vt 0.938272 0.308642
vt 0.938272 0.320988
vt 0.938272 0.333333
vt 0.938272 0.345679
vt 0.938272 0.358025
vt 0.938272 0.370370
vt 0.938272 0.382716
vt 0.938272 0.395062
vt 0.938272 0.407407
vt 0.938272 0.419753
vt 0.938272 0.432099
vt 0.938272 0.444445
vt 0.938272 0.456790
vt 0.938272 0.469136
vt 0.938272 0.481482
vt 0.938272 0.493827
vt 0.938272 0.506173
vt 0.938272 0.518519
vt 0.938272 0.530864
vt 0.938272 0.543210
vt 0.938272 0.555556
vt 0.938272 0.567901
vt 0.938272 0.580247
vt 0.938272 0.592593
vt 0.938272 0.604938
vt 0.938272 0.617284
vt 0.938272 0.629630
vt 0.938272 0.641975
vt 0.938272 0.654321
vt 0.938272 0.666667
vt 0.938272 0.679012
vt 0.938272 0.691358
vt 0.938272 0.703704
vt 0.938272 0.716049
vt 0.938272 0.728395
vt 0.938272 0.740741
vt 0.938272 0.753086
vt 0.938272 0.765432
vt 0.938272 0.777778
vt 0.938272 0.790123
vt 0.938272 0.802469
vt 0.938272 0.814815
vt 0.938272 0.827160
vt 0.938272 0.839506
vt 0.938272 0.851852
vt 0.938272 0.864197
vt 0.938272 0.876543
vt 0.938272 0.888889
vt 0.938272 0.901234
vt 0.938272 0.913580
vt 0.938272 0.925926
vt 0.938272 0.938272
vt 0.938272 0.950617
vt 0.938272 0.962963
vt 0.938272 0.975309
vt 0.950617 0.012346
vt 0.950617 0.000000
vt 0.950617 0.024691
vt 0.950617 0.037037
vt 0.950617 0.049383
vt 0.950617 0.061728
vt 0.950617 0.074074
vt 0.950617 0.086420
vt 0.950617 0.098765
vt 0.950617 0.111111
vt 0.950617 0.123457
vt 0.950617 0.135802
vt 0.950617 0.148148
vt 0.950617 0.160494
vt 0.950617 0.172839
vt 0.950617 0.185185
vt 0.950617 0.197531
vt 0.950617 0.209877
vt 0.950617 0.222222
vt 0.950617 0.234568
vt 0.950617 0.246914
vt 0.950617 0.259259
vt 0.950617 0.271605
vt 0.950617 0.283951
vt 0.950617 0.296296
vt 0.950617 0.308642
vt 0.950617 0.320988
vt 0.950617 0.333333
vt 0.950617 0.345679
vt 0.950617 0.358025
vt 0.950617 0.370370
vt 0.950617 0.382716
vt 0.950617 0.395062
vt 0.950617 0.407407
vt 0.950617 0.419753
vt 0.950617 0.432099
vt 0.950617 0.444445
vt 0.950617 0.456790
vt 0.950617 0.469136
vt 0.950617 0.481482
vt 0.950617 0.493827
vt 0.950617 0.506173
vt 0.950617 0.518519
vt 0.950617 0.530864
vt 0.950617 0.543210
vt 0.950617 0.555556
vt 0.950617 0.567901
vt 0.950617 0.580247
vt 0.950617 0.592593
vt 0.950617 0.604938
vt 0.950617 0.617284
vt 0.950617 0.629630
vt 0.950617 0.641975
vt 0.950617 0.654321
vt 0.950617 0.666667
vt 0.950617 0.679012
vt 0.950617 0.691358
vt 0.950617 0.703704
vt 0.950617 0.716049
vt 0.950617 0.728395
vt 0.950617 0.740741
vt 0.950617 0.753086
vt 0.950617 0.765432
vt 0.950617 0.777778
vt 0.950617 0.790123
vt 0.950617 0.802469
vt 0.950617 0.814815
vt 0.950617 0.827160
vt 0.950617 0.839506
vt 0.950617 0.851852
vt 0.950617 0.864197
vt 0.950617 0.876543
vt 0.950617 0.888889
vt 0.950617 0.901234
vt 0.950617 0.913580
vt 0.950617 0.925926
vt 0.950617 0.938272
vt 0.950617 0.950617
vt 0.950617 0.962963
vt 0.950617 0.975309
vt 0.962963 0.012346
vt 0.962963 0.000000
vt 0.962963 0.024691
vt 0.962963 0.037037
vt 0.962963 0.049383
vt 0.962963 0.061728
vt 0.962963 0.074074
vt 0.962963 0.086420
vt 0.962963 0.098765
vt 0.962963 0.111111
vt 0.962963 0.123457
vt 0.962963 0.135802
vt 0.962963 0.148148
vt 0.962963 0.160494
vt 0.962963 0.172839
vt 0.962963 0.185185
vt 0.962963 0.197531
vt 0.962963 0.209877
vt 0.962963 0.222222
vt 0.962963 0.234568
vt 0.962963 0.246914
vt 0.962963 0.259259
vt 0.962963 0.271605
vt 0.962963 0.283951
vt 0.962963 0.296296
vt 0.962963 0.308642
vt 0.962963 0.320988
vt 0.962963 0.333333
vt 0.962963 0.345679
vt 0.962963 0.358025
vt 0.962963 0.370370
vt 0.962963 0.382716
vt 0.962963 0.395062
vt 0.962963 0.407407
vt 0.962963 0.419753
vt 0.962963 0.432099
vt 0.962963 0.444445
vt 0.962963 0.456790
vt 0.962963 0.469136
vt 0.962963 0.481482
vt 0.962963 0.493827
vt 0.962963 0.506173
vt 0.962963 0.518519
vt 0.962963 0.530864
vt 0.962963 0.543210
vt 0.962963 0.555556
vt 0.962963 0.567901
vt 0.962963 0.580247
vt 0.962963 0.592593
vt 0.962963 0.604938
vt 0.962963 0.617284
vt 0.962963 0.629630
vt 0.962963 0.641975
vt 0.962963 0.654321
vt 0.962963 0.666667
vt 0.962963 0.679012
vt 0.962963 0.691358
vt 0.962963 0.703704
vt 0.962963 0.716049
vt 0.962963 0.728395
vt 0.962963 0.740741
vt 0.962963 0.753086
vt 0.962963 0.765432
vt 0.962963 0.777778
vt 0.962963 0.790123
vt 0.962963 0.802469
vt 0.962963 0.814815
vt 0.962963 0.827160
vt 0.962963 0.839506
vt 0.962963 0.851852
vt 0.962963 0.864197
vt 0.962963 0.876543
vt 0.962963 0.888889
vt 0.962963 0.901234
vt 0.962963 0.913580
vt 0.962963 0.925926
vt 0.962963 0.938272
vt 0.962963 0.950617
vt 0.962963 0.962963
vt 0.962963 0.975309
vt 0.975309 0.012346
vt 0.975309 0.000000
vt 0.975309 0.024691
vt 0.975309 0.037037
vt 0.975309 0.049383
vt 0.975309 0.061728
vt 0.975309 0.074074
vt 0.975309 0.086420
vt 0.975309 0.098765
vt 0.975309 0.111111
vt 0.975309 0.123457
vt 0.975309 0.135802
vt 0.975309 0.148148
vt 0.975309 0.160494
vt 0.975309 0.172839
vt 0.975309 0.185185
vt 0.975309 0.197531
vt 0.975309 0.209877
vt 0.975309 0.222222
vt 0.975309 0.234568
vt 0.975309 0.246914
vt 0.975309 0.259259
vt 0.975309 0.271605
vt 0.975309 0.283951
vt 0.975309 0.296296
vt 0.975309 0.308642
vt 0.975309 0.320988
vt 0.975309 0.333333
vt 0.975309 0.345679
vt 0.975309 0.358025
vt 0.975309 0.370370
vt 0.975309 0.382716
vt 0.975309 0.395062
vt 0.975309 0.407407
vt 0.975309 0.419753
vt 0.975309 0.432099
vt 0.975309 0.444445
vt 0.975309 0.456790
vt 0.975309 0.469136
vt 0.975309 0.481482
vt 0.975309 0.493827
vt 0.975309 0.506173
vt 0.975309 0.518519
vt 0.975309 0.530864
vt 0.975309 0.543210
vt 0.975309 0.555556
vt 0.975309 0.567901
vt 0.975309 0.580247
vt 0.975309 0.592593
vt 0.975309 0.604938
vt 0.975309 0.617284
vt 0.975309 0.629630
vt 0.975309 0.641975
vt 0.975309 0.654321
vt 0.975309 0.666667
vt 0.975309 0.679012
vt 0.975309 0.691358
vt 0.975309 0.703704
vt 0.975309 0.716049
vt 0.975309 0.728395
vt 0.975309 0.740741
vt 0.975309 0.753086
vt 0.975309 0.765432
vt 0.975309 0.777778
vt 0.975309 0.790123
vt 0.975309 0.802469
vt 0.975309 0.814815
vt 0.975309 0.827160
vt 0.975309 0.839506
vt 0.975309 0.851852
vt 0.975309 0.864197
vt 0.975309 0.876543
vt 0.975309 0.888889
vt 0.975309 0.901234
vt 0.975309 0.913580
vt 0.975309 0.925926
vt 0.975309 0.938272
vt 0.975309 0.950617
vt 0.975309 0.962963
vt 0.975309 0.975309
vt 0.987654 0.012346
vt 0.987654 0.000000
vt 0.987654 0.024691
vt 0.987654 0.037037
vt 0.987654 0.049383
vt 0.987654 0.061728
vt 0.987654 0.074074
vt 0.987654 0.086420
vt 0.987654 0.098765
vt 0.987654 0.111111
vt 0.987654 0.123457
vt 0.987654 0.135802
vt 0.987654 0.148148
vt 0.987654 0.160494
vt 0.987654 0.172839
vt 0.987654 0.185185
vt 0.987654 0.197531
vt 0.987654 0.209877
vt 0.987654 0.222222
vt 0.987654 0.234568
vt 0.987654 0.246914
vt 0.987654 0.259259
vt 0.987654 0.271605
vt 0.987654 0.283951
vt 0.987654 0.296296
vt 0.987654 0.308642
vt 0.987654 0.320988
vt 0.987654 0.333333
vt 0.987654 0.345679
vt 0.987654 0.358025
vt 0.987654 0.370370
vt 0.987654 0.382716
vt 0.987654 0.395062
vt 0.987654 0.407407
vt 0.987654 0.419753
vt 0.987654 0.432099
vt 0.987654 0.444445
vt 0.987654 0.456790
vt 0.987654 0.469136
vt 0.987654 0.481482
vt 0.987654 0.493827
vt 0.987655 0.506173
vt 0.987655 0.518519
vt 0.987655 0.530864
vt 0.987655 0.543210
vt 0.987655 0.555556
vt 0.987654 0.567901
vt 0.987654 0.580247
vt 0.987654 0.592593
vt 0.987654 0.604938
vt 0.987654 0.617284
vt 0.987654 0.629630
vt 0.987654 0.641975
vt 0.987654 0.654321
vt 0.987654 0.666667
vt 0.987654 0.679012
vt 0.987654 0.691358
vt 0.987654 0.703704
vt 0.987654 0.716049
vt 0.987654 0.728395
vt 0.987654 0.740741
vt 0.987654 0.753086
vt 0.987654 0.765432
vt 0.987654 0.777778
vt 0.987654 0.790123
vt 0.987654 0.802469
vt 0.987654 0.814815
vt 0.987654 0.827160
vt 0.987654 0.839506
vt 0.987654 0.851852
vt 0.987654 0.864197
vt 0.987654 0.876543
vt 0.987654 0.888889
vt 0.987654 0.901234
vt 0.987654 0.913580
vt 0.987654 0.925926
vt 0.987654 0.938272
vt 0.987654 0.950617
vt 0.987654 0.962963
vt 0.987654 0.975309
vt 1.000000 0.012346
vt 1.000000 0.000000
vt 1.000000 0.024691
vt 1.000000 0.037037
vt 1.000000 0.049383
vt 1.000000 0.061728
vt 1.000000 0.074074
vt 1.000000 0.086420
vt 1.000000 0.098765
vt 1.000000 0.111111
vt 1.000000 0.123457
vt 1.000000 0.135802
vt 1.000000 0.148148
vt 1.000000 0.160494
vt 1.000000 0.172839
vt 1.000000 0.185185
vt 1.000000 0.197531
vt 1.000000 0.209877
vt 1.000000 0.222222
vt 1.000000 0.234568
vt 1.000000 0.246914
vt 1.000000 0.259259
vt 1.000000 0.271605
vt 1.000000 0.283951
vt 1.000000 0.296296
vt 1.000000 0.308642
vt 1.000000 0.320988
vt 1.000000 0.333333
vt 1.000000 0.345679
vt 1.000000 0.358025
vt 1.000000 0.370370
vt 1.000000 0.382716
vt 1.000000 0.395062
vt 1.000000 0.407407
vt 1.000000 0.419753
vt 1.000000 0.432099
vt 1.000000 0.444445
vt 1.000000 0.456790
vt 1.000000 0.469136
vt 1.000000 0.481482
vt 1.000000 0.493827
vt 1.000000 0.506173
vt 1.000000 0.518519
vt 1.000000 0.530864
vt 1.000000 0.543210
vt 1.000000 0.555556
vt 1.000000 0.567901
vt 1.000000 0.580247
vt 1.000000 0.592593
vt 1.000000 0.604938
vt 1.000000 0.617284
vt 1.000000 0.629630
vt 1.000000 0.641975
vt 1.000000 0.654321
vt 1.000000 0.666667
vt 1.000000 0.679012
vt 1.000000 0.691358
vt 1.000000 0.703704
vt 1.000000 0.716049
vt 1.000000 0.728395
vt 1.000000 0.740741
vt 1.000000 0.753086
vt 1.000000 0.765432
vt 1.000000 0.777778
vt 1.000000 0.790123
vt 1.000000 0.802469
vt 1.000000 0.814815
vt 1.000000 0.827160
vt 1.000000 0.839506
vt 1.000000 0.851852
vt 1.000000 0.864197
vt 1.000000 0.876543
vt 1.000000 0.888889
vt 1.000000 0.901234
vt 1.000000 0.913580
vt 1.000000 0.925926
vt 1.000000 0.938272
vt 1.000000 0.950617
vt 1.000000 0.962963
vt 1.000000 0.975309
s 0
usemtl Material.037
f 6724/1/1 244/4/1 4/3/1 245/2/1
f 5/5/2 404/8/2 324/7/2 3/6/2
f 404/8/2 484/10/2 323/9/2 324/7/2
f 484/10/2 564/12/2 322/11/2 323/9/2
f 564/12/2 644/14/2 321/13/2 322/11/2
f 644/14/3 724/16/3 320/15/3 321/13/3
f 724/16/4 804/18/4 319/17/4 320/15/4
f 804/18/5 884/20/5 318/19/5 319/17/5
f 884/20/6 964/22/6 317/21/6 318/19/6
f 964/22/7 1044/24/7 316/23/7 317/21/7
f 1044/24/8 1124/26/8 315/25/8 316/23/8
f 1124/26/9 1204/28/9 314/27/9 315/25/9
f 1204/28/10 1284/30/10 313/29/10 314/27/10
f 1284/30/11 1364/32/11 312/31/11 313/29/11
f 1364/32/12 1444/34/12 311/33/12 312/31/12
f 1444/34/13 1524/36/13 310/35/13 311/33/13
f 1524/36/14 1604/38/14 309/37/14 310/35/14
f 1604/38/15 1684/40/15 308/39/15 309/37/15
f 1684/40/16 1764/42/16 307/41/16 308/39/16
f 1764/42/17 1844/44/17 306/43/17 307/41/17
f 1844/44/18 1924/46/18 305/45/18 306/43/18
f 1924/46/19 2004/48/19 304/47/19 305/45/19
f 2004/48/20 2084/50/20 303/49/20 304/47/20
f 2084/50/21 2164/52/21 302/51/21 303/49/21
f 2164/52/22 2244/54/22 301/53/22 302/51/22
f 2244/54/23 2324/56/23 300/55/23 301/53/23
f 2324/56/24 2404/58/24 299/57/24 300/55/24
f 2404/58/25 2484/60/25 298/59/25 299/57/25
f 2484/60/26 2564/62/26 297/61/26 298/59/26
f 2564/62/27 2644/64/27 296/63/27 297/61/27
f 2644/64/28 2724/66/28 295/65/28 296/63/28
f 2724/66/29 2804/68/29 294/67/29 295/65/29
f 2804/68/30 2884/70/30 293/69/30 294/67/30
f 2884/70/31 2964/72/31 292/71/31 293/69/31
f 2964/72/32 3044/74/32 291/73/32 292/71/32
f 3044/74/33 3124/76/33 290/75/33 291/73/33
f 3124/76/34 3204/78/34 289/77/34 290/75/34
f 3204/78/35 3284/80/35 288/79/35 289/77/35
f 3284/80/36 3364/82/36 287/81/36 288/79/36
f 3364/82/37 3444/84/37 286/83/37 287/81/37
f 3444/84/38 3524/86/38 285/85/38 286/83/38
f 3524/86/39 3604/88/39 284/87/39 285/85/39
f 3604/88/40 3684/90/40 283/89/40 284/87/40
f 3684/90/41 3764/92/41 282/91/41 283/89/41
f 3764/92/42 3844/94/42 281/93/42 282/91/42
f 3844/94/43 3924/96/43 280/95/43 281/93/43
f 3924/96/44 4004/98/44 279/97/44 280/95/44
f 4004/98/45 4084/100/45 278/99/45 279/97/45
f 4084/100/46 4164/102/46 277/101/46 278/99/46
f 4164/102/47 4244/104/47 276/103/47 277/101/47
f 4244/104/48 4324/106/48 275/105/48 276/103/48
f 4324/106/49 4404/108/49 274/107/49 275/105/49
f 4404/108/50 4484/110/50 273/109/50 274/107/50
f 4484/110/51 4564/112/51 272/111/51 273/109/51
f 4564/112/52 4644/114/52 271/113/52 272/111/52
f 4644/114/53 4724/116/53 270/115/53 271/113/53
f 4724/116/54 4804/118/54 269/117/54 270/115/54
f 4804/118/55 4884/120/55 268/119/55 269/117/55
f 4884/120/56 4964/122/56 267/121/56 268/119/56
f 4964/122/57 5044/124/57 266/123/57 267/121/57
f 5044/124/58 5124/126/58 265/125/58 266/123/58
f 5124/126/59 5204/128/59 264/127/59 265/125/59
f 5204/128/60 5284/130/60 263/129/60 264/127/60
f 5284/130/61 5364/132/61 262/131/61 263/129/61
f 5364/132/62 5444/134/62 261/133/62 262/131/62
f 5444/134/63 5524/136/63 260/135/63 261/133/63
f 5524/136/64 5604/138/64 259/137/64 260/135/64
f 5604/138/65 5684/140/65 258/139/65 259/137/65
f 5684/140/66 5764/142/66 257/141/66 258/139/66
f 5764/142/67 5844/144/67 256/143/67 257/141/67
f 5844/144/68 5924/146/68 255/145/68 256/143/68
f 5924/146/69 6004/148/69 254/147/69 255/145/69
f 6004/148/70 6084/150/70 253/149/70 254/147/70
f 6084/150/71 6164/152/71 252/151/71 253/149/71
f 6164/152/72 6244/154/72 251/153/72 252/151/72
f 6244/154/73 6324/156/73 250/155/73 251/153/73
f 6324/156/74 6404/158/74 249/157/74 250/155/74
f 6404/158/75 6484/160/75 248/159/75 249/157/75
f 6484/160/76 6564/162/76 247/161/76 248/159/76
f 6564/162/77 6644/164/77 246/163/77 247/161/77
f 6644/164/78 6724/1/78 245/2/78 246/163/78
f 1/165/79 85/168/79 325/167/79 84/166/79
f 84/166/80 325/167/80 326/170/80 83/169/80
f 83/169/81 326/170/81 327/172/81 82/171/81
f 82/171/82 327/172/82 328/174/82 81/173/82
f 81/173/83 328/174/83 329/176/83 80/175/83
f 80/175/84 329/176/84 330/178/84 79/177/84
f 79/177/85 330/178/85 331/180/85 78/179/85
f 78/179/86 331/180/86 332/182/86 77/181/86
f 77/181/87 332/182/87 333/184/87 76/183/87
f 76/183/88 333/184/88 334/186/88 75/185/88
f 75/185/89 334/186/89 335/188/89 74/187/89
f 74/187/90 335/188/90 336/190/90 73/189/90
f 73/189/91 336/190/91 337/192/91 72/191/91
f 72/191/92 337/192/92 338/194/92 71/193/92
f 71/193/93 338/194/93 339/196/93 70/195/93
f 70/195/94 339/196/94 340/198/94 69/197/94
f 69/197/95 340/198/95 341/200/95 68/199/95
f 68/199/96 341/200/96 342/202/96 67/201/96
f 67/201/97 342/202/97 343/204/97 66/203/97
f 66/203/98 343/204/98 344/206/98 65/205/98
f 65/205/99 344/206/99 345/208/99 64/207/99
f 64/207/100 345/208/100 346/210/100 63/209/100
f 63/209/101 346/210/101 347/212/101 62/211/101
f 62/211/102 347/212/102 348/214/102 61/213/102
f 61/213/103 348/214/103 349/216/103 60/215/103
f 60/215/104 349/216/104 350/218/104 59/217/104
f 59/217/105 350/218/105 351/220/105 58/219/105
f 58/219/106 351/220/106 352/222/106 57/221/106
f 57/221/107 352/222/107 353/224/107 56/223/107
f 56/223/108 353/224/108 354/226/108 55/225/108
f 55/225/109 354/226/109 355/228/109 54/227/109
f 54/227/110 355/228/110 356/230/110 53/229/110
f 53/229/111 356/230/111 357/232/111 52/231/111
f 52/231/112 357/232/112 358/234/112 51/233/112
f 51/233/113 358/234/113 359/236/113 50/235/113
f 50/235/114 359/236/114 360/238/114 49/237/114
f 49/237/115 360/238/115 361/240/115 48/239/115
f 48/239/116 361/240/116 362/242/116 47/241/116
f 47/241/117 362/242/117 363/244/117 46/243/117
f 46/243/118 363/244/118 364/246/118 45/245/118
f 45/245/119 364/246/119 365/248/119 44/247/119
f 44/247/120 365/248/120 366/250/120 43/249/120
f 43/249/121 366/250/121 367/252/121 42/251/121
f 42/251/122 367/252/122 368/254/122 41/253/122
f 41/253/123 368/254/123 369/256/123 40/255/123
f 40/255/124 369/256/124 370/258/124 39/257/124
f 39/257/125 370/258/125 371/260/125 38/259/125
f 38/259/126 371/260/126 372/262/126 37/261/126
f 37/261/127 372/262/127 373/264/127 36/263/127
f 36/263/128 373/264/128 374/266/128 35/265/128
f 35/265/129 374/266/129 375/268/129 34/267/129
f 34/267/130 375/268/130 376/270/130 33/269/130
f 33/269/131 376/270/131 377/272/131 32/271/131
f 32/271/132 377/272/132 378/274/132 31/273/132
f 31/273/133 378/274/133 379/276/133 30/275/133
f 30/275/134 379/276/134 380/278/134 29/277/134
f 29/277/135 380/278/135 381/280/135 28/279/135
f 28/279/136 381/280/136 382/282/136 27/281/136
f 27/281/137 382/282/137 383/284/137 26/283/137
f 26/283/138 383/284/138 384/286/138 25/285/138
f 25/285/139 384/286/139 385/288/139 24/287/139
f 24/287/140 385/288/140 386/290/140 23/289/140
f 23/289/141 386/290/141 387/292/141 22/291/141
f 22/291/142 387/292/142 388/294/142 21/293/142
f 21/293/143 388/294/143 389/296/143 20/295/143
f 20/295/144 389/296/144 390/298/144 19/297/144
f 19/297/145 390/298/145 391/300/145 18/299/145
f 18/299/146 391/300/146 392/302/146 17/301/146
f 17/301/147 392/302/147 393/304/147 16/303/147
f 16/303/148 393/304/148 394/306/148 15/305/148
f 15/305/149 394/306/149 395/308/149 14/307/149
f 14/307/150 395/308/150 396/310/150 13/309/150
f 13/309/151 396/310/151 397/312/151 12/311/151
f 12/311/152 397/312/152 398/314/152 11/313/152
f 11/313/153 398/314/153 399/316/153 10/315/153
f 10/315/154 399/316/154 400/318/154 9/317/154
f 9/317/155 400/318/155 401/320/155 8/319/155
f 8/319/156 401/320/156 402/322/156 7/321/156
f 7/321/157 402/322/157 403/324/157 6/323/157
f 6/323/2 403/324/2 404/8/2 5/5/2
f 85/168/158 86/326/158 405/325/158 325/167/158
f 325/167/159 405/325/159 406/327/159 326/170/159
f 326/170/160 406/327/160 407/328/160 327/172/160
f 327/172/161 407/328/161 408/329/161 328/174/161
f 328/174/162 408/329/162 409/330/162 329/176/162
f 329/176/163 409/330/163 410/331/163 330/178/163
f 330/178/164 410/331/164 411/332/164 331/180/164
f 331/180/165 411/332/165 412/333/165 332/182/165
f 332/182/166 412/333/166 413/334/166 333/184/166
f 333/184/167 413/334/167 414/335/167 334/186/167
f 334/186/168 414/335/168 415/336/168 335/188/168
f 335/188/169 415/336/169 416/337/169 336/190/169
f 336/190/170 416/337/170 417/338/170 337/192/170
f 337/192/171 417/338/171 418/339/171 338/194/171
f 338/194/172 418/339/172 419/340/172 339/196/172
f 339/196/173 419/340/173 420/341/173 340/198/173
f 340/198/174 420/341/174 421/342/174 341/200/174
f 341/200/175 421/342/175 422/343/175 342/202/175
f 342/202/176 422/343/176 423/344/176 343/204/176
f 343/204/177 423/344/177 424/345/177 344/206/177
f 344/206/178 424/345/178 425/346/178 345/208/178
f 345/208/179 425/346/179 426/347/179 346/210/179
f 346/210/180 426/347/180 427/348/180 347/212/180
f 347/212/181 427/348/181 428/349/181 348/214/181
f 348/214/182 428/349/182 429/350/182 349/216/182
f 349/216/183 429/350/183 430/351/183 350/218/183
f 350/218/184 430/351/184 431/352/184 351/220/184
f 351/220/185 431/352/185 432/353/185 352/222/185
f 352/222/186 432/353/186 433/354/186 353/224/186
f 353/224/187 433/354/187 434/355/187 354/226/187
f 354/226/188 434/355/188 435/356/188 355/228/188
f 355/228/189 435/356/189 436/357/189 356/230/189
f 356/230/190 436/357/190 437/358/190 357/232/190
f 357/232/191 437/358/191 438/359/191 358/234/191
f 358/234/192 438/359/192 439/360/192 359/236/192
f 359/236/193 439/360/193 440/361/193 360/238/193
f 360/238/194 440/361/194 441/362/194 361/240/194
f 361/240/195 441/362/195 442/363/195 362/242/195
f 362/242/196 442/363/196 443/364/196 363/244/196
f 363/244/197 443/364/197 444/365/197 364/246/197
f 364/246/198 444/365/198 445/366/198 365/248/198
f 365/248/199 445/366/199 446/367/199 366/250/199
f 366/250/200 446/367/200 447/368/200 367/252/200
f 367/252/201 447/368/201 448/369/201 368/254/201
f 368/254/202 448/369/202 449/370/202 369/256/202
f 369/256/203 449/370/203 450/371/203 370/258/203
f 370/258/204 450/371/204 451/372/204 371/260/204
f 371/260/205 451/372/205 452/373/205 372/262/205
f 372/262/206 452/373/206 453/374/206 373/264/206
f 373/264/207 453/374/207 454/375/207 374/266/207
f 374/266/208 454/375/208 455/376/208 375/268/208
f 375/268/209 455/376/209 456/377/209 376/270/209
f 376/270/210 456/377/210 457/378/210 377/272/210
f 377/272/211 457/378/211 458/379/211 378/274/211
f 378/274/212 458/379/212 459/380/212 379/276/212
f 379/276/213 459/380/213 460/381/213 380/278/213
f 380/278/214 460/381/214 461/382/214 381/280/214
f 381/280/215 461/382/215 462/383/215 382/282/215
f 382/282/216 462/383/216 463/384/216 383/284/216
f 383/284/217 463/384/217 464/385/217 384/286/217
f 384/286/218 464/385/218 465/386/218 385/288/218
f 385/288/219 465/386/219 466/387/219 386/290/219
f 386/290/220 466/387/220 467/388/220 387/292/220
f 387/292/221 467/388/221 468/389/221 388/294/221
f 388/294/222 468/389/222 469/390/222 389/296/222
f 389/296/223 469/390/223 470/391/223 390/298/223
f 390/298/224 470/391/224 471/392/224 391/300/224
f 391/300/225 471/392/225 472/393/225 392/302/225
f 392/302/226 472/393/226 473/394/226 393/304/226
f 393/304/227 473/394/227 474/395/227 394/306/227
f 394/306/228 474/395/228 475/396/228 395/308/228
f 395/308/229 475/396/229 476/397/229 396/310/229
f 396/310/230 476/397/230 477/398/230 397/312/230
f 397/312/231 477/398/231 478/399/231 398/314/231
f 398/314/232 478/399/232 479/400/232 399/316/232
f 399/316/233 479/400/233 480/401/233 400/318/233
f 400/318/234 480/401/234 481/402/234 401/320/234
f 401/320/235 481/402/235 482/403/235 402/322/235
f 402/322/236 482/403/236 483/404/236 403/324/236
f 403/324/237 483/404/237 484/10/237 404/8/237
f 86/326/238 87/406/238 485/405/238 405/325/238
f 405/325/239 485/405/239 486/407/239 406/327/239
f 406/327/240 486/407/240 487/408/240 407/328/240
f 407/328/241 487/408/241 488/409/241 408/329/241
f 408/329/242 488/409/242 489/410/242 409/330/242
f 409/330/243 489/410/243 490/411/243 410/331/243
f 410/331/244 490/411/244 491/412/244 411/332/244
f 411/332/245 491/412/245 492/413/245 412/333/245
f 412/333/246 492/413/246 493/414/246 413/334/246
f 413/334/247 493/414/247 494/415/247 414/335/247
f 414/335/248 494/415/248 495/416/248 415/336/248
f 415/336/249 495/416/249 496/417/249 416/337/249
f 416/337/250 496/417/250 497/418/250 417/338/250
f 417/338/251 497/418/251 498/419/251 418/339/251
f 418/339/252 498/419/252 499/420/252 419/340/252
f 419/340/253 499/420/253 500/421/253 420/341/253
f 420/341/254 500/421/254 501/422/254 421/342/254
f 421/342/255 501/422/255 502/423/255 422/343/255
f 422/343/256 502/423/256 503/424/256 423/344/256
f 423/344/257 503/424/257 504/425/257 424/345/257
f 424/345/258 504/425/258 505/426/258 425/346/258
f 425/346/259 505/426/259 506/427/259 426/347/259
f 426/347/260 506/427/260 507/428/260 427/348/260
f 427/348/261 507/428/261 508/429/261 428/349/261
f 428/349/262 508/429/262 509/430/262 429/350/262
f 429/350/263 509/430/263 510/431/263 430/351/263
f 430/351/264 510/431/264 511/432/264 431/352/264
f 431/352/265 511/432/265 512/433/265 432/353/265
f 432/353/266 512/433/266 513/434/266 433/354/266
f 433/354/267 513/434/267 514/435/267 434/355/267
f 434/355/268 514/435/268 515/436/268 435/356/268
f 435/356/269 515/436/269 516/437/269 436/357/269
f 436/357/270 516/437/270 517/438/270 437/358/270
f 437/358/271 517/438/271 518/439/271 438/359/271
f 438/359/272 518/439/272 519/440/272 439/360/272
f 439/360/273 519/440/273 520/441/273 440/361/273
f 440/361/274 520/441/274 521/442/274 441/362/274
f 441/362/275 521/442/275 522/443/275 442/363/275
f 442/363/276 522/443/276 523/444/276 443/364/276
f 443/364/277 523/444/277 524/445/277 444/365/277
f 444/365/278 524/445/278 525/446/278 445/366/278
f 445/366/279 525/446/279 526/447/279 446/367/279
f 446/367/280 526/447/280 527/448/280 447/368/280
f 447/368/281 527/448/281 528/449/281 448/369/281
f 448/369/282 528/449/282 529/450/282 449/370/282
f 449/370/283 529/450/283 530/451/283 450/371/283
f 450/371/284 530/451/284 531/452/284 451/372/284
f 451/372/285 531/452/285 532/453/285 452/373/285
f 452/373/286 532/453/286 533/454/286 453/374/286
f 453/374/287 533/454/287 534/455/287 454/375/287
f 454/375/288 534/455/288 535/456/288 455/376/288
f 455/376/289 535/456/289 536/457/289 456/377/289
f 456/377/290 536/457/290 537/458/290 457/378/290
f 457/378/291 537/458/291 538/459/291 458/379/291
f 458/379/292 538/459/292 539/460/292 459/380/292
f 459/380/293 539/460/293 540/461/293 460/381/293
f 460/381/294 540/461/294 541/462/294 461/382/294
f 461/382/295 541/462/295 542/463/295 462/383/295
f 462/383/296 542/463/296 543/464/296 463/384/296
f 463/384/297 543/464/297 544/465/297 464/385/297
f 464/385/298 544/465/298 545/466/298 465/386/298
f 465/386/299 545/466/299 546/467/299 466/387/299
f 466/387/300 546/467/300 547/468/300 467/388/300
f 467/388/301 547/468/301 548/469/301 468/389/301
f 468/389/302 548/469/302 549/470/302 469/390/302
f 469/390/303 549/470/303 550/471/303 470/391/303
f 470/391/304 550/471/304 551/472/304 471/392/304
f 471/392/305 551/472/305 552/473/305 472/393/305
f 472/393/306 552/473/306 553/474/306 473/394/306
f 473/394/307 553/474/307 554/475/307 474/395/307
f 474/395/308 554/475/308 555/476/308 475/396/308
f 475/396/309 555/476/309 556/477/309 476/397/309
f 476/397/310 556/477/310 557/478/310 477/398/310
f 477/398/311 557/478/311 558/479/311 478/399/311
f 478/399/312 558/479/312 559/480/312 479/400/312
f 479/400/313 559/480/313 560/481/313 480/401/313
f 480/401/314 560/481/314 561/482/314 481/402/314
f 481/402/315 561/482/315 562/483/315 482/403/315
f 482/403/316 562/483/316 563/484/316 483/404/316
f 483/404/317 563/484/317 564/12/317 484/10/317
f 87/406/318 88/486/318 565/485/318 485/405/318
f 485/405/319 565/485/319 566/487/319 486/407/319
f 486/407/320 566/487/320 567/488/320 487/408/320
f 487/408/321 567/488/321 568/489/321 488/409/321
f 488/409/322 568/489/322 569/490/322 489/410/322
f 489/410/323 569/490/323 570/491/323 490/411/323
f 490/411/324 570/491/324 571/492/324 491/412/324
f 491/412/325 571/492/325 572/493/325 492/413/325
f 492/413/326 572/493/326 573/494/326 493/414/326
f 493/414/327 573/494/327 574/495/327 494/415/327
f 494/415/328 574/495/328 575/496/328 495/416/328
f 495/416/329 575/496/329 576/497/329 496/417/329
f 496/417/330 576/497/330 577/498/330 497/418/330
f 497/418/331 577/498/331 578/499/331 498/419/331
f 498/419/332 578/499/332 579/500/332 499/420/332
f 499/420/333 579/500/333 580/501/333 500/421/333
f 500/421/334 580/501/334 581/502/334 501/422/334
f 501/422/335 581/502/335 582/503/335 502/423/335
f 502/423/336 582/503/336 583/504/336 503/424/336
f 503/424/337 583/504/337 584/505/337 504/425/337
f 504/425/338 584/505/338 585/506/338 505/426/338
f 505/426/339 585/506/339 586/507/339 506/427/339
f 506/427/340 586/507/340 587/508/340 507/428/340
f 507/428/341 587/508/341 588/509/341 508/429/341
f 508/429/342 588/509/342 589/510/342 509/430/342
f 509/430/343 589/510/343 590/511/343 510/431/343
f 510/431/344 590/511/344 591/512/344 511/432/344
f 511/432/345 591/512/345 592/513/345 512/433/345
f 512/433/346 592/513/346 593/514/346 513/434/346
f 513/434/347 593/514/347 594/515/347 514/435/347
f 514/435/348 594/515/348 595/516/348 515/436/348
f 515/436/349 595/516/349 596/517/349 516/437/349
f 516/437/350 596/517/350 597/518/350 517/438/350
f 517/438/351 597/518/351 598/519/351 518/439/351
f 518/439/352 598/519/352 599/520/352 519/440/352
f 519/440/353 599/520/353 600/521/353 520/441/353
f 520/441/354 600/521/354 601/522/354 521/442/354
f 521/442/355 601/522/355 602/523/355 522/443/355
f 522/443/356 602/523/356 603/524/356 523/444/356
f 523/444/357 603/524/357 604/525/357 524/445/357
f 524/445/358 604/525/358 605/526/358 525/446/358
f 525/446/359 605/526/359 606/527/359 526/447/359
f 526/447/360 606/527/360 607/528/360 527/448/360
f 527/448/361 607/528/361 608/529/361 528/449/361
f 528/449/362 608/529/362 609/530/362 529/450/362
f 529/450/363 609/530/363 610/531/363 530/451/363
f 530/451/364 610/531/364 611/532/364 531/452/364
f 531/452/365 611/532/365 612/533/365 532/453/365
f 532/453/366 612/533/366 613/534/366 533/454/366
f 533/454/367 613/534/367 614/535/367 534/455/367
f 534/455/368 614/535/368 615/536/368 535/456/368
f 535/456/369 615/536/369 616/537/369 536/457/369
f 536/457/370 616/537/370 617/538/370 537/458/370
f 537/458/371 617/538/371 618/539/371 538/459/371
f 538/459/372 618/539/372 619/540/372 539/460/372
f 539/460/373 619/540/373 620/541/373 540/461/373
f 540/461/374 620/541/374 621/542/374 541/462/374
f 541/462/375 621/542/375 622/543/375 542/463/375
f 542/463/376 622/543/376 623/544/376 543/464/376
f 543/464/377 623/544/377 624/545/377 544/465/377
f 544/465/378 624/545/378 625/546/378 545/466/378
f 545/466/379 625/546/379 626/547/379 546/467/379
f 546/467/380 626/547/380 627/548/380 547/468/380
f 547/468/381 627/548/381 628/549/381 548/469/381
f 548/469/382 628/549/382 629/550/382 549/470/382
f 549/470/383 629/550/383 630/551/383 550/471/383
f 550/471/384 630/551/384 631/552/384 551/472/384
f 551/472/385 631/552/385 632/553/385 552/473/385
f 552/473/386 632/553/386 633/554/386 553/474/386
f 553/474/387 633/554/387 634/555/387 554/475/387
f 554/475/388 634/555/388 635/556/388 555/476/388
f 555/476/389 635/556/389 636/557/389 556/477/389
f 556/477/390 636/557/390 637/558/390 557/478/390
f 557/478/391 637/558/391 638/559/391 558/479/391
f 558/479/392 638/559/392 639/560/392 559/480/392
f 559/480/393 639/560/393 640/561/393 560/481/393
f 560/481/394 640/561/394 641/562/394 561/482/394
f 561/482/395 641/562/395 642/563/395 562/483/395
f 562/483/396 642/563/396 643/564/396 563/484/396
f 563/484/397 643/564/397 644/14/397 564/12/397
f 88/486/398 89/566/398 645/565/398 565/485/398
f 565/485/399 645/565/399 646/567/399 566/487/399
f 566/487/400 646/567/400 647/568/400 567/488/400
f 567/488/401 647/568/401 648/569/401 568/489/401
f 568/489/402 648/569/402 649/570/402 569/490/402
f 569/490/403 649/570/403 650/571/403 570/491/403
f 570/491/404 650/571/404 651/572/404 571/492/404
f 571/492/405 651/572/405 652/573/405 572/493/405
f 572/493/406 652/573/406 653/574/406 573/494/406
f 573/494/407 653/574/407 654/575/407 574/495/407
f 574/495/408 654/575/408 655/576/408 575/496/408
f 575/496/409 655/576/409 656/577/409 576/497/409
f 576/497/410 656/577/410 657/578/410 577/498/410
f 577/498/411 657/578/411 658/579/411 578/499/411
f 578/499/412 658/579/412 659/580/412 579/500/412
f 579/500/413 659/580/413 660/581/413 580/501/413
f 580/501/414 660/581/414 661/582/414 581/502/414
f 581/502/415 661/582/415 662/583/415 582/503/415
f 582/503/416 662/583/416 663/584/416 583/504/416
f 583/504/417 663/584/417 664/585/417 584/505/417
f 584/505/418 664/585/418 665/586/418 585/506/418
f 585/506/419 665/586/419 666/587/419 586/507/419
f 586/507/420 666/587/420 667/588/420 587/508/420
f 587/508/421 667/588/421 668/589/421 588/509/421
f 588/509/422 668/589/422 669/590/422 589/510/422
f 589/510/423 669/590/423 670/591/423 590/511/423
f 590/511/424 670/591/424 671/592/424 591/512/424
f 591/512/425 671/592/425 672/593/425 592/513/425
f 592/513/426 672/593/426 673/594/426 593/514/426
f 593/514/427 673/594/427 674/595/427 594/515/427
f 594/515/428 674/595/428 675/596/428 595/516/428
f 595/516/429 675/596/429 676/597/429 596/517/429
f 596/517/430 676/597/430 677/598/430 597/518/430
f 597/518/431 677/598/431 678/599/431 598/519/431
f 598/519/432 678/599/432 679/600/432 599/520/432
f 599/520/433 679/600/433 680/601/433 600/521/433
f 600/521/434 680/601/434 681/602/434 601/522/434
f 601/522/435 681/602/435 682/603/435 602/523/435
f 602/523/436 682/603/436 683/604/436 603/524/436
f 603/524/437 683/604/437 684/605/437 604/525/437
f 604/525/438 684/605/438 685/606/438 605/526/438
f 605/526/439 685/606/439 686/607/439 606/527/439
f 606/527/440 686/607/440 687/608/440 607/528/440
f 607/528/441 687/608/441 688/609/441 608/529/441
f 608/529/442 688/609/442 689/610/442 609/530/442
f 609/530/443 689/610/443 690/611/443 610/531/443
f 610/531/444 690/611/444 691/612/444 611/532/444
f 611/532/445 691/612/445 692/613/445 612/533/445
f 612/533/446 692/613/446 693/614/446 613/534/446
f 613/534/447 693/614/447 694/615/447 614/535/447
f 614/535/448 694/615/448 695/616/448 615/536/448
f 615/536/449 695/616/449 696/617/449 616/537/449
f 616/537/450 696/617/450 697/618/450 617/538/450
f 617/538/451 697/618/451 698/619/451 618/539/451
f 618/539/452 698/619/452 699/620/452 619/540/452
f 619/540/453 699/620/453 700/621/453 620/541/453
f 620/541/454 700/621/454 701/622/454 621/542/454
f 621/542/455 701/622/455 702/623/455 622/543/455
f 622/543/456 702/623/456 703/624/456 623/544/456
f 623/544/457 703/624/457 704/625/457 624/545/457
f 624/545/458 704/625/458 705/626/458 625/546/458
f 625/546/459 705/626/459 706/627/459 626/547/459
f 626/547/460 706/627/460 707/628/460 627/548/460
f 627/548/461 707/628/461 708/629/461 628/549/461
f 628/549/462 708/629/462 709/630/462 629/550/462
f 629/550/463 709/630/463 710/631/463 630/551/463
f 630/551/464 710/631/464 711/632/464 631/552/464
f 631/552/465 711/632/465 712/633/465 632/553/465
f 632/553/466 712/633/466 713/634/466 633/554/466
f 633/554/467 713/634/467 714/635/467 634/555/467
f 634/555/468 714/635/468 715/636/468 635/556/468
f 635/556/469 715/636/469 716/637/469 636/557/469
f 636/557/470 716/637/470 717/638/470 637/558/470
f 637/558/471 717/638/471 718/639/471 638/559/471
f 638/559/472 718/639/472 719/640/472 639/560/472
f 639/560/473 719/640/473 720/641/473 640/561/473
f 640/561/474 720/641/474 721/642/474 641/562/474
f 641/562/475 721/642/475 722/643/475 642/563/475
f 642/563/476 722/643/476 723/644/476 643/564/476
f 643/564/477 723/644/477 724/16/477 644/14/477
f 89/566/478 90/646/478 725/645/478 645/565/478
f 645/565/479 725/645/479 726/647/479 646/567/479
f 646/567/480 726/647/480 727/648/480 647/568/480
f 647/568/481 727/648/481 728/649/481 648/569/481
f 648/569/482 728/649/482 729/650/482 649/570/482
f 649/570/483 729/650/483 730/651/483 650/571/483
f 650/571/484 730/651/484 731/652/484 651/572/484
f 651/572/485 731/652/485 732/653/485 652/573/485
f 652/573/486 732/653/486 733/654/486 653/574/486
f 653/574/487 733/654/487 734/655/487 654/575/487
f 654/575/488 734/655/488 735/656/488 655/576/488
f 655/576/489 735/656/489 736/657/489 656/577/489
f 656/577/490 736/657/490 737/658/490 657/578/490
f 657/578/491 737/658/491 738/659/491 658/579/491
f 658/579/492 738/659/492 739/660/492 659/580/492
f 659/580/493 739/660/493 740/661/493 660/581/493
f 660/581/494 740/661/494 741/662/494 661/582/494
f 661/582/495 741/662/495 742/663/495 662/583/495
f 662/583/496 742/663/496 743/664/496 663/584/496
f 663/584/497 743/664/497 744/665/497 664/585/497
f 664/585/498 744/665/498 745/666/498 665/586/498
f 665/586/499 745/666/499 746/667/499 666/587/499
f 666/587/500 746/667/500 747/668/500 667/588/500
f 667/588/501 747/668/501 748/669/501 668/589/501
f 668/589/502 748/669/502 749/670/502 669/590/502
f 669/590/503 749/670/503 750/671/503 670/591/503
f 670/591/504 750/671/504 751/672/504 671/592/504
f 671/592/505 751/672/505 752/673/505 672/593/505
f 672/593/506 752/673/506 753/674/506 673/594/506
f 673/594/507 753/674/507 754/675/507 674/595/507
f 674/595/508 754/675/508 755/676/508 675/596/508
f 675/596/509 755/676/509 756/677/509 676/597/509
f 676/597/510 756/677/510 757/678/510 677/598/510
f 677/598/511 757/678/511 758/679/511 678/599/511
f 678/599/512 758/679/512 759/680/512 679/600/512
f 679/600/513 759/680/513 760/681/513 680/601/513
f 680/601/514 760/681/514 761/682/514 681/602/514
f 681/602/515 761/682/515 762/683/515 682/603/515
f 682/603/516 762/683/516 763/684/516 683/604/516
f 683/604/517 763/684/517 764/685/517 684/605/517
f 684/605/518 764/685/518 765/686/518 685/606/518
f 685/606/519 765/686/519 766/687/519 686/607/519
f 686/607/520 766/687/520 767/688/520 687/608/520
f 687/608/521 767/688/521 768/689/521 688/609/521
f 688/609/522 768/689/522 769/690/522 689/610/522
f 689/610/523 769/690/523 770/691/523 690/611/523
f 690/611/524 770/691/524 771/692/524 691/612/524
f 691/612/525 771/692/525 772/693/525 692/613/525
f 692/613/526 772/693/526 773/694/526 693/614/526
f 693/614/527 773/694/527 774/695/527 694/615/527
f 694/615/528 774/695/528 775/696/528 695/616/528
f 695/616/529 775/696/529 776/697/529 696/617/529
f 696/617/530 776/697/530 777/698/530 697/618/530
f 697/618/531 777/698/531 778/699/531 698/619/531
f 698/619/532 778/699/532 779/700/532 699/620/532
f 699/620/533 779/700/533 780/701/533 700/621/533
f 700/621/534 780/701/534 781/702/534 701/622/534
f 701/622/535 781/702/535 782/703/535 702/623/535
f 702/623/536 782/703/536 783/704/536 703/624/536
f 703/624/537 783/704/537 784/705/537 704/625/537
f 704/625/538 784/705/538 785/706/538 705/626/538
f 705/626/539 785/706/539 786/707/539 706/627/539
f 706/627/540 786/707/540 787/708/540 707/628/540
f 707/628/541 787/708/541 788/709/541 708/629/541
f 708/629/542 788/709/542 789/710/542 709/630/542
f 709/630/543 789/710/543 790/711/543 710/631/543
f 710/631/544 790/711/544 791/712/544 711/632/544
f 711/632/545 791/712/545 792/713/545 712/633/545
f 712/633/546 792/713/546 793/714/546 713/634/546
f 713/634/547 793/714/547 794/715/547 714/635/547
f 714/635/548 794/715/548 795/716/548 715/636/548
f 715/636/549 795/716/549 796/717/549 716/637/549
f 716/637/550 796/717/550 797/718/550 717/638/550
f 717/638/551 797/718/551 798/719/551 718/639/551
f 718/639/552 798/719/552 799/720/552 719/640/552
f 719/640/553 799/720/553 800/721/553 720/641/553
f 720/641/554 800/721/554 801/722/554 721/642/554
f 721/642/555 801/722/555 802/723/555 722/643/555
f 722/643/556 802/723/556 803/724/556 723/644/556
f 723/644/557 803/724/557 804/18/557 724/16/557
f 90/646/558 91/726/558 805/725/558 725/645/558
f 725/645/559 805/725/559 806/727/559 726/647/559
f 726/647/560 806/727/560 807/728/560 727/648/560
f 727/648/561 807/728/561 808/729/561 728/649/561
f 728/649/562 808/729/562 809/730/562 729/650/562
f 729/650/563 809/730/563 810/731/563 730/651/563
f 730/651/564 810/731/564 811/732/564 731/652/564
f 731/652/565 811/732/565 812/733/565 732/653/565
f 732/653/566 812/733/566 813/734/566 733/654/566
f 733/654/567 813/734/567 814/735/567 734/655/567
f 734/655/568 814/735/568 815/736/568 735/656/568
f 735/656/569 815/736/569 816/737/569 736/657/569
f 736/657/570 816/737/570 817/738/570 737/658/570
f 737/658/571 817/738/571 818/739/571 738/659/571
f 738/659/572 818/739/572 819/740/572 739/660/572
f 739/660/573 819/740/573 820/741/573 740/661/573
f 740/661/574 820/741/574 821/742/574 741/662/574
f 741/662/575 821/742/575 822/743/575 742/663/575
f 742/663/576 822/743/576 823/744/576 743/664/576
f 743/664/577 823/744/577 824/745/577 744/665/577
f 744/665/578 824/745/578 825/746/578 745/666/578
f 745/666/579 825/746/579 826/747/579 746/667/579
f 746/667/580 826/747/580 827/748/580 747/668/580
f 747/668/581 827/748/581 828/749/581 748/669/581
f 748/669/582 828/749/582 829/750/582 749/670/582
f 749/670/583 829/750/583 830/751/583 750/671/583
f 750/671/584 830/751/584 831/752/584 751/672/584
f 751/672/585 831/752/585 832/753/585 752/673/585
f 752/673/586 832/753/586 833/754/586 753/674/586
f 753/674/587 833/754/587 834/755/587 754/675/587
f 754/675/588 834/755/588 835/756/588 755/676/588
f 755/676/589 835/756/589 836/757/589 756/677/589
f 756/677/590 836/757/590 837/758/590 757/678/590
f 757/678/591 837/758/591 838/759/591 758/679/591
f 758/679/592 838/759/592 839/760/592 759/680/592
f 759/680/593 839/760/593 840/761/593 760/681/593
f 760/681/594 840/761/594 841/762/594 761/682/594
f 761/682/595 841/762/595 842/763/595 762/683/595
f 762/683/596 842/763/596 843/764/596 763/684/596
f 763/684/597 843/764/597 844/765/597 764/685/597
f 764/685/598 844/765/598 845/766/598 765/686/598
f 765/686/599 845/766/599 846/767/599 766/687/599
f 766/687/600 846/767/600 847/768/600 767/688/600
f 767/688/601 847/768/601 848/769/601 768/689/601
f 768/689/602 848/769/602 849/770/602 769/690/602
f 769/690/603 849/770/603 850/771/603 770/691/603
f 770/691/604 850/771/604 851/772/604 771/692/604
f 771/692/605 851/772/605 852/773/605 772/693/605
f 772/693/606 852/773/606 853/774/606 773/694/606
f 773/694/607 853/774/607 854/775/607 774/695/607
f 774/695/608 854/775/608 855/776/608 775/696/608
f 775/696/609 855/776/609 856/777/609 776/697/609
f 776/697/610 856/777/610 857/778/610 777/698/610
f 777/698/611 857/778/611 858/779/611 778/699/611
f 778/699/612 858/779/612 859/780/612 779/700/612
f 779/700/613 859/780/613 860/781/613 780/701/613
f 780/701/614 860/781/614 861/782/614 781/702/614
f 781/702/615 861/782/615 862/783/615 782/703/615
f 782/703/616 862/783/616 863/784/616 783/704/616
f 783/704/617 863/784/617 864/785/617 784/705/617
f 784/705/618 864/785/618 865/786/618 785/706/618
f 785/706/619 865/786/619 866/787/619 786/707/619
f 786/707/620 866/787/620 867/788/620 787/708/620
f 787/708/621 867/788/621 868/789/621 788/709/621
f 788/709/622 868/789/622 869/790/622 789/710/622
f 789/710/623 869/790/623 870/791/623 790/711/623
f 790/711/624 870/791/624 871/792/624 791/712/624
f 791/712/625 871/792/625 872/793/625 792/713/625
f 792/713/626 872/793/626 873/794/626 793/714/626
f 793/714/627 873/794/627 874/795/627 794/715/627
f 794/715/628 874/795/628 875/796/628 795/716/628
f 795/716/629 875/796/629 876/797/629 796/717/629
f 796/717/630 876/797/630 877/798/630 797/718/630
f 797/718/631 877/798/631 878/799/631 798/719/631
f 798/719/632 878/799/632 879/800/632 799/720/632
f 799/720/633 879/800/633 880/801/633 800/721/633
f 800/721/634 880/801/634 881/802/634 801/722/634
f 801/722/635 881/802/635 882/803/635 802/723/635
f 802/723/636 882/803/636 883/804/636 803/724/636
f 803/724/637 883/804/637 884/20/637 804/18/637
f 91/726/638 92/806/638 885/805/638 805/725/638
f 805/725/639 885/805/639 886/807/639 806/727/639
f 806/727/640 886/807/640 887/808/640 807/728/640
f 807/728/641 887/808/641 888/809/641 808/729/641
f 808/729/642 888/809/642 889/810/642 809/730/642
f 809/730/643 889/810/643 890/811/643 810/731/643
f 810/731/644 890/811/644 891/812/644 811/732/644
f 811/732/645 891/812/645 892/813/645 812/733/645
f 812/733/646 892/813/646 893/814/646 813/734/646
f 813/734/647 893/814/647 894/815/647 814/735/647
f 814/735/648 894/815/648 895/816/648 815/736/648
f 815/736/649 895/816/649 896/817/649 816/737/649
f 816/737/650 896/817/650 897/818/650 817/738/650
f 817/738/651 897/818/651 898/819/651 818/739/651
f 818/739/652 898/819/652 899/820/652 819/740/652
f 819/740/653 899/820/653 900/821/653 820/741/653
f 820/741/654 900/821/654 901/822/654 821/742/654
f 821/742/655 901/822/655 902/823/655 822/743/655
f 822/743/656 902/823/656 903/824/656 823/744/656
f 823/744/657 903/824/657 904/825/657 824/745/657
f 824/745/658 904/825/658 905/826/658 825/746/658
f 825/746/659 905/826/659 906/827/659 826/747/659
f 826/747/660 906/827/660 907/828/660 827/748/660
f 827/748/661 907/828/661 908/829/661 828/749/661
f 828/749/662 908/829/662 909/830/662 829/750/662
f 829/750/663 909/830/663 910/831/663 830/751/663
f 830/751/664 910/831/664 911/832/664 831/752/664
f 831/752/665 911/832/665 912/833/665 832/753/665
f 832/753/666 912/833/666 913/834/666 833/754/666
f 833/754/667 913/834/667 914/835/667 834/755/667
f 834/755/668 914/835/668 915/836/668 835/756/668
f 835/756/669 915/836/669 916/837/669 836/757/669
f 836/757/670 916/837/670 917/838/670 837/758/670
f 837/758/671 917/838/671 918/839/671 838/759/671
f 838/759/672 918/839/672 919/840/672 839/760/672
f 839/760/673 919/840/673 920/841/673 840/761/673
f 840/761/674 920/841/674 921/842/674 841/762/674
f 841/762/675 921/842/675 922/843/675 842/763/675
f 842/763/676 922/843/676 923/844/676 843/764/676
f 843/764/677 923/844/677 924/845/677 844/765/677
f 844/765/678 924/845/678 925/846/678 845/766/678
f 845/766/679 925/846/679 926/847/679 846/767/679
f 846/767/680 926/847/680 927/848/680 847/768/680
f 847/768/681 927/848/681 928/849/681 848/769/681
f 848/769/682 928/849/682 929/850/682 849/770/682
f 849/770/683 929/850/683 930/851/683 850/771/683
f 850/771/684 930/851/684 931/852/684 851/772/684
f 851/772/685 931/852/685 932/853/685 852/773/685
f 852/773/686 932/853/686 933/854/686 853/774/686
f 853/774/687 933/854/687 934/855/687 854/775/687
f 854/775/688 934/855/688 935/856/688 855/776/688
f 855/776/689 935/856/689 936/857/689 856/777/689
f 856/777/690 936/857/690 937/858/690 857/778/690
f 857/778/691 937/858/691 938/859/691 858/779/691
f 858/779/692 938/859/692 939/860/692 859/780/692
f 859/780/693 939/860/693 940/861/693 860/781/693
f 860/781/694 940/861/694 941/862/694 861/782/694
f 861/782/695 941/862/695 942/863/695 862/783/695
f 862/783/696 942/863/696 943/864/696 863/784/696
f 863/784/697 943/864/697 944/865/697 864/785/697
f 864/785/698 944/865/698 945/866/698 865/786/698
f 865/786/699 945/866/699 946/867/699 866/787/699
f 866/787/700 946/867/700 947/868/700 867/788/700
f 867/788/701 947/868/701 948/869/701 868/789/701
f 868/789/702 948/869/702 949/870/702 869/790/702
f 869/790/703 949/870/703 950/871/703 870/791/703
f 870/791/704 950/871/704 951/872/704 871/792/704
f 871/792/705 951/872/705 952/873/705 872/793/705
f 872/793/706 952/873/706 953/874/706 873/794/706
f 873/794/707 953/874/707 954/875/707 874/795/707
f 874/795/708 954/875/708 955/876/708 875/796/708
f 875/796/709 955/876/709 956/877/709 876/797/709
f 876/797/710 956/877/710 957/878/710 877/798/710
f 877/798/711 957/878/711 958/879/711 878/799/711
f 878/799/712 958/879/712 959/880/712 879/800/712
f 879/800/713 959/880/713 960/881/713 880/801/713
f 880/801/714 960/881/714 961/882/714 881/802/714
f 881/802/715 961/882/715 962/883/715 882/803/715
f 882/803/716 962/883/716 963/884/716 883/804/716
f 883/804/717 963/884/717 964/22/717 884/20/717
f 92/806/718 93/886/718 965/885/718 885/805/718
f 885/805/719 965/885/719 966/887/719 886/807/719
f 886/807/720 966/887/720 967/888/720 887/808/720
f 887/808/721 967/888/721 968/889/721 888/809/721
f 888/809/722 968/889/722 969/890/722 889/810/722
f 889/810/723 969/890/723 970/891/723 890/811/723
f 890/811/724 970/891/724 971/892/724 891/812/724
f 891/812/725 971/892/725 972/893/725 892/813/725
f 892/813/726 972/893/726 973/894/726 893/814/726
f 893/814/727 973/894/727 974/895/727 894/815/727
f 894/815/728 974/895/728 975/896/728 895/816/728
f 895/816/729 975/896/729 976/897/729 896/817/729
f 896/817/730 976/897/730 977/898/730 897/818/730
f 897/818/731 977/898/731 978/899/731 898/819/731
f 898/819/732 978/899/732 979/900/732 899/820/732
f 899/820/733 979/900/733 980/901/733 900/821/733
f 900/821/734 980/901/734 981/902/734 901/822/734
f 901/822/735 981/902/735 982/903/735 902/823/735
f 902/823/736 982/903/736 983/904/736 903/824/736
f 903/824/737 983/904/737 984/905/737 904/825/737
f 904/825/738 984/905/738 985/906/738 905/826/738
f 905/826/739 985/906/739 986/907/739 906/827/739
f 906/827/740 986/907/740 987/908/740 907/828/740
f 907/828/741 987/908/741 988/909/741 908/829/741
f 908/829/742 988/909/742 989/910/742 909/830/742
f 909/830/743 989/910/743 990/911/743 910/831/743
f 910/831/744 990/911/744 991/912/744 911/832/744
f 911/832/745 991/912/745 992/913/745 912/833/745
f 912/833/746 992/913/746 993/914/746 913/834/746
f 913/834/747 993/914/747 994/915/747 914/835/747
f 914/835/748 994/915/748 995/916/748 915/836/748
f 915/836/749 995/916/749 996/917/749 916/837/749
f 916/837/750 996/917/750 997/918/750 917/838/750
f 917/838/751 997/918/751 998/919/751 918/839/751
f 918/839/752 998/919/752 999/920/752 919/840/752
f 919/840/753 999/920/753 1000/921/753 920/841/753
f 920/841/754 1000/921/754 1001/922/754 921/842/754
f 921/842/755 1001/922/755 1002/923/755 922/843/755
f 922/843/756 1002/923/756 1003/924/756 923/844/756
f 923/844/757 1003/924/757 1004/925/757 924/845/757
f 924/845/758 1004/925/758 1005/926/758 925/846/758
f 925/846/759 1005/926/759 1006/927/759 926/847/759
f 926/847/760 1006/927/760 1007/928/760 927/848/760
f 927/848/761 1007/928/761 1008/929/761 928/849/761
f 928/849/762 1008/929/762 1009/930/762 929/850/762
f 929/850/763 1009/930/763 1010/931/763 930/851/763
f 930/851/764 1010/931/764 1011/932/764 931/852/764
f 931/852/765 1011/932/765 1012/933/765 932/853/765
f 932/853/766 1012/933/766 1013/934/766 933/854/766
f 933/854/767 1013/934/767 1014/935/767 934/855/767
f 934/855/768 1014/935/768 1015/936/768 935/856/768
f 935/856/769 1015/936/769 1016/937/769 936/857/769
f 936/857/770 1016/937/770 1017/938/770 937/858/770
f 937/858/771 1017/938/771 1018/939/771 938/859/771
f 938/859/772 1018/939/772 1019/940/772 939/860/772
f 939/860/773 1019/940/773 1020/941/773 940/861/773
f 940/861/774 1020/941/774 1021/942/774 941/862/774
f 941/862/775 1021/942/775 1022/943/775 942/863/775
f 942/863/776 1022/943/776 1023/944/776 943/864/776
f 943/864/777 1023/944/777 1024/945/777 944/865/777
f 944/865/778 1024/945/778 1025/946/778 945/866/778
f 945/866/779 1025/946/779 1026/947/779 946/867/779
f 946/867/780 1026/947/780 1027/948/780 947/868/780
f 947/868/781 1027/948/781 1028/949/781 948/869/781
f 948/869/782 1028/949/782 1029/950/782 949/870/782
f 949/870/783 1029/950/783 1030/951/783 950/871/783
f 950/871/784 1030/951/784 1031/952/784 951/872/784
f 951/872/785 1031/952/785 1032/953/785 952/873/785
f 952/873/786 1032/953/786 1033/954/786 953/874/786
f 953/874/787 1033/954/787 1034/955/787 954/875/787
f 954/875/788 1034/955/788 1035/956/788 955/876/788
f 955/876/789 1035/956/789 1036/957/789 956/877/789
f 956/877/790 1036/957/790 1037/958/790 957/878/790
f 957/878/791 1037/958/791 1038/959/791 958/879/791
f 958/879/792 1038/959/792 1039/960/792 959/880/792
f 959/880/793 1039/960/793 1040/961/793 960/881/793
f 960/881/794 1040/961/794 1041/962/794 961/882/794
f 961/882/795 1041/962/795 1042/963/795 962/883/795
f 962/883/796 1042/963/796 1043/964/796 963/884/796
f 963/884/797 1043/964/797 1044/24/797 964/22/797
f 93/886/798 94/966/798 1045/965/798 965/885/798
f 965/885/799 1045/965/799 1046/967/799 966/887/799
f 966/887/800 1046/967/800 1047/968/800 967/888/800
f 967/888/801 1047/968/801 1048/969/801 968/889/801
f 968/889/802 1048/969/802 1049/970/802 969/890/802
f 969/890/803 1049/970/803 1050/971/803 970/891/803
f 970/891/804 1050/971/804 1051/972/804 971/892/804
f 971/892/805 1051/972/805 1052/973/805 972/893/805
f 972/893/806 1052/973/806 1053/974/806 973/894/806
f 973/894/807 1053/974/807 1054/975/807 974/895/807
f 974/895/808 1054/975/808 1055/976/808 975/896/808
f 975/896/809 1055/976/809 1056/977/809 976/897/809
f 976/897/810 1056/977/810 1057/978/810 977/898/810
f 977/898/811 1057/978/811 1058/979/811 978/899/811
f 978/899/812 1058/979/812 1059/980/812 979/900/812
f 979/900/813 1059/980/813 1060/981/813 980/901/813
f 980/901/814 1060/981/814 1061/982/814 981/902/814
f 981/902/815 1061/982/815 1062/983/815 982/903/815
f 982/903/816 1062/983/816 1063/984/816 983/904/816
f 983/904/817 1063/984/817 1064/985/817 984/905/817
f 984/905/818 1064/985/818 1065/986/818 985/906/818
f 985/906/819 1065/986/819 1066/987/819 986/907/819
f 986/907/820 1066/987/820 1067/988/820 987/908/820
f 987/908/821 1067/988/821 1068/989/821 988/909/821
f 988/909/822 1068/989/822 1069/990/822 989/910/822
f 989/910/823 1069/990/823 1070/991/823 990/911/823
f 990/911/824 1070/991/824 1071/992/824 991/912/824
f 991/912/825 1071/992/825 1072/993/825 992/913/825
f 992/913/826 1072/993/826 1073/994/826 993/914/826
f 993/914/827 1073/994/827 1074/995/827 994/915/827
f 994/915/828 1074/995/828 1075/996/828 995/916/828
f 995/916/829 1075/996/829 1076/997/829 996/917/829
f 996/917/830 1076/997/830 1077/998/830 997/918/830
f 997/918/831 1077/998/831 1078/999/831 998/919/831
f 998/919/832 1078/999/832 1079/1000/832 999/920/832
f 999/920/833 1079/1000/833 1080/1001/833 1000/921/833
f 1000/921/834 1080/1001/834 1081/1002/834 1001/922/834
f 1001/922/835 1081/1002/835 1082/1003/835 1002/923/835
f 1002/923/836 1082/1003/836 1083/1004/836 1003/924/836
f 1003/924/837 1083/1004/837 1084/1005/837 1004/925/837
f 1004/925/838 1084/1005/838 1085/1006/838 1005/926/838
f 1005/926/839 1085/1006/839 1086/1007/839 1006/927/839
f 1006/927/840 1086/1007/840 1087/1008/840 1007/928/840
f 1007/928/841 1087/1008/841 1088/1009/841 1008/929/841
f 1008/929/842 1088/1009/842 1089/1010/842 1009/930/842
f 1009/930/843 1089/1010/843 1090/1011/843 1010/931/843
f 1010/931/844 1090/1011/844 1091/1012/844 1011/932/844
f 1011/932/845 1091/1012/845 1092/1013/845 1012/933/845
f 1012/933/846 1092/1013/846 1093/1014/846 1013/934/846
f 1013/934/847 1093/1014/847 1094/1015/847 1014/935/847
f 1014/935/848 1094/1015/848 1095/1016/848 1015/936/848
f 1015/936/849 1095/1016/849 1096/1017/849 1016/937/849
f 1016/937/850 1096/1017/850 1097/1018/850 1017/938/850
f 1017/938/851 1097/1018/851 1098/1019/851 1018/939/851
f 1018/939/852 1098/1019/852 1099/1020/852 1019/940/852
f 1019/940/853 1099/1020/853 1100/1021/853 1020/941/853
f 1020/941/854 1100/1021/854 1101/1022/854 1021/942/854
f 1021/942/855 1101/1022/855 1102/1023/855 1022/943/855
f 1022/943/856 1102/1023/856 1103/1024/856 1023/944/856
f 1023/944/857 1103/1024/857 1104/1025/857 1024/945/857
f 1024/945/858 1104/1025/858 1105/1026/858 1025/946/858
f 1025/946/859 1105/1026/859 1106/1027/859 1026/947/859
f 1026/947/860 1106/1027/860 1107/1028/860 1027/948/860
f 1027/948/861 1107/1028/861 1108/1029/861 1028/949/861
f 1028/949/862 1108/1029/862 1109/1030/862 1029/950/862
f 1029/950/863 1109/1030/863 1110/1031/863 1030/951/863
f 1030/951/864 1110/1031/864 1111/1032/864 1031/952/864
f 1031/952/865 1111/1032/865 1112/1033/865 1032/953/865
f 1032/953/866 1112/1033/866 1113/1034/866 1033/954/866
f 1033/954/867 1113/1034/867 1114/1035/867 1034/955/867
f 1034/955/868 1114/1035/868 1115/1036/868 1035/956/868
f 1035/956/869 1115/1036/869 1116/1037/869 1036/957/869
f 1036/957/870 1116/1037/870 1117/1038/870 1037/958/870
f 1037/958/871 1117/1038/871 1118/1039/871 1038/959/871
f 1038/959/872 1118/1039/872 1119/1040/872 1039/960/872
f 1039/960/873 1119/1040/873 1120/1041/873 1040/961/873
f 1040/961/874 1120/1041/874 1121/1042/874 1041/962/874
f 1041/962/875 1121/1042/875 1122/1043/875 1042/963/875
f 1042/963/876 1122/1043/876 1123/1044/876 1043/964/876
f 1043/964/877 1123/1044/877 1124/26/877 1044/24/877
f 94/966/878 95/1046/878 1125/1045/878 1045/965/878
f 1045/965/879 1125/1045/879 1126/1047/879 1046/967/879
f 1046/967/880 1126/1047/880 1127/1048/880 1047/968/880
f 1047/968/881 1127/1048/881 1128/1049/881 1048/969/881
f 1048/969/882 1128/1049/882 1129/1050/882 1049/970/882
f 1049/970/883 1129/1050/883 1130/1051/883 1050/971/883
f 1050/971/884 1130/1051/884 1131/1052/884 1051/972/884
f 1051/972/885 1131/1052/885 1132/1053/885 1052/973/885
f 1052/973/886 1132/1053/886 1133/1054/886 1053/974/886
f 1053/974/887 1133/1054/887 1134/1055/887 1054/975/887
f 1054/975/888 1134/1055/888 1135/1056/888 1055/976/888
f 1055/976/889 1135/1056/889 1136/1057/889 1056/977/889
f 1056/977/890 1136/1057/890 1137/1058/890 1057/978/890
f 1057/978/891 1137/1058/891 1138/1059/891 1058/979/891
f 1058/979/892 1138/1059/892 1139/1060/892 1059/980/892
f 1059/980/893 1139/1060/893 1140/1061/893 1060/981/893
f 1060/981/894 1140/1061/894 1141/1062/894 1061/982/894
f 1061/982/895 1141/1062/895 1142/1063/895 1062/983/895
f 1062/983/896 1142/1063/896 1143/1064/896 1063/984/896
f 1063/984/897 1143/1064/897 1144/1065/897 1064/985/897
f 1064/985/898 1144/1065/898 1145/1066/898 1065/986/898
f 1065/986/899 1145/1066/899 1146/1067/899 1066/987/899
f 1066/987/900 1146/1067/900 1147/1068/900 1067/988/900
f 1067/988/901 1147/1068/901 1148/1069/901 1068/989/901
f 1068/989/902 1148/1069/902 1149/1070/902 1069/990/902
f 1069/990/903 1149/1070/903 1150/1071/903 1070/991/903
f 1070/991/904 1150/1071/904 1151/1072/904 1071/992/904
f 1071/992/905 1151/1072/905 1152/1073/905 1072/993/905
f 1072/993/906 1152/1073/906 1153/1074/906 1073/994/906
f 1073/994/907 1153/1074/907 1154/1075/907 1074/995/907
f 1074/995/908 1154/1075/908 1155/1076/908 1075/996/908
f 1075/996/909 1155/1076/909 1156/1077/909 1076/997/909
f 1076/997/910 1156/1077/910 1157/1078/910 1077/998/910
f 1077/998/911 1157/1078/911 1158/1079/911 1078/999/911
f 1078/999/912 1158/1079/912 1159/1080/912 1079/1000/912
f 1079/1000/913 1159/1080/913 1160/1081/913 1080/1001/913
f 1080/1001/914 1160/1081/914 1161/1082/914 1081/1002/914
f 1081/1002/915 1161/1082/915 1162/1083/915 1082/1003/915
f 1082/1003/916 1162/1083/916 1163/1084/916 1083/1004/916
f 1083/1004/917 1163/1084/917 1164/1085/917 1084/1005/917
f 1084/1005/918 1164/1085/918 1165/1086/918 1085/1006/918
f 1085/1006/919 1165/1086/919 1166/1087/919 1086/1007/919
f 1086/1007/920 1166/1087/920 1167/1088/920 1087/1008/920
f 1087/1008/921 1167/1088/921 1168/1089/921 1088/1009/921
f 1088/1009/922 1168/1089/922 1169/1090/922 1089/1010/922
f 1089/1010/923 1169/1090/923 1170/1091/923 1090/1011/923
f 1090/1011/924 1170/1091/924 1171/1092/924 1091/1012/924
f 1091/1012/925 1171/1092/925 1172/1093/925 1092/1013/925
f 1092/1013/926 1172/1093/926 1173/1094/926 1093/1014/926
f 1093/1014/927 1173/1094/927 1174/1095/927 1094/1015/927
f 1094/1015/928 1174/1095/928 1175/1096/928 1095/1016/928
f 1095/1016/929 1175/1096/929 1176/1097/929 1096/1017/929
f 1096/1017/930 1176/1097/930 1177/1098/930 1097/1018/930
f 1097/1018/931 1177/1098/931 1178/1099/931 1098/1019/931
f 1098/1019/932 1178/1099/932 1179/1100/932 1099/1020/932
f 1099/1020/933 1179/1100/933 1180/1101/933 1100/1021/933
f 1100/1021/934 1180/1101/934 1181/1102/934 1101/1022/934
f 1101/1022/935 1181/1102/935 1182/1103/935 1102/1023/935
f 1102/1023/936 1182/1103/936 1183/1104/936 1103/1024/936
f 1103/1024/937 1183/1104/937 1184/1105/937 1104/1025/937
f 1104/1025/938 1184/1105/938 1185/1106/938 1105/1026/938
f 1105/1026/939 1185/1106/939 1186/1107/939 1106/1027/939
f 1106/1027/940 1186/1107/940 1187/1108/940 1107/1028/940
f 1107/1028/941 1187/1108/941 1188/1109/941 1108/1029/941
f 1108/1029/942 1188/1109/942 1189/1110/942 1109/1030/942
f 1109/1030/943 1189/1110/943 1190/1111/943 1110/1031/943
f 1110/1031/944 1190/1111/944 1191/1112/944 1111/1032/944
f 1111/1032/945 1191/1112/945 1192/1113/945 1112/1033/945
f 1112/1033/946 1192/1113/946 1193/1114/946 1113/1034/946
f 1113/1034/947 1193/1114/947 1194/1115/947 1114/1035/947
f 1114/1035/948 1194/1115/948 1195/1116/948 1115/1036/948
f 1115/1036/949 1195/1116/949 1196/1117/949 1116/1037/949
f 1116/1037/950 1196/1117/950 1197/1118/950 1117/1038/950
f 1117/1038/951 1197/1118/951 1198/1119/951 1118/1039/951
f 1118/1039/952 1198/1119/952 1199/1120/952 1119/1040/952
f 1119/1040/953 1199/1120/953 1200/1121/953 1120/1041/953
f 1120/1041/954 1200/1121/954 1201/1122/954 1121/1042/954
f 1121/1042/955 1201/1122/955 1202/1123/955 1122/1043/955
f 1122/1043/956 1202/1123/956 1203/1124/956 1123/1044/956
f 1123/1044/957 1203/1124/957 1204/28/957 1124/26/957
f 95/1046/958 96/1126/958 1205/1125/958 1125/1045/958
f 1125/1045/959 1205/1125/959 1206/1127/959 1126/1047/959
f 1126/1047/960 1206/1127/960 1207/1128/960 1127/1048/960
f 1127/1048/961 1207/1128/961 1208/1129/961 1128/1049/961
f 1128/1049/962 1208/1129/962 1209/1130/962 1129/1050/962
f 1129/1050/963 1209/1130/963 1210/1131/963 1130/1051/963
f 1130/1051/964 1210/1131/964 1211/1132/964 1131/1052/964
f 1131/1052/965 1211/1132/965 1212/1133/965 1132/1053/965
f 1132/1053/966 1212/1133/966 1213/1134/966 1133/1054/966
f 1133/1054/967 1213/1134/967 1214/1135/967 1134/1055/967
f 1134/1055/968 1214/1135/968 1215/1136/968 1135/1056/968
f 1135/1056/969 1215/1136/969 1216/1137/969 1136/1057/969
f 1136/1057/970 1216/1137/970 1217/1138/970 1137/1058/970
f 1137/1058/971 1217/1138/971 1218/1139/971 1138/1059/971
f 1138/1059/972 1218/1139/972 1219/1140/972 1139/1060/972
f 1139/1060/973 1219/1140/973 1220/1141/973 1140/1061/973
f 1140/1061/974 1220/1141/974 1221/1142/974 1141/1062/974
f 1141/1062/975 1221/1142/975 1222/1143/975 1142/1063/975
f 1142/1063/976 1222/1143/976 1223/1144/976 1143/1064/976
f 1143/1064/977 1223/1144/977 1224/1145/977 1144/1065/977
f 1144/1065/978 1224/1145/978 1225/1146/978 1145/1066/978
f 1145/1066/979 1225/1146/979 1226/1147/979 1146/1067/979
f 1146/1067/980 1226/1147/980 1227/1148/980 1147/1068/980
f 1147/1068/981 1227/1148/981 1228/1149/981 1148/1069/981
f 1148/1069/982 1228/1149/982 1229/1150/982 1149/1070/982
f 1149/1070/983 1229/1150/983 1230/1151/983 1150/1071/983
f 1150/1071/984 1230/1151/984 1231/1152/984 1151/1072/984
f 1151/1072/985 1231/1152/985 1232/1153/985 1152/1073/985
f 1152/1073/986 1232/1153/986 1233/1154/986 1153/1074/986
f 1153/1074/987 1233/1154/987 1234/1155/987 1154/1075/987
f 1154/1075/988 1234/1155/988 1235/1156/988 1155/1076/988
f 1155/1076/989 1235/1156/989 1236/1157/989 1156/1077/989
f 1156/1077/990 1236/1157/990 1237/1158/990 1157/1078/990
f 1157/1078/991 1237/1158/991 1238/1159/991 1158/1079/991
f 1158/1079/992 1238/1159/992 1239/1160/992 1159/1080/992
f 1159/1080/993 1239/1160/993 1240/1161/993 1160/1081/993
f 1160/1081/994 1240/1161/994 1241/1162/994 1161/1082/994
f 1161/1082/995 1241/1162/995 1242/1163/995 1162/1083/995
f 1162/1083/996 1242/1163/996 1243/1164/996 1163/1084/996
f 1163/1084/997 1243/1164/997 1244/1165/997 1164/1085/997
f 1164/1085/998 1244/1165/998 1245/1166/998 1165/1086/998
f 1165/1086/999 1245/1166/999 1246/1167/999 1166/1087/999
f 1166/1087/1000 1246/1167/1000 1247/1168/1000 1167/1088/1000
f 1167/1088/1001 1247/1168/1001 1248/1169/1001 1168/1089/1001
f 1168/1089/1002 1248/1169/1002 1249/1170/1002 1169/1090/1002
f 1169/1090/1003 1249/1170/1003 1250/1171/1003 1170/1091/1003
f 1170/1091/1004 1250/1171/1004 1251/1172/1004 1171/1092/1004
f 1171/1092/1005 1251/1172/1005 1252/1173/1005 1172/1093/1005
f 1172/1093/1006 1252/1173/1006 1253/1174/1006 1173/1094/1006
f 1173/1094/1007 1253/1174/1007 1254/1175/1007 1174/1095/1007
f 1174/1095/1008 1254/1175/1008 1255/1176/1008 1175/1096/1008
f 1175/1096/1009 1255/1176/1009 1256/1177/1009 1176/1097/1009
f 1176/1097/1010 1256/1177/1010 1257/1178/1010 1177/1098/1010
f 1177/1098/1011 1257/1178/1011 1258/1179/1011 1178/1099/1011
f 1178/1099/1012 1258/1179/1012 1259/1180/1012 1179/1100/1012
f 1179/1100/1013 1259/1180/1013 1260/1181/1013 1180/1101/1013
f 1180/1101/1014 1260/1181/1014 1261/1182/1014 1181/1102/1014
f 1181/1102/1015 1261/1182/1015 1262/1183/1015 1182/1103/1015
f 1182/1103/1016 1262/1183/1016 1263/1184/1016 1183/1104/1016
f 1183/1104/1017 1263/1184/1017 1264/1185/1017 1184/1105/1017
f 1184/1105/1018 1264/1185/1018 1265/1186/1018 1185/1106/1018
f 1185/1106/1019 1265/1186/1019 1266/1187/1019 1186/1107/1019
f 1186/1107/1020 1266/1187/1020 1267/1188/1020 1187/1108/1020
f 1187/1108/1021 1267/1188/1021 1268/1189/1021 1188/1109/1021
f 1188/1109/1022 1268/1189/1022 1269/1190/1022 1189/1110/1022
f 1189/1110/1023 1269/1190/1023 1270/1191/1023 1190/1111/1023
f 1190/1111/1024 1270/1191/1024 1271/1192/1024 1191/1112/1024
f 1191/1112/1025 1271/1192/1025 1272/1193/1025 1192/1113/1025
f 1192/1113/1026 1272/1193/1026 1273/1194/1026 1193/1114/1026
f 1193/1114/1027 1273/1194/1027 1274/1195/1027 1194/1115/1027
f 1194/1115/1028 1274/1195/1028 1275/1196/1028 1195/1116/1028
f 1195/1116/1029 1275/1196/1029 1276/1197/1029 1196/1117/1029
f 1196/1117/1030 1276/1197/1030 1277/1198/1030 1197/1118/1030
f 1197/1118/1031 1277/1198/1031 1278/1199/1031 1198/1119/1031
f 1198/1119/1032 1278/1199/1032 1279/1200/1032 1199/1120/1032
f 1199/1120/1033 1279/1200/1033 1280/1201/1033 1200/1121/1033
f 1200/1121/1034 1280/1201/1034 1281/1202/1034 1201/1122/1034
f 1201/1122/1035 1281/1202/1035 1282/1203/1035 1202/1123/1035
f 1202/1123/1036 1282/1203/1036 1283/1204/1036 1203/1124/1036
f 1203/1124/1037 1283/1204/1037 1284/30/1037 1204/28/1037
f 96/1126/1038 97/1206/1038 1285/1205/1038 1205/1125/1038
f 1205/1125/1039 1285/1205/1039 1286/1207/1039 1206/1127/1039
f 1206/1127/1040 1286/1207/1040 1287/1208/1040 1207/1128/1040
f 1207/1128/1041 1287/1208/1041 1288/1209/1041 1208/1129/1041
f 1208/1129/1042 1288/1209/1042 1289/1210/1042 1209/1130/1042
f 1209/1130/1043 1289/1210/1043 1290/1211/1043 1210/1131/1043
f 1210/1131/1044 1290/1211/1044 1291/1212/1044 1211/1132/1044
f 1211/1132/1045 1291/1212/1045 1292/1213/1045 1212/1133/1045
f 1212/1133/1046 1292/1213/1046 1293/1214/1046 1213/1134/1046
f 1213/1134/1047 1293/1214/1047 1294/1215/1047 1214/1135/1047
f 1214/1135/1048 1294/1215/1048 1295/1216/1048 1215/1136/1048
f 1215/1136/1049 1295/1216/1049 1296/1217/1049 1216/1137/1049
f 1216/1137/1050 1296/1217/1050 1297/1218/1050 1217/1138/1050
f 1217/1138/1051 1297/1218/1051 1298/1219/1051 1218/1139/1051
f 1218/1139/1052 1298/1219/1052 1299/1220/1052 1219/1140/1052
f 1219/1140/1053 1299/1220/1053 1300/1221/1053 1220/1141/1053
f 1220/1141/1054 1300/1221/1054 1301/1222/1054 1221/1142/1054
f 1221/1142/1055 1301/1222/1055 1302/1223/1055 1222/1143/1055
f 1222/1143/1056 1302/1223/1056 1303/1224/1056 1223/1144/1056
f 1223/1144/1057 1303/1224/1057 1304/1225/1057 1224/1145/1057
f 1224/1145/1058 1304/1225/1058 1305/1226/1058 1225/1146/1058
f 1225/1146/1059 1305/1226/1059 1306/1227/1059 1226/1147/1059
f 1226/1147/1060 1306/1227/1060 1307/1228/1060 1227/1148/1060
f 1227/1148/1061 1307/1228/1061 1308/1229/1061 1228/1149/1061
f 1228/1149/1062 1308/1229/1062 1309/1230/1062 1229/1150/1062
f 1229/1150/1063 1309/1230/1063 1310/1231/1063 1230/1151/1063
f 1230/1151/1064 1310/1231/1064 1311/1232/1064 1231/1152/1064
f 1231/1152/1065 1311/1232/1065 1312/1233/1065 1232/1153/1065
f 1232/1153/1066 1312/1233/1066 1313/1234/1066 1233/1154/1066
f 1233/1154/1067 1313/1234/1067 1314/1235/1067 1234/1155/1067
f 1234/1155/1068 1314/1235/1068 1315/1236/1068 1235/1156/1068
f 1235/1156/1069 1315/1236/1069 1316/1237/1069 1236/1157/1069
f 1236/1157/1070 1316/1237/1070 1317/1238/1070 1237/1158/1070
f 1237/1158/1071 1317/1238/1071 1318/1239/1071 1238/1159/1071
f 1238/1159/1072 1318/1239/1072 1319/1240/1072 1239/1160/1072
f 1239/1160/1073 1319/1240/1073 1320/1241/1073 1240/1161/1073
f 1240/1161/1074 1320/1241/1074 1321/1242/1074 1241/1162/1074
f 1241/1162/1075 1321/1242/1075 1322/1243/1075 1242/1163/1075
f 1242/1163/1076 1322/1243/1076 1323/1244/1076 1243/1164/1076
f 1243/1164/1077 1323/1244/1077 1324/1245/1077 1244/1165/1077
f 1244/1165/1078 1324/1245/1078 1325/1246/1078 1245/1166/1078
f 1245/1166/1079 1325/1246/1079 1326/1247/1079 1246/1167/1079
f 1246/1167/1080 1326/1247/1080 1327/1248/1080 1247/1168/1080
f 1247/1168/1081 1327/1248/1081 1328/1249/1081 1248/1169/1081
f 1248/1169/1082 1328/1249/1082 1329/1250/1082 1249/1170/1082
f 1249/1170/1083 1329/1250/1083 1330/1251/1083 1250/1171/1083
f 1250/1171/1084 1330/1251/1084 1331/1252/1084 1251/1172/1084
f 1251/1172/1085 1331/1252/1085 1332/1253/1085 1252/1173/1085
f 1252/1173/1086 1332/1253/1086 1333/1254/1086 1253/1174/1086
f 1253/1174/1087 1333/1254/1087 1334/1255/1087 1254/1175/1087
f 1254/1175/1088 1334/1255/1088 1335/1256/1088 1255/1176/1088
f 1255/1176/1089 1335/1256/1089 1336/1257/1089 1256/1177/1089
f 1256/1177/1090 1336/1257/1090 1337/1258/1090 1257/1178/1090
f 1257/1178/1091 1337/1258/1091 1338/1259/1091 1258/1179/1091
f 1258/1179/1092 1338/1259/1092 1339/1260/1092 1259/1180/1092
f 1259/1180/1093 1339/1260/1093 1340/1261/1093 1260/1181/1093
f 1260/1181/1094 1340/1261/1094 1341/1262/1094 1261/1182/1094
f 1261/1182/1095 1341/1262/1095 1342/1263/1095 1262/1183/1095
f 1262/1183/1096 1342/1263/1096 1343/1264/1096 1263/1184/1096
f 1263/1184/1097 1343/1264/1097 1344/1265/1097 1264/1185/1097
f 1264/1185/1098 1344/1265/1098 1345/1266/1098 1265/1186/1098
f 1265/1186/1099 1345/1266/1099 1346/1267/1099 1266/1187/1099
f 1266/1187/1100 1346/1267/1100 1347/1268/1100 1267/1188/1100
f 1267/1188/1101 1347/1268/1101 1348/1269/1101 1268/1189/1101
f 1268/1189/1102 1348/1269/1102 1349/1270/1102 1269/1190/1102
f 1269/1190/1103 1349/1270/1103 1350/1271/1103 1270/1191/1103
f 1270/1191/1104 1350/1271/1104 1351/1272/1104 1271/1192/1104
f 1271/1192/1105 1351/1272/1105 1352/1273/1105 1272/1193/1105
f 1272/1193/1106 1352/1273/1106 1353/1274/1106 1273/1194/1106
f 1273/1194/1107 1353/1274/1107 1354/1275/1107 1274/1195/1107
f 1274/1195/1108 1354/1275/1108 1355/1276/1108 1275/1196/1108
f 1275/1196/1109 1355/1276/1109 1356/1277/1109 1276/1197/1109
f 1276/1197/1110 1356/1277/1110 1357/1278/1110 1277/1198/1110
f 1277/1198/1111 1357/1278/1111 1358/1279/1111 1278/1199/1111
f 1278/1199/1112 1358/1279/1112 1359/1280/1112 1279/1200/1112
f 1279/1200/1113 1359/1280/1113 1360/1281/1113 1280/1201/1113
f 1280/1201/1114 1360/1281/1114 1361/1282/1114 1281/1202/1114
f 1281/1202/1115 1361/1282/1115 1362/1283/1115 1282/1203/1115
f 1282/1203/1116 1362/1283/1116 1363/1284/1116 1283/1204/1116
f 1283/1204/1117 1363/1284/1117 1364/32/1117 1284/30/1117
f 97/1206/1118 98/1286/1118 1365/1285/1118 1285/1205/1118
f 1285/1205/1119 1365/1285/1119 1366/1287/1119 1286/1207/1119
f 1286/1207/1120 1366/1287/1120 1367/1288/1120 1287/1208/1120
f 1287/1208/1121 1367/1288/1121 1368/1289/1121 1288/1209/1121
f 1288/1209/1122 1368/1289/1122 1369/1290/1122 1289/1210/1122
f 1289/1210/1123 1369/1290/1123 1370/1291/1123 1290/1211/1123
f 1290/1211/1124 1370/1291/1124 1371/1292/1124 1291/1212/1124
f 1291/1212/1125 1371/1292/1125 1372/1293/1125 1292/1213/1125
f 1292/1213/1126 1372/1293/1126 1373/1294/1126 1293/1214/1126
f 1293/1214/1127 1373/1294/1127 1374/1295/1127 1294/1215/1127
f 1294/1215/1128 1374/1295/1128 1375/1296/1128 1295/1216/1128
f 1295/1216/1129 1375/1296/1129 1376/1297/1129 1296/1217/1129
f 1296/1217/1130 1376/1297/1130 1377/1298/1130 1297/1218/1130
f 1297/1218/1131 1377/1298/1131 1378/1299/1131 1298/1219/1131
f 1298/1219/1132 1378/1299/1132 1379/1300/1132 1299/1220/1132
f 1299/1220/1133 1379/1300/1133 1380/1301/1133 1300/1221/1133
f 1300/1221/1134 1380/1301/1134 1381/1302/1134 1301/1222/1134
f 1301/1222/1135 1381/1302/1135 1382/1303/1135 1302/1223/1135
f 1302/1223/1136 1382/1303/1136 1383/1304/1136 1303/1224/1136
f 1303/1224/1137 1383/1304/1137 1384/1305/1137 1304/1225/1137
f 1304/1225/1138 1384/1305/1138 1385/1306/1138 1305/1226/1138
f 1305/1226/1139 1385/1306/1139 1386/1307/1139 1306/1227/1139
f 1306/1227/1140 1386/1307/1140 1387/1308/1140 1307/1228/1140
f 1307/1228/1141 1387/1308/1141 1388/1309/1141 1308/1229/1141
f 1308/1229/1142 1388/1309/1142 1389/1310/1142 1309/1230/1142
f 1309/1230/1143 1389/1310/1143 1390/1311/1143 1310/1231/1143
f 1310/1231/1144 1390/1311/1144 1391/1312/1144 1311/1232/1144
f 1311/1232/1145 1391/1312/1145 1392/1313/1145 1312/1233/1145
f 1312/1233/1146 1392/1313/1146 1393/1314/1146 1313/1234/1146
f 1313/1234/1147 1393/1314/1147 1394/1315/1147 1314/1235/1147
f 1314/1235/1148 1394/1315/1148 1395/1316/1148 1315/1236/1148
f 1315/1236/1149 1395/1316/1149 1396/1317/1149 1316/1237/1149
f 1316/1237/1150 1396/1317/1150 1397/1318/1150 1317/1238/1150
f 1317/1238/1151 1397/1318/1151 1398/1319/1151 1318/1239/1151
f 1318/1239/1152 1398/1319/1152 1399/1320/1152 1319/1240/1152
f 1319/1240/1153 1399/1320/1153 1400/1321/1153 1320/1241/1153
f 1320/1241/1154 1400/1321/1154 1401/1322/1154 1321/1242/1154
f 1321/1242/1155 1401/1322/1155 1402/1323/1155 1322/1243/1155
f 1322/1243/1156 1402/1323/1156 1403/1324/1156 1323/1244/1156
f 1323/1244/1157 1403/1324/1157 1404/1325/1157 1324/1245/1157
f 1324/1245/1158 1404/1325/1158 1405/1326/1158 1325/1246/1158
f 1325/1246/1159 1405/1326/1159 1406/1327/1159 1326/1247/1159
f 1326/1247/1160 1406/1327/1160 1407/1328/1160 1327/1248/1160
f 1327/1248/1161 1407/1328/1161 1408/1329/1161 1328/1249/1161
f 1328/1249/1162 1408/1329/1162 1409/1330/1162 1329/1250/1162
f 1329/1250/1163 1409/1330/1163 1410/1331/1163 1330/1251/1163
f 1330/1251/1164 1410/1331/1164 1411/1332/1164 1331/1252/1164
f 1331/1252/1165 1411/1332/1165 1412/1333/1165 1332/1253/1165
f 1332/1253/1166 1412/1333/1166 1413/1334/1166 1333/1254/1166
f 1333/1254/1167 1413/1334/1167 1414/1335/1167 1334/1255/1167
f 1334/1255/1168 1414/1335/1168 1415/1336/1168 1335/1256/1168
f 1335/1256/1169 1415/1336/1169 1416/1337/1169 1336/1257/1169
f 1336/1257/1170 1416/1337/1170 1417/1338/1170 1337/1258/1170
f 1337/1258/1171 1417/1338/1171 1418/1339/1171 1338/1259/1171
f 1338/1259/1172 1418/1339/1172 1419/1340/1172 1339/1260/1172
f 1339/1260/1173 1419/1340/1173 1420/1341/1173 1340/1261/1173
f 1340/1261/1174 1420/1341/1174 1421/1342/1174 1341/1262/1174
f 1341/1262/1175 1421/1342/1175 1422/1343/1175 1342/1263/1175
f 1342/1263/1176 1422/1343/1176 1423/1344/1176 1343/1264/1176
f 1343/1264/1177 1423/1344/1177 1424/1345/1177 1344/1265/1177
f 1344/1265/1178 1424/1345/1178 1425/1346/1178 1345/1266/1178
f 1345/1266/1179 1425/1346/1179 1426/1347/1179 1346/1267/1179
f 1346/1267/1180 1426/1347/1180 1427/1348/1180 1347/1268/1180
f 1347/1268/1181 1427/1348/1181 1428/1349/1181 1348/1269/1181
f 1348/1269/1182 1428/1349/1182 1429/1350/1182 1349/1270/1182
f 1349/1270/1183 1429/1350/1183 1430/1351/1183 1350/1271/1183
f 1350/1271/1184 1430/1351/1184 1431/1352/1184 1351/1272/1184
f 1351/1272/1185 1431/1352/1185 1432/1353/1185 1352/1273/1185
f 1352/1273/1186 1432/1353/1186 1433/1354/1186 1353/1274/1186
f 1353/1274/1187 1433/1354/1187 1434/1355/1187 1354/1275/1187
f 1354/1275/1188 1434/1355/1188 1435/1356/1188 1355/1276/1188
f 1355/1276/1189 1435/1356/1189 1436/1357/1189 1356/1277/1189
f 1356/1277/1190 1436/1357/1190 1437/1358/1190 1357/1278/1190
f 1357/1278/1191 1437/1358/1191 1438/1359/1191 1358/1279/1191
f 1358/1279/1192 1438/1359/1192 1439/1360/1192 1359/1280/1192
f 1359/1280/1193 1439/1360/1193 1440/1361/1193 1360/1281/1193
f 1360/1281/1194 1440/1361/1194 1441/1362/1194 1361/1282/1194
f 1361/1282/1195 1441/1362/1195 1442/1363/1195 1362/1283/1195
f 1362/1283/1196 1442/1363/1196 1443/1364/1196 1363/1284/1196
f 1363/1284/1197 1443/1364/1197 1444/34/1197 1364/32/1197
f 98/1286/1198 99/1366/1198 1445/1365/1198 1365/1285/1198
f 1365/1285/1199 1445/1365/1199 1446/1367/1199 1366/1287/1199
f 1366/1287/1200 1446/1367/1200 1447/1368/1200 1367/1288/1200
f 1367/1288/1201 1447/1368/1201 1448/1369/1201 1368/1289/1201
f 1368/1289/1202 1448/1369/1202 1449/1370/1202 1369/1290/1202
f 1369/1290/1203 1449/1370/1203 1450/1371/1203 1370/1291/1203
f 1370/1291/1204 1450/1371/1204 1451/1372/1204 1371/1292/1204
f 1371/1292/1205 1451/1372/1205 1452/1373/1205 1372/1293/1205
f 1372/1293/1206 1452/1373/1206 1453/1374/1206 1373/1294/1206
f 1373/1294/1207 1453/1374/1207 1454/1375/1207 1374/1295/1207
f 1374/1295/1208 1454/1375/1208 1455/1376/1208 1375/1296/1208
f 1375/1296/1209 1455/1376/1209 1456/1377/1209 1376/1297/1209
f 1376/1297/1210 1456/1377/1210 1457/1378/1210 1377/1298/1210
f 1377/1298/1211 1457/1378/1211 1458/1379/1211 1378/1299/1211
f 1378/1299/1212 1458/1379/1212 1459/1380/1212 1379/1300/1212
f 1379/1300/1213 1459/1380/1213 1460/1381/1213 1380/1301/1213
f 1380/1301/1214 1460/1381/1214 1461/1382/1214 1381/1302/1214
f 1381/1302/1215 1461/1382/1215 1462/1383/1215 1382/1303/1215
f 1382/1303/1216 1462/1383/1216 1463/1384/1216 1383/1304/1216
f 1383/1304/1217 1463/1384/1217 1464/1385/1217 1384/1305/1217
f 1384/1305/1218 1464/1385/1218 1465/1386/1218 1385/1306/1218
f 1385/1306/1219 1465/1386/1219 1466/1387/1219 1386/1307/1219
f 1386/1307/1220 1466/1387/1220 1467/1388/1220 1387/1308/1220
f 1387/1308/1221 1467/1388/1221 1468/1389/1221 1388/1309/1221
f 1388/1309/1222 1468/1389/1222 1469/1390/1222 1389/1310/1222
f 1389/1310/1223 1469/1390/1223 1470/1391/1223 1390/1311/1223
f 1390/1311/1224 1470/1391/1224 1471/1392/1224 1391/1312/1224
f 1391/1312/1225 1471/1392/1225 1472/1393/1225 1392/1313/1225
f 1392/1313/1226 1472/1393/1226 1473/1394/1226 1393/1314/1226
f 1393/1314/1227 1473/1394/1227 1474/1395/1227 1394/1315/1227
f 1394/1315/1228 1474/1395/1228 1475/1396/1228 1395/1316/1228
f 1395/1316/1229 1475/1396/1229 1476/1397/1229 1396/1317/1229
f 1396/1317/1230 1476/1397/1230 1477/1398/1230 1397/1318/1230
f 1397/1318/1231 1477/1398/1231 1478/1399/1231 1398/1319/1231
f 1398/1319/1232 1478/1399/1232 1479/1400/1232 1399/1320/1232
f 1399/1320/1233 1479/1400/1233 1480/1401/1233 1400/1321/1233
f 1400/1321/1234 1480/1401/1234 1481/1402/1234 1401/1322/1234
f 1401/1322/1235 1481/1402/1235 1482/1403/1235 1402/1323/1235
f 1402/1323/1236 1482/1403/1236 1483/1404/1236 1403/1324/1236
f 1403/1324/1237 1483/1404/1237 1484/1405/1237 1404/1325/1237
f 1404/1325/1238 1484/1405/1238 1485/1406/1238 1405/1326/1238
f 1405/1326/1239 1485/1406/1239 1486/1407/1239 1406/1327/1239
f 1406/1327/1240 1486/1407/1240 1487/1408/1240 1407/1328/1240
f 1407/1328/1241 1487/1408/1241 1488/1409/1241 1408/1329/1241
f 1408/1329/1242 1488/1409/1242 1489/1410/1242 1409/1330/1242
f 1409/1330/1243 1489/1410/1243 1490/1411/1243 1410/1331/1243
f 1410/1331/1244 1490/1411/1244 1491/1412/1244 1411/1332/1244
f 1411/1332/1245 1491/1412/1245 1492/1413/1245 1412/1333/1245
f 1412/1333/1246 1492/1413/1246 1493/1414/1246 1413/1334/1246
f 1413/1334/1247 1493/1414/1247 1494/1415/1247 1414/1335/1247
f 1414/1335/1248 1494/1415/1248 1495/1416/1248 1415/1336/1248
f 1415/1336/1249 1495/1416/1249 1496/1417/1249 1416/1337/1249
f 1416/1337/1250 1496/1417/1250 1497/1418/1250 1417/1338/1250
f 1417/1338/1251 1497/1418/1251 1498/1419/1251 1418/1339/1251
f 1418/1339/1252 1498/1419/1252 1499/1420/1252 1419/1340/1252
f 1419/1340/1253 1499/1420/1253 1500/1421/1253 1420/1341/1253
f 1420/1341/1254 1500/1421/1254 1501/1422/1254 1421/1342/1254
f 1421/1342/1255 1501/1422/1255 1502/1423/1255 1422/1343/1255
f 1422/1343/1256 1502/1423/1256 1503/1424/1256 1423/1344/1256
f 1423/1344/1257 1503/1424/1257 1504/1425/1257 1424/1345/1257
f 1424/1345/1258 1504/1425/1258 1505/1426/1258 1425/1346/1258
f 1425/1346/1259 1505/1426/1259 1506/1427/1259 1426/1347/1259
f 1426/1347/1260 1506/1427/1260 1507/1428/1260 1427/1348/1260
f 1427/1348/1261 1507/1428/1261 1508/1429/1261 1428/1349/1261
f 1428/1349/1262 1508/1429/1262 1509/1430/1262 1429/1350/1262
f 1429/1350/1263 1509/1430/1263 1510/1431/1263 1430/1351/1263
f 1430/1351/1264 1510/1431/1264 1511/1432/1264 1431/1352/1264
f 1431/1352/1265 1511/1432/1265 1512/1433/1265 1432/1353/1265
f 1432/1353/1266 1512/1433/1266 1513/1434/1266 1433/1354/1266
f 1433/1354/1267 1513/1434/1267 1514/1435/1267 1434/1355/1267
f 1434/1355/1268 1514/1435/1268 1515/1436/1268 1435/1356/1268
f 1435/1356/1269 1515/1436/1269 1516/1437/1269 1436/1357/1269
f 1436/1357/1270 1516/1437/1270 1517/1438/1270 1437/1358/1270
f 1437/1358/1271 1517/1438/1271 1518/1439/1271 1438/1359/1271
f 1438/1359/1272 1518/1439/1272 1519/1440/1272 1439/1360/1272
f 1439/1360/1273 1519/1440/1273 1520/1441/1273 1440/1361/1273
f 1440/1361/1274 1520/1441/1274 1521/1442/1274 1441/1362/1274
f 1441/1362/1275 1521/1442/1275 1522/1443/1275 1442/1363/1275
f 1442/1363/1276 1522/1443/1276 1523/1444/1276 1443/1364/1276
f 1443/1364/1277 1523/1444/1277 1524/36/1277 1444/34/1277
f 99/1366/1278 100/1446/1278 1525/1445/1278 1445/1365/1278
f 1445/1365/1279 1525/1445/1279 1526/1447/1279 1446/1367/1279
f 1446/1367/1280 1526/1447/1280 1527/1448/1280 1447/1368/1280
f 1447/1368/1281 1527/1448/1281 1528/1449/1281 1448/1369/1281
f 1448/1369/1282 1528/1449/1282 1529/1450/1282 1449/1370/1282
f 1449/1370/1283 1529/1450/1283 1530/1451/1283 1450/1371/1283
f 1450/1371/1284 1530/1451/1284 1531/1452/1284 1451/1372/1284
f 1451/1372/1285 1531/1452/1285 1532/1453/1285 1452/1373/1285
f 1452/1373/1286 1532/1453/1286 1533/1454/1286 1453/1374/1286
f 1453/1374/1287 1533/1454/1287 1534/1455/1287 1454/1375/1287
f 1454/1375/1288 1534/1455/1288 1535/1456/1288 1455/1376/1288
f 1455/1376/1289 1535/1456/1289 1536/1457/1289 1456/1377/1289
f 1456/1377/1290 1536/1457/1290 1537/1458/1290 1457/1378/1290
f 1457/1378/1291 1537/1458/1291 1538/1459/1291 1458/1379/1291
f 1458/1379/1292 1538/1459/1292 1539/1460/1292 1459/1380/1292
f 1459/1380/1293 1539/1460/1293 1540/1461/1293 1460/1381/1293
f 1460/1381/1294 1540/1461/1294 1541/1462/1294 1461/1382/1294
f 1461/1382/1295 1541/1462/1295 1542/1463/1295 1462/1383/1295
f 1462/1383/1296 1542/1463/1296 1543/1464/1296 1463/1384/1296
f 1463/1384/1297 1543/1464/1297 1544/1465/1297 1464/1385/1297
f 1464/1385/1298 1544/1465/1298 1545/1466/1298 1465/1386/1298
f 1465/1386/1299 1545/1466/1299 1546/1467/1299 1466/1387/1299
f 1466/1387/1300 1546/1467/1300 1547/1468/1300 1467/1388/1300
f 1467/1388/1301 1547/1468/1301 1548/1469/1301 1468/1389/1301
f 1468/1389/1302 1548/1469/1302 1549/1470/1302 1469/1390/1302
f 1469/1390/1303 1549/1470/1303 1550/1471/1303 1470/1391/1303
f 1470/1391/1304 1550/1471/1304 1551/1472/1304 1471/1392/1304
f 1471/1392/1305 1551/1472/1305 1552/1473/1305 1472/1393/1305
f 1472/1393/1306 1552/1473/1306 1553/1474/1306 1473/1394/1306
f 1473/1394/1307 1553/1474/1307 1554/1475/1307 1474/1395/1307
f 1474/1395/1308 1554/1475/1308 1555/1476/1308 1475/1396/1308
f 1475/1396/1309 1555/1476/1309 1556/1477/1309 1476/1397/1309
f 1476/1397/1310 1556/1477/1310 1557/1478/1310 1477/1398/1310
f 1477/1398/1311 1557/1478/1311 1558/1479/1311 1478/1399/1311
f 1478/1399/1312 1558/1479/1312 1559/1480/1312 1479/1400/1312
f 1479/1400/1313 1559/1480/1313 1560/1481/1313 1480/1401/1313
f 1480/1401/1314 1560/1481/1314 1561/1482/1314 1481/1402/1314
f 1481/1402/1315 1561/1482/1315 1562/1483/1315 1482/1403/1315
f 1482/1403/1316 1562/1483/1316 1563/1484/1316 1483/1404/1316
f 1483/1404/1317 1563/1484/1317 1564/1485/1317 1484/1405/1317
f 1484/1405/1318 1564/1485/1318 1565/1486/1318 1485/1406/1318
f 1485/1406/1319 1565/1486/1319 1566/1487/1319 1486/1407/1319
f 1486/1407/1320 1566/1487/1320 1567/1488/1320 1487/1408/1320
f 1487/1408/1321 1567/1488/1321 1568/1489/1321 1488/1409/1321
f 1488/1409/1322 1568/1489/1322 1569/1490/1322 1489/1410/1322
f 1489/1410/1323 1569/1490/1323 1570/1491/1323 1490/1411/1323
f 1490/1411/1324 1570/1491/1324 1571/1492/1324 1491/1412/1324
f 1491/1412/1325 1571/1492/1325 1572/1493/1325 1492/1413/1325
f 1492/1413/1326 1572/1493/1326 1573/1494/1326 1493/1414/1326
f 1493/1414/1327 1573/1494/1327 1574/1495/1327 1494/1415/1327
f 1494/1415/1328 1574/1495/1328 1575/1496/1328 1495/1416/1328
f 1495/1416/1329 1575/1496/1329 1576/1497/1329 1496/1417/1329
f 1496/1417/1330 1576/1497/1330 1577/1498/1330 1497/1418/1330
f 1497/1418/1331 1577/1498/1331 1578/1499/1331 1498/1419/1331
f 1498/1419/1332 1578/1499/1332 1579/1500/1332 1499/1420/1332
f 1499/1420/1333 1579/1500/1333 1580/1501/1333 1500/1421/1333
f 1500/1421/1334 1580/1501/1334 1581/1502/1334 1501/1422/1334
f 1501/1422/1335 1581/1502/1335 1582/1503/1335 1502/1423/1335
f 1502/1423/1336 1582/1503/1336 1583/1504/1336 1503/1424/1336
f 1503/1424/1337 1583/1504/1337 1584/1505/1337 1504/1425/1337
f 1504/1425/1338 1584/1505/1338 1585/1506/1338 1505/1426/1338
f 1505/1426/1339 1585/1506/1339 1586/1507/1339 1506/1427/1339
f 1506/1427/1340 1586/1507/1340 1587/1508/1340 1507/1428/1340
f 1507/1428/1341 1587/1508/1341 1588/1509/1341 1508/1429/1341
f 1508/1429/1342 1588/1509/1342 1589/1510/1342 1509/1430/1342
f 1509/1430/1343 1589/1510/1343 1590/1511/1343 1510/1431/1343
f 1510/1431/1344 1590/1511/1344 1591/1512/1344 1511/1432/1344
f 1511/1432/1345 1591/1512/1345 1592/1513/1345 1512/1433/1345
f 1512/1433/1346 1592/1513/1346 1593/1514/1346 1513/1434/1346
f 1513/1434/1347 1593/1514/1347 1594/1515/1347 1514/1435/1347
f 1514/1435/1348 1594/1515/1348 1595/1516/1348 1515/1436/1348
f 1515/1436/1349 1595/1516/1349 1596/1517/1349 1516/1437/1349
f 1516/1437/1350 1596/1517/1350 1597/1518/1350 1517/1438/1350
f 1517/1438/1351 1597/1518/1351 1598/1519/1351 1518/1439/1351
f 1518/1439/1352 1598/1519/1352 1599/1520/1352 1519/1440/1352
f 1519/1440/1353 1599/1520/1353 1600/1521/1353 1520/1441/1353
f 1520/1441/1354 1600/1521/1354 1601/1522/1354 1521/1442/1354
f 1521/1442/1355 1601/1522/1355 1602/1523/1355 1522/1443/1355
f 1522/1443/1356 1602/1523/1356 1603/1524/1356 1523/1444/1356
f 1523/1444/1357 1603/1524/1357 1604/38/1357 1524/36/1357
f 100/1446/1358 101/1526/1358 1605/1525/1358 1525/1445/1358
f 1525/1445/1359 1605/1525/1359 1606/1527/1359 1526/1447/1359
f 1526/1447/1360 1606/1527/1360 1607/1528/1360 1527/1448/1360
f 1527/1448/1361 1607/1528/1361 1608/1529/1361 1528/1449/1361
f 1528/1449/1362 1608/1529/1362 1609/1530/1362 1529/1450/1362
f 1529/1450/1363 1609/1530/1363 1610/1531/1363 1530/1451/1363
f 1530/1451/1364 1610/1531/1364 1611/1532/1364 1531/1452/1364
f 1531/1452/1365 1611/1532/1365 1612/1533/1365 1532/1453/1365
f 1532/1453/1366 1612/1533/1366 1613/1534/1366 1533/1454/1366
f 1533/1454/1367 1613/1534/1367 1614/1535/1367 1534/1455/1367
f 1534/1455/1368 1614/1535/1368 1615/1536/1368 1535/1456/1368
f 1535/1456/1369 1615/1536/1369 1616/1537/1369 1536/1457/1369
f 1536/1457/1370 1616/1537/1370 1617/1538/1370 1537/1458/1370
f 1537/1458/1371 1617/1538/1371 1618/1539/1371 1538/1459/1371
f 1538/1459/1372 1618/1539/1372 1619/1540/1372 1539/1460/1372
f 1539/1460/1373 1619/1540/1373 1620/1541/1373 1540/1461/1373
f 1540/1461/1374 1620/1541/1374 1621/1542/1374 1541/1462/1374
f 1541/1462/1375 1621/1542/1375 1622/1543/1375 1542/1463/1375
f 1542/1463/1376 1622/1543/1376 1623/1544/1376 1543/1464/1376
f 1543/1464/1377 1623/1544/1377 1624/1545/1377 1544/1465/1377
f 1544/1465/1378 1624/1545/1378 1625/1546/1378 1545/1466/1378
f 1545/1466/1379 1625/1546/1379 1626/1547/1379 1546/1467/1379
f 1546/1467/1380 1626/1547/1380 1627/1548/1380 1547/1468/1380
f 1547/1468/1381 1627/1548/1381 1628/1549/1381 1548/1469/1381
f 1548/1469/1382 1628/1549/1382 1629/1550/1382 1549/1470/1382
f 1549/1470/1383 1629/1550/1383 1630/1551/1383 1550/1471/1383
f 1550/1471/1384 1630/1551/1384 1631/1552/1384 1551/1472/1384
f 1551/1472/1385 1631/1552/1385 1632/1553/1385 1552/1473/1385
f 1552/1473/1386 1632/1553/1386 1633/1554/1386 1553/1474/1386
f 1553/1474/1387 1633/1554/1387 1634/1555/1387 1554/1475/1387
f 1554/1475/1388 1634/1555/1388 1635/1556/1388 1555/1476/1388
f 1555/1476/1389 1635/1556/1389 1636/1557/1389 1556/1477/1389
f 1556/1477/1390 1636/1557/1390 1637/1558/1390 1557/1478/1390
f 1557/1478/1391 1637/1558/1391 1638/1559/1391 1558/1479/1391
f 1558/1479/1392 1638/1559/1392 1639/1560/1392 1559/1480/1392
f 1559/1480/1393 1639/1560/1393 1640/1561/1393 1560/1481/1393
f 1560/1481/1394 1640/1561/1394 1641/1562/1394 1561/1482/1394
f 1561/1482/1395 1641/1562/1395 1642/1563/1395 1562/1483/1395
f 1562/1483/1396 1642/1563/1396 1643/1564/1396 1563/1484/1396
f 1563/1484/1397 1643/1564/1397 1644/1565/1397 1564/1485/1397
f 1564/1485/1398 1644/1565/1398 1645/1566/1398 1565/1486/1398
f 1565/1486/1399 1645/1566/1399 1646/1567/1399 1566/1487/1399
f 1566/1487/1400 1646/1567/1400 1647/1568/1400 1567/1488/1400
f 1567/1488/1401 1647/1568/1401 1648/1569/1401 1568/1489/1401
f 1568/1489/1402 1648/1569/1402 1649/1570/1402 1569/1490/1402
f 1569/1490/1403 1649/1570/1403 1650/1571/1403 1570/1491/1403
f 1570/1491/1404 1650/1571/1404 1651/1572/1404 1571/1492/1404
f 1571/1492/1405 1651/1572/1405 1652/1573/1405 1572/1493/1405
f 1572/1493/1406 1652/1573/1406 1653/1574/1406 1573/1494/1406
f 1573/1494/1407 1653/1574/1407 1654/1575/1407 1574/1495/1407
f 1574/1495/1408 1654/1575/1408 1655/1576/1408 1575/1496/1408
f 1575/1496/1409 1655/1576/1409 1656/1577/1409 1576/1497/1409
f 1576/1497/1410 1656/1577/1410 1657/1578/1410 1577/1498/1410
f 1577/1498/1411 1657/1578/1411 1658/1579/1411 1578/1499/1411
f 1578/1499/1412 1658/1579/1412 1659/1580/1412 1579/1500/1412
f 1579/1500/1413 1659/1580/1413 1660/1581/1413 1580/1501/1413
f 1580/1501/1414 1660/1581/1414 1661/1582/1414 1581/1502/1414
f 1581/1502/1415 1661/1582/1415 1662/1583/1415 1582/1503/1415
f 1582/1503/1416 1662/1583/1416 1663/1584/1416 1583/1504/1416
f 1583/1504/1417 1663/1584/1417 1664/1585/1417 1584/1505/1417
f 1584/1505/1418 1664/1585/1418 1665/1586/1418 1585/1506/1418
f 1585/1506/1419 1665/1586/1419 1666/1587/1419 1586/1507/1419
f 1586/1507/1420 1666/1587/1420 1667/1588/1420 1587/1508/1420
f 1587/1508/1421 1667/1588/1421 1668/1589/1421 1588/1509/1421
f 1588/1509/1422 1668/1589/1422 1669/1590/1422 1589/1510/1422
f 1589/1510/1423 1669/1590/1423 1670/1591/1423 1590/1511/1423
f 1590/1511/1424 1670/1591/1424 1671/1592/1424 1591/1512/1424
f 1591/1512/1425 1671/1592/1425 1672/1593/1425 1592/1513/1425
f 1592/1513/1426 1672/1593/1426 1673/1594/1426 1593/1514/1426
f 1593/1514/1427 1673/1594/1427 1674/1595/1427 1594/1515/1427
f 1594/1515/1428 1674/1595/1428 1675/1596/1428 1595/1516/1428
f 1595/1516/1429 1675/1596/1429 1676/1597/1429 1596/1517/1429
f 1596/1517/1430 1676/1597/1430 1677/1598/1430 1597/1518/1430
f 1597/1518/1431 1677/1598/1431 1678/1599/1431 1598/1519/1431
f 1598/1519/1432 1678/1599/1432 1679/1600/1432 1599/1520/1432
f 1599/1520/1433 1679/1600/1433 1680/1601/1433 1600/1521/1433
f 1600/1521/1434 1680/1601/1434 1681/1602/1434 1601/1522/1434
f 1601/1522/1435 1681/1602/1435 1682/1603/1435 1602/1523/1435
f 1602/1523/1436 1682/1603/1436 1683/1604/1436 1603/1524/1436
f 1603/1524/1437 1683/1604/1437 1684/40/1437 1604/38/1437
f 101/1526/1438 102/1606/1438 1685/1605/1438 1605/1525/1438
f 1605/1525/1439 1685/1605/1439 1686/1607/1439 1606/1527/1439
f 1606/1527/1440 1686/1607/1440 1687/1608/1440 1607/1528/1440
f 1607/1528/1441 1687/1608/1441 1688/1609/1441 1608/1529/1441
f 1608/1529/1442 1688/1609/1442 1689/1610/1442 1609/1530/1442
f 1609/1530/1443 1689/1610/1443 1690/1611/1443 1610/1531/1443
f 1610/1531/1444 1690/1611/1444 1691/1612/1444 1611/1532/1444
f 1611/1532/1445 1691/1612/1445 1692/1613/1445 1612/1533/1445
f 1612/1533/1446 1692/1613/1446 1693/1614/1446 1613/1534/1446
f 1613/1534/1447 1693/1614/1447 1694/1615/1447 1614/1535/1447
f 1614/1535/1448 1694/1615/1448 1695/1616/1448 1615/1536/1448
f 1615/1536/1449 1695/1616/1449 1696/1617/1449 1616/1537/1449
f 1616/1537/1450 1696/1617/1450 1697/1618/1450 1617/1538/1450
f 1617/1538/1451 1697/1618/1451 1698/1619/1451 1618/1539/1451
f 1618/1539/1452 1698/1619/1452 1699/1620/1452 1619/1540/1452
f 1619/1540/1453 1699/1620/1453 1700/1621/1453 1620/1541/1453
f 1620/1541/1454 1700/1621/1454 1701/1622/1454 1621/1542/1454
f 1621/1542/1455 1701/1622/1455 1702/1623/1455 1622/1543/1455
f 1622/1543/1456 1702/1623/1456 1703/1624/1456 1623/1544/1456
f 1623/1544/1457 1703/1624/1457 1704/1625/1457 1624/1545/1457
f 1624/1545/1458 1704/1625/1458 1705/1626/1458 1625/1546/1458
f 1625/1546/1459 1705/1626/1459 1706/1627/1459 1626/1547/1459
f 1626/1547/1460 1706/1627/1460 1707/1628/1460 1627/1548/1460
f 1627/1548/1461 1707/1628/1461 1708/1629/1461 1628/1549/1461
f 1628/1549/1462 1708/1629/1462 1709/1630/1462 1629/1550/1462
f 1629/1550/1463 1709/1630/1463 1710/1631/1463 1630/1551/1463
f 1630/1551/1464 1710/1631/1464 1711/1632/1464 1631/1552/1464
f 1631/1552/1465 1711/1632/1465 1712/1633/1465 1632/1553/1465
f 1632/1553/1466 1712/1633/1466 1713/1634/1466 1633/1554/1466
f 1633/1554/1467 1713/1634/1467 1714/1635/1467 1634/1555/1467
f 1634/1555/1468 1714/1635/1468 1715/1636/1468 1635/1556/1468
f 1635/1556/1469 1715/1636/1469 1716/1637/1469 1636/1557/1469
f 1636/1557/1470 1716/1637/1470 1717/1638/1470 1637/1558/1470
f 1637/1558/1471 1717/1638/1471 1718/1639/1471 1638/1559/1471
f 1638/1559/1472 1718/1639/1472 1719/1640/1472 1639/1560/1472
f 1639/1560/1473 1719/1640/1473 1720/1641/1473 1640/1561/1473
f 1640/1561/1474 1720/1641/1474 1721/1642/1474 1641/1562/1474
f 1641/1562/1475 1721/1642/1475 1722/1643/1475 1642/1563/1475
f 1642/1563/1476 1722/1643/1476 1723/1644/1476 1643/1564/1476
f 1643/1564/1477 1723/1644/1477 1724/1645/1477 1644/1565/1477
f 1644/1565/1478 1724/1645/1478 1725/1646/1478 1645/1566/1478
f 1645/1566/1479 1725/1646/1479 1726/1647/1479 1646/1567/1479
f 1646/1567/1480 1726/1647/1480 1727/1648/1480 1647/1568/1480
f 1647/1568/1481 1727/1648/1481 1728/1649/1481 1648/1569/1481
f 1648/1569/1482 1728/1649/1482 1729/1650/1482 1649/1570/1482
f 1649/1570/1483 1729/1650/1483 1730/1651/1483 1650/1571/1483
f 1650/1571/1484 1730/1651/1484 1731/1652/1484 1651/1572/1484
f 1651/1572/1485 1731/1652/1485 1732/1653/1485 1652/1573/1485
f 1652/1573/1486 1732/1653/1486 1733/1654/1486 1653/1574/1486
f 1653/1574/1487 1733/1654/1487 1734/1655/1487 1654/1575/1487
f 1654/1575/1488 1734/1655/1488 1735/1656/1488 1655/1576/1488
f 1655/1576/1489 1735/1656/1489 1736/1657/1489 1656/1577/1489
f 1656/1577/1490 1736/1657/1490 1737/1658/1490 1657/1578/1490
f 1657/1578/1491 1737/1658/1491 1738/1659/1491 1658/1579/1491
f 1658/1579/1492 1738/1659/1492 1739/1660/1492 1659/1580/1492
f 1659/1580/1493 1739/1660/1493 1740/1661/1493 1660/1581/1493
f 1660/1581/1494 1740/1661/1494 1741/1662/1494 1661/1582/1494
f 1661/1582/1495 1741/1662/1495 1742/1663/1495 1662/1583/1495
f 1662/1583/1496 1742/1663/1496 1743/1664/1496 1663/1584/1496
f 1663/1584/1497 1743/1664/1497 1744/1665/1497 1664/1585/1497
f 1664/1585/1498 1744/1665/1498 1745/1666/1498 1665/1586/1498
f 1665/1586/1499 1745/1666/1499 1746/1667/1499 1666/1587/1499
f 1666/1587/1500 1746/1667/1500 1747/1668/1500 1667/1588/1500
f 1667/1588/1501 1747/1668/1501 1748/1669/1501 1668/1589/1501
f 1668/1589/1502 1748/1669/1502 1749/1670/1502 1669/1590/1502
f 1669/1590/1503 1749/1670/1503 1750/1671/1503 1670/1591/1503
f 1670/1591/1504 1750/1671/1504 1751/1672/1504 1671/1592/1504
f 1671/1592/1505 1751/1672/1505 1752/1673/1505 1672/1593/1505
f 1672/1593/1506 1752/1673/1506 1753/1674/1506 1673/1594/1506
f 1673/1594/1507 1753/1674/1507 1754/1675/1507 1674/1595/1507
f 1674/1595/1508 1754/1675/1508 1755/1676/1508 1675/1596/1508
f 1675/1596/1509 1755/1676/1509 1756/1677/1509 1676/1597/1509
f 1676/1597/1510 1756/1677/1510 1757/1678/1510 1677/1598/1510
f 1677/1598/1511 1757/1678/1511 1758/1679/1511 1678/1599/1511
f 1678/1599/1512 1758/1679/1512 1759/1680/1512 1679/1600/1512
f 1679/1600/1513 1759/1680/1513 1760/1681/1513 1680/1601/1513
f 1680/1601/1514 1760/1681/1514 1761/1682/1514 1681/1602/1514
f 1681/1602/1515 1761/1682/1515 1762/1683/1515 1682/1603/1515
f 1682/1603/1516 1762/1683/1516 1763/1684/1516 1683/1604/1516
f 1683/1604/1517 1763/1684/1517 1764/42/1517 1684/40/1517
f 102/1606/1518 103/1686/1518 1765/1685/1518 1685/1605/1518
f 1685/1605/1519 1765/1685/1519 1766/1687/1519 1686/1607/1519
f 1686/1607/1520 1766/1687/1520 1767/1688/1520 1687/1608/1520
f 1687/1608/1521 1767/1688/1521 1768/1689/1521 1688/1609/1521
f 1688/1609/1522 1768/1689/1522 1769/1690/1522 1689/1610/1522
f 1689/1610/1523 1769/1690/1523 1770/1691/1523 1690/1611/1523
f 1690/1611/1524 1770/1691/1524 1771/1692/1524 1691/1612/1524
f 1691/1612/1525 1771/1692/1525 1772/1693/1525 1692/1613/1525
f 1692/1613/1526 1772/1693/1526 1773/1694/1526 1693/1614/1526
f 1693/1614/1527 1773/1694/1527 1774/1695/1527 1694/1615/1527
f 1694/1615/1528 1774/1695/1528 1775/1696/1528 1695/1616/1528
f 1695/1616/1529 1775/1696/1529 1776/1697/1529 1696/1617/1529
f 1696/1617/1530 1776/1697/1530 1777/1698/1530 1697/1618/1530
f 1697/1618/1531 1777/1698/1531 1778/1699/1531 1698/1619/1531
f 1698/1619/1532 1778/1699/1532 1779/1700/1532 1699/1620/1532
f 1699/1620/1533 1779/1700/1533 1780/1701/1533 1700/1621/1533
f 1700/1621/1534 1780/1701/1534 1781/1702/1534 1701/1622/1534
f 1701/1622/1535 1781/1702/1535 1782/1703/1535 1702/1623/1535
f 1702/1623/1536 1782/1703/1536 1783/1704/1536 1703/1624/1536
f 1703/1624/1537 1783/1704/1537 1784/1705/1537 1704/1625/1537
f 1704/1625/1538 1784/1705/1538 1785/1706/1538 1705/1626/1538
f 1705/1626/1539 1785/1706/1539 1786/1707/1539 1706/1627/1539
f 1706/1627/1540 1786/1707/1540 1787/1708/1540 1707/1628/1540
f 1707/1628/1541 1787/1708/1541 1788/1709/1541 1708/1629/1541
f 1708/1629/1542 1788/1709/1542 1789/1710/1542 1709/1630/1542
f 1709/1630/1543 1789/1710/1543 1790/1711/1543 1710/1631/1543
f 1710/1631/1544 1790/1711/1544 1791/1712/1544 1711/1632/1544
f 1711/1632/1545 1791/1712/1545 1792/1713/1545 1712/1633/1545
f 1712/1633/1546 1792/1713/1546 1793/1714/1546 1713/1634/1546
f 1713/1634/1547 1793/1714/1547 1794/1715/1547 1714/1635/1547
f 1714/1635/1548 1794/1715/1548 1795/1716/1548 1715/1636/1548
f 1715/1636/1549 1795/1716/1549 1796/1717/1549 1716/1637/1549
f 1716/1637/1550 1796/1717/1550 1797/1718/1550 1717/1638/1550
f 1717/1638/1551 1797/1718/1551 1798/1719/1551 1718/1639/1551
f 1718/1639/1552 1798/1719/1552 1799/1720/1552 1719/1640/1552
f 1719/1640/1553 1799/1720/1553 1800/1721/1553 1720/1641/1553
f 1720/1641/1554 1800/1721/1554 1801/1722/1554 1721/1642/1554
f 1721/1642/1555 1801/1722/1555 1802/1723/1555 1722/1643/1555
f 1722/1643/1556 1802/1723/1556 1803/1724/1556 1723/1644/1556
f 1723/1644/1557 1803/1724/1557 1804/1725/1557 1724/1645/1557
f 1724/1645/1558 1804/1725/1558 1805/1726/1558 1725/1646/1558
f 1725/1646/1559 1805/1726/1559 1806/1727/1559 1726/1647/1559
f 1726/1647/1560 1806/1727/1560 1807/1728/1560 1727/1648/1560
f 1727/1648/1561 1807/1728/1561 1808/1729/1561 1728/1649/1561
f 1728/1649/1562 1808/1729/1562 1809/1730/1562 1729/1650/1562
f 1729/1650/1563 1809/1730/1563 1810/1731/1563 1730/1651/1563
f 1730/1651/1564 1810/1731/1564 1811/1732/1564 1731/1652/1564
f 1731/1652/1565 1811/1732/1565 1812/1733/1565 1732/1653/1565
f 1732/1653/1566 1812/1733/1566 1813/1734/1566 1733/1654/1566
f 1733/1654/1567 1813/1734/1567 1814/1735/1567 1734/1655/1567
f 1734/1655/1568 1814/1735/1568 1815/1736/1568 1735/1656/1568
f 1735/1656/1569 1815/1736/1569 1816/1737/1569 1736/1657/1569
f 1736/1657/1570 1816/1737/1570 1817/1738/1570 1737/1658/1570
f 1737/1658/1571 1817/1738/1571 1818/1739/1571 1738/1659/1571
f 1738/1659/1572 1818/1739/1572 1819/1740/1572 1739/1660/1572
f 1739/1660/1573 1819/1740/1573 1820/1741/1573 1740/1661/1573
f 1740/1661/1574 1820/1741/1574 1821/1742/1574 1741/1662/1574
f 1741/1662/1575 1821/1742/1575 1822/1743/1575 1742/1663/1575
f 1742/1663/1576 1822/1743/1576 1823/1744/1576 1743/1664/1576
f 1743/1664/1577 1823/1744/1577 1824/1745/1577 1744/1665/1577
f 1744/1665/1578 1824/1745/1578 1825/1746/1578 1745/1666/1578
f 1745/1666/1579 1825/1746/1579 1826/1747/1579 1746/1667/1579
f 1746/1667/1580 1826/1747/1580 1827/1748/1580 1747/1668/1580
f 1747/1668/1581 1827/1748/1581 1828/1749/1581 1748/1669/1581
f 1748/1669/1582 1828/1749/1582 1829/1750/1582 1749/1670/1582
f 1749/1670/1583 1829/1750/1583 1830/1751/1583 1750/1671/1583
f 1750/1671/1584 1830/1751/1584 1831/1752/1584 1751/1672/1584
f 1751/1672/1585 1831/1752/1585 1832/1753/1585 1752/1673/1585
f 1752/1673/1586 1832/1753/1586 1833/1754/1586 1753/1674/1586
f 1753/1674/1587 1833/1754/1587 1834/1755/1587 1754/1675/1587
f 1754/1675/1588 1834/1755/1588 1835/1756/1588 1755/1676/1588
f 1755/1676/1589 1835/1756/1589 1836/1757/1589 1756/1677/1589
f 1756/1677/1590 1836/1757/1590 1837/1758/1590 1757/1678/1590
f 1757/1678/1591 1837/1758/1591 1838/1759/1591 1758/1679/1591
f 1758/1679/1592 1838/1759/1592 1839/1760/1592 1759/1680/1592
f 1759/1680/1593 1839/1760/1593 1840/1761/1593 1760/1681/1593
f 1760/1681/1594 1840/1761/1594 1841/1762/1594 1761/1682/1594
f 1761/1682/1595 1841/1762/1595 1842/1763/1595 1762/1683/1595
f 1762/1683/1596 1842/1763/1596 1843/1764/1596 1763/1684/1596
f 1763/1684/1597 1843/1764/1597 1844/44/1597 1764/42/1597
f 103/1686/1598 104/1766/1598 1845/1765/1598 1765/1685/1598
f 1765/1685/1599 1845/1765/1599 1846/1767/1599 1766/1687/1599
f 1766/1687/1600 1846/1767/1600 1847/1768/1600 1767/1688/1600
f 1767/1688/1601 1847/1768/1601 1848/1769/1601 1768/1689/1601
f 1768/1689/1602 1848/1769/1602 1849/1770/1602 1769/1690/1602
f 1769/1690/1603 1849/1770/1603 1850/1771/1603 1770/1691/1603
f 1770/1691/1604 1850/1771/1604 1851/1772/1604 1771/1692/1604
f 1771/1692/1605 1851/1772/1605 1852/1773/1605 1772/1693/1605
f 1772/1693/1606 1852/1773/1606 1853/1774/1606 1773/1694/1606
f 1773/1694/1607 1853/1774/1607 1854/1775/1607 1774/1695/1607
f 1774/1695/1608 1854/1775/1608 1855/1776/1608 1775/1696/1608
f 1775/1696/1609 1855/1776/1609 1856/1777/1609 1776/1697/1609
f 1776/1697/1610 1856/1777/1610 1857/1778/1610 1777/1698/1610
f 1777/1698/1611 1857/1778/1611 1858/1779/1611 1778/1699/1611
f 1778/1699/1612 1858/1779/1612 1859/1780/1612 1779/1700/1612
f 1779/1700/1613 1859/1780/1613 1860/1781/1613 1780/1701/1613
f 1780/1701/1614 1860/1781/1614 1861/1782/1614 1781/1702/1614
f 1781/1702/1615 1861/1782/1615 1862/1783/1615 1782/1703/1615
f 1782/1703/1616 1862/1783/1616 1863/1784/1616 1783/1704/1616
f 1783/1704/1617 1863/1784/1617 1864/1785/1617 1784/1705/1617
f 1784/1705/1618 1864/1785/1618 1865/1786/1618 1785/1706/1618
f 1785/1706/1619 1865/1786/1619 1866/1787/1619 1786/1707/1619
f 1786/1707/1620 1866/1787/1620 1867/1788/1620 1787/1708/1620
f 1787/1708/1621 1867/1788/1621 1868/1789/1621 1788/1709/1621
f 1788/1709/1622 1868/1789/1622 1869/1790/1622 1789/1710/1622
f 1789/1710/1623 1869/1790/1623 1870/1791/1623 1790/1711/1623
f 1790/1711/1624 1870/1791/1624 1871/1792/1624 1791/1712/1624
f 1791/1712/1625 1871/1792/1625 1872/1793/1625 1792/1713/1625
f 1792/1713/1626 1872/1793/1626 1873/1794/1626 1793/1714/1626
f 1793/1714/1627 1873/1794/1627 1874/1795/1627 1794/1715/1627
f 1794/1715/1628 1874/1795/1628 1875/1796/1628 1795/1716/1628
f 1795/1716/1629 1875/1796/1629 1876/1797/1629 1796/1717/1629
f 1796/1717/1630 1876/1797/1630 1877/1798/1630 1797/1718/1630
f 1797/1718/1631 1877/1798/1631 1878/1799/1631 1798/1719/1631
f 1798/1719/1632 1878/1799/1632 1879/1800/1632 1799/1720/1632
f 1799/1720/1633 1879/1800/1633 1880/1801/1633 1800/1721/1633
f 1800/1721/1634 1880/1801/1634 1881/1802/1634 1801/1722/1634
f 1801/1722/1635 1881/1802/1635 1882/1803/1635 1802/1723/1635
f 1802/1723/1636 1882/1803/1636 1883/1804/1636 1803/1724/1636
f 1803/1724/1637 1883/1804/1637 1884/1805/1637 1804/1725/1637
f 1804/1725/1638 1884/1805/1638 1885/1806/1638 1805/1726/1638
f 1805/1726/1639 1885/1806/1639 1886/1807/1639 1806/1727/1639
f 1806/1727/1640 1886/1807/1640 1887/1808/1640 1807/1728/1640
f 1807/1728/1641 1887/1808/1641 1888/1809/1641 1808/1729/1641
f 1808/1729/1642 1888/1809/1642 1889/1810/1642 1809/1730/1642
f 1809/1730/1643 1889/1810/1643 1890/1811/1643 1810/1731/1643
f 1810/1731/1644 1890/1811/1644 1891/1812/1644 1811/1732/1644
f 1811/1732/1645 1891/1812/1645 1892/1813/1645 1812/1733/1645
f 1812/1733/1646 1892/1813/1646 1893/1814/1646 1813/1734/1646
f 1813/1734/1647 1893/1814/1647 1894/1815/1647 1814/1735/1647
f 1814/1735/1648 1894/1815/1648 1895/1816/1648 1815/1736/1648
f 1815/1736/1649 1895/1816/1649 1896/1817/1649 1816/1737/1649
f 1816/1737/1650 1896/1817/1650 1897/1818/1650 1817/1738/1650
f 1817/1738/1651 1897/1818/1651 1898/1819/1651 1818/1739/1651
f 1818/1739/1652 1898/1819/1652 1899/1820/1652 1819/1740/1652
f 1819/1740/1653 1899/1820/1653 1900/1821/1653 1820/1741/1653
f 1820/1741/1654 1900/1821/1654 1901/1822/1654 1821/1742/1654
f 1821/1742/1655 1901/1822/1655 1902/1823/1655 1822/1743/1655
f 1822/1743/1656 1902/1823/1656 1903/1824/1656 1823/1744/1656
f 1823/1744/1657 1903/1824/1657 1904/1825/1657 1824/1745/1657
f 1824/1745/1658 1904/1825/1658 1905/1826/1658 1825/1746/1658
f 1825/1746/1659 1905/1826/1659 1906/1827/1659 1826/1747/1659
f 1826/1747/1660 1906/1827/1660 1907/1828/1660 1827/1748/1660
f 1827/1748/1661 1907/1828/1661 1908/1829/1661 1828/1749/1661
f 1828/1749/1662 1908/1829/1662 1909/1830/1662 1829/1750/1662
f 1829/1750/1663 1909/1830/1663 1910/1831/1663 1830/1751/1663
f 1830/1751/1664 1910/1831/1664 1911/1832/1664 1831/1752/1664
f 1831/1752/1665 1911/1832/1665 1912/1833/1665 1832/1753/1665
f 1832/1753/1666 1912/1833/1666 1913/1834/1666 1833/1754/1666
f 1833/1754/1667 1913/1834/1667 1914/1835/1667 1834/1755/1667
f 1834/1755/1668 1914/1835/1668 1915/1836/1668 1835/1756/1668
f 1835/1756/1669 1915/1836/1669 1916/1837/1669 1836/1757/1669
f 1836/1757/1670 1916/1837/1670 1917/1838/1670 1837/1758/1670
f 1837/1758/1671 1917/1838/1671 1918/1839/1671 1838/1759/1671
f 1838/1759/1672 1918/1839/1672 1919/1840/1672 1839/1760/1672
f 1839/1760/1673 1919/1840/1673 1920/1841/1673 1840/1761/1673
f 1840/1761/1674 1920/1841/1674 1921/1842/1674 1841/1762/1674
f 1841/1762/1675 1921/1842/1675 1922/1843/1675 1842/1763/1675
f 1842/1763/1676 1922/1843/1676 1923/1844/1676 1843/1764/1676
f 1843/1764/1677 1923/1844/1677 1924/46/1677 1844/44/1677
f 104/1766/1678 105/1846/1678 1925/1845/1678 1845/1765/1678
f 1845/1765/1679 1925/1845/1679 1926/1847/1679 1846/1767/1679
f 1846/1767/1680 1926/1847/1680 1927/1848/1680 1847/1768/1680
f 1847/1768/1681 1927/1848/1681 1928/1849/1681 1848/1769/1681
f 1848/1769/1682 1928/1849/1682 1929/1850/1682 1849/1770/1682
f 1849/1770/1683 1929/1850/1683 1930/1851/1683 1850/1771/1683
f 1850/1771/1684 1930/1851/1684 1931/1852/1684 1851/1772/1684
f 1851/1772/1685 1931/1852/1685 1932/1853/1685 1852/1773/1685
f 1852/1773/1686 1932/1853/1686 1933/1854/1686 1853/1774/1686
f 1853/1774/1687 1933/1854/1687 1934/1855/1687 1854/1775/1687
f 1854/1775/1688 1934/1855/1688 1935/1856/1688 1855/1776/1688
f 1855/1776/1689 1935/1856/1689 1936/1857/1689 1856/1777/1689
f 1856/1777/1690 1936/1857/1690 1937/1858/1690 1857/1778/1690
f 1857/1778/1691 1937/1858/1691 1938/1859/1691 1858/1779/1691
f 1858/1779/1692 1938/1859/1692 1939/1860/1692 1859/1780/1692
f 1859/1780/1693 1939/1860/1693 1940/1861/1693 1860/1781/1693
f 1860/1781/1694 1940/1861/1694 1941/1862/1694 1861/1782/1694
f 1861/1782/1695 1941/1862/1695 1942/1863/1695 1862/1783/1695
f 1862/1783/1696 1942/1863/1696 1943/1864/1696 1863/1784/1696
f 1863/1784/1697 1943/1864/1697 1944/1865/1697 1864/1785/1697
f 1864/1785/1698 1944/1865/1698 1945/1866/1698 1865/1786/1698
f 1865/1786/1699 1945/1866/1699 1946/1867/1699 1866/1787/1699
f 1866/1787/1700 1946/1867/1700 1947/1868/1700 1867/1788/1700
f 1867/1788/1701 1947/1868/1701 1948/1869/1701 1868/1789/1701
f 1868/1789/1702 1948/1869/1702 1949/1870/1702 1869/1790/1702
f 1869/1790/1703 1949/1870/1703 1950/1871/1703 1870/1791/1703
f 1870/1791/1704 1950/1871/1704 1951/1872/1704 1871/1792/1704
f 1871/1792/1705 1951/1872/1705 1952/1873/1705 1872/1793/1705
f 1872/1793/1706 1952/1873/1706 1953/1874/1706 1873/1794/1706
f 1873/1794/1707 1953/1874/1707 1954/1875/1707 1874/1795/1707
f 1874/1795/1708 1954/1875/1708 1955/1876/1708 1875/1796/1708
f 1875/1796/1709 1955/1876/1709 1956/1877/1709 1876/1797/1709
f 1876/1797/1710 1956/1877/1710 1957/1878/1710 1877/1798/1710
f 1877/1798/1711 1957/1878/1711 1958/1879/1711 1878/1799/1711
f 1878/1799/1712 1958/1879/1712 1959/1880/1712 1879/1800/1712
f 1879/1800/1713 1959/1880/1713 1960/1881/1713 1880/1801/1713
f 1880/1801/1714 1960/1881/1714 1961/1882/1714 1881/1802/1714
f 1881/1802/1715 1961/1882/1715 1962/1883/1715 1882/1803/1715
f 1882/1803/1716 1962/1883/1716 1963/1884/1716 1883/1804/1716
f 1883/1804/1717 1963/1884/1717 1964/1885/1717 1884/1805/1717
f 1884/1805/1718 1964/1885/1718 1965/1886/1718 1885/1806/1718
f 1885/1806/1719 1965/1886/1719 1966/1887/1719 1886/1807/1719
f 1886/1807/1720 1966/1887/1720 1967/1888/1720 1887/1808/1720
f 1887/1808/1721 1967/1888/1721 1968/1889/1721 1888/1809/1721
f 1888/1809/1722 1968/1889/1722 1969/1890/1722 1889/1810/1722
f 1889/1810/1723 1969/1890/1723 1970/1891/1723 1890/1811/1723
f 1890/1811/1724 1970/1891/1724 1971/1892/1724 1891/1812/1724
f 1891/1812/1725 1971/1892/1725 1972/1893/1725 1892/1813/1725
f 1892/1813/1726 1972/1893/1726 1973/1894/1726 1893/1814/1726
f 1893/1814/1727 1973/1894/1727 1974/1895/1727 1894/1815/1727
f 1894/1815/1728 1974/1895/1728 1975/1896/1728 1895/1816/1728
f 1895/1816/1729 1975/1896/1729 1976/1897/1729 1896/1817/1729
f 1896/1817/1730 1976/1897/1730 1977/1898/1730 1897/1818/1730
f 1897/1818/1731 1977/1898/1731 1978/1899/1731 1898/1819/1731
f 1898/1819/1732 1978/1899/1732 1979/1900/1732 1899/1820/1732
f 1899/1820/1733 1979/1900/1733 1980/1901/1733 1900/1821/1733
f 1900/1821/1734 1980/1901/1734 1981/1902/1734 1901/1822/1734
f 1901/1822/1735 1981/1902/1735 1982/1903/1735 1902/1823/1735
f 1902/1823/1736 1982/1903/1736 1983/1904/1736 1903/1824/1736
f 1903/1824/1737 1983/1904/1737 1984/1905/1737 1904/1825/1737
f 1904/1825/1738 1984/1905/1738 1985/1906/1738 1905/1826/1738
f 1905/1826/1739 1985/1906/1739 1986/1907/1739 1906/1827/1739
f 1906/1827/1740 1986/1907/1740 1987/1908/1740 1907/1828/1740
f 1907/1828/1741 1987/1908/1741 1988/1909/1741 1908/1829/1741
f 1908/1829/1742 1988/1909/1742 1989/1910/1742 1909/1830/1742
f 1909/1830/1743 1989/1910/1743 1990/1911/1743 1910/1831/1743
f 1910/1831/1744 1990/1911/1744 1991/1912/1744 1911/1832/1744
f 1911/1832/1745 1991/1912/1745 1992/1913/1745 1912/1833/1745
f 1912/1833/1746 1992/1913/1746 1993/1914/1746 1913/1834/1746
f 1913/1834/1747 1993/1914/1747 1994/1915/1747 1914/1835/1747
f 1914/1835/1748 1994/1915/1748 1995/1916/1748 1915/1836/1748
f 1915/1836/1749 1995/1916/1749 1996/1917/1749 1916/1837/1749
f 1916/1837/1750 1996/1917/1750 1997/1918/1750 1917/1838/1750
f 1917/1838/1751 1997/1918/1751 1998/1919/1751 1918/1839/1751
f 1918/1839/1752 1998/1919/1752 1999/1920/1752 1919/1840/1752
f 1919/1840/1753 1999/1920/1753 2000/1921/1753 1920/1841/1753
f 1920/1841/1754 2000/1921/1754 2001/1922/1754 1921/1842/1754
f 1921/1842/1755 2001/1922/1755 2002/1923/1755 1922/1843/1755
f 1922/1843/1756 2002/1923/1756 2003/1924/1756 1923/1844/1756
f 1923/1844/1757 2003/1924/1757 2004/48/1757 1924/46/1757
f 105/1846/1758 106/1926/1758 2005/1925/1758 1925/1845/1758
f 1925/1845/1759 2005/1925/1759 2006/1927/1759 1926/1847/1759
f 1926/1847/1760 2006/1927/1760 2007/1928/1760 1927/1848/1760
f 1927/1848/1761 2007/1928/1761 2008/1929/1761 1928/1849/1761
f 1928/1849/1762 2008/1929/1762 2009/1930/1762 1929/1850/1762
f 1929/1850/1763 2009/1930/1763 2010/1931/1763 1930/1851/1763
f 1930/1851/1764 2010/1931/1764 2011/1932/1764 1931/1852/1764
f 1931/1852/1765 2011/1932/1765 2012/1933/1765 1932/1853/1765
f 1932/1853/1766 2012/1933/1766 2013/1934/1766 1933/1854/1766
f 1933/1854/1767 2013/1934/1767 2014/1935/1767 1934/1855/1767
f 1934/1855/1768 2014/1935/1768 2015/1936/1768 1935/1856/1768
f 1935/1856/1769 2015/1936/1769 2016/1937/1769 1936/1857/1769
f 1936/1857/1770 2016/1937/1770 2017/1938/1770 1937/1858/1770
f 1937/1858/1771 2017/1938/1771 2018/1939/1771 1938/1859/1771
f 1938/1859/1772 2018/1939/1772 2019/1940/1772 1939/1860/1772
f 1939/1860/1773 2019/1940/1773 2020/1941/1773 1940/1861/1773
f 1940/1861/1774 2020/1941/1774 2021/1942/1774 1941/1862/1774
f 1941/1862/1775 2021/1942/1775 2022/1943/1775 1942/1863/1775
f 1942/1863/1776 2022/1943/1776 2023/1944/1776 1943/1864/1776
f 1943/1864/1777 2023/1944/1777 2024/1945/1777 1944/1865/1777
f 1944/1865/1778 2024/1945/1778 2025/1946/1778 1945/1866/1778
f 1945/1866/1779 2025/1946/1779 2026/1947/1779 1946/1867/1779
f 1946/1867/1780 2026/1947/1780 2027/1948/1780 1947/1868/1780
f 1947/1868/1781 2027/1948/1781 2028/1949/1781 1948/1869/1781
f 1948/1869/1782 2028/1949/1782 2029/1950/1782 1949/1870/1782
f 1949/1870/1783 2029/1950/1783 2030/1951/1783 1950/1871/1783
f 1950/1871/1784 2030/1951/1784 2031/1952/1784 1951/1872/1784
f 1951/1872/1785 2031/1952/1785 2032/1953/1785 1952/1873/1785
f 1952/1873/1786 2032/1953/1786 2033/1954/1786 1953/1874/1786
f 1953/1874/1787 2033/1954/1787 2034/1955/1787 1954/1875/1787
f 1954/1875/1788 2034/1955/1788 2035/1956/1788 1955/1876/1788
f 1955/1876/1789 2035/1956/1789 2036/1957/1789 1956/1877/1789
f 1956/1877/1790 2036/1957/1790 2037/1958/1790 1957/1878/1790
f 1957/1878/1791 2037/1958/1791 2038/1959/1791 1958/1879/1791
f 1958/1879/1792 2038/1959/1792 2039/1960/1792 1959/1880/1792
f 1959/1880/1793 2039/1960/1793 2040/1961/1793 1960/1881/1793
f 1960/1881/1794 2040/1961/1794 2041/1962/1794 1961/1882/1794
f 1961/1882/1795 2041/1962/1795 2042/1963/1795 1962/1883/1795
f 1962/1883/1796 2042/1963/1796 2043/1964/1796 1963/1884/1796
f 1963/1884/1797 2043/1964/1797 2044/1965/1797 1964/1885/1797
f 1964/1885/1798 2044/1965/1798 2045/1966/1798 1965/1886/1798
f 1965/1886/1799 2045/1966/1799 2046/1967/1799 1966/1887/1799
f 1966/1887/1800 2046/1967/1800 2047/1968/1800 1967/1888/1800
f 1967/1888/1801 2047/1968/1801 2048/1969/1801 1968/1889/1801
f 1968/1889/1802 2048/1969/1802 2049/1970/1802 1969/1890/1802
f 1969/1890/1803 2049/1970/1803 2050/1971/1803 1970/1891/1803
f 1970/1891/1804 2050/1971/1804 2051/1972/1804 1971/1892/1804
f 1971/1892/1805 2051/1972/1805 2052/1973/1805 1972/1893/1805
f 1972/1893/1806 2052/1973/1806 2053/1974/1806 1973/1894/1806
f 1973/1894/1807 2053/1974/1807 2054/1975/1807 1974/1895/1807
f 1974/1895/1808 2054/1975/1808 2055/1976/1808 1975/1896/1808
f 1975/1896/1809 2055/1976/1809 2056/1977/1809 1976/1897/1809
f 1976/1897/1810 2056/1977/1810 2057/1978/1810 1977/1898/1810
f 1977/1898/1811 2057/1978/1811 2058/1979/1811 1978/1899/1811
f 1978/1899/1812 2058/1979/1812 2059/1980/1812 1979/1900/1812
f 1979/1900/1813 2059/1980/1813 2060/1981/1813 1980/1901/1813
f 1980/1901/1814 2060/1981/1814 2061/1982/1814 1981/1902/1814
f 1981/1902/1815 2061/1982/1815 2062/1983/1815 1982/1903/1815
f 1982/1903/1816 2062/1983/1816 2063/1984/1816 1983/1904/1816
f 1983/1904/1817 2063/1984/1817 2064/1985/1817 1984/1905/1817
f 1984/1905/1818 2064/1985/1818 2065/1986/1818 1985/1906/1818
f 1985/1906/1819 2065/1986/1819 2066/1987/1819 1986/1907/1819
f 1986/1907/1820 2066/1987/1820 2067/1988/1820 1987/1908/1820
f 1987/1908/1821 2067/1988/1821 2068/1989/1821 1988/1909/1821
f 1988/1909/1822 2068/1989/1822 2069/1990/1822 1989/1910/1822
f 1989/1910/1823 2069/1990/1823 2070/1991/1823 1990/1911/1823
f 1990/1911/1824 2070/1991/1824 2071/1992/1824 1991/1912/1824
f 1991/1912/1825 2071/1992/1825 2072/1993/1825 1992/1913/1825
f 1992/1913/1826 2072/1993/1826 2073/1994/1826 1993/1914/1826
f 1993/1914/1827 2073/1994/1827 2074/1995/1827 1994/1915/1827
f 1994/1915/1828 2074/1995/1828 2075/1996/1828 1995/1916/1828
f 1995/1916/1829 2075/1996/1829 2076/1997/1829 1996/1917/1829
f 1996/1917/1830 2076/1997/1830 2077/1998/1830 1997/1918/1830
f 1997/1918/1831 2077/1998/1831 2078/1999/1831 1998/1919/1831
f 1998/1919/1832 2078/1999/1832 2079/2000/1832 1999/1920/1832
f 1999/1920/1833 2079/2000/1833 2080/2001/1833 2000/1921/1833
f 2000/1921/1834 2080/2001/1834 2081/2002/1834 2001/1922/1834
f 2001/1922/1835 2081/2002/1835 2082/2003/1835 2002/1923/1835
f 2002/1923/1836 2082/2003/1836 2083/2004/1836 2003/1924/1836
f 2003/1924/1837 2083/2004/1837 2084/50/1837 2004/48/1837
f 106/1926/1838 107/2006/1838 2085/2005/1838 2005/1925/1838
f 2005/1925/1839 2085/2005/1839 2086/2007/1839 2006/1927/1839
f 2006/1927/1840 2086/2007/1840 2087/2008/1840 2007/1928/1840
f 2007/1928/1841 2087/2008/1841 2088/2009/1841 2008/1929/1841
f 2008/1929/1842 2088/2009/1842 2089/2010/1842 2009/1930/1842
f 2009/1930/1843 2089/2010/1843 2090/2011/1843 2010/1931/1843
f 2010/1931/1844 2090/2011/1844 2091/2012/1844 2011/1932/1844
f 2011/1932/1845 2091/2012/1845 2092/2013/1845 2012/1933/1845
f 2012/1933/1846 2092/2013/1846 2093/2014/1846 2013/1934/1846
f 2013/1934/1847 2093/2014/1847 2094/2015/1847 2014/1935/1847
f 2014/1935/1848 2094/2015/1848 2095/2016/1848 2015/1936/1848
f 2015/1936/1849 2095/2016/1849 2096/2017/1849 2016/1937/1849
f 2016/1937/1850 2096/2017/1850 2097/2018/1850 2017/1938/1850
f 2017/1938/1851 2097/2018/1851 2098/2019/1851 2018/1939/1851
f 2018/1939/1852 2098/2019/1852 2099/2020/1852 2019/1940/1852
f 2019/1940/1853 2099/2020/1853 2100/2021/1853 2020/1941/1853
f 2020/1941/1854 2100/2021/1854 2101/2022/1854 2021/1942/1854
f 2021/1942/1855 2101/2022/1855 2102/2023/1855 2022/1943/1855
f 2022/1943/1856 2102/2023/1856 2103/2024/1856 2023/1944/1856
f 2023/1944/1857 2103/2024/1857 2104/2025/1857 2024/1945/1857
f 2024/1945/1858 2104/2025/1858 2105/2026/1858 2025/1946/1858
f 2025/1946/1859 2105/2026/1859 2106/2027/1859 2026/1947/1859
f 2026/1947/1860 2106/2027/1860 2107/2028/1860 2027/1948/1860
f 2027/1948/1861 2107/2028/1861 2108/2029/1861 2028/1949/1861
f 2028/1949/1862 2108/2029/1862 2109/2030/1862 2029/1950/1862
f 2029/1950/1863 2109/2030/1863 2110/2031/1863 2030/1951/1863
f 2030/1951/1864 2110/2031/1864 2111/2032/1864 2031/1952/1864
f 2031/1952/1865 2111/2032/1865 2112/2033/1865 2032/1953/1865
f 2032/1953/1866 2112/2033/1866 2113/2034/1866 2033/1954/1866
f 2033/1954/1867 2113/2034/1867 2114/2035/1867 2034/1955/1867
f 2034/1955/1868 2114/2035/1868 2115/2036/1868 2035/1956/1868
f 2035/1956/1869 2115/2036/1869 2116/2037/1869 2036/1957/1869
f 2036/1957/1870 2116/2037/1870 2117/2038/1870 2037/1958/1870
f 2037/1958/1871 2117/2038/1871 2118/2039/1871 2038/1959/1871
f 2038/1959/1872 2118/2039/1872 2119/2040/1872 2039/1960/1872
f 2039/1960/1873 2119/2040/1873 2120/2041/1873 2040/1961/1873
f 2040/1961/1874 2120/2041/1874 2121/2042/1874 2041/1962/1874
f 2041/1962/1875 2121/2042/1875 2122/2043/1875 2042/1963/1875
f 2042/1963/1876 2122/2043/1876 2123/2044/1876 2043/1964/1876
f 2043/1964/1877 2123/2044/1877 2124/2045/1877 2044/1965/1877
f 2044/1965/1878 2124/2045/1878 2125/2046/1878 2045/1966/1878
f 2045/1966/1879 2125/2046/1879 2126/2047/1879 2046/1967/1879
f 2046/1967/1880 2126/2047/1880 2127/2048/1880 2047/1968/1880
f 2047/1968/1881 2127/2048/1881 2128/2049/1881 2048/1969/1881
f 2048/1969/1882 2128/2049/1882 2129/2050/1882 2049/1970/1882
f 2049/1970/1883 2129/2050/1883 2130/2051/1883 2050/1971/1883
f 2050/1971/1884 2130/2051/1884 2131/2052/1884 2051/1972/1884
f 2051/1972/1885 2131/2052/1885 2132/2053/1885 2052/1973/1885
f 2052/1973/1886 2132/2053/1886 2133/2054/1886 2053/1974/1886
f 2053/1974/1887 2133/2054/1887 2134/2055/1887 2054/1975/1887
f 2054/1975/1888 2134/2055/1888 2135/2056/1888 2055/1976/1888
f 2055/1976/1889 2135/2056/1889 2136/2057/1889 2056/1977/1889
f 2056/1977/1890 2136/2057/1890 2137/2058/1890 2057/1978/1890
f 2057/1978/1891 2137/2058/1891 2138/2059/1891 2058/1979/1891
f 2058/1979/1892 2138/2059/1892 2139/2060/1892 2059/1980/1892
f 2059/1980/1893 2139/2060/1893 2140/2061/1893 2060/1981/1893
f 2060/1981/1894 2140/2061/1894 2141/2062/1894 2061/1982/1894
f 2061/1982/1895 2141/2062/1895 2142/2063/1895 2062/1983/1895
f 2062/1983/1896 2142/2063/1896 2143/2064/1896 2063/1984/1896
f 2063/1984/1897 2143/2064/1897 2144/2065/1897 2064/1985/1897
f 2064/1985/1898 2144/2065/1898 2145/2066/1898 2065/1986/1898
f 2065/1986/1899 2145/2066/1899 2146/2067/1899 2066/1987/1899
f 2066/1987/1900 2146/2067/1900 2147/2068/1900 2067/1988/1900
f 2067/1988/1901 2147/2068/1901 2148/2069/1901 2068/1989/1901
f 2068/1989/1902 2148/2069/1902 2149/2070/1902 2069/1990/1902
f 2069/1990/1903 2149/2070/1903 2150/2071/1903 2070/1991/1903
f 2070/1991/1904 2150/2071/1904 2151/2072/1904 2071/1992/1904
f 2071/1992/1905 2151/2072/1905 2152/2073/1905 2072/1993/1905
f 2072/1993/1906 2152/2073/1906 2153/2074/1906 2073/1994/1906
f 2073/1994/1907 2153/2074/1907 2154/2075/1907 2074/1995/1907
f 2074/1995/1908 2154/2075/1908 2155/2076/1908 2075/1996/1908
f 2075/1996/1909 2155/2076/1909 2156/2077/1909 2076/1997/1909
f 2076/1997/1910 2156/2077/1910 2157/2078/1910 2077/1998/1910
f 2077/1998/1911 2157/2078/1911 2158/2079/1911 2078/1999/1911
f 2078/1999/1912 2158/2079/1912 2159/2080/1912 2079/2000/1912
f 2079/2000/1913 2159/2080/1913 2160/2081/1913 2080/2001/1913
f 2080/2001/1914 2160/2081/1914 2161/2082/1914 2081/2002/1914
f 2081/2002/1915 2161/2082/1915 2162/2083/1915 2082/2003/1915
f 2082/2003/1916 2162/2083/1916 2163/2084/1916 2083/2004/1916
f 2083/2004/1917 2163/2084/1917 2164/52/1917 2084/50/1917
f 107/2006/1918 108/2086/1918 2165/2085/1918 2085/2005/1918
f 2085/2005/1919 2165/2085/1919 2166/2087/1919 2086/2007/1919
f 2086/2007/1920 2166/2087/1920 2167/2088/1920 2087/2008/1920
f 2087/2008/1921 2167/2088/1921 2168/2089/1921 2088/2009/1921
f 2088/2009/1922 2168/2089/1922 2169/2090/1922 2089/2010/1922
f 2089/2010/1923 2169/2090/1923 2170/2091/1923 2090/2011/1923
f 2090/2011/1924 2170/2091/1924 2171/2092/1924 2091/2012/1924
f 2091/2012/1925 2171/2092/1925 2172/2093/1925 2092/2013/1925
f 2092/2013/1926 2172/2093/1926 2173/2094/1926 2093/2014/1926
f 2093/2014/1927 2173/2094/1927 2174/2095/1927 2094/2015/1927
f 2094/2015/1928 2174/2095/1928 2175/2096/1928 2095/2016/1928
f 2095/2016/1929 2175/2096/1929 2176/2097/1929 2096/2017/1929
f 2096/2017/1930 2176/2097/1930 2177/2098/1930 2097/2018/1930
f 2097/2018/1931 2177/2098/1931 2178/2099/1931 2098/2019/1931
f 2098/2019/1932 2178/2099/1932 2179/2100/1932 2099/2020/1932
f 2099/2020/1933 2179/2100/1933 2180/2101/1933 2100/2021/1933
f 2100/2021/1934 2180/2101/1934 2181/2102/1934 2101/2022/1934
f 2101/2022/1935 2181/2102/1935 2182/2103/1935 2102/2023/1935
f 2102/2023/1936 2182/2103/1936 2183/2104/1936 2103/2024/1936
f 2103/2024/1937 2183/2104/1937 2184/2105/1937 2104/2025/1937
f 2104/2025/1938 2184/2105/1938 2185/2106/1938 2105/2026/1938
f 2105/2026/1939 2185/2106/1939 2186/2107/1939 2106/2027/1939
f 2106/2027/1940 2186/2107/1940 2187/2108/1940 2107/2028/1940
f 2107/2028/1941 2187/2108/1941 2188/2109/1941 2108/2029/1941
f 2108/2029/1942 2188/2109/1942 2189/2110/1942 2109/2030/1942
f 2109/2030/1943 2189/2110/1943 2190/2111/1943 2110/2031/1943
f 2110/2031/1944 2190/2111/1944 2191/2112/1944 2111/2032/1944
f 2111/2032/1945 2191/2112/1945 2192/2113/1945 2112/2033/1945
f 2112/2033/1946 2192/2113/1946 2193/2114/1946 2113/2034/1946
f 2113/2034/1947 2193/2114/1947 2194/2115/1947 2114/2035/1947
f 2114/2035/1948 2194/2115/1948 2195/2116/1948 2115/2036/1948
f 2115/2036/1949 2195/2116/1949 2196/2117/1949 2116/2037/1949
f 2116/2037/1950 2196/2117/1950 2197/2118/1950 2117/2038/1950
f 2117/2038/1951 2197/2118/1951 2198/2119/1951 2118/2039/1951
f 2118/2039/1952 2198/2119/1952 2199/2120/1952 2119/2040/1952
f 2119/2040/1953 2199/2120/1953 2200/2121/1953 2120/2041/1953
f 2120/2041/1954 2200/2121/1954 2201/2122/1954 2121/2042/1954
f 2121/2042/1955 2201/2122/1955 2202/2123/1955 2122/2043/1955
f 2122/2043/1956 2202/2123/1956 2203/2124/1956 2123/2044/1956
f 2123/2044/1957 2203/2124/1957 2204/2125/1957 2124/2045/1957
f 2124/2045/1958 2204/2125/1958 2205/2126/1958 2125/2046/1958
f 2125/2046/1959 2205/2126/1959 2206/2127/1959 2126/2047/1959
f 2126/2047/1960 2206/2127/1960 2207/2128/1960 2127/2048/1960
f 2127/2048/1961 2207/2128/1961 2208/2129/1961 2128/2049/1961
f 2128/2049/1962 2208/2129/1962 2209/2130/1962 2129/2050/1962
f 2129/2050/1963 2209/2130/1963 2210/2131/1963 2130/2051/1963
f 2130/2051/1964 2210/2131/1964 2211/2132/1964 2131/2052/1964
f 2131/2052/1965 2211/2132/1965 2212/2133/1965 2132/2053/1965
f 2132/2053/1966 2212/2133/1966 2213/2134/1966 2133/2054/1966
f 2133/2054/1967 2213/2134/1967 2214/2135/1967 2134/2055/1967
f 2134/2055/1968 2214/2135/1968 2215/2136/1968 2135/2056/1968
f 2135/2056/1969 2215/2136/1969 2216/2137/1969 2136/2057/1969
f 2136/2057/1970 2216/2137/1970 2217/2138/1970 2137/2058/1970
f 2137/2058/1971 2217/2138/1971 2218/2139/1971 2138/2059/1971
f 2138/2059/1972 2218/2139/1972 2219/2140/1972 2139/2060/1972
f 2139/2060/1973 2219/2140/1973 2220/2141/1973 2140/2061/1973
f 2140/2061/1974 2220/2141/1974 2221/2142/1974 2141/2062/1974
f 2141/2062/1975 2221/2142/1975 2222/2143/1975 2142/2063/1975
f 2142/2063/1976 2222/2143/1976 2223/2144/1976 2143/2064/1976
f 2143/2064/1977 2223/2144/1977 2224/2145/1977 2144/2065/1977
f 2144/2065/1978 2224/2145/1978 2225/2146/1978 2145/2066/1978
f 2145/2066/1979 2225/2146/1979 2226/2147/1979 2146/2067/1979
f 2146/2067/1980 2226/2147/1980 2227/2148/1980 2147/2068/1980
f 2147/2068/1981 2227/2148/1981 2228/2149/1981 2148/2069/1981
f 2148/2069/1982 2228/2149/1982 2229/2150/1982 2149/2070/1982
f 2149/2070/1983 2229/2150/1983 2230/2151/1983 2150/2071/1983
f 2150/2071/1984 2230/2151/1984 2231/2152/1984 2151/2072/1984
f 2151/2072/1985 2231/2152/1985 2232/2153/1985 2152/2073/1985
f 2152/2073/1986 2232/2153/1986 2233/2154/1986 2153/2074/1986
f 2153/2074/1987 2233/2154/1987 2234/2155/1987 2154/2075/1987
f 2154/2075/1988 2234/2155/1988 2235/2156/1988 2155/2076/1988
f 2155/2076/1989 2235/2156/1989 2236/2157/1989 2156/2077/1989
f 2156/2077/1990 2236/2157/1990 2237/2158/1990 2157/2078/1990
f 2157/2078/1991 2237/2158/1991 2238/2159/1991 2158/2079/1991
f 2158/2079/1992 2238/2159/1992 2239/2160/1992 2159/2080/1992
f 2159/2080/1993 2239/2160/1993 2240/2161/1993 2160/2081/1993
f 2160/2081/1994 2240/2161/1994 2241/2162/1994 2161/2082/1994
f 2161/2082/1995 2241/2162/1995 2242/2163/1995 2162/2083/1995
f 2162/2083/1996 2242/2163/1996 2243/2164/1996 2163/2084/1996
f 2163/2084/1997 2243/2164/1997 2244/54/1997 2164/52/1997
f 108/2086/1998 109/2166/1998 2245/2165/1998 2165/2085/1998
f 2165/2085/1999 2245/2165/1999 2246/2167/1999 2166/2087/1999
f 2166/2087/2000 2246/2167/2000 2247/2168/2000 2167/2088/2000
f 2167/2088/2001 2247/2168/2001 2248/2169/2001 2168/2089/2001
f 2168/2089/2002 2248/2169/2002 2249/2170/2002 2169/2090/2002
f 2169/2090/2003 2249/2170/2003 2250/2171/2003 2170/2091/2003
f 2170/2091/2004 2250/2171/2004 2251/2172/2004 2171/2092/2004
f 2171/2092/2005 2251/2172/2005 2252/2173/2005 2172/2093/2005
f 2172/2093/2006 2252/2173/2006 2253/2174/2006 2173/2094/2006
f 2173/2094/2007 2253/2174/2007 2254/2175/2007 2174/2095/2007
f 2174/2095/2008 2254/2175/2008 2255/2176/2008 2175/2096/2008
f 2175/2096/2009 2255/2176/2009 2256/2177/2009 2176/2097/2009
f 2176/2097/2010 2256/2177/2010 2257/2178/2010 2177/2098/2010
f 2177/2098/2011 2257/2178/2011 2258/2179/2011 2178/2099/2011
f 2178/2099/2012 2258/2179/2012 2259/2180/2012 2179/2100/2012
f 2179/2100/2013 2259/2180/2013 2260/2181/2013 2180/2101/2013
f 2180/2101/2014 2260/2181/2014 2261/2182/2014 2181/2102/2014
f 2181/2102/2015 2261/2182/2015 2262/2183/2015 2182/2103/2015
f 2182/2103/2016 2262/2183/2016 2263/2184/2016 2183/2104/2016
f 2183/2104/2017 2263/2184/2017 2264/2185/2017 2184/2105/2017
f 2184/2105/2018 2264/2185/2018 2265/2186/2018 2185/2106/2018
f 2185/2106/2019 2265/2186/2019 2266/2187/2019 2186/2107/2019
f 2186/2107/2020 2266/2187/2020 2267/2188/2020 2187/2108/2020
f 2187/2108/2021 2267/2188/2021 2268/2189/2021 2188/2109/2021
f 2188/2109/2022 2268/2189/2022 2269/2190/2022 2189/2110/2022
f 2189/2110/2023 2269/2190/2023 2270/2191/2023 2190/2111/2023
f 2190/2111/2024 2270/2191/2024 2271/2192/2024 2191/2112/2024
f 2191/2112/2025 2271/2192/2025 2272/2193/2025 2192/2113/2025
f 2192/2113/2026 2272/2193/2026 2273/2194/2026 2193/2114/2026
f 2193/2114/2027 2273/2194/2027 2274/2195/2027 2194/2115/2027
f 2194/2115/2028 2274/2195/2028 2275/2196/2028 2195/2116/2028
f 2195/2116/2029 2275/2196/2029 2276/2197/2029 2196/2117/2029
f 2196/2117/2030 2276/2197/2030 2277/2198/2030 2197/2118/2030
f 2197/2118/2031 2277/2198/2031 2278/2199/2031 2198/2119/2031
f 2198/2119/2032 2278/2199/2032 2279/2200/2032 2199/2120/2032
f 2199/2120/2033 2279/2200/2033 2280/2201/2033 2200/2121/2033
f 2200/2121/2034 2280/2201/2034 2281/2202/2034 2201/2122/2034
f 2201/2122/2035 2281/2202/2035 2282/2203/2035 2202/2123/2035
f 2202/2123/2036 2282/2203/2036 2283/2204/2036 2203/2124/2036
f 2203/2124/2037 2283/2204/2037 2284/2205/2037 2204/2125/2037
f 2204/2125/2038 2284/2205/2038 2285/2206/2038 2205/2126/2038
f 2205/2126/2039 2285/2206/2039 2286/2207/2039 2206/2127/2039
f 2206/2127/2040 2286/2207/2040 2287/2208/2040 2207/2128/2040
f 2207/2128/2041 2287/2208/2041 2288/2209/2041 2208/2129/2041
f 2208/2129/2042 2288/2209/2042 2289/2210/2042 2209/2130/2042
f 2209/2130/2043 2289/2210/2043 2290/2211/2043 2210/2131/2043
f 2210/2131/2044 2290/2211/2044 2291/2212/2044 2211/2132/2044
f 2211/2132/2045 2291/2212/2045 2292/2213/2045 2212/2133/2045
f 2212/2133/2046 2292/2213/2046 2293/2214/2046 2213/2134/2046
f 2213/2134/2047 2293/2214/2047 2294/2215/2047 2214/2135/2047
f 2214/2135/2048 2294/2215/2048 2295/2216/2048 2215/2136/2048
f 2215/2136/2049 2295/2216/2049 2296/2217/2049 2216/2137/2049
f 2216/2137/2050 2296/2217/2050 2297/2218/2050 2217/2138/2050
f 2217/2138/2051 2297/2218/2051 2298/2219/2051 2218/2139/2051
f 2218/2139/2052 2298/2219/2052 2299/2220/2052 2219/2140/2052
f 2219/2140/2053 2299/2220/2053 2300/2221/2053 2220/2141/2053
f 2220/2141/2054 2300/2221/2054 2301/2222/2054 2221/2142/2054
f 2221/2142/2055 2301/2222/2055 2302/2223/2055 2222/2143/2055
f 2222/2143/2056 2302/2223/2056 2303/2224/2056 2223/2144/2056
f 2223/2144/2057 2303/2224/2057 2304/2225/2057 2224/2145/2057
f 2224/2145/2058 2304/2225/2058 2305/2226/2058 2225/2146/2058
f 2225/2146/2059 2305/2226/2059 2306/2227/2059 2226/2147/2059
f 2226/2147/2060 2306/2227/2060 2307/2228/2060 2227/2148/2060
f 2227/2148/2061 2307/2228/2061 2308/2229/2061 2228/2149/2061
f 2228/2149/2062 2308/2229/2062 2309/2230/2062 2229/2150/2062
f 2229/2150/2063 2309/2230/2063 2310/2231/2063 2230/2151/2063
f 2230/2151/2064 2310/2231/2064 2311/2232/2064 2231/2152/2064
f 2231/2152/2065 2311/2232/2065 2312/2233/2065 2232/2153/2065
f 2232/2153/2066 2312/2233/2066 2313/2234/2066 2233/2154/2066
f 2233/2154/2067 2313/2234/2067 2314/2235/2067 2234/2155/2067
f 2234/2155/2068 2314/2235/2068 2315/2236/2068 2235/2156/2068
f 2235/2156/2069 2315/2236/2069 2316/2237/2069 2236/2157/2069
f 2236/2157/2070 2316/2237/2070 2317/2238/2070 2237/2158/2070
f 2237/2158/2071 2317/2238/2071 2318/2239/2071 2238/2159/2071
f 2238/2159/2072 2318/2239/2072 2319/2240/2072 2239/2160/2072
f 2239/2160/2073 2319/2240/2073 2320/2241/2073 2240/2161/2073
f 2240/2161/2074 2320/2241/2074 2321/2242/2074 2241/2162/2074
f 2241/2162/2075 2321/2242/2075 2322/2243/2075 2242/2163/2075
f 2242/2163/2076 2322/2243/2076 2323/2244/2076 2243/2164/2076
f 2243/2164/2077 2323/2244/2077 2324/56/2077 2244/54/2077
f 109/2166/2078 110/2246/2078 2325/2245/2078 2245/2165/2078
f 2245/2165/2079 2325/2245/2079 2326/2247/2079 2246/2167/2079
f 2246/2167/2080 2326/2247/2080 2327/2248/2080 2247/2168/2080
f 2247/2168/2081 2327/2248/2081 2328/2249/2081 2248/2169/2081
f 2248/2169/2082 2328/2249/2082 2329/2250/2082 2249/2170/2082
f 2249/2170/2083 2329/2250/2083 2330/2251/2083 2250/2171/2083
f 2250/2171/2084 2330/2251/2084 2331/2252/2084 2251/2172/2084
f 2251/2172/2085 2331/2252/2085 2332/2253/2085 2252/2173/2085
f 2252/2173/2086 2332/2253/2086 2333/2254/2086 2253/2174/2086
f 2253/2174/2087 2333/2254/2087 2334/2255/2087 2254/2175/2087
f 2254/2175/2088 2334/2255/2088 2335/2256/2088 2255/2176/2088
f 2255/2176/2089 2335/2256/2089 2336/2257/2089 2256/2177/2089
f 2256/2177/2090 2336/2257/2090 2337/2258/2090 2257/2178/2090
f 2257/2178/2091 2337/2258/2091 2338/2259/2091 2258/2179/2091
f 2258/2179/2092 2338/2259/2092 2339/2260/2092 2259/2180/2092
f 2259/2180/2093 2339/2260/2093 2340/2261/2093 2260/2181/2093
f 2260/2181/2094 2340/2261/2094 2341/2262/2094 2261/2182/2094
f 2261/2182/2095 2341/2262/2095 2342/2263/2095 2262/2183/2095
f 2262/2183/2096 2342/2263/2096 2343/2264/2096 2263/2184/2096
f 2263/2184/2097 2343/2264/2097 2344/2265/2097 2264/2185/2097
f 2264/2185/2098 2344/2265/2098 2345/2266/2098 2265/2186/2098
f 2265/2186/2099 2345/2266/2099 2346/2267/2099 2266/2187/2099
f 2266/2187/2100 2346/2267/2100 2347/2268/2100 2267/2188/2100
f 2267/2188/2101 2347/2268/2101 2348/2269/2101 2268/2189/2101
f 2268/2189/2102 2348/2269/2102 2349/2270/2102 2269/2190/2102
f 2269/2190/2103 2349/2270/2103 2350/2271/2103 2270/2191/2103
f 2270/2191/2104 2350/2271/2104 2351/2272/2104 2271/2192/2104
f 2271/2192/2105 2351/2272/2105 2352/2273/2105 2272/2193/2105
f 2272/2193/2106 2352/2273/2106 2353/2274/2106 2273/2194/2106
f 2273/2194/2107 2353/2274/2107 2354/2275/2107 2274/2195/2107
f 2274/2195/2108 2354/2275/2108 2355/2276/2108 2275/2196/2108
f 2275/2196/2109 2355/2276/2109 2356/2277/2109 2276/2197/2109
f 2276/2197/2110 2356/2277/2110 2357/2278/2110 2277/2198/2110
f 2277/2198/2111 2357/2278/2111 2358/2279/2111 2278/2199/2111
f 2278/2199/2112 2358/2279/2112 2359/2280/2112 2279/2200/2112
f 2279/2200/2113 2359/2280/2113 2360/2281/2113 2280/2201/2113
f 2280/2201/2114 2360/2281/2114 2361/2282/2114 2281/2202/2114
f 2281/2202/2115 2361/2282/2115 2362/2283/2115 2282/2203/2115
f 2282/2203/2116 2362/2283/2116 2363/2284/2116 2283/2204/2116
f 2283/2204/2117 2363/2284/2117 2364/2285/2117 2284/2205/2117
f 2284/2205/2118 2364/2285/2118 2365/2286/2118 2285/2206/2118
f 2285/2206/2119 2365/2286/2119 2366/2287/2119 2286/2207/2119
f 2286/2207/2120 2366/2287/2120 2367/2288/2120 2287/2208/2120
f 2287/2208/2121 2367/2288/2121 2368/2289/2121 2288/2209/2121
f 2288/2209/2122 2368/2289/2122 2369/2290/2122 2289/2210/2122
f 2289/2210/2123 2369/2290/2123 2370/2291/2123 2290/2211/2123
f 2290/2211/2124 2370/2291/2124 2371/2292/2124 2291/2212/2124
f 2291/2212/2125 2371/2292/2125 2372/2293/2125 2292/2213/2125
f 2292/2213/2126 2372/2293/2126 2373/2294/2126 2293/2214/2126
f 2293/2214/2127 2373/2294/2127 2374/2295/2127 2294/2215/2127
f 2294/2215/2128 2374/2295/2128 2375/2296/2128 2295/2216/2128
f 2295/2216/2129 2375/2296/2129 2376/2297/2129 2296/2217/2129
f 2296/2217/2130 2376/2297/2130 2377/2298/2130 2297/2218/2130
f 2297/2218/2131 2377/2298/2131 2378/2299/2131 2298/2219/2131
f 2298/2219/2132 2378/2299/2132 2379/2300/2132 2299/2220/2132
f 2299/2220/2133 2379/2300/2133 2380/2301/2133 2300/2221/2133
f 2300/2221/2134 2380/2301/2134 2381/2302/2134 2301/2222/2134
f 2301/2222/2135 2381/2302/2135 2382/2303/2135 2302/2223/2135
f 2302/2223/2136 2382/2303/2136 2383/2304/2136 2303/2224/2136
f 2303/2224/2137 2383/2304/2137 2384/2305/2137 2304/2225/2137
f 2304/2225/2138 2384/2305/2138 2385/2306/2138 2305/2226/2138
f 2305/2226/2139 2385/2306/2139 2386/2307/2139 2306/2227/2139
f 2306/2227/2140 2386/2307/2140 2387/2308/2140 2307/2228/2140
f 2307/2228/2141 2387/2308/2141 2388/2309/2141 2308/2229/2141
f 2308/2229/2142 2388/2309/2142 2389/2310/2142 2309/2230/2142
f 2309/2230/2143 2389/2310/2143 2390/2311/2143 2310/2231/2143
f 2310/2231/2144 2390/2311/2144 2391/2312/2144 2311/2232/2144
f 2311/2232/2145 2391/2312/2145 2392/2313/2145 2312/2233/2145
f 2312/2233/2146 2392/2313/2146 2393/2314/2146 2313/2234/2146
f 2313/2234/2147 2393/2314/2147 2394/2315/2147 2314/2235/2147
f 2314/2235/2148 2394/2315/2148 2395/2316/2148 2315/2236/2148
f 2315/2236/2149 2395/2316/2149 2396/2317/2149 2316/2237/2149
f 2316/2237/2150 2396/2317/2150 2397/2318/2150 2317/2238/2150
f 2317/2238/2151 2397/2318/2151 2398/2319/2151 2318/2239/2151
f 2318/2239/2152 2398/2319/2152 2399/2320/2152 2319/2240/2152
f 2319/2240/2153 2399/2320/2153 2400/2321/2153 2320/2241/2153
f 2320/2241/2154 2400/2321/2154 2401/2322/2154 2321/2242/2154
f 2321/2242/2155 2401/2322/2155 2402/2323/2155 2322/2243/2155
f 2322/2243/2156 2402/2323/2156 2403/2324/2156 2323/2244/2156
f 2323/2244/2157 2403/2324/2157 2404/58/2157 2324/56/2157
f 110/2246/2158 111/2326/2158 2405/2325/2158 2325/2245/2158
f 2325/2245/2159 2405/2325/2159 2406/2327/2159 2326/2247/2159
f 2326/2247/2160 2406/2327/2160 2407/2328/2160 2327/2248/2160
f 2327/2248/2161 2407/2328/2161 2408/2329/2161 2328/2249/2161
f 2328/2249/2162 2408/2329/2162 2409/2330/2162 2329/2250/2162
f 2329/2250/2163 2409/2330/2163 2410/2331/2163 2330/2251/2163
f 2330/2251/2164 2410/2331/2164 2411/2332/2164 2331/2252/2164
f 2331/2252/2165 2411/2332/2165 2412/2333/2165 2332/2253/2165
f 2332/2253/2166 2412/2333/2166 2413/2334/2166 2333/2254/2166
f 2333/2254/2167 2413/2334/2167 2414/2335/2167 2334/2255/2167
f 2334/2255/2168 2414/2335/2168 2415/2336/2168 2335/2256/2168
f 2335/2256/2169 2415/2336/2169 2416/2337/2169 2336/2257/2169
f 2336/2257/2170 2416/2337/2170 2417/2338/2170 2337/2258/2170
f 2337/2258/2171 2417/2338/2171 2418/2339/2171 2338/2259/2171
f 2338/2259/2172 2418/2339/2172 2419/2340/2172 2339/2260/2172
f 2339/2260/2173 2419/2340/2173 2420/2341/2173 2340/2261/2173
f 2340/2261/2174 2420/2341/2174 2421/2342/2174 2341/2262/2174
f 2341/2262/2175 2421/2342/2175 2422/2343/2175 2342/2263/2175
f 2342/2263/2176 2422/2343/2176 2423/2344/2176 2343/2264/2176
f 2343/2264/2177 2423/2344/2177 2424/2345/2177 2344/2265/2177
f 2344/2265/2178 2424/2345/2178 2425/2346/2178 2345/2266/2178
f 2345/2266/2179 2425/2346/2179 2426/2347/2179 2346/2267/2179
f 2346/2267/2180 2426/2347/2180 2427/2348/2180 2347/2268/2180
f 2347/2268/2181 2427/2348/2181 2428/2349/2181 2348/2269/2181
f 2348/2269/2182 2428/2349/2182 2429/2350/2182 2349/2270/2182
f 2349/2270/2183 2429/2350/2183 2430/2351/2183 2350/2271/2183
f 2350/2271/2184 2430/2351/2184 2431/2352/2184 2351/2272/2184
f 2351/2272/2185 2431/2352/2185 2432/2353/2185 2352/2273/2185
f 2352/2273/2186 2432/2353/2186 2433/2354/2186 2353/2274/2186
f 2353/2274/2187 2433/2354/2187 2434/2355/2187 2354/2275/2187
f 2354/2275/2188 2434/2355/2188 2435/2356/2188 2355/2276/2188
f 2355/2276/2189 2435/2356/2189 2436/2357/2189 2356/2277/2189
f 2356/2277/2190 2436/2357/2190 2437/2358/2190 2357/2278/2190
f 2357/2278/2191 2437/2358/2191 2438/2359/2191 2358/2279/2191
f 2358/2279/2192 2438/2359/2192 2439/2360/2192 2359/2280/2192
f 2359/2280/2193 2439/2360/2193 2440/2361/2193 2360/2281/2193
f 2360/2281/2194 2440/2361/2194 2441/2362/2194 2361/2282/2194
f 2361/2282/2195 2441/2362/2195 2442/2363/2195 2362/2283/2195
f 2362/2283/2196 2442/2363/2196 2443/2364/2196 2363/2284/2196
f 2363/2284/2197 2443/2364/2197 2444/2365/2197 2364/2285/2197
f 2364/2285/2198 2444/2365/2198 2445/2366/2198 2365/2286/2198
f 2365/2286/2199 2445/2366/2199 2446/2367/2199 2366/2287/2199
f 2366/2287/2200 2446/2367/2200 2447/2368/2200 2367/2288/2200
f 2367/2288/2201 2447/2368/2201 2448/2369/2201 2368/2289/2201
f 2368/2289/2202 2448/2369/2202 2449/2370/2202 2369/2290/2202
f 2369/2290/2203 2449/2370/2203 2450/2371/2203 2370/2291/2203
f 2370/2291/2204 2450/2371/2204 2451/2372/2204 2371/2292/2204
f 2371/2292/2205 2451/2372/2205 2452/2373/2205 2372/2293/2205
f 2372/2293/2206 2452/2373/2206 2453/2374/2206 2373/2294/2206
f 2373/2294/2207 2453/2374/2207 2454/2375/2207 2374/2295/2207
f 2374/2295/2208 2454/2375/2208 2455/2376/2208 2375/2296/2208
f 2375/2296/2209 2455/2376/2209 2456/2377/2209 2376/2297/2209
f 2376/2297/2210 2456/2377/2210 2457/2378/2210 2377/2298/2210
f 2377/2298/2211 2457/2378/2211 2458/2379/2211 2378/2299/2211
f 2378/2299/2212 2458/2379/2212 2459/2380/2212 2379/2300/2212
f 2379/2300/2213 2459/2380/2213 2460/2381/2213 2380/2301/2213
f 2380/2301/2214 2460/2381/2214 2461/2382/2214 2381/2302/2214
f 2381/2302/2215 2461/2382/2215 2462/2383/2215 2382/2303/2215
f 2382/2303/2216 2462/2383/2216 2463/2384/2216 2383/2304/2216
f 2383/2304/2217 2463/2384/2217 2464/2385/2217 2384/2305/2217
f 2384/2305/2218 2464/2385/2218 2465/2386/2218 2385/2306/2218
f 2385/2306/2219 2465/2386/2219 2466/2387/2219 2386/2307/2219
f 2386/2307/2220 2466/2387/2220 2467/2388/2220 2387/2308/2220
f 2387/2308/2221 2467/2388/2221 2468/2389/2221 2388/2309/2221
f 2388/2309/2222 2468/2389/2222 2469/2390/2222 2389/2310/2222
f 2389/2310/2223 2469/2390/2223 2470/2391/2223 2390/2311/2223
f 2390/2311/2224 2470/2391/2224 2471/2392/2224 2391/2312/2224
f 2391/2312/2225 2471/2392/2225 2472/2393/2225 2392/2313/2225
f 2392/2313/2226 2472/2393/2226 2473/2394/2226 2393/2314/2226
f 2393/2314/2227 2473/2394/2227 2474/2395/2227 2394/2315/2227
f 2394/2315/2228 2474/2395/2228 2475/2396/2228 2395/2316/2228
f 2395/2316/2229 2475/2396/2229 2476/2397/2229 2396/2317/2229
f 2396/2317/2230 2476/2397/2230 2477/2398/2230 2397/2318/2230
f 2397/2318/2231 2477/2398/2231 2478/2399/2231 2398/2319/2231
f 2398/2319/2232 2478/2399/2232 2479/2400/2232 2399/2320/2232
f 2399/2320/2233 2479/2400/2233 2480/2401/2233 2400/2321/2233
f 2400/2321/2234 2480/2401/2234 2481/2402/2234 2401/2322/2234
f 2401/2322/2235 2481/2402/2235 2482/2403/2235 2402/2323/2235
f 2402/2323/2236 2482/2403/2236 2483/2404/2236 2403/2324/2236
f 2403/2324/2237 2483/2404/2237 2484/60/2237 2404/58/2237
f 111/2326/2238 112/2406/2238 2485/2405/2238 2405/2325/2238
f 2405/2325/2239 2485/2405/2239 2486/2407/2239 2406/2327/2239
f 2406/2327/2240 2486/2407/2240 2487/2408/2240 2407/2328/2240
f 2407/2328/2241 2487/2408/2241 2488/2409/2241 2408/2329/2241
f 2408/2329/2242 2488/2409/2242 2489/2410/2242 2409/2330/2242
f 2409/2330/2243 2489/2410/2243 2490/2411/2243 2410/2331/2243
f 2410/2331/2244 2490/2411/2244 2491/2412/2244 2411/2332/2244
f 2411/2332/2245 2491/2412/2245 2492/2413/2245 2412/2333/2245
f 2412/2333/2246 2492/2413/2246 2493/2414/2246 2413/2334/2246
f 2413/2334/2247 2493/2414/2247 2494/2415/2247 2414/2335/2247
f 2414/2335/2248 2494/2415/2248 2495/2416/2248 2415/2336/2248
f 2415/2336/2249 2495/2416/2249 2496/2417/2249 2416/2337/2249
f 2416/2337/2250 2496/2417/2250 2497/2418/2250 2417/2338/2250
f 2417/2338/2251 2497/2418/2251 2498/2419/2251 2418/2339/2251
f 2418/2339/2252 2498/2419/2252 2499/2420/2252 2419/2340/2252
f 2419/2340/2253 2499/2420/2253 2500/2421/2253 2420/2341/2253
f 2420/2341/2254 2500/2421/2254 2501/2422/2254 2421/2342/2254
f 2421/2342/2255 2501/2422/2255 2502/2423/2255 2422/2343/2255
f 2422/2343/2256 2502/2423/2256 2503/2424/2256 2423/2344/2256
f 2423/2344/2257 2503/2424/2257 2504/2425/2257 2424/2345/2257
f 2424/2345/2258 2504/2425/2258 2505/2426/2258 2425/2346/2258
f 2425/2346/2259 2505/2426/2259 2506/2427/2259 2426/2347/2259
f 2426/2347/2260 2506/2427/2260 2507/2428/2260 2427/2348/2260
f 2427/2348/2261 2507/2428/2261 2508/2429/2261 2428/2349/2261
f 2428/2349/2262 2508/2429/2262 2509/2430/2262 2429/2350/2262
f 2429/2350/2263 2509/2430/2263 2510/2431/2263 2430/2351/2263
f 2430/2351/2264 2510/2431/2264 2511/2432/2264 2431/2352/2264
f 2431/2352/2265 2511/2432/2265 2512/2433/2265 2432/2353/2265
f 2432/2353/2266 2512/2433/2266 2513/2434/2266 2433/2354/2266
f 2433/2354/2267 2513/2434/2267 2514/2435/2267 2434/2355/2267
f 2434/2355/2268 2514/2435/2268 2515/2436/2268 2435/2356/2268
f 2435/2356/2269 2515/2436/2269 2516/2437/2269 2436/2357/2269
f 2436/2357/2270 2516/2437/2270 2517/2438/2270 2437/2358/2270
f 2437/2358/2271 2517/2438/2271 2518/2439/2271 2438/2359/2271
f 2438/2359/2272 2518/2439/2272 2519/2440/2272 2439/2360/2272
f 2439/2360/2273 2519/2440/2273 2520/2441/2273 2440/2361/2273
f 2440/2361/2274 2520/2441/2274 2521/2442/2274 2441/2362/2274
f 2441/2362/2275 2521/2442/2275 2522/2443/2275 2442/2363/2275
f 2442/2363/2276 2522/2443/2276 2523/2444/2276 2443/2364/2276
f 2443/2364/2277 2523/2444/2277 2524/2445/2277 2444/2365/2277
f 2444/2365/2278 2524/2445/2278 2525/2446/2278 2445/2366/2278
f 2445/2366/2279 2525/2446/2279 2526/2447/2279 2446/2367/2279
f 2446/2367/2280 2526/2447/2280 2527/2448/2280 2447/2368/2280
f 2447/2368/2281 2527/2448/2281 2528/2449/2281 2448/2369/2281
f 2448/2369/2282 2528/2449/2282 2529/2450/2282 2449/2370/2282
f 2449/2370/2283 2529/2450/2283 2530/2451/2283 2450/2371/2283
f 2450/2371/2284 2530/2451/2284 2531/2452/2284 2451/2372/2284
f 2451/2372/2285 2531/2452/2285 2532/2453/2285 2452/2373/2285
f 2452/2373/2286 2532/2453/2286 2533/2454/2286 2453/2374/2286
f 2453/2374/2287 2533/2454/2287 2534/2455/2287 2454/2375/2287
f 2454/2375/2288 2534/2455/2288 2535/2456/2288 2455/2376/2288
f 2455/2376/2289 2535/2456/2289 2536/2457/2289 2456/2377/2289
f 2456/2377/2290 2536/2457/2290 2537/2458/2290 2457/2378/2290
f 2457/2378/2291 2537/2458/2291 2538/2459/2291 2458/2379/2291
f 2458/2379/2292 2538/2459/2292 2539/2460/2292 2459/2380/2292
f 2459/2380/2293 2539/2460/2293 2540/2461/2293 2460/2381/2293
f 2460/2381/2294 2540/2461/2294 2541/2462/2294 2461/2382/2294
f 2461/2382/2295 2541/2462/2295 2542/2463/2295 2462/2383/2295
f 2462/2383/2296 2542/2463/2296 2543/2464/2296 2463/2384/2296
f 2463/2384/2297 2543/2464/2297 2544/2465/2297 2464/2385/2297
f 2464/2385/2298 2544/2465/2298 2545/2466/2298 2465/2386/2298
f 2465/2386/2299 2545/2466/2299 2546/2467/2299 2466/2387/2299
f 2466/2387/2300 2546/2467/2300 2547/2468/2300 2467/2388/2300
f 2467/2388/2301 2547/2468/2301 2548/2469/2301 2468/2389/2301
f 2468/2389/2302 2548/2469/2302 2549/2470/2302 2469/2390/2302
f 2469/2390/2303 2549/2470/2303 2550/2471/2303 2470/2391/2303
f 2470/2391/2304 2550/2471/2304 2551/2472/2304 2471/2392/2304
f 2471/2392/2305 2551/2472/2305 2552/2473/2305 2472/2393/2305
f 2472/2393/2306 2552/2473/2306 2553/2474/2306 2473/2394/2306
f 2473/2394/2307 2553/2474/2307 2554/2475/2307 2474/2395/2307
f 2474/2395/2308 2554/2475/2308 2555/2476/2308 2475/2396/2308
f 2475/2396/2309 2555/2476/2309 2556/2477/2309 2476/2397/2309
f 2476/2397/2310 2556/2477/2310 2557/2478/2310 2477/2398/2310
f 2477/2398/2311 2557/2478/2311 2558/2479/2311 2478/2399/2311
f 2478/2399/2312 2558/2479/2312 2559/2480/2312 2479/2400/2312
f 2479/2400/2313 2559/2480/2313 2560/2481/2313 2480/2401/2313
f 2480/2401/2314 2560/2481/2314 2561/2482/2314 2481/2402/2314
f 2481/2402/2315 2561/2482/2315 2562/2483/2315 2482/2403/2315
f 2482/2403/2316 2562/2483/2316 2563/2484/2316 2483/2404/2316
f 2483/2404/2317 2563/2484/2317 2564/62/2317 2484/60/2317
f 112/2406/2318 113/2486/2318 2565/2485/2318 2485/2405/2318
f 2485/2405/2319 2565/2485/2319 2566/2487/2319 2486/2407/2319
f 2486/2407/2320 2566/2487/2320 2567/2488/2320 2487/2408/2320
f 2487/2408/2321 2567/2488/2321 2568/2489/2321 2488/2409/2321
f 2488/2409/2322 2568/2489/2322 2569/2490/2322 2489/2410/2322
f 2489/2410/2323 2569/2490/2323 2570/2491/2323 2490/2411/2323
f 2490/2411/2324 2570/2491/2324 2571/2492/2324 2491/2412/2324
f 2491/2412/2325 2571/2492/2325 2572/2493/2325 2492/2413/2325
f 2492/2413/2326 2572/2493/2326 2573/2494/2326 2493/2414/2326
f 2493/2414/2327 2573/2494/2327 2574/2495/2327 2494/2415/2327
f 2494/2415/2328 2574/2495/2328 2575/2496/2328 2495/2416/2328
f 2495/2416/2329 2575/2496/2329 2576/2497/2329 2496/2417/2329
f 2496/2417/2330 2576/2497/2330 2577/2498/2330 2497/2418/2330
f 2497/2418/2331 2577/2498/2331 2578/2499/2331 2498/2419/2331
f 2498/2419/2332 2578/2499/2332 2579/2500/2332 2499/2420/2332
f 2499/2420/2333 2579/2500/2333 2580/2501/2333 2500/2421/2333
f 2500/2421/2334 2580/2501/2334 2581/2502/2334 2501/2422/2334
f 2501/2422/2335 2581/2502/2335 2582/2503/2335 2502/2423/2335
f 2502/2423/2336 2582/2503/2336 2583/2504/2336 2503/2424/2336
f 2503/2424/2337 2583/2504/2337 2584/2505/2337 2504/2425/2337
f 2504/2425/2338 2584/2505/2338 2585/2506/2338 2505/2426/2338
f 2505/2426/2339 2585/2506/2339 2586/2507/2339 2506/2427/2339
f 2506/2427/2340 2586/2507/2340 2587/2508/2340 2507/2428/2340
f 2507/2428/2341 2587/2508/2341 2588/2509/2341 2508/2429/2341
f 2508/2429/2342 2588/2509/2342 2589/2510/2342 2509/2430/2342
f 2509/2430/2343 2589/2510/2343 2590/2511/2343 2510/2431/2343
f 2510/2431/2344 2590/2511/2344 2591/2512/2344 2511/2432/2344
f 2511/2432/2345 2591/2512/2345 2592/2513/2345 2512/2433/2345
f 2512/2433/2346 2592/2513/2346 2593/2514/2346 2513/2434/2346
f 2513/2434/2347 2593/2514/2347 2594/2515/2347 2514/2435/2347
f 2514/2435/2348 2594/2515/2348 2595/2516/2348 2515/2436/2348
f 2515/2436/2349 2595/2516/2349 2596/2517/2349 2516/2437/2349
f 2516/2437/2350 2596/2517/2350 2597/2518/2350 2517/2438/2350
f 2517/2438/2351 2597/2518/2351 2598/2519/2351 2518/2439/2351
f 2518/2439/2352 2598/2519/2352 2599/2520/2352 2519/2440/2352
f 2519/2440/2353 2599/2520/2353 2600/2521/2353 2520/2441/2353
f 2520/2441/2354 2600/2521/2354 2601/2522/2354 2521/2442/2354
f 2521/2442/2355 2601/2522/2355 2602/2523/2355 2522/2443/2355
f 2522/2443/2356 2602/2523/2356 2603/2524/2356 2523/2444/2356
f 2523/2444/2357 2603/2524/2357 2604/2525/2357 2524/2445/2357
f 2524/2445/2358 2604/2525/2358 2605/2526/2358 2525/2446/2358
f 2525/2446/2359 2605/2526/2359 2606/2527/2359 2526/2447/2359
f 2526/2447/2360 2606/2527/2360 2607/2528/2360 2527/2448/2360
f 2527/2448/2361 2607/2528/2361 2608/2529/2361 2528/2449/2361
f 2528/2449/2362 2608/2529/2362 2609/2530/2362 2529/2450/2362
f 2529/2450/2363 2609/2530/2363 2610/2531/2363 2530/2451/2363
f 2530/2451/2364 2610/2531/2364 2611/2532/2364 2531/2452/2364
f 2531/2452/2365 2611/2532/2365 2612/2533/2365 2532/2453/2365
f 2532/2453/2366 2612/2533/2366 2613/2534/2366 2533/2454/2366
f 2533/2454/2367 2613/2534/2367 2614/2535/2367 2534/2455/2367
f 2534/2455/2368 2614/2535/2368 2615/2536/2368 2535/2456/2368
f 2535/2456/2369 2615/2536/2369 2616/2537/2369 2536/2457/2369
f 2536/2457/2370 2616/2537/2370 2617/2538/2370 2537/2458/2370
f 2537/2458/2371 2617/2538/2371 2618/2539/2371 2538/2459/2371
f 2538/2459/2372 2618/2539/2372 2619/2540/2372 2539/2460/2372
f 2539/2460/2373 2619/2540/2373 2620/2541/2373 2540/2461/2373
f 2540/2461/2374 2620/2541/2374 2621/2542/2374 2541/2462/2374
f 2541/2462/2375 2621/2542/2375 2622/2543/2375 2542/2463/2375
f 2542/2463/2376 2622/2543/2376 2623/2544/2376 2543/2464/2376
f 2543/2464/2377 2623/2544/2377 2624/2545/2377 2544/2465/2377
f 2544/2465/2378 2624/2545/2378 2625/2546/2378 2545/2466/2378
f 2545/2466/2379 2625/2546/2379 2626/2547/2379 2546/2467/2379
f 2546/2467/2380 2626/2547/2380 2627/2548/2380 2547/2468/2380
f 2547/2468/2381 2627/2548/2381 2628/2549/2381 2548/2469/2381
f 2548/2469/2382 2628/2549/2382 2629/2550/2382 2549/2470/2382
f 2549/2470/2383 2629/2550/2383 2630/2551/2383 2550/2471/2383
f 2550/2471/2384 2630/2551/2384 2631/2552/2384 2551/2472/2384
f 2551/2472/2385 2631/2552/2385 2632/2553/2385 2552/2473/2385
f 2552/2473/2386 2632/2553/2386 2633/2554/2386 2553/2474/2386
f 2553/2474/2387 2633/2554/2387 2634/2555/2387 2554/2475/2387
f 2554/2475/2388 2634/2555/2388 2635/2556/2388 2555/2476/2388
f 2555/2476/2389 2635/2556/2389 2636/2557/2389 2556/2477/2389
f 2556/2477/2390 2636/2557/2390 2637/2558/2390 2557/2478/2390
f 2557/2478/2391 2637/2558/2391 2638/2559/2391 2558/2479/2391
f 2558/2479/2392 2638/2559/2392 2639/2560/2392 2559/2480/2392
f 2559/2480/2393 2639/2560/2393 2640/2561/2393 2560/2481/2393
f 2560/2481/2394 2640/2561/2394 2641/2562/2394 2561/2482/2394
f 2561/2482/2395 2641/2562/2395 2642/2563/2395 2562/2483/2395
f 2562/2483/2396 2642/2563/2396 2643/2564/2396 2563/2484/2396
f 2563/2484/2397 2643/2564/2397 2644/64/2397 2564/62/2397
f 113/2486/2398 114/2566/2398 2645/2565/2398 2565/2485/2398
f 2565/2485/2399 2645/2565/2399 2646/2567/2399 2566/2487/2399
f 2566/2487/2400 2646/2567/2400 2647/2568/2400 2567/2488/2400
f 2567/2488/2401 2647/2568/2401 2648/2569/2401 2568/2489/2401
f 2568/2489/2402 2648/2569/2402 2649/2570/2402 2569/2490/2402
f 2569/2490/2403 2649/2570/2403 2650/2571/2403 2570/2491/2403
f 2570/2491/2404 2650/2571/2404 2651/2572/2404 2571/2492/2404
f 2571/2492/2405 2651/2572/2405 2652/2573/2405 2572/2493/2405
f 2572/2493/2406 2652/2573/2406 2653/2574/2406 2573/2494/2406
f 2573/2494/2407 2653/2574/2407 2654/2575/2407 2574/2495/2407
f 2574/2495/2408 2654/2575/2408 2655/2576/2408 2575/2496/2408
f 2575/2496/2409 2655/2576/2409 2656/2577/2409 2576/2497/2409
f 2576/2497/2410 2656/2577/2410 2657/2578/2410 2577/2498/2410
f 2577/2498/2411 2657/2578/2411 2658/2579/2411 2578/2499/2411
f 2578/2499/2412 2658/2579/2412 2659/2580/2412 2579/2500/2412
f 2579/2500/2413 2659/2580/2413 2660/2581/2413 2580/2501/2413
f 2580/2501/2414 2660/2581/2414 2661/2582/2414 2581/2502/2414
f 2581/2502/2415 2661/2582/2415 2662/2583/2415 2582/2503/2415
f 2582/2503/2416 2662/2583/2416 2663/2584/2416 2583/2504/2416
f 2583/2504/2417 2663/2584/2417 2664/2585/2417 2584/2505/2417
f 2584/2505/2418 2664/2585/2418 2665/2586/2418 2585/2506/2418
f 2585/2506/2419 2665/2586/2419 2666/2587/2419 2586/2507/2419
f 2586/2507/2420 2666/2587/2420 2667/2588/2420 2587/2508/2420
f 2587/2508/2421 2667/2588/2421 2668/2589/2421 2588/2509/2421
f 2588/2509/2422 2668/2589/2422 2669/2590/2422 2589/2510/2422
f 2589/2510/2423 2669/2590/2423 2670/2591/2423 2590/2511/2423
f 2590/2511/2424 2670/2591/2424 2671/2592/2424 2591/2512/2424
f 2591/2512/2425 2671/2592/2425 2672/2593/2425 2592/2513/2425
f 2592/2513/2426 2672/2593/2426 2673/2594/2426 2593/2514/2426
f 2593/2514/2427 2673/2594/2427 2674/2595/2427 2594/2515/2427
f 2594/2515/2428 2674/2595/2428 2675/2596/2428 2595/2516/2428
f 2595/2516/2429 2675/2596/2429 2676/2597/2429 2596/2517/2429
f 2596/2517/2430 2676/2597/2430 2677/2598/2430 2597/2518/2430
f 2597/2518/2431 2677/2598/2431 2678/2599/2431 2598/2519/2431
f 2598/2519/2432 2678/2599/2432 2679/2600/2432 2599/2520/2432
f 2599/2520/2433 2679/2600/2433 2680/2601/2433 2600/2521/2433
f 2600/2521/2434 2680/2601/2434 2681/2602/2434 2601/2522/2434
f 2601/2522/2435 2681/2602/2435 2682/2603/2435 2602/2523/2435
f 2602/2523/2436 2682/2603/2436 2683/2604/2436 2603/2524/2436
f 2603/2524/2437 2683/2604/2437 2684/2605/2437 2604/2525/2437
f 2604/2525/2438 2684/2605/2438 2685/2606/2438 2605/2526/2438
f 2605/2526/2439 2685/2606/2439 2686/2607/2439 2606/2527/2439
f 2606/2527/2440 2686/2607/2440 2687/2608/2440 2607/2528/2440
f 2607/2528/2441 2687/2608/2441 2688/2609/2441 2608/2529/2441
f 2608/2529/2442 2688/2609/2442 2689/2610/2442 2609/2530/2442
f 2609/2530/2443 2689/2610/2443 2690/2611/2443 2610/2531/2443
f 2610/2531/2444 2690/2611/2444 2691/2612/2444 2611/2532/2444
f 2611/2532/2445 2691/2612/2445 2692/2613/2445 2612/2533/2445
f 2612/2533/2446 2692/2613/2446 2693/2614/2446 2613/2534/2446
f 2613/2534/2447 2693/2614/2447 2694/2615/2447 2614/2535/2447
f 2614/2535/2448 2694/2615/2448 2695/2616/2448 2615/2536/2448
f 2615/2536/2449 2695/2616/2449 2696/2617/2449 2616/2537/2449
f 2616/2537/2450 2696/2617/2450 2697/2618/2450 2617/2538/2450
f 2617/2538/2451 2697/2618/2451 2698/2619/2451 2618/2539/2451
f 2618/2539/2452 2698/2619/2452 2699/2620/2452 2619/2540/2452
f 2619/2540/2453 2699/2620/2453 2700/2621/2453 2620/2541/2453
f 2620/2541/2454 2700/2621/2454 2701/2622/2454 2621/2542/2454
f 2621/2542/2455 2701/2622/2455 2702/2623/2455 2622/2543/2455
f 2622/2543/2456 2702/2623/2456 2703/2624/2456 2623/2544/2456
f 2623/2544/2457 2703/2624/2457 2704/2625/2457 2624/2545/2457
f 2624/2545/2458 2704/2625/2458 2705/2626/2458 2625/2546/2458
f 2625/2546/2459 2705/2626/2459 2706/2627/2459 2626/2547/2459
f 2626/2547/2460 2706/2627/2460 2707/2628/2460 2627/2548/2460
f 2627/2548/2461 2707/2628/2461 2708/2629/2461 2628/2549/2461
f 2628/2549/2462 2708/2629/2462 2709/2630/2462 2629/2550/2462
f 2629/2550/2463 2709/2630/2463 2710/2631/2463 2630/2551/2463
f 2630/2551/2464 2710/2631/2464 2711/2632/2464 2631/2552/2464
f 2631/2552/2465 2711/2632/2465 2712/2633/2465 2632/2553/2465
f 2632/2553/2466 2712/2633/2466 2713/2634/2466 2633/2554/2466
f 2633/2554/2467 2713/2634/2467 2714/2635/2467 2634/2555/2467
f 2634/2555/2468 2714/2635/2468 2715/2636/2468 2635/2556/2468
f 2635/2556/2469 2715/2636/2469 2716/2637/2469 2636/2557/2469
f 2636/2557/2470 2716/2637/2470 2717/2638/2470 2637/2558/2470
f 2637/2558/2471 2717/2638/2471 2718/2639/2471 2638/2559/2471
f 2638/2559/2472 2718/2639/2472 2719/2640/2472 2639/2560/2472
f 2639/2560/2473 2719/2640/2473 2720/2641/2473 2640/2561/2473
f 2640/2561/2474 2720/2641/2474 2721/2642/2474 2641/2562/2474
f 2641/2562/2475 2721/2642/2475 2722/2643/2475 2642/2563/2475
f 2642/2563/2476 2722/2643/2476 2723/2644/2476 2643/2564/2476
f 2643/2564/2477 2723/2644/2477 2724/66/2477 2644/64/2477
f 114/2566/2478 115/2646/2478 2725/2645/2478 2645/2565/2478
f 2645/2565/2479 2725/2645/2479 2726/2647/2479 2646/2567/2479
f 2646/2567/2480 2726/2647/2480 2727/2648/2480 2647/2568/2480
f 2647/2568/2481 2727/2648/2481 2728/2649/2481 2648/2569/2481
f 2648/2569/2482 2728/2649/2482 2729/2650/2482 2649/2570/2482
f 2649/2570/2483 2729/2650/2483 2730/2651/2483 2650/2571/2483
f 2650/2571/2484 2730/2651/2484 2731/2652/2484 2651/2572/2484
f 2651/2572/2485 2731/2652/2485 2732/2653/2485 2652/2573/2485
f 2652/2573/2486 2732/2653/2486 2733/2654/2486 2653/2574/2486
f 2653/2574/2487 2733/2654/2487 2734/2655/2487 2654/2575/2487
f 2654/2575/2488 2734/2655/2488 2735/2656/2488 2655/2576/2488
f 2655/2576/2489 2735/2656/2489 2736/2657/2489 2656/2577/2489
f 2656/2577/2490 2736/2657/2490 2737/2658/2490 2657/2578/2490
f 2657/2578/2491 2737/2658/2491 2738/2659/2491 2658/2579/2491
f 2658/2579/2492 2738/2659/2492 2739/2660/2492 2659/2580/2492
f 2659/2580/2493 2739/2660/2493 2740/2661/2493 2660/2581/2493
f 2660/2581/2494 2740/2661/2494 2741/2662/2494 2661/2582/2494
f 2661/2582/2495 2741/2662/2495 2742/2663/2495 2662/2583/2495
f 2662/2583/2496 2742/2663/2496 2743/2664/2496 2663/2584/2496
f 2663/2584/2497 2743/2664/2497 2744/2665/2497 2664/2585/2497
f 2664/2585/2498 2744/2665/2498 2745/2666/2498 2665/2586/2498
f 2665/2586/2499 2745/2666/2499 2746/2667/2499 2666/2587/2499
f 2666/2587/2500 2746/2667/2500 2747/2668/2500 2667/2588/2500
f 2667/2588/2501 2747/2668/2501 2748/2669/2501 2668/2589/2501
f 2668/2589/2502 2748/2669/2502 2749/2670/2502 2669/2590/2502
f 2669/2590/2503 2749/2670/2503 2750/2671/2503 2670/2591/2503
f 2670/2591/2504 2750/2671/2504 2751/2672/2504 2671/2592/2504
f 2671/2592/2505 2751/2672/2505 2752/2673/2505 2672/2593/2505
f 2672/2593/2506 2752/2673/2506 2753/2674/2506 2673/2594/2506
f 2673/2594/2507 2753/2674/2507 2754/2675/2507 2674/2595/2507
f 2674/2595/2508 2754/2675/2508 2755/2676/2508 2675/2596/2508
f 2675/2596/2509 2755/2676/2509 2756/2677/2509 2676/2597/2509
f 2676/2597/2510 2756/2677/2510 2757/2678/2510 2677/2598/2510
f 2677/2598/2511 2757/2678/2511 2758/2679/2511 2678/2599/2511
f 2678/2599/2512 2758/2679/2512 2759/2680/2512 2679/2600/2512
f 2679/2600/2513 2759/2680/2513 2760/2681/2513 2680/2601/2513
f 2680/2601/2514 2760/2681/2514 2761/2682/2514 2681/2602/2514
f 2681/2602/2515 2761/2682/2515 2762/2683/2515 2682/2603/2515
f 2682/2603/2516 2762/2683/2516 2763/2684/2516 2683/2604/2516
f 2683/2604/2517 2763/2684/2517 2764/2685/2517 2684/2605/2517
f 2684/2605/2518 2764/2685/2518 2765/2686/2518 2685/2606/2518
f 2685/2606/2519 2765/2686/2519 2766/2687/2519 2686/2607/2519
f 2686/2607/2520 2766/2687/2520 2767/2688/2520 2687/2608/2520
f 2687/2608/2521 2767/2688/2521 2768/2689/2521 2688/2609/2521
f 2688/2609/2522 2768/2689/2522 2769/2690/2522 2689/2610/2522
f 2689/2610/2523 2769/2690/2523 2770/2691/2523 2690/2611/2523
f 2690/2611/2524 2770/2691/2524 2771/2692/2524 2691/2612/2524
f 2691/2612/2525 2771/2692/2525 2772/2693/2525 2692/2613/2525
f 2692/2613/2526 2772/2693/2526 2773/2694/2526 2693/2614/2526
f 2693/2614/2527 2773/2694/2527 2774/2695/2527 2694/2615/2527
f 2694/2615/2528 2774/2695/2528 2775/2696/2528 2695/2616/2528
f 2695/2616/2529 2775/2696/2529 2776/2697/2529 2696/2617/2529
f 2696/2617/2530 2776/2697/2530 2777/2698/2530 2697/2618/2530
f 2697/2618/2531 2777/2698/2531 2778/2699/2531 2698/2619/2531
f 2698/2619/2532 2778/2699/2532 2779/2700/2532 2699/2620/2532
f 2699/2620/2533 2779/2700/2533 2780/2701/2533 2700/2621/2533
f 2700/2621/2534 2780/2701/2534 2781/2702/2534 2701/2622/2534
f 2701/2622/2535 2781/2702/2535 2782/2703/2535 2702/2623/2535
f 2702/2623/2536 2782/2703/2536 2783/2704/2536 2703/2624/2536
f 2703/2624/2537 2783/2704/2537 2784/2705/2537 2704/2625/2537
f 2704/2625/2538 2784/2705/2538 2785/2706/2538 2705/2626/2538
f 2705/2626/2539 2785/2706/2539 2786/2707/2539 2706/2627/2539
f 2706/2627/2540 2786/2707/2540 2787/2708/2540 2707/2628/2540
f 2707/2628/2541 2787/2708/2541 2788/2709/2541 2708/2629/2541
f 2708/2629/2542 2788/2709/2542 2789/2710/2542 2709/2630/2542
f 2709/2630/2543 2789/2710/2543 2790/2711/2543 2710/2631/2543
f 2710/2631/2544 2790/2711/2544 2791/2712/2544 2711/2632/2544
f 2711/2632/2545 2791/2712/2545 2792/2713/2545 2712/2633/2545
f 2712/2633/2546 2792/2713/2546 2793/2714/2546 2713/2634/2546
f 2713/2634/2547 2793/2714/2547 2794/2715/2547 2714/2635/2547
f 2714/2635/2548 2794/2715/2548 2795/2716/2548 2715/2636/2548
f 2715/2636/2549 2795/2716/2549 2796/2717/2549 2716/2637/2549
f 2716/2637/2550 2796/2717/2550 2797/2718/2550 2717/2638/2550
f 2717/2638/2551 2797/2718/2551 2798/2719/2551 2718/2639/2551
f 2718/2639/2552 2798/2719/2552 2799/2720/2552 2719/2640/2552
f 2719/2640/2553 2799/2720/2553 2800/2721/2553 2720/2641/2553
f 2720/2641/2554 2800/2721/2554 2801/2722/2554 2721/2642/2554
f 2721/2642/2555 2801/2722/2555 2802/2723/2555 2722/2643/2555
f 2722/2643/2556 2802/2723/2556 2803/2724/2556 2723/2644/2556
f 2723/2644/2557 2803/2724/2557 2804/68/2557 2724/66/2557
f 115/2646/2558 116/2726/2558 2805/2725/2558 2725/2645/2558
f 2725/2645/2559 2805/2725/2559 2806/2727/2559 2726/2647/2559
f 2726/2647/2560 2806/2727/2560 2807/2728/2560 2727/2648/2560
f 2727/2648/2561 2807/2728/2561 2808/2729/2561 2728/2649/2561
f 2728/2649/2562 2808/2729/2562 2809/2730/2562 2729/2650/2562
f 2729/2650/2563 2809/2730/2563 2810/2731/2563 2730/2651/2563
f 2730/2651/2564 2810/2731/2564 2811/2732/2564 2731/2652/2564
f 2731/2652/2565 2811/2732/2565 2812/2733/2565 2732/2653/2565
f 2732/2653/2566 2812/2733/2566 2813/2734/2566 2733/2654/2566
f 2733/2654/2567 2813/2734/2567 2814/2735/2567 2734/2655/2567
f 2734/2655/2568 2814/2735/2568 2815/2736/2568 2735/2656/2568
f 2735/2656/2569 2815/2736/2569 2816/2737/2569 2736/2657/2569
f 2736/2657/2570 2816/2737/2570 2817/2738/2570 2737/2658/2570
f 2737/2658/2571 2817/2738/2571 2818/2739/2571 2738/2659/2571
f 2738/2659/2572 2818/2739/2572 2819/2740/2572 2739/2660/2572
f 2739/2660/2573 2819/2740/2573 2820/2741/2573 2740/2661/2573
f 2740/2661/2574 2820/2741/2574 2821/2742/2574 2741/2662/2574
f 2741/2662/2575 2821/2742/2575 2822/2743/2575 2742/2663/2575
f 2742/2663/2576 2822/2743/2576 2823/2744/2576 2743/2664/2576
f 2743/2664/2577 2823/2744/2577 2824/2745/2577 2744/2665/2577
f 2744/2665/2578 2824/2745/2578 2825/2746/2578 2745/2666/2578
f 2745/2666/2579 2825/2746/2579 2826/2747/2579 2746/2667/2579
f 2746/2667/2580 2826/2747/2580 2827/2748/2580 2747/2668/2580
f 2747/2668/2581 2827/2748/2581 2828/2749/2581 2748/2669/2581
f 2748/2669/2582 2828/2749/2582 2829/2750/2582 2749/2670/2582
f 2749/2670/2583 2829/2750/2583 2830/2751/2583 2750/2671/2583
f 2750/2671/2584 2830/2751/2584 2831/2752/2584 2751/2672/2584
f 2751/2672/2585 2831/2752/2585 2832/2753/2585 2752/2673/2585
f 2752/2673/2586 2832/2753/2586 2833/2754/2586 2753/2674/2586
f 2753/2674/2587 2833/2754/2587 2834/2755/2587 2754/2675/2587
f 2754/2675/2588 2834/2755/2588 2835/2756/2588 2755/2676/2588
f 2755/2676/2589 2835/2756/2589 2836/2757/2589 2756/2677/2589
f 2756/2677/2590 2836/2757/2590 2837/2758/2590 2757/2678/2590
f 2757/2678/2591 2837/2758/2591 2838/2759/2591 2758/2679/2591
f 2758/2679/2592 2838/2759/2592 2839/2760/2592 2759/2680/2592
f 2759/2680/2593 2839/2760/2593 2840/2761/2593 2760/2681/2593
f 2760/2681/2594 2840/2761/2594 2841/2762/2594 2761/2682/2594
f 2761/2682/2595 2841/2762/2595 2842/2763/2595 2762/2683/2595
f 2762/2683/2596 2842/2763/2596 2843/2764/2596 2763/2684/2596
f 2763/2684/2597 2843/2764/2597 2844/2765/2597 2764/2685/2597
f 2764/2685/2598 2844/2765/2598 2845/2766/2598 2765/2686/2598
f 2765/2686/2599 2845/2766/2599 2846/2767/2599 2766/2687/2599
f 2766/2687/2600 2846/2767/2600 2847/2768/2600 2767/2688/2600
f 2767/2688/2601 2847/2768/2601 2848/2769/2601 2768/2689/2601
f 2768/2689/2602 2848/2769/2602 2849/2770/2602 2769/2690/2602
f 2769/2690/2603 2849/2770/2603 2850/2771/2603 2770/2691/2603
f 2770/2691/2604 2850/2771/2604 2851/2772/2604 2771/2692/2604
f 2771/2692/2605 2851/2772/2605 2852/2773/2605 2772/2693/2605
f 2772/2693/2606 2852/2773/2606 2853/2774/2606 2773/2694/2606
f 2773/2694/2607 2853/2774/2607 2854/2775/2607 2774/2695/2607
f 2774/2695/2608 2854/2775/2608 2855/2776/2608 2775/2696/2608
f 2775/2696/2609 2855/2776/2609 2856/2777/2609 2776/2697/2609
f 2776/2697/2610 2856/2777/2610 2857/2778/2610 2777/2698/2610
f 2777/2698/2611 2857/2778/2611 2858/2779/2611 2778/2699/2611
f 2778/2699/2612 2858/2779/2612 2859/2780/2612 2779/2700/2612
f 2779/2700/2613 2859/2780/2613 2860/2781/2613 2780/2701/2613
f 2780/2701/2614 2860/2781/2614 2861/2782/2614 2781/2702/2614
f 2781/2702/2615 2861/2782/2615 2862/2783/2615 2782/2703/2615
f 2782/2703/2616 2862/2783/2616 2863/2784/2616 2783/2704/2616
f 2783/2704/2617 2863/2784/2617 2864/2785/2617 2784/2705/2617
f 2784/2705/2618 2864/2785/2618 2865/2786/2618 2785/2706/2618
f 2785/2706/2619 2865/2786/2619 2866/2787/2619 2786/2707/2619
f 2786/2707/2620 2866/2787/2620 2867/2788/2620 2787/2708/2620
f 2787/2708/2621 2867/2788/2621 2868/2789/2621 2788/2709/2621
f 2788/2709/2622 2868/2789/2622 2869/2790/2622 2789/2710/2622
f 2789/2710/2623 2869/2790/2623 2870/2791/2623 2790/2711/2623
f 2790/2711/2624 2870/2791/2624 2871/2792/2624 2791/2712/2624
f 2791/2712/2625 2871/2792/2625 2872/2793/2625 2792/2713/2625
f 2792/2713/2626 2872/2793/2626 2873/2794/2626 2793/2714/2626
f 2793/2714/2627 2873/2794/2627 2874/2795/2627 2794/2715/2627
f 2794/2715/2628 2874/2795/2628 2875/2796/2628 2795/2716/2628
f 2795/2716/2629 2875/2796/2629 2876/2797/2629 2796/2717/2629
f 2796/2717/2630 2876/2797/2630 2877/2798/2630 2797/2718/2630
f 2797/2718/2631 2877/2798/2631 2878/2799/2631 2798/2719/2631
f 2798/2719/2632 2878/2799/2632 2879/2800/2632 2799/2720/2632
f 2799/2720/2633 2879/2800/2633 2880/2801/2633 2800/2721/2633
f 2800/2721/2634 2880/2801/2634 2881/2802/2634 2801/2722/2634
f 2801/2722/2635 2881/2802/2635 2882/2803/2635 2802/2723/2635
f 2802/2723/2636 2882/2803/2636 2883/2804/2636 2803/2724/2636
f 2803/2724/2637 2883/2804/2637 2884/70/2637 2804/68/2637
f 116/2726/2638 117/2806/2638 2885/2805/2638 2805/2725/2638
f 2805/2725/2639 2885/2805/2639 2886/2807/2639 2806/2727/2639
f 2806/2727/2640 2886/2807/2640 2887/2808/2640 2807/2728/2640
f 2807/2728/2641 2887/2808/2641 2888/2809/2641 2808/2729/2641
f 2808/2729/2642 2888/2809/2642 2889/2810/2642 2809/2730/2642
f 2809/2730/2643 2889/2810/2643 2890/2811/2643 2810/2731/2643
f 2810/2731/2644 2890/2811/2644 2891/2812/2644 2811/2732/2644
f 2811/2732/2645 2891/2812/2645 2892/2813/2645 2812/2733/2645
f 2812/2733/2646 2892/2813/2646 2893/2814/2646 2813/2734/2646
f 2813/2734/2647 2893/2814/2647 2894/2815/2647 2814/2735/2647
f 2814/2735/2648 2894/2815/2648 2895/2816/2648 2815/2736/2648
f 2815/2736/2649 2895/2816/2649 2896/2817/2649 2816/2737/2649
f 2816/2737/2650 2896/2817/2650 2897/2818/2650 2817/2738/2650
f 2817/2738/2651 2897/2818/2651 2898/2819/2651 2818/2739/2651
f 2818/2739/2652 2898/2819/2652 2899/2820/2652 2819/2740/2652
f 2819/2740/2653 2899/2820/2653 2900/2821/2653 2820/2741/2653
f 2820/2741/2654 2900/2821/2654 2901/2822/2654 2821/2742/2654
f 2821/2742/2655 2901/2822/2655 2902/2823/2655 2822/2743/2655
f 2822/2743/2656 2902/2823/2656 2903/2824/2656 2823/2744/2656
f 2823/2744/2657 2903/2824/2657 2904/2825/2657 2824/2745/2657
f 2824/2745/2658 2904/2825/2658 2905/2826/2658 2825/2746/2658
f 2825/2746/2659 2905/2826/2659 2906/2827/2659 2826/2747/2659
f 2826/2747/2660 2906/2827/2660 2907/2828/2660 2827/2748/2660
f 2827/2748/2661 2907/2828/2661 2908/2829/2661 2828/2749/2661
f 2828/2749/2662 2908/2829/2662 2909/2830/2662 2829/2750/2662
f 2829/2750/2663 2909/2830/2663 2910/2831/2663 2830/2751/2663
f 2830/2751/2664 2910/2831/2664 2911/2832/2664 2831/2752/2664
f 2831/2752/2665 2911/2832/2665 2912/2833/2665 2832/2753/2665
f 2832/2753/2666 2912/2833/2666 2913/2834/2666 2833/2754/2666
f 2833/2754/2667 2913/2834/2667 2914/2835/2667 2834/2755/2667
f 2834/2755/2668 2914/2835/2668 2915/2836/2668 2835/2756/2668
f 2835/2756/2669 2915/2836/2669 2916/2837/2669 2836/2757/2669
f 2836/2757/2670 2916/2837/2670 2917/2838/2670 2837/2758/2670
f 2837/2758/2671 2917/2838/2671 2918/2839/2671 2838/2759/2671
f 2838/2759/2672 2918/2839/2672 2919/2840/2672 2839/2760/2672
f 2839/2760/2673 2919/2840/2673 2920/2841/2673 2840/2761/2673
f 2840/2761/2674 2920/2841/2674 2921/2842/2674 2841/2762/2674
f 2841/2762/2675 2921/2842/2675 2922/2843/2675 2842/2763/2675
f 2842/2763/2676 2922/2843/2676 2923/2844/2676 2843/2764/2676
f 2843/2764/2677 2923/2844/2677 2924/2845/2677 2844/2765/2677
f 2844/2765/2678 2924/2845/2678 2925/2846/2678 2845/2766/2678
f 2845/2766/2679 2925/2846/2679 2926/2847/2679 2846/2767/2679
f 2846/2767/2680 2926/2847/2680 2927/2848/2680 2847/2768/2680
f 2847/2768/2681 2927/2848/2681 2928/2849/2681 2848/2769/2681
f 2848/2769/2682 2928/2849/2682 2929/2850/2682 2849/2770/2682
f 2849/2770/2683 2929/2850/2683 2930/2851/2683 2850/2771/2683
f 2850/2771/2684 2930/2851/2684 2931/2852/2684 2851/2772/2684
f 2851/2772/2685 2931/2852/2685 2932/2853/2685 2852/2773/2685
f 2852/2773/2686 2932/2853/2686 2933/2854/2686 2853/2774/2686
f 2853/2774/2687 2933/2854/2687 2934/2855/2687 2854/2775/2687
f 2854/2775/2688 2934/2855/2688 2935/2856/2688 2855/2776/2688
f 2855/2776/2689 2935/2856/2689 2936/2857/2689 2856/2777/2689
f 2856/2777/2690 2936/2857/2690 2937/2858/2690 2857/2778/2690
f 2857/2778/2691 2937/2858/2691 2938/2859/2691 2858/2779/2691
f 2858/2779/2692 2938/2859/2692 2939/2860/2692 2859/2780/2692
f 2859/2780/2693 2939/2860/2693 2940/2861/2693 2860/2781/2693
f 2860/2781/2694 2940/2861/2694 2941/2862/2694 2861/2782/2694
f 2861/2782/2695 2941/2862/2695 2942/2863/2695 2862/2783/2695
f 2862/2783/2696 2942/2863/2696 2943/2864/2696 2863/2784/2696
f 2863/2784/2697 2943/2864/2697 2944/2865/2697 2864/2785/2697
f 2864/2785/2698 2944/2865/2698 2945/2866/2698 2865/2786/2698
f 2865/2786/2699 2945/2866/2699 2946/2867/2699 2866/2787/2699
f 2866/2787/2700 2946/2867/2700 2947/2868/2700 2867/2788/2700
f 2867/2788/2701 2947/2868/2701 2948/2869/2701 2868/2789/2701
f 2868/2789/2702 2948/2869/2702 2949/2870/2702 2869/2790/2702
f 2869/2790/2703 2949/2870/2703 2950/2871/2703 2870/2791/2703
f 2870/2791/2704 2950/2871/2704 2951/2872/2704 2871/2792/2704
f 2871/2792/2705 2951/2872/2705 2952/2873/2705 2872/2793/2705
f 2872/2793/2706 2952/2873/2706 2953/2874/2706 2873/2794/2706
f 2873/2794/2707 2953/2874/2707 2954/2875/2707 2874/2795/2707
f 2874/2795/2708 2954/2875/2708 2955/2876/2708 2875/2796/2708
f 2875/2796/2709 2955/2876/2709 2956/2877/2709 2876/2797/2709
f 2876/2797/2710 2956/2877/2710 2957/2878/2710 2877/2798/2710
f 2877/2798/2711 2957/2878/2711 2958/2879/2711 2878/2799/2711
f 2878/2799/2712 2958/2879/2712 2959/2880/2712 2879/2800/2712
f 2879/2800/2713 2959/2880/2713 2960/2881/2713 2880/2801/2713
f 2880/2801/2714 2960/2881/2714 2961/2882/2714 2881/2802/2714
f 2881/2802/2715 2961/2882/2715 2962/2883/2715 2882/2803/2715
f 2882/2803/2716 2962/2883/2716 2963/2884/2716 2883/2804/2716
f 2883/2804/2717 2963/2884/2717 2964/72/2717 2884/70/2717
f 117/2806/2718 118/2886/2718 2965/2885/2718 2885/2805/2718
f 2885/2805/2719 2965/2885/2719 2966/2887/2719 2886/2807/2719
f 2886/2807/2720 2966/2887/2720 2967/2888/2720 2887/2808/2720
f 2887/2808/2721 2967/2888/2721 2968/2889/2721 2888/2809/2721
f 2888/2809/2722 2968/2889/2722 2969/2890/2722 2889/2810/2722
f 2889/2810/2723 2969/2890/2723 2970/2891/2723 2890/2811/2723
f 2890/2811/2724 2970/2891/2724 2971/2892/2724 2891/2812/2724
f 2891/2812/2725 2971/2892/2725 2972/2893/2725 2892/2813/2725
f 2892/2813/2726 2972/2893/2726 2973/2894/2726 2893/2814/2726
f 2893/2814/2727 2973/2894/2727 2974/2895/2727 2894/2815/2727
f 2894/2815/2728 2974/2895/2728 2975/2896/2728 2895/2816/2728
f 2895/2816/2729 2975/2896/2729 2976/2897/2729 2896/2817/2729
f 2896/2817/2730 2976/2897/2730 2977/2898/2730 2897/2818/2730
f 2897/2818/2731 2977/2898/2731 2978/2899/2731 2898/2819/2731
f 2898/2819/2732 2978/2899/2732 2979/2900/2732 2899/2820/2732
f 2899/2820/2733 2979/2900/2733 2980/2901/2733 2900/2821/2733
f 2900/2821/2734 2980/2901/2734 2981/2902/2734 2901/2822/2734
f 2901/2822/2735 2981/2902/2735 2982/2903/2735 2902/2823/2735
f 2902/2823/2736 2982/2903/2736 2983/2904/2736 2903/2824/2736
f 2903/2824/2737 2983/2904/2737 2984/2905/2737 2904/2825/2737
f 2904/2825/2738 2984/2905/2738 2985/2906/2738 2905/2826/2738
f 2905/2826/2739 2985/2906/2739 2986/2907/2739 2906/2827/2739
f 2906/2827/2740 2986/2907/2740 2987/2908/2740 2907/2828/2740
f 2907/2828/2741 2987/2908/2741 2988/2909/2741 2908/2829/2741
f 2908/2829/2742 2988/2909/2742 2989/2910/2742 2909/2830/2742
f 2909/2830/2743 2989/2910/2743 2990/2911/2743 2910/2831/2743
f 2910/2831/2744 2990/2911/2744 2991/2912/2744 2911/2832/2744
f 2911/2832/2745 2991/2912/2745 2992/2913/2745 2912/2833/2745
f 2912/2833/2746 2992/2913/2746 2993/2914/2746 2913/2834/2746
f 2913/2834/2747 2993/2914/2747 2994/2915/2747 2914/2835/2747
f 2914/2835/2748 2994/2915/2748 2995/2916/2748 2915/2836/2748
f 2915/2836/2749 2995/2916/2749 2996/2917/2749 2916/2837/2749
f 2916/2837/2750 2996/2917/2750 2997/2918/2750 2917/2838/2750
f 2917/2838/2751 2997/2918/2751 2998/2919/2751 2918/2839/2751
f 2918/2839/2752 2998/2919/2752 2999/2920/2752 2919/2840/2752
f 2919/2840/2753 2999/2920/2753 3000/2921/2753 2920/2841/2753
f 2920/2841/2754 3000/2921/2754 3001/2922/2754 2921/2842/2754
f 2921/2842/2755 3001/2922/2755 3002/2923/2755 2922/2843/2755
f 2922/2843/2756 3002/2923/2756 3003/2924/2756 2923/2844/2756
f 2923/2844/2757 3003/2924/2757 3004/2925/2757 2924/2845/2757
f 2924/2845/2758 3004/2925/2758 3005/2926/2758 2925/2846/2758
f 2925/2846/2759 3005/2926/2759 3006/2927/2759 2926/2847/2759
f 2926/2847/2760 3006/2927/2760 3007/2928/2760 2927/2848/2760
f 2927/2848/2761 3007/2928/2761 3008/2929/2761 2928/2849/2761
f 2928/2849/2762 3008/2929/2762 3009/2930/2762 2929/2850/2762
f 2929/2850/2763 3009/2930/2763 3010/2931/2763 2930/2851/2763
f 2930/2851/2764 3010/2931/2764 3011/2932/2764 2931/2852/2764
f 2931/2852/2765 3011/2932/2765 3012/2933/2765 2932/2853/2765
f 2932/2853/2766 3012/2933/2766 3013/2934/2766 2933/2854/2766
f 2933/2854/2767 3013/2934/2767 3014/2935/2767 2934/2855/2767
f 2934/2855/2768 3014/2935/2768 3015/2936/2768 2935/2856/2768
f 2935/2856/2769 3015/2936/2769 3016/2937/2769 2936/2857/2769
f 2936/2857/2770 3016/2937/2770 3017/2938/2770 2937/2858/2770
f 2937/2858/2771 3017/2938/2771 3018/2939/2771 2938/2859/2771
f 2938/2859/2772 3018/2939/2772 3019/2940/2772 2939/2860/2772
f 2939/2860/2773 3019/2940/2773 3020/2941/2773 2940/2861/2773
f 2940/2861/2774 3020/2941/2774 3021/2942/2774 2941/2862/2774
f 2941/2862/2775 3021/2942/2775 3022/2943/2775 2942/2863/2775
f 2942/2863/2776 3022/2943/2776 3023/2944/2776 2943/2864/2776
f 2943/2864/2777 3023/2944/2777 3024/2945/2777 2944/2865/2777
f 2944/2865/2778 3024/2945/2778 3025/2946/2778 2945/2866/2778
f 2945/2866/2779 3025/2946/2779 3026/2947/2779 2946/2867/2779
f 2946/2867/2780 3026/2947/2780 3027/2948/2780 2947/2868/2780
f 2947/2868/2781 3027/2948/2781 3028/2949/2781 2948/2869/2781
f 2948/2869/2782 3028/2949/2782 3029/2950/2782 2949/2870/2782
f 2949/2870/2783 3029/2950/2783 3030/2951/2783 2950/2871/2783
f 2950/2871/2784 3030/2951/2784 3031/2952/2784 2951/2872/2784
f 2951/2872/2785 3031/2952/2785 3032/2953/2785 2952/2873/2785
f 2952/2873/2786 3032/2953/2786 3033/2954/2786 2953/2874/2786
f 2953/2874/2787 3033/2954/2787 3034/2955/2787 2954/2875/2787
f 2954/2875/2788 3034/2955/2788 3035/2956/2788 2955/2876/2788
f 2955/2876/2789 3035/2956/2789 3036/2957/2789 2956/2877/2789
f 2956/2877/2790 3036/2957/2790 3037/2958/2790 2957/2878/2790
f 2957/2878/2791 3037/2958/2791 3038/2959/2791 2958/2879/2791
f 2958/2879/2792 3038/2959/2792 3039/2960/2792 2959/2880/2792
f 2959/2880/2793 3039/2960/2793 3040/2961/2793 2960/2881/2793
f 2960/2881/2794 3040/2961/2794 3041/2962/2794 2961/2882/2794
f 2961/2882/2795 3041/2962/2795 3042/2963/2795 2962/2883/2795
f 2962/2883/2796 3042/2963/2796 3043/2964/2796 2963/2884/2796
f 2963/2884/2797 3043/2964/2797 3044/74/2797 2964/72/2797
f 118/2886/2798 119/2966/2798 3045/2965/2798 2965/2885/2798
f 2965/2885/2799 3045/2965/2799 3046/2967/2799 2966/2887/2799
f 2966/2887/2800 3046/2967/2800 3047/2968/2800 2967/2888/2800
f 2967/2888/2801 3047/2968/2801 3048/2969/2801 2968/2889/2801
f 2968/2889/2802 3048/2969/2802 3049/2970/2802 2969/2890/2802
f 2969/2890/2803 3049/2970/2803 3050/2971/2803 2970/2891/2803
f 2970/2891/2804 3050/2971/2804 3051/2972/2804 2971/2892/2804
f 2971/2892/2805 3051/2972/2805 3052/2973/2805 2972/2893/2805
f 2972/2893/2806 3052/2973/2806 3053/2974/2806 2973/2894/2806
f 2973/2894/2807 3053/2974/2807 3054/2975/2807 2974/2895/2807
f 2974/2895/2808 3054/2975/2808 3055/2976/2808 2975/2896/2808
f 2975/2896/2809 3055/2976/2809 3056/2977/2809 2976/2897/2809
f 2976/2897/2810 3056/2977/2810 3057/2978/2810 2977/2898/2810
f 2977/2898/2811 3057/2978/2811 3058/2979/2811 2978/2899/2811
f 2978/2899/2812 3058/2979/2812 3059/2980/2812 2979/2900/2812
f 2979/2900/2813 3059/2980/2813 3060/2981/2813 2980/2901/2813
f 2980/2901/2814 3060/2981/2814 3061/2982/2814 2981/2902/2814
f 2981/2902/2815 3061/2982/2815 3062/2983/2815 2982/2903/2815
f 2982/2903/2816 3062/2983/2816 3063/2984/2816 2983/2904/2816
f 2983/2904/2817 3063/2984/2817 3064/2985/2817 2984/2905/2817
f 2984/2905/2818 3064/2985/2818 3065/2986/2818 2985/2906/2818
f 2985/2906/2819 3065/2986/2819 3066/2987/2819 2986/2907/2819
f 2986/2907/2820 3066/2987/2820 3067/2988/2820 2987/2908/2820
f 2987/2908/2821 3067/2988/2821 3068/2989/2821 2988/2909/2821
f 2988/2909/2822 3068/2989/2822 3069/2990/2822 2989/2910/2822
f 2989/2910/2823 3069/2990/2823 3070/2991/2823 2990/2911/2823
f 2990/2911/2824 3070/2991/2824 3071/2992/2824 2991/2912/2824
f 2991/2912/2825 3071/2992/2825 3072/2993/2825 2992/2913/2825
f 2992/2913/2826 3072/2993/2826 3073/2994/2826 2993/2914/2826
f 2993/2914/2827 3073/2994/2827 3074/2995/2827 2994/2915/2827
f 2994/2915/2828 3074/2995/2828 3075/2996/2828 2995/2916/2828
f 2995/2916/2829 3075/2996/2829 3076/2997/2829 2996/2917/2829
f 2996/2917/2830 3076/2997/2830 3077/2998/2830 2997/2918/2830
f 2997/2918/2831 3077/2998/2831 3078/2999/2831 2998/2919/2831
f 2998/2919/2832 3078/2999/2832 3079/3000/2832 2999/2920/2832
f 2999/2920/2833 3079/3000/2833 3080/3001/2833 3000/2921/2833
f 3000/2921/2834 3080/3001/2834 3081/3002/2834 3001/2922/2834
f 3001/2922/2835 3081/3002/2835 3082/3003/2835 3002/2923/2835
f 3002/2923/2836 3082/3003/2836 3083/3004/2836 3003/2924/2836
f 3003/2924/2837 3083/3004/2837 3084/3005/2837 3004/2925/2837
f 3004/2925/2838 3084/3005/2838 3085/3006/2838 3005/2926/2838
f 3005/2926/2839 3085/3006/2839 3086/3007/2839 3006/2927/2839
f 3006/2927/2840 3086/3007/2840 3087/3008/2840 3007/2928/2840
f 3007/2928/2841 3087/3008/2841 3088/3009/2841 3008/2929/2841
f 3008/2929/2842 3088/3009/2842 3089/3010/2842 3009/2930/2842
f 3009/2930/2843 3089/3010/2843 3090/3011/2843 3010/2931/2843
f 3010/2931/2844 3090/3011/2844 3091/3012/2844 3011/2932/2844
f 3011/2932/2845 3091/3012/2845 3092/3013/2845 3012/2933/2845
f 3012/2933/2846 3092/3013/2846 3093/3014/2846 3013/2934/2846
f 3013/2934/2847 3093/3014/2847 3094/3015/2847 3014/2935/2847
f 3014/2935/2848 3094/3015/2848 3095/3016/2848 3015/2936/2848
f 3015/2936/2849 3095/3016/2849 3096/3017/2849 3016/2937/2849
f 3016/2937/2850 3096/3017/2850 3097/3018/2850 3017/2938/2850
f 3017/2938/2851 3097/3018/2851 3098/3019/2851 3018/2939/2851
f 3018/2939/2852 3098/3019/2852 3099/3020/2852 3019/2940/2852
f 3019/2940/2853 3099/3020/2853 3100/3021/2853 3020/2941/2853
f 3020/2941/2854 3100/3021/2854 3101/3022/2854 3021/2942/2854
f 3021/2942/2855 3101/3022/2855 3102/3023/2855 3022/2943/2855
f 3022/2943/2856 3102/3023/2856 3103/3024/2856 3023/2944/2856
f 3023/2944/2857 3103/3024/2857 3104/3025/2857 3024/2945/2857
f 3024/2945/2858 3104/3025/2858 3105/3026/2858 3025/2946/2858
f 3025/2946/2859 3105/3026/2859 3106/3027/2859 3026/2947/2859
f 3026/2947/2860 3106/3027/2860 3107/3028/2860 3027/2948/2860
f 3027/2948/2861 3107/3028/2861 3108/3029/2861 3028/2949/2861
f 3028/2949/2862 3108/3029/2862 3109/3030/2862 3029/2950/2862
f 3029/2950/2863 3109/3030/2863 3110/3031/2863 3030/2951/2863
f 3030/2951/2864 3110/3031/2864 3111/3032/2864 3031/2952/2864
f 3031/2952/2865 3111/3032/2865 3112/3033/2865 3032/2953/2865
f 3032/2953/2866 3112/3033/2866 3113/3034/2866 3033/2954/2866
f 3033/2954/2867 3113/3034/2867 3114/3035/2867 3034/2955/2867
f 3034/2955/2868 3114/3035/2868 3115/3036/2868 3035/2956/2868
f 3035/2956/2869 3115/3036/2869 3116/3037/2869 3036/2957/2869
f 3036/2957/2870 3116/3037/2870 3117/3038/2870 3037/2958/2870
f 3037/2958/2871 3117/3038/2871 3118/3039/2871 3038/2959/2871
f 3038/2959/2872 3118/3039/2872 3119/3040/2872 3039/2960/2872
f 3039/2960/2873 3119/3040/2873 3120/3041/2873 3040/2961/2873
f 3040/2961/2874 3120/3041/2874 3121/3042/2874 3041/2962/2874
f 3041/2962/2875 3121/3042/2875 3122/3043/2875 3042/2963/2875
f 3042/2963/2876 3122/3043/2876 3123/3044/2876 3043/2964/2876
f 3043/2964/2877 3123/3044/2877 3124/76/2877 3044/74/2877
f 119/2966/2878 120/3046/2878 3125/3045/2878 3045/2965/2878
f 3045/2965/2879 3125/3045/2879 3126/3047/2879 3046/2967/2879
f 3046/2967/2880 3126/3047/2880 3127/3048/2880 3047/2968/2880
f 3047/2968/2881 3127/3048/2881 3128/3049/2881 3048/2969/2881
f 3048/2969/2882 3128/3049/2882 3129/3050/2882 3049/2970/2882
f 3049/2970/2883 3129/3050/2883 3130/3051/2883 3050/2971/2883
f 3050/2971/2884 3130/3051/2884 3131/3052/2884 3051/2972/2884
f 3051/2972/2885 3131/3052/2885 3132/3053/2885 3052/2973/2885
f 3052/2973/2886 3132/3053/2886 3133/3054/2886 3053/2974/2886
f 3053/2974/2887 3133/3054/2887 3134/3055/2887 3054/2975/2887
f 3054/2975/2888 3134/3055/2888 3135/3056/2888 3055/2976/2888
f 3055/2976/2889 3135/3056/2889 3136/3057/2889 3056/2977/2889
f 3056/2977/2890 3136/3057/2890 3137/3058/2890 3057/2978/2890
f 3057/2978/2891 3137/3058/2891 3138/3059/2891 3058/2979/2891
f 3058/2979/2892 3138/3059/2892 3139/3060/2892 3059/2980/2892
f 3059/2980/2893 3139/3060/2893 3140/3061/2893 3060/2981/2893
f 3060/2981/2894 3140/3061/2894 3141/3062/2894 3061/2982/2894
f 3061/2982/2895 3141/3062/2895 3142/3063/2895 3062/2983/2895
f 3062/2983/2896 3142/3063/2896 3143/3064/2896 3063/2984/2896
f 3063/2984/2897 3143/3064/2897 3144/3065/2897 3064/2985/2897
f 3064/2985/2898 3144/3065/2898 3145/3066/2898 3065/2986/2898
f 3065/2986/2899 3145/3066/2899 3146/3067/2899 3066/2987/2899
f 3066/2987/2900 3146/3067/2900 3147/3068/2900 3067/2988/2900
f 3067/2988/2901 3147/3068/2901 3148/3069/2901 3068/2989/2901
f 3068/2989/2902 3148/3069/2902 3149/3070/2902 3069/2990/2902
f 3069/2990/2903 3149/3070/2903 3150/3071/2903 3070/2991/2903
f 3070/2991/2904 3150/3071/2904 3151/3072/2904 3071/2992/2904
f 3071/2992/2905 3151/3072/2905 3152/3073/2905 3072/2993/2905
f 3072/2993/2906 3152/3073/2906 3153/3074/2906 3073/2994/2906
f 3073/2994/2907 3153/3074/2907 3154/3075/2907 3074/2995/2907
f 3074/2995/2908 3154/3075/2908 3155/3076/2908 3075/2996/2908
f 3075/2996/2909 3155/3076/2909 3156/3077/2909 3076/2997/2909
f 3076/2997/2910 3156/3077/2910 3157/3078/2910 3077/2998/2910
f 3077/2998/2911 3157/3078/2911 3158/3079/2911 3078/2999/2911
f 3078/2999/2912 3158/3079/2912 3159/3080/2912 3079/3000/2912
f 3079/3000/2913 3159/3080/2913 3160/3081/2913 3080/3001/2913
f 3080/3001/2914 3160/3081/2914 3161/3082/2914 3081/3002/2914
f 3081/3002/2915 3161/3082/2915 3162/3083/2915 3082/3003/2915
f 3082/3003/2916 3162/3083/2916 3163/3084/2916 3083/3004/2916
f 3083/3004/2917 3163/3084/2917 3164/3085/2917 3084/3005/2917
f 3084/3005/2918 3164/3085/2918 3165/3086/2918 3085/3006/2918
f 3085/3006/2919 3165/3086/2919 3166/3087/2919 3086/3007/2919
f 3086/3007/2920 3166/3087/2920 3167/3088/2920 3087/3008/2920
f 3087/3008/2921 3167/3088/2921 3168/3089/2921 3088/3009/2921
f 3088/3009/2922 3168/3089/2922 3169/3090/2922 3089/3010/2922
f 3089/3010/2923 3169/3090/2923 3170/3091/2923 3090/3011/2923
f 3090/3011/2924 3170/3091/2924 3171/3092/2924 3091/3012/2924
f 3091/3012/2925 3171/3092/2925 3172/3093/2925 3092/3013/2925
f 3092/3013/2926 3172/3093/2926 3173/3094/2926 3093/3014/2926
f 3093/3014/2927 3173/3094/2927 3174/3095/2927 3094/3015/2927
f 3094/3015/2928 3174/3095/2928 3175/3096/2928 3095/3016/2928
f 3095/3016/2929 3175/3096/2929 3176/3097/2929 3096/3017/2929
f 3096/3017/2930 3176/3097/2930 3177/3098/2930 3097/3018/2930
f 3097/3018/2931 3177/3098/2931 3178/3099/2931 3098/3019/2931
f 3098/3019/2932 3178/3099/2932 3179/3100/2932 3099/3020/2932
f 3099/3020/2933 3179/3100/2933 3180/3101/2933 3100/3021/2933
f 3100/3021/2934 3180/3101/2934 3181/3102/2934 3101/3022/2934
f 3101/3022/2935 3181/3102/2935 3182/3103/2935 3102/3023/2935
f 3102/3023/2936 3182/3103/2936 3183/3104/2936 3103/3024/2936
f 3103/3024/2937 3183/3104/2937 3184/3105/2937 3104/3025/2937
f 3104/3025/2938 3184/3105/2938 3185/3106/2938 3105/3026/2938
f 3105/3026/2939 3185/3106/2939 3186/3107/2939 3106/3027/2939
f 3106/3027/2940 3186/3107/2940 3187/3108/2940 3107/3028/2940
f 3107/3028/2941 3187/3108/2941 3188/3109/2941 3108/3029/2941
f 3108/3029/2942 3188/3109/2942 3189/3110/2942 3109/3030/2942
f 3109/3030/2943 3189/3110/2943 3190/3111/2943 3110/3031/2943
f 3110/3031/2944 3190/3111/2944 3191/3112/2944 3111/3032/2944
f 3111/3032/2945 3191/3112/2945 3192/3113/2945 3112/3033/2945
f 3112/3033/2946 3192/3113/2946 3193/3114/2946 3113/3034/2946
f 3113/3034/2947 3193/3114/2947 3194/3115/2947 3114/3035/2947
f 3114/3035/2948 3194/3115/2948 3195/3116/2948 3115/3036/2948
f 3115/3036/2949 3195/3116/2949 3196/3117/2949 3116/3037/2949
f 3116/3037/2950 3196/3117/2950 3197/3118/2950 3117/3038/2950
f 3117/3038/2951 3197/3118/2951 3198/3119/2951 3118/3039/2951
f 3118/3039/2952 3198/3119/2952 3199/3120/2952 3119/3040/2952
f 3119/3040/2953 3199/3120/2953 3200/3121/2953 3120/3041/2953
f 3120/3041/2954 3200/3121/2954 3201/3122/2954 3121/3042/2954
f 3121/3042/2955 3201/3122/2955 3202/3123/2955 3122/3043/2955
f 3122/3043/2956 3202/3123/2956 3203/3124/2956 3123/3044/2956
f 3123/3044/2957 3203/3124/2957 3204/78/2957 3124/76/2957
f 120/3046/2958 121/3126/2958 3205/3125/2958 3125/3045/2958
f 3125/3045/2959 3205/3125/2959 3206/3127/2959 3126/3047/2959
f 3126/3047/2960 3206/3127/2960 3207/3128/2960 3127/3048/2960
f 3127/3048/2961 3207/3128/2961 3208/3129/2961 3128/3049/2961
f 3128/3049/2962 3208/3129/2962 3209/3130/2962 3129/3050/2962
f 3129/3050/2963 3209/3130/2963 3210/3131/2963 3130/3051/2963
f 3130/3051/2964 3210/3131/2964 3211/3132/2964 3131/3052/2964
f 3131/3052/2965 3211/3132/2965 3212/3133/2965 3132/3053/2965
f 3132/3053/2966 3212/3133/2966 3213/3134/2966 3133/3054/2966
f 3133/3054/2967 3213/3134/2967 3214/3135/2967 3134/3055/2967
f 3134/3055/2968 3214/3135/2968 3215/3136/2968 3135/3056/2968
f 3135/3056/2969 3215/3136/2969 3216/3137/2969 3136/3057/2969
f 3136/3057/2970 3216/3137/2970 3217/3138/2970 3137/3058/2970
f 3137/3058/2971 3217/3138/2971 3218/3139/2971 3138/3059/2971
f 3138/3059/2972 3218/3139/2972 3219/3140/2972 3139/3060/2972
f 3139/3060/2973 3219/3140/2973 3220/3141/2973 3140/3061/2973
f 3140/3061/2974 3220/3141/2974 3221/3142/2974 3141/3062/2974
f 3141/3062/2975 3221/3142/2975 3222/3143/2975 3142/3063/2975
f 3142/3063/2976 3222/3143/2976 3223/3144/2976 3143/3064/2976
f 3143/3064/2977 3223/3144/2977 3224/3145/2977 3144/3065/2977
f 3144/3065/2978 3224/3145/2978 3225/3146/2978 3145/3066/2978
f 3145/3066/2979 3225/3146/2979 3226/3147/2979 3146/3067/2979
f 3146/3067/2980 3226/3147/2980 3227/3148/2980 3147/3068/2980
f 3147/3068/2981 3227/3148/2981 3228/3149/2981 3148/3069/2981
f 3148/3069/2982 3228/3149/2982 3229/3150/2982 3149/3070/2982
f 3149/3070/2983 3229/3150/2983 3230/3151/2983 3150/3071/2983
f 3150/3071/2984 3230/3151/2984 3231/3152/2984 3151/3072/2984
f 3151/3072/2985 3231/3152/2985 3232/3153/2985 3152/3073/2985
f 3152/3073/2986 3232/3153/2986 3233/3154/2986 3153/3074/2986
f 3153/3074/2987 3233/3154/2987 3234/3155/2987 3154/3075/2987
f 3154/3075/2988 3234/3155/2988 3235/3156/2988 3155/3076/2988
f 3155/3076/2989 3235/3156/2989 3236/3157/2989 3156/3077/2989
f 3156/3077/2990 3236/3157/2990 3237/3158/2990 3157/3078/2990
f 3157/3078/2991 3237/3158/2991 3238/3159/2991 3158/3079/2991
f 3158/3079/2992 3238/3159/2992 3239/3160/2992 3159/3080/2992
f 3159/3080/2993 3239/3160/2993 3240/3161/2993 3160/3081/2993
f 3160/3081/2994 3240/3161/2994 3241/3162/2994 3161/3082/2994
f 3161/3082/2995 3241/3162/2995 3242/3163/2995 3162/3083/2995
f 3162/3083/2996 3242/3163/2996 3243/3164/2996 3163/3084/2996
f 3163/3084/2997 3243/3164/2997 3244/3165/2997 3164/3085/2997
f 3164/3085/2998 3244/3165/2998 3245/3166/2998 3165/3086/2998
f 3165/3086/2999 3245/3166/2999 3246/3167/2999 3166/3087/2999
f 3166/3087/3000 3246/3167/3000 3247/3168/3000 3167/3088/3000
f 3167/3088/3001 3247/3168/3001 3248/3169/3001 3168/3089/3001
f 3168/3089/3002 3248/3169/3002 3249/3170/3002 3169/3090/3002
f 3169/3090/3003 3249/3170/3003 3250/3171/3003 3170/3091/3003
f 3170/3091/3004 3250/3171/3004 3251/3172/3004 3171/3092/3004
f 3171/3092/3005 3251/3172/3005 3252/3173/3005 3172/3093/3005
f 3172/3093/3006 3252/3173/3006 3253/3174/3006 3173/3094/3006
f 3173/3094/3007 3253/3174/3007 3254/3175/3007 3174/3095/3007
f 3174/3095/3008 3254/3175/3008 3255/3176/3008 3175/3096/3008
f 3175/3096/3009 3255/3176/3009 3256/3177/3009 3176/3097/3009
f 3176/3097/3010 3256/3177/3010 3257/3178/3010 3177/3098/3010
f 3177/3098/3011 3257/3178/3011 3258/3179/3011 3178/3099/3011
f 3178/3099/3012 3258/3179/3012 3259/3180/3012 3179/3100/3012
f 3179/3100/3013 3259/3180/3013 3260/3181/3013 3180/3101/3013
f 3180/3101/3014 3260/3181/3014 3261/3182/3014 3181/3102/3014
f 3181/3102/3015 3261/3182/3015 3262/3183/3015 3182/3103/3015
f 3182/3103/3016 3262/3183/3016 3263/3184/3016 3183/3104/3016
f 3183/3104/3017 3263/3184/3017 3264/3185/3017 3184/3105/3017
f 3184/3105/3018 3264/3185/3018 3265/3186/3018 3185/3106/3018
f 3185/3106/3019 3265/3186/3019 3266/3187/3019 3186/3107/3019
f 3186/3107/3020 3266/3187/3020 3267/3188/3020 3187/3108/3020
f 3187/3108/3021 3267/3188/3021 3268/3189/3021 3188/3109/3021
f 3188/3109/3022 3268/3189/3022 3269/3190/3022 3189/3110/3022
f 3189/3110/3023 3269/3190/3023 3270/3191/3023 3190/3111/3023
f 3190/3111/3024 3270/3191/3024 3271/3192/3024 3191/3112/3024
f 3191/3112/3025 3271/3192/3025 3272/3193/3025 3192/3113/3025
f 3192/3113/3026 3272/3193/3026 3273/3194/3026 3193/3114/3026
f 3193/3114/3027 3273/3194/3027 3274/3195/3027 3194/3115/3027
f 3194/3115/3028 3274/3195/3028 3275/3196/3028 3195/3116/3028
f 3195/3116/3029 3275/3196/3029 3276/3197/3029 3196/3117/3029
f 3196/3117/3030 3276/3197/3030 3277/3198/3030 3197/3118/3030
f 3197/3118/3031 3277/3198/3031 3278/3199/3031 3198/3119/3031
f 3198/3119/3032 3278/3199/3032 3279/3200/3032 3199/3120/3032
f 3199/3120/3033 3279/3200/3033 3280/3201/3033 3200/3121/3033
f 3200/3121/3034 3280/3201/3034 3281/3202/3034 3201/3122/3034
f 3201/3122/3035 3281/3202/3035 3282/3203/3035 3202/3123/3035
f 3202/3123/3036 3282/3203/3036 3283/3204/3036 3203/3124/3036
f 3203/3124/3037 3283/3204/3037 3284/80/3037 3204/78/3037
f 121/3126/3038 122/3206/3038 3285/3205/3038 3205/3125/3038
f 3205/3125/3039 3285/3205/3039 3286/3207/3039 3206/3127/3039
f 3206/3127/3040 3286/3207/3040 3287/3208/3040 3207/3128/3040
f 3207/3128/3041 3287/3208/3041 3288/3209/3041 3208/3129/3041
f 3208/3129/3042 3288/3209/3042 3289/3210/3042 3209/3130/3042
f 3209/3130/3043 3289/3210/3043 3290/3211/3043 3210/3131/3043
f 3210/3131/3044 3290/3211/3044 3291/3212/3044 3211/3132/3044
f 3211/3132/3045 3291/3212/3045 3292/3213/3045 3212/3133/3045
f 3212/3133/3046 3292/3213/3046 3293/3214/3046 3213/3134/3046
f 3213/3134/3047 3293/3214/3047 3294/3215/3047 3214/3135/3047
f 3214/3135/3048 3294/3215/3048 3295/3216/3048 3215/3136/3048
f 3215/3136/3049 3295/3216/3049 3296/3217/3049 3216/3137/3049
f 3216/3137/3050 3296/3217/3050 3297/3218/3050 3217/3138/3050
f 3217/3138/3051 3297/3218/3051 3298/3219/3051 3218/3139/3051
f 3218/3139/3052 3298/3219/3052 3299/3220/3052 3219/3140/3052
f 3219/3140/3053 3299/3220/3053 3300/3221/3053 3220/3141/3053
f 3220/3141/3054 3300/3221/3054 3301/3222/3054 3221/3142/3054
f 3221/3142/3055 3301/3222/3055 3302/3223/3055 3222/3143/3055
f 3222/3143/3056 3302/3223/3056 3303/3224/3056 3223/3144/3056
f 3223/3144/3057 3303/3224/3057 3304/3225/3057 3224/3145/3057
f 3224/3145/3058 3304/3225/3058 3305/3226/3058 3225/3146/3058
f 3225/3146/3059 3305/3226/3059 3306/3227/3059 3226/3147/3059
f 3226/3147/3060 3306/3227/3060 3307/3228/3060 3227/3148/3060
f 3227/3148/3061 3307/3228/3061 3308/3229/3061 3228/3149/3061
f 3228/3149/3062 3308/3229/3062 3309/3230/3062 3229/3150/3062
f 3229/3150/3063 3309/3230/3063 3310/3231/3063 3230/3151/3063
f 3230/3151/3064 3310/3231/3064 3311/3232/3064 3231/3152/3064
f 3231/3152/3065 3311/3232/3065 3312/3233/3065 3232/3153/3065
f 3232/3153/3066 3312/3233/3066 3313/3234/3066 3233/3154/3066
f 3233/3154/3067 3313/3234/3067 3314/3235/3067 3234/3155/3067
f 3234/3155/3068 3314/3235/3068 3315/3236/3068 3235/3156/3068
f 3235/3156/3069 3315/3236/3069 3316/3237/3069 3236/3157/3069
f 3236/3157/3070 3316/3237/3070 3317/3238/3070 3237/3158/3070
f 3237/3158/3071 3317/3238/3071 3318/3239/3071 3238/3159/3071
f 3238/3159/3072 3318/3239/3072 3319/3240/3072 3239/3160/3072
f 3239/3160/3073 3319/3240/3073 3320/3241/3073 3240/3161/3073
f 3240/3161/3074 3320/3241/3074 3321/3242/3074 3241/3162/3074
f 3241/3162/3075 3321/3242/3075 3322/3243/3075 3242/3163/3075
f 3242/3163/3076 3322/3243/3076 3323/3244/3076 3243/3164/3076
f 3243/3164/3077 3323/3244/3077 3324/3245/3077 3244/3165/3077
f 3244/3165/3078 3324/3245/3078 3325/3246/3078 3245/3166/3078
f 3245/3166/3079 3325/3246/3079 3326/3247/3079 3246/3167/3079
f 3246/3167/3080 3326/3247/3080 3327/3248/3080 3247/3168/3080
f 3247/3168/3081 3327/3248/3081 3328/3249/3081 3248/3169/3081
f 3248/3169/3082 3328/3249/3082 3329/3250/3082 3249/3170/3082
f 3249/3170/3083 3329/3250/3083 3330/3251/3083 3250/3171/3083
f 3250/3171/3084 3330/3251/3084 3331/3252/3084 3251/3172/3084
f 3251/3172/3085 3331/3252/3085 3332/3253/3085 3252/3173/3085
f 3252/3173/3086 3332/3253/3086 3333/3254/3086 3253/3174/3086
f 3253/3174/3087 3333/3254/3087 3334/3255/3087 3254/3175/3087
f 3254/3175/3088 3334/3255/3088 3335/3256/3088 3255/3176/3088
f 3255/3176/3089 3335/3256/3089 3336/3257/3089 3256/3177/3089
f 3256/3177/3090 3336/3257/3090 3337/3258/3090 3257/3178/3090
f 3257/3178/3091 3337/3258/3091 3338/3259/3091 3258/3179/3091
f 3258/3179/3092 3338/3259/3092 3339/3260/3092 3259/3180/3092
f 3259/3180/3093 3339/3260/3093 3340/3261/3093 3260/3181/3093
f 3260/3181/3094 3340/3261/3094 3341/3262/3094 3261/3182/3094
f 3261/3182/3095 3341/3262/3095 3342/3263/3095 3262/3183/3095
f 3262/3183/3096 3342/3263/3096 3343/3264/3096 3263/3184/3096
f 3263/3184/3097 3343/3264/3097 3344/3265/3097 3264/3185/3097
f 3264/3185/3098 3344/3265/3098 3345/3266/3098 3265/3186/3098
f 3265/3186/3099 3345/3266/3099 3346/3267/3099 3266/3187/3099
f 3266/3187/3100 3346/3267/3100 3347/3268/3100 3267/3188/3100
f 3267/3188/3101 3347/3268/3101 3348/3269/3101 3268/3189/3101
f 3268/3189/3102 3348/3269/3102 3349/3270/3102 3269/3190/3102
f 3269/3190/3103 3349/3270/3103 3350/3271/3103 3270/3191/3103
f 3270/3191/3104 3350/3271/3104 3351/3272/3104 3271/3192/3104
f 3271/3192/3105 3351/3272/3105 3352/3273/3105 3272/3193/3105
f 3272/3193/3106 3352/3273/3106 3353/3274/3106 3273/3194/3106
f 3273/3194/3107 3353/3274/3107 3354/3275/3107 3274/3195/3107
f 3274/3195/3108 3354/3275/3108 3355/3276/3108 3275/3196/3108
f 3275/3196/3109 3355/3276/3109 3356/3277/3109 3276/3197/3109
f 3276/3197/3110 3356/3277/3110 3357/3278/3110 3277/3198/3110
f 3277/3198/3111 3357/3278/3111 3358/3279/3111 3278/3199/3111
f 3278/3199/3112 3358/3279/3112 3359/3280/3112 3279/3200/3112
f 3279/3200/3113 3359/3280/3113 3360/3281/3113 3280/3201/3113
f 3280/3201/3114 3360/3281/3114 3361/3282/3114 3281/3202/3114
f 3281/3202/3115 3361/3282/3115 3362/3283/3115 3282/3203/3115
f 3282/3203/3116 3362/3283/3116 3363/3284/3116 3283/3204/3116
f 3283/3204/3117 3363/3284/3117 3364/82/3117 3284/80/3117
f 122/3206/3118 123/3286/3118 3365/3285/3118 3285/3205/3118
f 3285/3205/3119 3365/3285/3119 3366/3287/3119 3286/3207/3119
f 3286/3207/3120 3366/3287/3120 3367/3288/3120 3287/3208/3120
f 3287/3208/3121 3367/3288/3121 3368/3289/3121 3288/3209/3121
f 3288/3209/3122 3368/3289/3122 3369/3290/3122 3289/3210/3122
f 3289/3210/3123 3369/3290/3123 3370/3291/3123 3290/3211/3123
f 3290/3211/3124 3370/3291/3124 3371/3292/3124 3291/3212/3124
f 3291/3212/3125 3371/3292/3125 3372/3293/3125 3292/3213/3125
f 3292/3213/3126 3372/3293/3126 3373/3294/3126 3293/3214/3126
f 3293/3214/3127 3373/3294/3127 3374/3295/3127 3294/3215/3127
f 3294/3215/3128 3374/3295/3128 3375/3296/3128 3295/3216/3128
f 3295/3216/3129 3375/3296/3129 3376/3297/3129 3296/3217/3129
f 3296/3217/3130 3376/3297/3130 3377/3298/3130 3297/3218/3130
f 3297/3218/3131 3377/3298/3131 3378/3299/3131 3298/3219/3131
f 3298/3219/3132 3378/3299/3132 3379/3300/3132 3299/3220/3132
f 3299/3220/3133 3379/3300/3133 3380/3301/3133 3300/3221/3133
f 3300/3221/3134 3380/3301/3134 3381/3302/3134 3301/3222/3134
f 3301/3222/3135 3381/3302/3135 3382/3303/3135 3302/3223/3135
f 3302/3223/3136 3382/3303/3136 3383/3304/3136 3303/3224/3136
f 3303/3224/3137 3383/3304/3137 3384/3305/3137 3304/3225/3137
f 3304/3225/3138 3384/3305/3138 3385/3306/3138 3305/3226/3138
f 3305/3226/3139 3385/3306/3139 3386/3307/3139 3306/3227/3139
f 3306/3227/3140 3386/3307/3140 3387/3308/3140 3307/3228/3140
f 3307/3228/3141 3387/3308/3141 3388/3309/3141 3308/3229/3141
f 3308/3229/3142 3388/3309/3142 3389/3310/3142 3309/3230/3142
f 3309/3230/3143 3389/3310/3143 3390/3311/3143 3310/3231/3143
f 3310/3231/3144 3390/3311/3144 3391/3312/3144 3311/3232/3144
f 3311/3232/3145 3391/3312/3145 3392/3313/3145 3312/3233/3145
f 3312/3233/3146 3392/3313/3146 3393/3314/3146 3313/3234/3146
f 3313/3234/3147 3393/3314/3147 3394/3315/3147 3314/3235/3147
f 3314/3235/3148 3394/3315/3148 3395/3316/3148 3315/3236/3148
f 3315/3236/3149 3395/3316/3149 3396/3317/3149 3316/3237/3149
f 3316/3237/3150 3396/3317/3150 3397/3318/3150 3317/3238/3150
f 3317/3238/3151 3397/3318/3151 3398/3319/3151 3318/3239/3151
f 3318/3239/3152 3398/3319/3152 3399/3320/3152 3319/3240/3152
f 3319/3240/3153 3399/3320/3153 3400/3321/3153 3320/3241/3153
f 3320/3241/3154 3400/3321/3154 3401/3322/3154 3321/3242/3154
f 3321/3242/3155 3401/3322/3155 3402/3323/3155 3322/3243/3155
f 3322/3243/3156 3402/3323/3156 3403/3324/3156 3323/3244/3156
f 3323/3244/3157 3403/3324/3157 3404/3325/3157 3324/3245/3157
f 3324/3245/3158 3404/3325/3158 3405/3326/3158 3325/3246/3158
f 3325/3246/3159 3405/3326/3159 3406/3327/3159 3326/3247/3159
f 3326/3247/3160 3406/3327/3160 3407/3328/3160 3327/3248/3160
f 3327/3248/3161 3407/3328/3161 3408/3329/3161 3328/3249/3161
f 3328/3249/3162 3408/3329/3162 3409/3330/3162 3329/3250/3162
f 3329/3250/3163 3409/3330/3163 3410/3331/3163 3330/3251/3163
f 3330/3251/3164 3410/3331/3164 3411/3332/3164 3331/3252/3164
f 3331/3252/3165 3411/3332/3165 3412/3333/3165 3332/3253/3165
f 3332/3253/3166 3412/3333/3166 3413/3334/3166 3333/3254/3166
f 3333/3254/3167 3413/3334/3167 3414/3335/3167 3334/3255/3167
f 3334/3255/3168 3414/3335/3168 3415/3336/3168 3335/3256/3168
f 3335/3256/3169 3415/3336/3169 3416/3337/3169 3336/3257/3169
f 3336/3257/3170 3416/3337/3170 3417/3338/3170 3337/3258/3170
f 3337/3258/3171 3417/3338/3171 3418/3339/3171 3338/3259/3171
f 3338/3259/3172 3418/3339/3172 3419/3340/3172 3339/3260/3172
f 3339/3260/3173 3419/3340/3173 3420/3341/3173 3340/3261/3173
f 3340/3261/3174 3420/3341/3174 3421/3342/3174 3341/3262/3174
f 3341/3262/3175 3421/3342/3175 3422/3343/3175 3342/3263/3175
f 3342/3263/3176 3422/3343/3176 3423/3344/3176 3343/3264/3176
f 3343/3264/3177 3423/3344/3177 3424/3345/3177 3344/3265/3177
f 3344/3265/3178 3424/3345/3178 3425/3346/3178 3345/3266/3178
f 3345/3266/3179 3425/3346/3179 3426/3347/3179 3346/3267/3179
f 3346/3267/3180 3426/3347/3180 3427/3348/3180 3347/3268/3180
f 3347/3268/3181 3427/3348/3181 3428/3349/3181 3348/3269/3181
f 3348/3269/3182 3428/3349/3182 3429/3350/3182 3349/3270/3182
f 3349/3270/3183 3429/3350/3183 3430/3351/3183 3350/3271/3183
f 3350/3271/3184 3430/3351/3184 3431/3352/3184 3351/3272/3184
f 3351/3272/3185 3431/3352/3185 3432/3353/3185 3352/3273/3185
f 3352/3273/3186 3432/3353/3186 3433/3354/3186 3353/3274/3186
f 3353/3274/3187 3433/3354/3187 3434/3355/3187 3354/3275/3187
f 3354/3275/3188 3434/3355/3188 3435/3356/3188 3355/3276/3188
f 3355/3276/3189 3435/3356/3189 3436/3357/3189 3356/3277/3189
f 3356/3277/3190 3436/3357/3190 3437/3358/3190 3357/3278/3190
f 3357/3278/3191 3437/3358/3191 3438/3359/3191 3358/3279/3191
f 3358/3279/3192 3438/3359/3192 3439/3360/3192 3359/3280/3192
f 3359/3280/3193 3439/3360/3193 3440/3361/3193 3360/3281/3193
f 3360/3281/3194 3440/3361/3194 3441/3362/3194 3361/3282/3194
f 3361/3282/3195 3441/3362/3195 3442/3363/3195 3362/3283/3195
f 3362/3283/3196 3442/3363/3196 3443/3364/3196 3363/3284/3196
f 3363/3284/3197 3443/3364/3197 3444/84/3197 3364/82/3197
f 123/3286/3198 124/3366/3198 3445/3365/3198 3365/3285/3198
f 3365/3285/3199 3445/3365/3199 3446/3367/3199 3366/3287/3199
f 3366/3287/3200 3446/3367/3200 3447/3368/3200 3367/3288/3200
f 3367/3288/3201 3447/3368/3201 3448/3369/3201 3368/3289/3201
f 3368/3289/3202 3448/3369/3202 3449/3370/3202 3369/3290/3202
f 3369/3290/3203 3449/3370/3203 3450/3371/3203 3370/3291/3203
f 3370/3291/3204 3450/3371/3204 3451/3372/3204 3371/3292/3204
f 3371/3292/3205 3451/3372/3205 3452/3373/3205 3372/3293/3205
f 3372/3293/3206 3452/3373/3206 3453/3374/3206 3373/3294/3206
f 3373/3294/3207 3453/3374/3207 3454/3375/3207 3374/3295/3207
f 3374/3295/3208 3454/3375/3208 3455/3376/3208 3375/3296/3208
f 3375/3296/3209 3455/3376/3209 3456/3377/3209 3376/3297/3209
f 3376/3297/3210 3456/3377/3210 3457/3378/3210 3377/3298/3210
f 3377/3298/3211 3457/3378/3211 3458/3379/3211 3378/3299/3211
f 3378/3299/3212 3458/3379/3212 3459/3380/3212 3379/3300/3212
f 3379/3300/3213 3459/3380/3213 3460/3381/3213 3380/3301/3213
f 3380/3301/3214 3460/3381/3214 3461/3382/3214 3381/3302/3214
f 3381/3302/3215 3461/3382/3215 3462/3383/3215 3382/3303/3215
f 3382/3303/3216 3462/3383/3216 3463/3384/3216 3383/3304/3216
f 3383/3304/3217 3463/3384/3217 3464/3385/3217 3384/3305/3217
f 3384/3305/3218 3464/3385/3218 3465/3386/3218 3385/3306/3218
f 3385/3306/3219 3465/3386/3219 3466/3387/3219 3386/3307/3219
f 3386/3307/3220 3466/3387/3220 3467/3388/3220 3387/3308/3220
f 3387/3308/3221 3467/3388/3221 3468/3389/3221 3388/3309/3221
f 3388/3309/3222 3468/3389/3222 3469/3390/3222 3389/3310/3222
f 3389/3310/3223 3469/3390/3223 3470/3391/3223 3390/3311/3223
f 3390/3311/3224 3470/3391/3224 3471/3392/3224 3391/3312/3224
f 3391/3312/3225 3471/3392/3225 3472/3393/3225 3392/3313/3225
f 3392/3313/3226 3472/3393/3226 3473/3394/3226 3393/3314/3226
f 3393/3314/3227 3473/3394/3227 3474/3395/3227 3394/3315/3227
f 3394/3315/3228 3474/3395/3228 3475/3396/3228 3395/3316/3228
f 3395/3316/3229 3475/3396/3229 3476/3397/3229 3396/3317/3229
f 3396/3317/3230 3476/3397/3230 3477/3398/3230 3397/3318/3230
f 3397/3318/3231 3477/3398/3231 3478/3399/3231 3398/3319/3231
f 3398/3319/3232 3478/3399/3232 3479/3400/3232 3399/3320/3232
f 3399/3320/3233 3479/3400/3233 3480/3401/3233 3400/3321/3233
f 3400/3321/3234 3480/3401/3234 3481/3402/3234 3401/3322/3234
f 3401/3322/3235 3481/3402/3235 3482/3403/3235 3402/3323/3235
f 3402/3323/3236 3482/3403/3236 3483/3404/3236 3403/3324/3236
f 3403/3324/3237 3483/3404/3237 3484/3405/3237 3404/3325/3237
f 3404/3325/3238 3484/3405/3238 3485/3406/3238 3405/3326/3238
f 3405/3326/3239 3485/3406/3239 3486/3407/3239 3406/3327/3239
f 3406/3327/3240 3486/3407/3240 3487/3408/3240 3407/3328/3240
f 3407/3328/3241 3487/3408/3241 3488/3409/3241 3408/3329/3241
f 3408/3329/3242 3488/3409/3242 3489/3410/3242 3409/3330/3242
f 3409/3330/3243 3489/3410/3243 3490/3411/3243 3410/3331/3243
f 3410/3331/3244 3490/3411/3244 3491/3412/3244 3411/3332/3244
f 3411/3332/3245 3491/3412/3245 3492/3413/3245 3412/3333/3245
f 3412/3333/3246 3492/3413/3246 3493/3414/3246 3413/3334/3246
f 3413/3334/3247 3493/3414/3247 3494/3415/3247 3414/3335/3247
f 3414/3335/3248 3494/3415/3248 3495/3416/3248 3415/3336/3248
f 3415/3336/3249 3495/3416/3249 3496/3417/3249 3416/3337/3249
f 3416/3337/3250 3496/3417/3250 3497/3418/3250 3417/3338/3250
f 3417/3338/3251 3497/3418/3251 3498/3419/3251 3418/3339/3251
f 3418/3339/3252 3498/3419/3252 3499/3420/3252 3419/3340/3252
f 3419/3340/3253 3499/3420/3253 3500/3421/3253 3420/3341/3253
f 3420/3341/3254 3500/3421/3254 3501/3422/3254 3421/3342/3254
f 3421/3342/3255 3501/3422/3255 3502/3423/3255 3422/3343/3255
f 3422/3343/3256 3502/3423/3256 3503/3424/3256 3423/3344/3256
f 3423/3344/3257 3503/3424/3257 3504/3425/3257 3424/3345/3257
f 3424/3345/3258 3504/3425/3258 3505/3426/3258 3425/3346/3258
f 3425/3346/3259 3505/3426/3259 3506/3427/3259 3426/3347/3259
f 3426/3347/3260 3506/3427/3260 3507/3428/3260 3427/3348/3260
f 3427/3348/3261 3507/3428/3261 3508/3429/3261 3428/3349/3261
f 3428/3349/3262 3508/3429/3262 3509/3430/3262 3429/3350/3262
f 3429/3350/3263 3509/3430/3263 3510/3431/3263 3430/3351/3263
f 3430/3351/3264 3510/3431/3264 3511/3432/3264 3431/3352/3264
f 3431/3352/3265 3511/3432/3265 3512/3433/3265 3432/3353/3265
f 3432/3353/3266 3512/3433/3266 3513/3434/3266 3433/3354/3266
f 3433/3354/3267 3513/3434/3267 3514/3435/3267 3434/3355/3267
f 3434/3355/3268 3514/3435/3268 3515/3436/3268 3435/3356/3268
f 3435/3356/3269 3515/3436/3269 3516/3437/3269 3436/3357/3269
f 3436/3357/3270 3516/3437/3270 3517/3438/3270 3437/3358/3270
f 3437/3358/3271 3517/3438/3271 3518/3439/3271 3438/3359/3271
f 3438/3359/3272 3518/3439/3272 3519/3440/3272 3439/3360/3272
f 3439/3360/3273 3519/3440/3273 3520/3441/3273 3440/3361/3273
f 3440/3361/3274 3520/3441/3274 3521/3442/3274 3441/3362/3274
f 3441/3362/3275 3521/3442/3275 3522/3443/3275 3442/3363/3275
f 3442/3363/3276 3522/3443/3276 3523/3444/3276 3443/3364/3276
f 3443/3364/3277 3523/3444/3277 3524/86/3277 3444/84/3277
f 124/3366/3278 125/3446/3278 3525/3445/3278 3445/3365/3278
f 3445/3365/3279 3525/3445/3279 3526/3447/3279 3446/3367/3279
f 3446/3367/3280 3526/3447/3280 3527/3448/3280 3447/3368/3280
f 3447/3368/3281 3527/3448/3281 3528/3449/3281 3448/3369/3281
f 3448/3369/3282 3528/3449/3282 3529/3450/3282 3449/3370/3282
f 3449/3370/3283 3529/3450/3283 3530/3451/3283 3450/3371/3283
f 3450/3371/3284 3530/3451/3284 3531/3452/3284 3451/3372/3284
f 3451/3372/3285 3531/3452/3285 3532/3453/3285 3452/3373/3285
f 3452/3373/3286 3532/3453/3286 3533/3454/3286 3453/3374/3286
f 3453/3374/3287 3533/3454/3287 3534/3455/3287 3454/3375/3287
f 3454/3375/3288 3534/3455/3288 3535/3456/3288 3455/3376/3288
f 3455/3376/3289 3535/3456/3289 3536/3457/3289 3456/3377/3289
f 3456/3377/3290 3536/3457/3290 3537/3458/3290 3457/3378/3290
f 3457/3378/3291 3537/3458/3291 3538/3459/3291 3458/3379/3291
f 3458/3379/3292 3538/3459/3292 3539/3460/3292 3459/3380/3292
f 3459/3380/3293 3539/3460/3293 3540/3461/3293 3460/3381/3293
f 3460/3381/3294 3540/3461/3294 3541/3462/3294 3461/3382/3294
f 3461/3382/3295 3541/3462/3295 3542/3463/3295 3462/3383/3295
f 3462/3383/3296 3542/3463/3296 3543/3464/3296 3463/3384/3296
f 3463/3384/3297 3543/3464/3297 3544/3465/3297 3464/3385/3297
f 3464/3385/3298 3544/3465/3298 3545/3466/3298 3465/3386/3298
f 3465/3386/3299 3545/3466/3299 3546/3467/3299 3466/3387/3299
f 3466/3387/3300 3546/3467/3300 3547/3468/3300 3467/3388/3300
f 3467/3388/3301 3547/3468/3301 3548/3469/3301 3468/3389/3301
f 3468/3389/3302 3548/3469/3302 3549/3470/3302 3469/3390/3302
f 3469/3390/3303 3549/3470/3303 3550/3471/3303 3470/3391/3303
f 3470/3391/3304 3550/3471/3304 3551/3472/3304 3471/3392/3304
f 3471/3392/3305 3551/3472/3305 3552/3473/3305 3472/3393/3305
f 3472/3393/3306 3552/3473/3306 3553/3474/3306 3473/3394/3306
f 3473/3394/3307 3553/3474/3307 3554/3475/3307 3474/3395/3307
f 3474/3395/3308 3554/3475/3308 3555/3476/3308 3475/3396/3308
f 3475/3396/3309 3555/3476/3309 3556/3477/3309 3476/3397/3309
f 3476/3397/3310 3556/3477/3310 3557/3478/3310 3477/3398/3310
f 3477/3398/3311 3557/3478/3311 3558/3479/3311 3478/3399/3311
f 3478/3399/3312 3558/3479/3312 3559/3480/3312 3479/3400/3312
f 3479/3400/3313 3559/3480/3313 3560/3481/3313 3480/3401/3313
f 3480/3401/3314 3560/3481/3314 3561/3482/3314 3481/3402/3314
f 3481/3402/3315 3561/3482/3315 3562/3483/3315 3482/3403/3315
f 3482/3403/3316 3562/3483/3316 3563/3484/3316 3483/3404/3316
f 3483/3404/3317 3563/3484/3317 3564/3485/3317 3484/3405/3317
f 3484/3405/3318 3564/3485/3318 3565/3486/3318 3485/3406/3318
f 3485/3406/3319 3565/3486/3319 3566/3487/3319 3486/3407/3319
f 3486/3407/3320 3566/3487/3320 3567/3488/3320 3487/3408/3320
f 3487/3408/3321 3567/3488/3321 3568/3489/3321 3488/3409/3321
f 3488/3409/3322 3568/3489/3322 3569/3490/3322 3489/3410/3322
f 3489/3410/3323 3569/3490/3323 3570/3491/3323 3490/3411/3323
f 3490/3411/3324 3570/3491/3324 3571/3492/3324 3491/3412/3324
f 3491/3412/3325 3571/3492/3325 3572/3493/3325 3492/3413/3325
f 3492/3413/3326 3572/3493/3326 3573/3494/3326 3493/3414/3326
f 3493/3414/3327 3573/3494/3327 3574/3495/3327 3494/3415/3327
f 3494/3415/3328 3574/3495/3328 3575/3496/3328 3495/3416/3328
f 3495/3416/3329 3575/3496/3329 3576/3497/3329 3496/3417/3329
f 3496/3417/3330 3576/3497/3330 3577/3498/3330 3497/3418/3330
f 3497/3418/3331 3577/3498/3331 3578/3499/3331 3498/3419/3331
f 3498/3419/3332 3578/3499/3332 3579/3500/3332 3499/3420/3332
f 3499/3420/3333 3579/3500/3333 3580/3501/3333 3500/3421/3333
f 3500/3421/3334 3580/3501/3334 3581/3502/3334 3501/3422/3334
f 3501/3422/3335 3581/3502/3335 3582/3503/3335 3502/3423/3335
f 3502/3423/3336 3582/3503/3336 3583/3504/3336 3503/3424/3336
f 3503/3424/3337 3583/3504/3337 3584/3505/3337 3504/3425/3337
f 3504/3425/3338 3584/3505/3338 3585/3506/3338 3505/3426/3338
f 3505/3426/3339 3585/3506/3339 3586/3507/3339 3506/3427/3339
f 3506/3427/3340 3586/3507/3340 3587/3508/3340 3507/3428/3340
f 3507/3428/3341 3587/3508/3341 3588/3509/3341 3508/3429/3341
f 3508/3429/3342 3588/3509/3342 3589/3510/3342 3509/3430/3342
f 3509/3430/3343 3589/3510/3343 3590/3511/3343 3510/3431/3343
f 3510/3431/3344 3590/3511/3344 3591/3512/3344 3511/3432/3344
f 3511/3432/3345 3591/3512/3345 3592/3513/3345 3512/3433/3345
f 3512/3433/3346 3592/3513/3346 3593/3514/3346 3513/3434/3346
f 3513/3434/3347 3593/3514/3347 3594/3515/3347 3514/3435/3347
f 3514/3435/3348 3594/3515/3348 3595/3516/3348 3515/3436/3348
f 3515/3436/3349 3595/3516/3349 3596/3517/3349 3516/3437/3349
f 3516/3437/3350 3596/3517/3350 3597/3518/3350 3517/3438/3350
f 3517/3438/3351 3597/3518/3351 3598/3519/3351 3518/3439/3351
f 3518/3439/3352 3598/3519/3352 3599/3520/3352 3519/3440/3352
f 3519/3440/3353 3599/3520/3353 3600/3521/3353 3520/3441/3353
f 3520/3441/3354 3600/3521/3354 3601/3522/3354 3521/3442/3354
f 3521/3442/3355 3601/3522/3355 3602/3523/3355 3522/3443/3355
f 3522/3443/3356 3602/3523/3356 3603/3524/3356 3523/3444/3356
f 3523/3444/3357 3603/3524/3357 3604/88/3357 3524/86/3357
f 125/3446/3358 126/3526/3358 3605/3525/3358 3525/3445/3358
f 3525/3445/3359 3605/3525/3359 3606/3527/3359 3526/3447/3359
f 3526/3447/3360 3606/3527/3360 3607/3528/3360 3527/3448/3360
f 3527/3448/3361 3607/3528/3361 3608/3529/3361 3528/3449/3361
f 3528/3449/3362 3608/3529/3362 3609/3530/3362 3529/3450/3362
f 3529/3450/3363 3609/3530/3363 3610/3531/3363 3530/3451/3363
f 3530/3451/3364 3610/3531/3364 3611/3532/3364 3531/3452/3364
f 3531/3452/3365 3611/3532/3365 3612/3533/3365 3532/3453/3365
f 3532/3453/3366 3612/3533/3366 3613/3534/3366 3533/3454/3366
f 3533/3454/3367 3613/3534/3367 3614/3535/3367 3534/3455/3367
f 3534/3455/3368 3614/3535/3368 3615/3536/3368 3535/3456/3368
f 3535/3456/3369 3615/3536/3369 3616/3537/3369 3536/3457/3369
f 3536/3457/3370 3616/3537/3370 3617/3538/3370 3537/3458/3370
f 3537/3458/3371 3617/3538/3371 3618/3539/3371 3538/3459/3371
f 3538/3459/3372 3618/3539/3372 3619/3540/3372 3539/3460/3372
f 3539/3460/3373 3619/3540/3373 3620/3541/3373 3540/3461/3373
f 3540/3461/3374 3620/3541/3374 3621/3542/3374 3541/3462/3374
f 3541/3462/3375 3621/3542/3375 3622/3543/3375 3542/3463/3375
f 3542/3463/3376 3622/3543/3376 3623/3544/3376 3543/3464/3376
f 3543/3464/3377 3623/3544/3377 3624/3545/3377 3544/3465/3377
f 3544/3465/3378 3624/3545/3378 3625/3546/3378 3545/3466/3378
f 3545/3466/3379 3625/3546/3379 3626/3547/3379 3546/3467/3379
f 3546/3467/3380 3626/3547/3380 3627/3548/3380 3547/3468/3380
f 3547/3468/3381 3627/3548/3381 3628/3549/3381 3548/3469/3381
f 3548/3469/3382 3628/3549/3382 3629/3550/3382 3549/3470/3382
f 3549/3470/3383 3629/3550/3383 3630/3551/3383 3550/3471/3383
f 3550/3471/3384 3630/3551/3384 3631/3552/3384 3551/3472/3384
f 3551/3472/3385 3631/3552/3385 3632/3553/3385 3552/3473/3385
f 3552/3473/3386 3632/3553/3386 3633/3554/3386 3553/3474/3386
f 3553/3474/3387 3633/3554/3387 3634/3555/3387 3554/3475/3387
f 3554/3475/3388 3634/3555/3388 3635/3556/3388 3555/3476/3388
f 3555/3476/3389 3635/3556/3389 3636/3557/3389 3556/3477/3389
f 3556/3477/3390 3636/3557/3390 3637/3558/3390 3557/3478/3390
f 3557/3478/3391 3637/3558/3391 3638/3559/3391 3558/3479/3391
f 3558/3479/3392 3638/3559/3392 3639/3560/3392 3559/3480/3392
f 3559/3480/3393 3639/3560/3393 3640/3561/3393 3560/3481/3393
f 3560/3481/3394 3640/3561/3394 3641/3562/3394 3561/3482/3394
f 3561/3482/3395 3641/3562/3395 3642/3563/3395 3562/3483/3395
f 3562/3483/3396 3642/3563/3396 3643/3564/3396 3563/3484/3396
f 3563/3484/3397 3643/3564/3397 3644/3565/3397 3564/3485/3397
f 3564/3485/3398 3644/3565/3398 3645/3566/3398 3565/3486/3398
f 3565/3486/3399 3645/3566/3399 3646/3567/3399 3566/3487/3399
f 3566/3487/3400 3646/3567/3400 3647/3568/3400 3567/3488/3400
f 3567/3488/3401 3647/3568/3401 3648/3569/3401 3568/3489/3401
f 3568/3489/3402 3648/3569/3402 3649/3570/3402 3569/3490/3402
f 3569/3490/3403 3649/3570/3403 3650/3571/3403 3570/3491/3403
f 3570/3491/3404 3650/3571/3404 3651/3572/3404 3571/3492/3404
f 3571/3492/3405 3651/3572/3405 3652/3573/3405 3572/3493/3405
f 3572/3493/3406 3652/3573/3406 3653/3574/3406 3573/3494/3406
f 3573/3494/3407 3653/3574/3407 3654/3575/3407 3574/3495/3407
f 3574/3495/3408 3654/3575/3408 3655/3576/3408 3575/3496/3408
f 3575/3496/3409 3655/3576/3409 3656/3577/3409 3576/3497/3409
f 3576/3497/3410 3656/3577/3410 3657/3578/3410 3577/3498/3410
f 3577/3498/3411 3657/3578/3411 3658/3579/3411 3578/3499/3411
f 3578/3499/3412 3658/3579/3412 3659/3580/3412 3579/3500/3412
f 3579/3500/3413 3659/3580/3413 3660/3581/3413 3580/3501/3413
f 3580/3501/3414 3660/3581/3414 3661/3582/3414 3581/3502/3414
f 3581/3502/3415 3661/3582/3415 3662/3583/3415 3582/3503/3415
f 3582/3503/3416 3662/3583/3416 3663/3584/3416 3583/3504/3416
f 3583/3504/3417 3663/3584/3417 3664/3585/3417 3584/3505/3417
f 3584/3505/3418 3664/3585/3418 3665/3586/3418 3585/3506/3418
f 3585/3506/3419 3665/3586/3419 3666/3587/3419 3586/3507/3419
f 3586/3507/3420 3666/3587/3420 3667/3588/3420 3587/3508/3420
f 3587/3508/3421 3667/3588/3421 3668/3589/3421 3588/3509/3421
f 3588/3509/3422 3668/3589/3422 3669/3590/3422 3589/3510/3422
f 3589/3510/3423 3669/3590/3423 3670/3591/3423 3590/3511/3423
f 3590/3511/3424 3670/3591/3424 3671/3592/3424 3591/3512/3424
f 3591/3512/3425 3671/3592/3425 3672/3593/3425 3592/3513/3425
f 3592/3513/3426 3672/3593/3426 3673/3594/3426 3593/3514/3426
f 3593/3514/3427 3673/3594/3427 3674/3595/3427 3594/3515/3427
f 3594/3515/3428 3674/3595/3428 3675/3596/3428 3595/3516/3428
f 3595/3516/3429 3675/3596/3429 3676/3597/3429 3596/3517/3429
f 3596/3517/3430 3676/3597/3430 3677/3598/3430 3597/3518/3430
f 3597/3518/3431 3677/3598/3431 3678/3599/3431 3598/3519/3431
f 3598/3519/3432 3678/3599/3432 3679/3600/3432 3599/3520/3432
f 3599/3520/3433 3679/3600/3433 3680/3601/3433 3600/3521/3433
f 3600/3521/3434 3680/3601/3434 3681/3602/3434 3601/3522/3434
f 3601/3522/3435 3681/3602/3435 3682/3603/3435 3602/3523/3435
f 3602/3523/3436 3682/3603/3436 3683/3604/3436 3603/3524/3436
f 3603/3524/3437 3683/3604/3437 3684/90/3437 3604/88/3437
f 126/3526/3438 127/3606/3438 3685/3605/3438 3605/3525/3438
f 3605/3525/3439 3685/3605/3439 3686/3607/3439 3606/3527/3439
f 3606/3527/3440 3686/3607/3440 3687/3608/3440 3607/3528/3440
f 3607/3528/3441 3687/3608/3441 3688/3609/3441 3608/3529/3441
f 3608/3529/3442 3688/3609/3442 3689/3610/3442 3609/3530/3442
f 3609/3530/3443 3689/3610/3443 3690/3611/3443 3610/3531/3443
f 3610/3531/3444 3690/3611/3444 3691/3612/3444 3611/3532/3444
f 3611/3532/3445 3691/3612/3445 3692/3613/3445 3612/3533/3445
f 3612/3533/3446 3692/3613/3446 3693/3614/3446 3613/3534/3446
f 3613/3534/3447 3693/3614/3447 3694/3615/3447 3614/3535/3447
f 3614/3535/3448 3694/3615/3448 3695/3616/3448 3615/3536/3448
f 3615/3536/3449 3695/3616/3449 3696/3617/3449 3616/3537/3449
f 3616/3537/3450 3696/3617/3450 3697/3618/3450 3617/3538/3450
f 3617/3538/3451 3697/3618/3451 3698/3619/3451 3618/3539/3451
f 3618/3539/3452 3698/3619/3452 3699/3620/3452 3619/3540/3452
f 3619/3540/3453 3699/3620/3453 3700/3621/3453 3620/3541/3453
f 3620/3541/3454 3700/3621/3454 3701/3622/3454 3621/3542/3454
f 3621/3542/3455 3701/3622/3455 3702/3623/3455 3622/3543/3455
f 3622/3543/3456 3702/3623/3456 3703/3624/3456 3623/3544/3456
f 3623/3544/3457 3703/3624/3457 3704/3625/3457 3624/3545/3457
f 3624/3545/3458 3704/3625/3458 3705/3626/3458 3625/3546/3458
f 3625/3546/3459 3705/3626/3459 3706/3627/3459 3626/3547/3459
f 3626/3547/3460 3706/3627/3460 3707/3628/3460 3627/3548/3460
f 3627/3548/3461 3707/3628/3461 3708/3629/3461 3628/3549/3461
f 3628/3549/3462 3708/3629/3462 3709/3630/3462 3629/3550/3462
f 3629/3550/3463 3709/3630/3463 3710/3631/3463 3630/3551/3463
f 3630/3551/3464 3710/3631/3464 3711/3632/3464 3631/3552/3464
f 3631/3552/3465 3711/3632/3465 3712/3633/3465 3632/3553/3465
f 3632/3553/3466 3712/3633/3466 3713/3634/3466 3633/3554/3466
f 3633/3554/3467 3713/3634/3467 3714/3635/3467 3634/3555/3467
f 3634/3555/3468 3714/3635/3468 3715/3636/3468 3635/3556/3468
f 3635/3556/3469 3715/3636/3469 3716/3637/3469 3636/3557/3469
f 3636/3557/3470 3716/3637/3470 3717/3638/3470 3637/3558/3470
f 3637/3558/3471 3717/3638/3471 3718/3639/3471 3638/3559/3471
f 3638/3559/3472 3718/3639/3472 3719/3640/3472 3639/3560/3472
f 3639/3560/3473 3719/3640/3473 3720/3641/3473 3640/3561/3473
f 3640/3561/3474 3720/3641/3474 3721/3642/3474 3641/3562/3474
f 3641/3562/3475 3721/3642/3475 3722/3643/3475 3642/3563/3475
f 3642/3563/3476 3722/3643/3476 3723/3644/3476 3643/3564/3476
f 3643/3564/3477 3723/3644/3477 3724/3645/3477 3644/3565/3477
f 3644/3565/3478 3724/3645/3478 3725/3646/3478 3645/3566/3478
f 3645/3566/3479 3725/3646/3479 3726/3647/3479 3646/3567/3479
f 3646/3567/3480 3726/3647/3480 3727/3648/3480 3647/3568/3480
f 3647/3568/3481 3727/3648/3481 3728/3649/3481 3648/3569/3481
f 3648/3569/3482 3728/3649/3482 3729/3650/3482 3649/3570/3482
f 3649/3570/3483 3729/3650/3483 3730/3651/3483 3650/3571/3483
f 3650/3571/3484 3730/3651/3484 3731/3652/3484 3651/3572/3484
f 3651/3572/3485 3731/3652/3485 3732/3653/3485 3652/3573/3485
f 3652/3573/3486 3732/3653/3486 3733/3654/3486 3653/3574/3486
f 3653/3574/3487 3733/3654/3487 3734/3655/3487 3654/3575/3487
f 3654/3575/3488 3734/3655/3488 3735/3656/3488 3655/3576/3488
f 3655/3576/3489 3735/3656/3489 3736/3657/3489 3656/3577/3489
f 3656/3577/3490 3736/3657/3490 3737/3658/3490 3657/3578/3490
f 3657/3578/3491 3737/3658/3491 3738/3659/3491 3658/3579/3491
f 3658/3579/3492 3738/3659/3492 3739/3660/3492 3659/3580/3492
f 3659/3580/3493 3739/3660/3493 3740/3661/3493 3660/3581/3493
f 3660/3581/3494 3740/3661/3494 3741/3662/3494 3661/3582/3494
f 3661/3582/3495 3741/3662/3495 3742/3663/3495 3662/3583/3495
f 3662/3583/3496 3742/3663/3496 3743/3664/3496 3663/3584/3496
f 3663/3584/3497 3743/3664/3497 3744/3665/3497 3664/3585/3497
f 3664/3585/3498 3744/3665/3498 3745/3666/3498 3665/3586/3498
f 3665/3586/3499 3745/3666/3499 3746/3667/3499 3666/3587/3499
f 3666/3587/3500 3746/3667/3500 3747/3668/3500 3667/3588/3500
f 3667/3588/3501 3747/3668/3501 3748/3669/3501 3668/3589/3501
f 3668/3589/3502 3748/3669/3502 3749/3670/3502 3669/3590/3502
f 3669/3590/3503 3749/3670/3503 3750/3671/3503 3670/3591/3503
f 3670/3591/3504 3750/3671/3504 3751/3672/3504 3671/3592/3504
f 3671/3592/3505 3751/3672/3505 3752/3673/3505 3672/3593/3505
f 3672/3593/3506 3752/3673/3506 3753/3674/3506 3673/3594/3506
f 3673/3594/3507 3753/3674/3507 3754/3675/3507 3674/3595/3507
f 3674/3595/3508 3754/3675/3508 3755/3676/3508 3675/3596/3508
f 3675/3596/3509 3755/3676/3509 3756/3677/3509 3676/3597/3509
f 3676/3597/3510 3756/3677/3510 3757/3678/3510 3677/3598/3510
f 3677/3598/3511 3757/3678/3511 3758/3679/3511 3678/3599/3511
f 3678/3599/3512 3758/3679/3512 3759/3680/3512 3679/3600/3512
f 3679/3600/3513 3759/3680/3513 3760/3681/3513 3680/3601/3513
f 3680/3601/3514 3760/3681/3514 3761/3682/3514 3681/3602/3514
f 3681/3602/3515 3761/3682/3515 3762/3683/3515 3682/3603/3515
f 3682/3603/3516 3762/3683/3516 3763/3684/3516 3683/3604/3516
f 3683/3604/3517 3763/3684/3517 3764/92/3517 3684/90/3517
f 127/3606/3518 128/3686/3518 3765/3685/3518 3685/3605/3518
f 3685/3605/3519 3765/3685/3519 3766/3687/3519 3686/3607/3519
f 3686/3607/3520 3766/3687/3520 3767/3688/3520 3687/3608/3520
f 3687/3608/3521 3767/3688/3521 3768/3689/3521 3688/3609/3521
f 3688/3609/3522 3768/3689/3522 3769/3690/3522 3689/3610/3522
f 3689/3610/3523 3769/3690/3523 3770/3691/3523 3690/3611/3523
f 3690/3611/3524 3770/3691/3524 3771/3692/3524 3691/3612/3524
f 3691/3612/3525 3771/3692/3525 3772/3693/3525 3692/3613/3525
f 3692/3613/3526 3772/3693/3526 3773/3694/3526 3693/3614/3526
f 3693/3614/3527 3773/3694/3527 3774/3695/3527 3694/3615/3527
f 3694/3615/3528 3774/3695/3528 3775/3696/3528 3695/3616/3528
f 3695/3616/3529 3775/3696/3529 3776/3697/3529 3696/3617/3529
f 3696/3617/3530 3776/3697/3530 3777/3698/3530 3697/3618/3530
f 3697/3618/3531 3777/3698/3531 3778/3699/3531 3698/3619/3531
f 3698/3619/3532 3778/3699/3532 3779/3700/3532 3699/3620/3532
f 3699/3620/3533 3779/3700/3533 3780/3701/3533 3700/3621/3533
f 3700/3621/3534 3780/3701/3534 3781/3702/3534 3701/3622/3534
f 3701/3622/3535 3781/3702/3535 3782/3703/3535 3702/3623/3535
f 3702/3623/3536 3782/3703/3536 3783/3704/3536 3703/3624/3536
f 3703/3624/3537 3783/3704/3537 3784/3705/3537 3704/3625/3537
f 3704/3625/3538 3784/3705/3538 3785/3706/3538 3705/3626/3538
f 3705/3626/3539 3785/3706/3539 3786/3707/3539 3706/3627/3539
f 3706/3627/3540 3786/3707/3540 3787/3708/3540 3707/3628/3540
f 3707/3628/3541 3787/3708/3541 3788/3709/3541 3708/3629/3541
f 3708/3629/3542 3788/3709/3542 3789/3710/3542 3709/3630/3542
f 3709/3630/3543 3789/3710/3543 3790/3711/3543 3710/3631/3543
f 3710/3631/3544 3790/3711/3544 3791/3712/3544 3711/3632/3544
f 3711/3632/3545 3791/3712/3545 3792/3713/3545 3712/3633/3545
f 3712/3633/3546 3792/3713/3546 3793/3714/3546 3713/3634/3546
f 3713/3634/3547 3793/3714/3547 3794/3715/3547 3714/3635/3547
f 3714/3635/3548 3794/3715/3548 3795/3716/3548 3715/3636/3548
f 3715/3636/3549 3795/3716/3549 3796/3717/3549 3716/3637/3549
f 3716/3637/3550 3796/3717/3550 3797/3718/3550 3717/3638/3550
f 3717/3638/3551 3797/3718/3551 3798/3719/3551 3718/3639/3551
f 3718/3639/3552 3798/3719/3552 3799/3720/3552 3719/3640/3552
f 3719/3640/3553 3799/3720/3553 3800/3721/3553 3720/3641/3553
f 3720/3641/3554 3800/3721/3554 3801/3722/3554 3721/3642/3554
f 3721/3642/3555 3801/3722/3555 3802/3723/3555 3722/3643/3555
f 3722/3643/3556 3802/3723/3556 3803/3724/3556 3723/3644/3556
f 3723/3644/3557 3803/3724/3557 3804/3725/3557 3724/3645/3557
f 3724/3645/3558 3804/3725/3558 3805/3726/3558 3725/3646/3558
f 3725/3646/3559 3805/3726/3559 3806/3727/3559 3726/3647/3559
f 3726/3647/3560 3806/3727/3560 3807/3728/3560 3727/3648/3560
f 3727/3648/3561 3807/3728/3561 3808/3729/3561 3728/3649/3561
f 3728/3649/3562 3808/3729/3562 3809/3730/3562 3729/3650/3562
f 3729/3650/3563 3809/3730/3563 3810/3731/3563 3730/3651/3563
f 3730/3651/3564 3810/3731/3564 3811/3732/3564 3731/3652/3564
f 3731/3652/3565 3811/3732/3565 3812/3733/3565 3732/3653/3565
f 3732/3653/3566 3812/3733/3566 3813/3734/3566 3733/3654/3566
f 3733/3654/3567 3813/3734/3567 3814/3735/3567 3734/3655/3567
f 3734/3655/3568 3814/3735/3568 3815/3736/3568 3735/3656/3568
f 3735/3656/3569 3815/3736/3569 3816/3737/3569 3736/3657/3569
f 3736/3657/3570 3816/3737/3570 3817/3738/3570 3737/3658/3570
f 3737/3658/3571 3817/3738/3571 3818/3739/3571 3738/3659/3571
f 3738/3659/3572 3818/3739/3572 3819/3740/3572 3739/3660/3572
f 3739/3660/3573 3819/3740/3573 3820/3741/3573 3740/3661/3573
f 3740/3661/3574 3820/3741/3574 3821/3742/3574 3741/3662/3574
f 3741/3662/3575 3821/3742/3575 3822/3743/3575 3742/3663/3575
f 3742/3663/3576 3822/3743/3576 3823/3744/3576 3743/3664/3576
f 3743/3664/3577 3823/3744/3577 3824/3745/3577 3744/3665/3577
f 3744/3665/3578 3824/3745/3578 3825/3746/3578 3745/3666/3578
f 3745/3666/3579 3825/3746/3579 3826/3747/3579 3746/3667/3579
f 3746/3667/3580 3826/3747/3580 3827/3748/3580 3747/3668/3580
f 3747/3668/3581 3827/3748/3581 3828/3749/3581 3748/3669/3581
f 3748/3669/3582 3828/3749/3582 3829/3750/3582 3749/3670/3582
f 3749/3670/3583 3829/3750/3583 3830/3751/3583 3750/3671/3583
f 3750/3671/3584 3830/3751/3584 3831/3752/3584 3751/3672/3584
f 3751/3672/3585 3831/3752/3585 3832/3753/3585 3752/3673/3585
f 3752/3673/3586 3832/3753/3586 3833/3754/3586 3753/3674/3586
f 3753/3674/3587 3833/3754/3587 3834/3755/3587 3754/3675/3587
f 3754/3675/3588 3834/3755/3588 3835/3756/3588 3755/3676/3588
f 3755/3676/3589 3835/3756/3589 3836/3757/3589 3756/3677/3589
f 3756/3677/3590 3836/3757/3590 3837/3758/3590 3757/3678/3590
f 3757/3678/3591 3837/3758/3591 3838/3759/3591 3758/3679/3591
f 3758/3679/3592 3838/3759/3592 3839/3760/3592 3759/3680/3592
f 3759/3680/3593 3839/3760/3593 3840/3761/3593 3760/3681/3593
f 3760/3681/3594 3840/3761/3594 3841/3762/3594 3761/3682/3594
f 3761/3682/3595 3841/3762/3595 3842/3763/3595 3762/3683/3595
f 3762/3683/3596 3842/3763/3596 3843/3764/3596 3763/3684/3596
f 3763/3684/3597 3843/3764/3597 3844/94/3597 3764/92/3597
f 128/3686/3598 129/3766/3598 3845/3765/3598 3765/3685/3598
f 3765/3685/3599 3845/3765/3599 3846/3767/3599 3766/3687/3599
f 3766/3687/3600 3846/3767/3600 3847/3768/3600 3767/3688/3600
f 3767/3688/3601 3847/3768/3601 3848/3769/3601 3768/3689/3601
f 3768/3689/3602 3848/3769/3602 3849/3770/3602 3769/3690/3602
f 3769/3690/3603 3849/3770/3603 3850/3771/3603 3770/3691/3603
f 3770/3691/3604 3850/3771/3604 3851/3772/3604 3771/3692/3604
f 3771/3692/3605 3851/3772/3605 3852/3773/3605 3772/3693/3605
f 3772/3693/3606 3852/3773/3606 3853/3774/3606 3773/3694/3606
f 3773/3694/3607 3853/3774/3607 3854/3775/3607 3774/3695/3607
f 3774/3695/3608 3854/3775/3608 3855/3776/3608 3775/3696/3608
f 3775/3696/3609 3855/3776/3609 3856/3777/3609 3776/3697/3609
f 3776/3697/3610 3856/3777/3610 3857/3778/3610 3777/3698/3610
f 3777/3698/3611 3857/3778/3611 3858/3779/3611 3778/3699/3611
f 3778/3699/3612 3858/3779/3612 3859/3780/3612 3779/3700/3612
f 3779/3700/3613 3859/3780/3613 3860/3781/3613 3780/3701/3613
f 3780/3701/3614 3860/3781/3614 3861/3782/3614 3781/3702/3614
f 3781/3702/3615 3861/3782/3615 3862/3783/3615 3782/3703/3615
f 3782/3703/3616 3862/3783/3616 3863/3784/3616 3783/3704/3616
f 3783/3704/3617 3863/3784/3617 3864/3785/3617 3784/3705/3617
f 3784/3705/3618 3864/3785/3618 3865/3786/3618 3785/3706/3618
f 3785/3706/3619 3865/3786/3619 3866/3787/3619 3786/3707/3619
f 3786/3707/3620 3866/3787/3620 3867/3788/3620 3787/3708/3620
f 3787/3708/3621 3867/3788/3621 3868/3789/3621 3788/3709/3621
f 3788/3709/3622 3868/3789/3622 3869/3790/3622 3789/3710/3622
f 3789/3710/3623 3869/3790/3623 3870/3791/3623 3790/3711/3623
f 3790/3711/3624 3870/3791/3624 3871/3792/3624 3791/3712/3624
f 3791/3712/3625 3871/3792/3625 3872/3793/3625 3792/3713/3625
f 3792/3713/3626 3872/3793/3626 3873/3794/3626 3793/3714/3626
f 3793/3714/3627 3873/3794/3627 3874/3795/3627 3794/3715/3627
f 3794/3715/3628 3874/3795/3628 3875/3796/3628 3795/3716/3628
f 3795/3716/3629 3875/3796/3629 3876/3797/3629 3796/3717/3629
f 3796/3717/3630 3876/3797/3630 3877/3798/3630 3797/3718/3630
f 3797/3718/3631 3877/3798/3631 3878/3799/3631 3798/3719/3631
f 3798/3719/3632 3878/3799/3632 3879/3800/3632 3799/3720/3632
f 3799/3720/3633 3879/3800/3633 3880/3801/3633 3800/3721/3633
f 3800/3721/3634 3880/3801/3634 3881/3802/3634 3801/3722/3634
f 3801/3722/3635 3881/3802/3635 3882/3803/3635 3802/3723/3635
f 3802/3723/3636 3882/3803/3636 3883/3804/3636 3803/3724/3636
f 3803/3724/3637 3883/3804/3637 3884/3805/3637 3804/3725/3637
f 3804/3725/3638 3884/3805/3638 3885/3806/3638 3805/3726/3638
f 3805/3726/3639 3885/3806/3639 3886/3807/3639 3806/3727/3639
f 3806/3727/3640 3886/3807/3640 3887/3808/3640 3807/3728/3640
f 3807/3728/3641 3887/3808/3641 3888/3809/3641 3808/3729/3641
f 3808/3729/3642 3888/3809/3642 3889/3810/3642 3809/3730/3642
f 3809/3730/3643 3889/3810/3643 3890/3811/3643 3810/3731/3643
f 3810/3731/3644 3890/3811/3644 3891/3812/3644 3811/3732/3644
f 3811/3732/3645 3891/3812/3645 3892/3813/3645 3812/3733/3645
f 3812/3733/3646 3892/3813/3646 3893/3814/3646 3813/3734/3646
f 3813/3734/3647 3893/3814/3647 3894/3815/3647 3814/3735/3647
f 3814/3735/3648 3894/3815/3648 3895/3816/3648 3815/3736/3648
f 3815/3736/3649 3895/3816/3649 3896/3817/3649 3816/3737/3649
f 3816/3737/3650 3896/3817/3650 3897/3818/3650 3817/3738/3650
f 3817/3738/3651 3897/3818/3651 3898/3819/3651 3818/3739/3651
f 3818/3739/3652 3898/3819/3652 3899/3820/3652 3819/3740/3652
f 3819/3740/3653 3899/3820/3653 3900/3821/3653 3820/3741/3653
f 3820/3741/3654 3900/3821/3654 3901/3822/3654 3821/3742/3654
f 3821/3742/3655 3901/3822/3655 3902/3823/3655 3822/3743/3655
f 3822/3743/3656 3902/3823/3656 3903/3824/3656 3823/3744/3656
f 3823/3744/3657 3903/3824/3657 3904/3825/3657 3824/3745/3657
f 3824/3745/3658 3904/3825/3658 3905/3826/3658 3825/3746/3658
f 3825/3746/3659 3905/3826/3659 3906/3827/3659 3826/3747/3659
f 3826/3747/3660 3906/3827/3660 3907/3828/3660 3827/3748/3660
f 3827/3748/3661 3907/3828/3661 3908/3829/3661 3828/3749/3661
f 3828/3749/3662 3908/3829/3662 3909/3830/3662 3829/3750/3662
f 3829/3750/3663 3909/3830/3663 3910/3831/3663 3830/3751/3663
f 3830/3751/3664 3910/3831/3664 3911/3832/3664 3831/3752/3664
f 3831/3752/3665 3911/3832/3665 3912/3833/3665 3832/3753/3665
f 3832/3753/3666 3912/3833/3666 3913/3834/3666 3833/3754/3666
f 3833/3754/3667 3913/3834/3667 3914/3835/3667 3834/3755/3667
f 3834/3755/3668 3914/3835/3668 3915/3836/3668 3835/3756/3668
f 3835/3756/3669 3915/3836/3669 3916/3837/3669 3836/3757/3669
f 3836/3757/3670 3916/3837/3670 3917/3838/3670 3837/3758/3670
f 3837/3758/3671 3917/3838/3671 3918/3839/3671 3838/3759/3671
f 3838/3759/3672 3918/3839/3672 3919/3840/3672 3839/3760/3672
f 3839/3760/3673 3919/3840/3673 3920/3841/3673 3840/3761/3673
f 3840/3761/3674 3920/3841/3674 3921/3842/3674 3841/3762/3674
f 3841/3762/3675 3921/3842/3675 3922/3843/3675 3842/3763/3675
f 3842/3763/3676 3922/3843/3676 3923/3844/3676 3843/3764/3676
f 3843/3764/3677 3923/3844/3677 3924/96/3677 3844/94/3677
f 129/3766/3678 130/3846/3678 3925/3845/3678 3845/3765/3678
f 3845/3765/3679 3925/3845/3679 3926/3847/3679 3846/3767/3679
f 3846/3767/3680 3926/3847/3680 3927/3848/3680 3847/3768/3680
f 3847/3768/3681 3927/3848/3681 3928/3849/3681 3848/3769/3681
f 3848/3769/3682 3928/3849/3682 3929/3850/3682 3849/3770/3682
f 3849/3770/3683 3929/3850/3683 3930/3851/3683 3850/3771/3683
f 3850/3771/3684 3930/3851/3684 3931/3852/3684 3851/3772/3684
f 3851/3772/3685 3931/3852/3685 3932/3853/3685 3852/3773/3685
f 3852/3773/3686 3932/3853/3686 3933/3854/3686 3853/3774/3686
f 3853/3774/3687 3933/3854/3687 3934/3855/3687 3854/3775/3687
f 3854/3775/3688 3934/3855/3688 3935/3856/3688 3855/3776/3688
f 3855/3776/3689 3935/3856/3689 3936/3857/3689 3856/3777/3689
f 3856/3777/3690 3936/3857/3690 3937/3858/3690 3857/3778/3690
f 3857/3778/3691 3937/3858/3691 3938/3859/3691 3858/3779/3691
f 3858/3779/3692 3938/3859/3692 3939/3860/3692 3859/3780/3692
f 3859/3780/3693 3939/3860/3693 3940/3861/3693 3860/3781/3693
f 3860/3781/3694 3940/3861/3694 3941/3862/3694 3861/3782/3694
f 3861/3782/3695 3941/3862/3695 3942/3863/3695 3862/3783/3695
f 3862/3783/3696 3942/3863/3696 3943/3864/3696 3863/3784/3696
f 3863/3784/3697 3943/3864/3697 3944/3865/3697 3864/3785/3697
f 3864/3785/3698 3944/3865/3698 3945/3866/3698 3865/3786/3698
f 3865/3786/3699 3945/3866/3699 3946/3867/3699 3866/3787/3699
f 3866/3787/3700 3946/3867/3700 3947/3868/3700 3867/3788/3700
f 3867/3788/3701 3947/3868/3701 3948/3869/3701 3868/3789/3701
f 3868/3789/3702 3948/3869/3702 3949/3870/3702 3869/3790/3702
f 3869/3790/3703 3949/3870/3703 3950/3871/3703 3870/3791/3703
f 3870/3791/3704 3950/3871/3704 3951/3872/3704 3871/3792/3704
f 3871/3792/3705 3951/3872/3705 3952/3873/3705 3872/3793/3705
f 3872/3793/3706 3952/3873/3706 3953/3874/3706 3873/3794/3706
f 3873/3794/3707 3953/3874/3707 3954/3875/3707 3874/3795/3707
f 3874/3795/3708 3954/3875/3708 3955/3876/3708 3875/3796/3708
f 3875/3796/3709 3955/3876/3709 3956/3877/3709 3876/3797/3709
f 3876/3797/3710 3956/3877/3710 3957/3878/3710 3877/3798/3710
f 3877/3798/3711 3957/3878/3711 3958/3879/3711 3878/3799/3711
f 3878/3799/3712 3958/3879/3712 3959/3880/3712 3879/3800/3712
f 3879/3800/3713 3959/3880/3713 3960/3881/3713 3880/3801/3713
f 3880/3801/3714 3960/3881/3714 3961/3882/3714 3881/3802/3714
f 3881/3802/3715 3961/3882/3715 3962/3883/3715 3882/3803/3715
f 3882/3803/3716 3962/3883/3716 3963/3884/3716 3883/3804/3716
f 3883/3804/3717 3963/3884/3717 3964/3885/3717 3884/3805/3717
f 3884/3805/3718 3964/3885/3718 3965/3886/3718 3885/3806/3718
f 3885/3806/3719 3965/3886/3719 3966/3887/3719 3886/3807/3719
f 3886/3807/3720 3966/3887/3720 3967/3888/3720 3887/3808/3720
f 3887/3808/3721 3967/3888/3721 3968/3889/3721 3888/3809/3721
f 3888/3809/3722 3968/3889/3722 3969/3890/3722 3889/3810/3722
f 3889/3810/3723 3969/3890/3723 3970/3891/3723 3890/3811/3723
f 3890/3811/3724 3970/3891/3724 3971/3892/3724 3891/3812/3724
f 3891/3812/3725 3971/3892/3725 3972/3893/3725 3892/3813/3725
f 3892/3813/3726 3972/3893/3726 3973/3894/3726 3893/3814/3726
f 3893/3814/3727 3973/3894/3727 3974/3895/3727 3894/3815/3727
f 3894/3815/3728 3974/3895/3728 3975/3896/3728 3895/3816/3728
f 3895/3816/3729 3975/3896/3729 3976/3897/3729 3896/3817/3729
f 3896/3817/3730 3976/3897/3730 3977/3898/3730 3897/3818/3730
f 3897/3818/3731 3977/3898/3731 3978/3899/3731 3898/3819/3731
f 3898/3819/3732 3978/3899/3732 3979/3900/3732 3899/3820/3732
f 3899/3820/3733 3979/3900/3733 3980/3901/3733 3900/3821/3733
f 3900/3821/3734 3980/3901/3734 3981/3902/3734 3901/3822/3734
f 3901/3822/3735 3981/3902/3735 3982/3903/3735 3902/3823/3735
f 3902/3823/3736 3982/3903/3736 3983/3904/3736 3903/3824/3736
f 3903/3824/3737 3983/3904/3737 3984/3905/3737 3904/3825/3737
f 3904/3825/3738 3984/3905/3738 3985/3906/3738 3905/3826/3738
f 3905/3826/3739 3985/3906/3739 3986/3907/3739 3906/3827/3739
f 3906/3827/3740 3986/3907/3740 3987/3908/3740 3907/3828/3740
f 3907/3828/3741 3987/3908/3741 3988/3909/3741 3908/3829/3741
f 3908/3829/3742 3988/3909/3742 3989/3910/3742 3909/3830/3742
f 3909/3830/3743 3989/3910/3743 3990/3911/3743 3910/3831/3743
f 3910/3831/3744 3990/3911/3744 3991/3912/3744 3911/3832/3744
f 3911/3832/3745 3991/3912/3745 3992/3913/3745 3912/3833/3745
f 3912/3833/3746 3992/3913/3746 3993/3914/3746 3913/3834/3746
f 3913/3834/3747 3993/3914/3747 3994/3915/3747 3914/3835/3747
f 3914/3835/3748 3994/3915/3748 3995/3916/3748 3915/3836/3748
f 3915/3836/3749 3995/3916/3749 3996/3917/3749 3916/3837/3749
f 3916/3837/3750 3996/3917/3750 3997/3918/3750 3917/3838/3750
f 3917/3838/3751 3997/3918/3751 3998/3919/3751 3918/3839/3751
f 3918/3839/3752 3998/3919/3752 3999/3920/3752 3919/3840/3752
f 3919/3840/3753 3999/3920/3753 4000/3921/3753 3920/3841/3753
f 3920/3841/3754 4000/3921/3754 4001/3922/3754 3921/3842/3754
f 3921/3842/3755 4001/3922/3755 4002/3923/3755 3922/3843/3755
f 3922/3843/3756 4002/3923/3756 4003/3924/3756 3923/3844/3756
f 3923/3844/3757 4003/3924/3757 4004/98/3757 3924/96/3757
f 130/3846/3758 131/3926/3758 4005/3925/3758 3925/3845/3758
f 3925/3845/3759 4005/3925/3759 4006/3927/3759 3926/3847/3759
f 3926/3847/3760 4006/3927/3760 4007/3928/3760 3927/3848/3760
f 3927/3848/3761 4007/3928/3761 4008/3929/3761 3928/3849/3761
f 3928/3849/3762 4008/3929/3762 4009/3930/3762 3929/3850/3762
f 3929/3850/3763 4009/3930/3763 4010/3931/3763 3930/3851/3763
f 3930/3851/3764 4010/3931/3764 4011/3932/3764 3931/3852/3764
f 3931/3852/3765 4011/3932/3765 4012/3933/3765 3932/3853/3765
f 3932/3853/3766 4012/3933/3766 4013/3934/3766 3933/3854/3766
f 3933/3854/3767 4013/3934/3767 4014/3935/3767 3934/3855/3767
f 3934/3855/3768 4014/3935/3768 4015/3936/3768 3935/3856/3768
f 3935/3856/3769 4015/3936/3769 4016/3937/3769 3936/3857/3769
f 3936/3857/3770 4016/3937/3770 4017/3938/3770 3937/3858/3770
f 3937/3858/3771 4017/3938/3771 4018/3939/3771 3938/3859/3771
f 3938/3859/3772 4018/3939/3772 4019/3940/3772 3939/3860/3772
f 3939/3860/3773 4019/3940/3773 4020/3941/3773 3940/3861/3773
f 3940/3861/3774 4020/3941/3774 4021/3942/3774 3941/3862/3774
f 3941/3862/3775 4021/3942/3775 4022/3943/3775 3942/3863/3775
f 3942/3863/3776 4022/3943/3776 4023/3944/3776 3943/3864/3776
f 3943/3864/3777 4023/3944/3777 4024/3945/3777 3944/3865/3777
f 3944/3865/3778 4024/3945/3778 4025/3946/3778 3945/3866/3778
f 3945/3866/3779 4025/3946/3779 4026/3947/3779 3946/3867/3779
f 3946/3867/3780 4026/3947/3780 4027/3948/3780 3947/3868/3780
f 3947/3868/3781 4027/3948/3781 4028/3949/3781 3948/3869/3781
f 3948/3869/3782 4028/3949/3782 4029/3950/3782 3949/3870/3782
f 3949/3870/3783 4029/3950/3783 4030/3951/3783 3950/3871/3783
f 3950/3871/3784 4030/3951/3784 4031/3952/3784 3951/3872/3784
f 3951/3872/3785 4031/3952/3785 4032/3953/3785 3952/3873/3785
f 3952/3873/3786 4032/3953/3786 4033/3954/3786 3953/3874/3786
f 3953/3874/3787 4033/3954/3787 4034/3955/3787 3954/3875/3787
f 3954/3875/3788 4034/3955/3788 4035/3956/3788 3955/3876/3788
f 3955/3876/3789 4035/3956/3789 4036/3957/3789 3956/3877/3789
f 3956/3877/3790 4036/3957/3790 4037/3958/3790 3957/3878/3790
f 3957/3878/3791 4037/3958/3791 4038/3959/3791 3958/3879/3791
f 3958/3879/3792 4038/3959/3792 4039/3960/3792 3959/3880/3792
f 3959/3880/3793 4039/3960/3793 4040/3961/3793 3960/3881/3793
f 3960/3881/3794 4040/3961/3794 4041/3962/3794 3961/3882/3794
f 3961/3882/3795 4041/3962/3795 4042/3963/3795 3962/3883/3795
f 3962/3883/3796 4042/3963/3796 4043/3964/3796 3963/3884/3796
f 3963/3884/3797 4043/3964/3797 4044/3965/3797 3964/3885/3797
f 3964/3885/3798 4044/3965/3798 4045/3966/3798 3965/3886/3798
f 3965/3886/3799 4045/3966/3799 4046/3967/3799 3966/3887/3799
f 3966/3887/3800 4046/3967/3800 4047/3968/3800 3967/3888/3800
f 3967/3888/3801 4047/3968/3801 4048/3969/3801 3968/3889/3801
f 3968/3889/3802 4048/3969/3802 4049/3970/3802 3969/3890/3802
f 3969/3890/2 4049/3970/2 4050/3971/2 3970/3891/2
f 3970/3891/3803 4050/3971/3803 4051/3972/3803 3971/3892/3803
f 3971/3892/3804 4051/3972/3804 4052/3973/3804 3972/3893/3804
f 3972/3893/3805 4052/3973/3805 4053/3974/3805 3973/3894/3805
f 3973/3894/3806 4053/3974/3806 4054/3975/3806 3974/3895/3806
f 3974/3895/3807 4054/3975/3807 4055/3976/3807 3975/3896/3807
f 3975/3896/3808 4055/3976/3808 4056/3977/3808 3976/3897/3808
f 3976/3897/3809 4056/3977/3809 4057/3978/3809 3977/3898/3809
f 3977/3898/3810 4057/3978/3810 4058/3979/3810 3978/3899/3810
f 3978/3899/3811 4058/3979/3811 4059/3980/3811 3979/3900/3811
f 3979/3900/3812 4059/3980/3812 4060/3981/3812 3980/3901/3812
f 3980/3901/3813 4060/3981/3813 4061/3982/3813 3981/3902/3813
f 3981/3902/3814 4061/3982/3814 4062/3983/3814 3982/3903/3814
f 3982/3903/3815 4062/3983/3815 4063/3984/3815 3983/3904/3815
f 3983/3904/3816 4063/3984/3816 4064/3985/3816 3984/3905/3816
f 3984/3905/3817 4064/3985/3817 4065/3986/3817 3985/3906/3817
f 3985/3906/3818 4065/3986/3818 4066/3987/3818 3986/3907/3818
f 3986/3907/3819 4066/3987/3819 4067/3988/3819 3987/3908/3819
f 3987/3908/3820 4067/3988/3820 4068/3989/3820 3988/3909/3820
f 3988/3909/3821 4068/3989/3821 4069/3990/3821 3989/3910/3821
f 3989/3910/3822 4069/3990/3822 4070/3991/3822 3990/3911/3822
f 3990/3911/3823 4070/3991/3823 4071/3992/3823 3991/3912/3823
f 3991/3912/3824 4071/3992/3824 4072/3993/3824 3992/3913/3824
f 3992/3913/3825 4072/3993/3825 4073/3994/3825 3993/3914/3825
f 3993/3914/3826 4073/3994/3826 4074/3995/3826 3994/3915/3826
f 3994/3915/3827 4074/3995/3827 4075/3996/3827 3995/3916/3827
f 3995/3916/3828 4075/3996/3828 4076/3997/3828 3996/3917/3828
f 3996/3917/3829 4076/3997/3829 4077/3998/3829 3997/3918/3829
f 3997/3918/3830 4077/3998/3830 4078/3999/3830 3998/3919/3830
f 3998/3919/3831 4078/3999/3831 4079/4000/3831 3999/3920/3831
f 3999/3920/3832 4079/4000/3832 4080/4001/3832 4000/3921/3832
f 4000/3921/3833 4080/4001/3833 4081/4002/3833 4001/3922/3833
f 4001/3922/3834 4081/4002/3834 4082/4003/3834 4002/3923/3834
f 4002/3923/3835 4082/4003/3835 4083/4004/3835 4003/3924/3835
f 4003/3924/3836 4083/4004/3836 4084/100/3836 4004/98/3836
f 131/3926/3837 132/4006/3837 4085/4005/3837 4005/3925/3837
f 4005/3925/3838 4085/4005/3838 4086/4007/3838 4006/3927/3838
f 4006/3927/3839 4086/4007/3839 4087/4008/3839 4007/3928/3839
f 4007/3928/3840 4087/4008/3840 4088/4009/3840 4008/3929/3840
f 4008/3929/3841 4088/4009/3841 4089/4010/3841 4009/3930/3841
f 4009/3930/3842 4089/4010/3842 4090/4011/3842 4010/3931/3842
f 4010/3931/3843 4090/4011/3843 4091/4012/3843 4011/3932/3843
f 4011/3932/3844 4091/4012/3844 4092/4013/3844 4012/3933/3844
f 4012/3933/3845 4092/4013/3845 4093/4014/3845 4013/3934/3845
f 4013/3934/3846 4093/4014/3846 4094/4015/3846 4014/3935/3846
f 4014/3935/3847 4094/4015/3847 4095/4016/3847 4015/3936/3847
f 4015/3936/3848 4095/4016/3848 4096/4017/3848 4016/3937/3848
f 4016/3937/3849 4096/4017/3849 4097/4018/3849 4017/3938/3849
f 4017/3938/3850 4097/4018/3850 4098/4019/3850 4018/3939/3850
f 4018/3939/3851 4098/4019/3851 4099/4020/3851 4019/3940/3851
f 4019/3940/3852 4099/4020/3852 4100/4021/3852 4020/3941/3852
f 4020/3941/3853 4100/4021/3853 4101/4022/3853 4021/3942/3853
f 4021/3942/3854 4101/4022/3854 4102/4023/3854 4022/3943/3854
f 4022/3943/3855 4102/4023/3855 4103/4024/3855 4023/3944/3855
f 4023/3944/3856 4103/4024/3856 4104/4025/3856 4024/3945/3856
f 4024/3945/3857 4104/4025/3857 4105/4026/3857 4025/3946/3857
f 4025/3946/3858 4105/4026/3858 4106/4027/3858 4026/3947/3858
f 4026/3947/3859 4106/4027/3859 4107/4028/3859 4027/3948/3859
f 4027/3948/3860 4107/4028/3860 4108/4029/3860 4028/3949/3860
f 4028/3949/3861 4108/4029/3861 4109/4030/3861 4029/3950/3861
f 4029/3950/3862 4109/4030/3862 4110/4031/3862 4030/3951/3862
f 4030/3951/3863 4110/4031/3863 4111/4032/3863 4031/3952/3863
f 4031/3952/3864 4111/4032/3864 4112/4033/3864 4032/3953/3864
f 4032/3953/3865 4112/4033/3865 4113/4034/3865 4033/3954/3865
f 4033/3954/3866 4113/4034/3866 4114/4035/3866 4034/3955/3866
f 4034/3955/3867 4114/4035/3867 4115/4036/3867 4035/3956/3867
f 4035/3956/3868 4115/4036/3868 4116/4037/3868 4036/3957/3868
f 4036/3957/3869 4116/4037/3869 4117/4038/3869 4037/3958/3869
f 4037/3958/3870 4117/4038/3870 4118/4039/3870 4038/3959/3870
f 4038/3959/3871 4118/4039/3871 4119/4040/3871 4039/3960/3871
f 4039/3960/3872 4119/4040/3872 4120/4041/3872 4040/3961/3872
f 4040/3961/3873 4120/4041/3873 4121/4042/3873 4041/3962/3873
f 4041/3962/3874 4121/4042/3874 4122/4043/3874 4042/3963/3874
f 4042/3963/3875 4122/4043/3875 4123/4044/3875 4043/3964/3875
f 4043/3964/3876 4123/4044/3876 4124/4045/3876 4044/3965/3876
f 4044/3965/3877 4124/4045/3877 4125/4046/3877 4045/3966/3877
f 4045/3966/3878 4125/4046/3878 4126/4047/3878 4046/3967/3878
f 4046/3967/3879 4126/4047/3879 4127/4048/3879 4047/3968/3879
f 4047/3968/3880 4127/4048/3880 4128/4049/3880 4048/3969/3880
f 4048/3969/3881 4128/4049/3881 4129/4050/3881 4049/3970/3881
f 4049/3970/3882 4129/4050/3882 4130/4051/3882 4050/3971/3882
f 4050/3971/3883 4130/4051/3883 4131/4052/3883 4051/3972/3883
f 4051/3972/3884 4131/4052/3884 4132/4053/3884 4052/3973/3884
f 4052/3973/3885 4132/4053/3885 4133/4054/3885 4053/3974/3885
f 4053/3974/3886 4133/4054/3886 4134/4055/3886 4054/3975/3886
f 4054/3975/3887 4134/4055/3887 4135/4056/3887 4055/3976/3887
f 4055/3976/3888 4135/4056/3888 4136/4057/3888 4056/3977/3888
f 4056/3977/3889 4136/4057/3889 4137/4058/3889 4057/3978/3889
f 4057/3978/3890 4137/4058/3890 4138/4059/3890 4058/3979/3890
f 4058/3979/3891 4138/4059/3891 4139/4060/3891 4059/3980/3891
f 4059/3980/3892 4139/4060/3892 4140/4061/3892 4060/3981/3892
f 4060/3981/3893 4140/4061/3893 4141/4062/3893 4061/3982/3893
f 4061/3982/3894 4141/4062/3894 4142/4063/3894 4062/3983/3894
f 4062/3983/3895 4142/4063/3895 4143/4064/3895 4063/3984/3895
f 4063/3984/3896 4143/4064/3896 4144/4065/3896 4064/3985/3896
f 4064/3985/3897 4144/4065/3897 4145/4066/3897 4065/3986/3897
f 4065/3986/3898 4145/4066/3898 4146/4067/3898 4066/3987/3898
f 4066/3987/3899 4146/4067/3899 4147/4068/3899 4067/3988/3899
f 4067/3988/3900 4147/4068/3900 4148/4069/3900 4068/3989/3900
f 4068/3989/3901 4148/4069/3901 4149/4070/3901 4069/3990/3901
f 4069/3990/3902 4149/4070/3902 4150/4071/3902 4070/3991/3902
f 4070/3991/3903 4150/4071/3903 4151/4072/3903 4071/3992/3903
f 4071/3992/3904 4151/4072/3904 4152/4073/3904 4072/3993/3904
f 4072/3993/3905 4152/4073/3905 4153/4074/3905 4073/3994/3905
f 4073/3994/3906 4153/4074/3906 4154/4075/3906 4074/3995/3906
f 4074/3995/3907 4154/4075/3907 4155/4076/3907 4075/3996/3907
f 4075/3996/3908 4155/4076/3908 4156/4077/3908 4076/3997/3908
f 4076/3997/3909 4156/4077/3909 4157/4078/3909 4077/3998/3909
f 4077/3998/3910 4157/4078/3910 4158/4079/3910 4078/3999/3910
f 4078/3999/3911 4158/4079/3911 4159/4080/3911 4079/4000/3911
f 4079/4000/3912 4159/4080/3912 4160/4081/3912 4080/4001/3912
f 4080/4001/3913 4160/4081/3913 4161/4082/3913 4081/4002/3913
f 4081/4002/3914 4161/4082/3914 4162/4083/3914 4082/4003/3914
f 4082/4003/3915 4162/4083/3915 4163/4084/3915 4083/4004/3915
f 4083/4004/3916 4163/4084/3916 4164/102/3916 4084/100/3916
f 132/4006/3917 133/4086/3917 4165/4085/3917 4085/4005/3917
f 4085/4005/3918 4165/4085/3918 4166/4087/3918 4086/4007/3918
f 4086/4007/3919 4166/4087/3919 4167/4088/3919 4087/4008/3919
f 4087/4008/3920 4167/4088/3920 4168/4089/3920 4088/4009/3920
f 4088/4009/3921 4168/4089/3921 4169/4090/3921 4089/4010/3921
f 4089/4010/3922 4169/4090/3922 4170/4091/3922 4090/4011/3922
f 4090/4011/3923 4170/4091/3923 4171/4092/3923 4091/4012/3923
f 4091/4012/3924 4171/4092/3924 4172/4093/3924 4092/4013/3924
f 4092/4013/3925 4172/4093/3925 4173/4094/3925 4093/4014/3925
f 4093/4014/3926 4173/4094/3926 4174/4095/3926 4094/4015/3926
f 4094/4015/3927 4174/4095/3927 4175/4096/3927 4095/4016/3927
f 4095/4016/3928 4175/4096/3928 4176/4097/3928 4096/4017/3928
f 4096/4017/3929 4176/4097/3929 4177/4098/3929 4097/4018/3929
f 4097/4018/3930 4177/4098/3930 4178/4099/3930 4098/4019/3930
f 4098/4019/3931 4178/4099/3931 4179/4100/3931 4099/4020/3931
f 4099/4020/3932 4179/4100/3932 4180/4101/3932 4100/4021/3932
f 4100/4021/3933 4180/4101/3933 4181/4102/3933 4101/4022/3933
f 4101/4022/3934 4181/4102/3934 4182/4103/3934 4102/4023/3934
f 4102/4023/3935 4182/4103/3935 4183/4104/3935 4103/4024/3935
f 4103/4024/3936 4183/4104/3936 4184/4105/3936 4104/4025/3936
f 4104/4025/3937 4184/4105/3937 4185/4106/3937 4105/4026/3937
f 4105/4026/3938 4185/4106/3938 4186/4107/3938 4106/4027/3938
f 4106/4027/3939 4186/4107/3939 4187/4108/3939 4107/4028/3939
f 4107/4028/3940 4187/4108/3940 4188/4109/3940 4108/4029/3940
f 4108/4029/3941 4188/4109/3941 4189/4110/3941 4109/4030/3941
f 4109/4030/3942 4189/4110/3942 4190/4111/3942 4110/4031/3942
f 4110/4031/3943 4190/4111/3943 4191/4112/3943 4111/4032/3943
f 4111/4032/3944 4191/4112/3944 4192/4113/3944 4112/4033/3944
f 4112/4033/3945 4192/4113/3945 4193/4114/3945 4113/4034/3945
f 4113/4034/3946 4193/4114/3946 4194/4115/3946 4114/4035/3946
f 4114/4035/3947 4194/4115/3947 4195/4116/3947 4115/4036/3947
f 4115/4036/3948 4195/4116/3948 4196/4117/3948 4116/4037/3948
f 4116/4037/3949 4196/4117/3949 4197/4118/3949 4117/4038/3949
f 4117/4038/3950 4197/4118/3950 4198/4119/3950 4118/4039/3950
f 4118/4039/3951 4198/4119/3951 4199/4120/3951 4119/4040/3951
f 4119/4040/3952 4199/4120/3952 4200/4121/3952 4120/4041/3952
f 4120/4041/3953 4200/4121/3953 4201/4122/3953 4121/4042/3953
f 4121/4042/3954 4201/4122/3954 4202/4123/3954 4122/4043/3954
f 4122/4043/3955 4202/4123/3955 4203/4124/3955 4123/4044/3955
f 4123/4044/3956 4203/4124/3956 4204/4125/3956 4124/4045/3956
f 4124/4045/3957 4204/4125/3957 4205/4126/3957 4125/4046/3957
f 4125/4046/3958 4205/4126/3958 4206/4127/3958 4126/4047/3958
f 4126/4047/3959 4206/4127/3959 4207/4128/3959 4127/4048/3959
f 4127/4048/3960 4207/4128/3960 4208/4129/3960 4128/4049/3960
f 4128/4049/3961 4208/4129/3961 4209/4130/3961 4129/4050/3961
f 4129/4050/3962 4209/4130/3962 4210/4131/3962 4130/4051/3962
f 4130/4051/3963 4210/4131/3963 4211/4132/3963 4131/4052/3963
f 4131/4052/3964 4211/4132/3964 4212/4133/3964 4132/4053/3964
f 4132/4053/3965 4212/4133/3965 4213/4134/3965 4133/4054/3965
f 4133/4054/3966 4213/4134/3966 4214/4135/3966 4134/4055/3966
f 4134/4055/3967 4214/4135/3967 4215/4136/3967 4135/4056/3967
f 4135/4056/3968 4215/4136/3968 4216/4137/3968 4136/4057/3968
f 4136/4057/3969 4216/4137/3969 4217/4138/3969 4137/4058/3969
f 4137/4058/3970 4217/4138/3970 4218/4139/3970 4138/4059/3970
f 4138/4059/3971 4218/4139/3971 4219/4140/3971 4139/4060/3971
f 4139/4060/3972 4219/4140/3972 4220/4141/3972 4140/4061/3972
f 4140/4061/3973 4220/4141/3973 4221/4142/3973 4141/4062/3973
f 4141/4062/3974 4221/4142/3974 4222/4143/3974 4142/4063/3974
f 4142/4063/3975 4222/4143/3975 4223/4144/3975 4143/4064/3975
f 4143/4064/3976 4223/4144/3976 4224/4145/3976 4144/4065/3976
f 4144/4065/3977 4224/4145/3977 4225/4146/3977 4145/4066/3977
f 4145/4066/3978 4225/4146/3978 4226/4147/3978 4146/4067/3978
f 4146/4067/3979 4226/4147/3979 4227/4148/3979 4147/4068/3979
f 4147/4068/3980 4227/4148/3980 4228/4149/3980 4148/4069/3980
f 4148/4069/3981 4228/4149/3981 4229/4150/3981 4149/4070/3981
f 4149/4070/3982 4229/4150/3982 4230/4151/3982 4150/4071/3982
f 4150/4071/3983 4230/4151/3983 4231/4152/3983 4151/4072/3983
f 4151/4072/3984 4231/4152/3984 4232/4153/3984 4152/4073/3984
f 4152/4073/3985 4232/4153/3985 4233/4154/3985 4153/4074/3985
f 4153/4074/3986 4233/4154/3986 4234/4155/3986 4154/4075/3986
f 4154/4075/3987 4234/4155/3987 4235/4156/3987 4155/4076/3987
f 4155/4076/3988 4235/4156/3988 4236/4157/3988 4156/4077/3988
f 4156/4077/3989 4236/4157/3989 4237/4158/3989 4157/4078/3989
f 4157/4078/3990 4237/4158/3990 4238/4159/3990 4158/4079/3990
f 4158/4079/3991 4238/4159/3991 4239/4160/3991 4159/4080/3991
f 4159/4080/3992 4239/4160/3992 4240/4161/3992 4160/4081/3992
f 4160/4081/3993 4240/4161/3993 4241/4162/3993 4161/4082/3993
f 4161/4082/3994 4241/4162/3994 4242/4163/3994 4162/4083/3994
f 4162/4083/3995 4242/4163/3995 4243/4164/3995 4163/4084/3995
f 4163/4084/3996 4243/4164/3996 4244/104/3996 4164/102/3996
f 133/4086/3997 134/4166/3997 4245/4165/3997 4165/4085/3997
f 4165/4085/3998 4245/4165/3998 4246/4167/3998 4166/4087/3998
f 4166/4087/3999 4246/4167/3999 4247/4168/3999 4167/4088/3999
f 4167/4088/4000 4247/4168/4000 4248/4169/4000 4168/4089/4000
f 4168/4089/4001 4248/4169/4001 4249/4170/4001 4169/4090/4001
f 4169/4090/4002 4249/4170/4002 4250/4171/4002 4170/4091/4002
f 4170/4091/4003 4250/4171/4003 4251/4172/4003 4171/4092/4003
f 4171/4092/4004 4251/4172/4004 4252/4173/4004 4172/4093/4004
f 4172/4093/4005 4252/4173/4005 4253/4174/4005 4173/4094/4005
f 4173/4094/4006 4253/4174/4006 4254/4175/4006 4174/4095/4006
f 4174/4095/4007 4254/4175/4007 4255/4176/4007 4175/4096/4007
f 4175/4096/4008 4255/4176/4008 4256/4177/4008 4176/4097/4008
f 4176/4097/4009 4256/4177/4009 4257/4178/4009 4177/4098/4009
f 4177/4098/4010 4257/4178/4010 4258/4179/4010 4178/4099/4010
f 4178/4099/4011 4258/4179/4011 4259/4180/4011 4179/4100/4011
f 4179/4100/4012 4259/4180/4012 4260/4181/4012 4180/4101/4012
f 4180/4101/4013 4260/4181/4013 4261/4182/4013 4181/4102/4013
f 4181/4102/4014 4261/4182/4014 4262/4183/4014 4182/4103/4014
f 4182/4103/4015 4262/4183/4015 4263/4184/4015 4183/4104/4015
f 4183/4104/4016 4263/4184/4016 4264/4185/4016 4184/4105/4016
f 4184/4105/4017 4264/4185/4017 4265/4186/4017 4185/4106/4017
f 4185/4106/4018 4265/4186/4018 4266/4187/4018 4186/4107/4018
f 4186/4107/4019 4266/4187/4019 4267/4188/4019 4187/4108/4019
f 4187/4108/4020 4267/4188/4020 4268/4189/4020 4188/4109/4020
f 4188/4109/4021 4268/4189/4021 4269/4190/4021 4189/4110/4021
f 4189/4110/4022 4269/4190/4022 4270/4191/4022 4190/4111/4022
f 4190/4111/4023 4270/4191/4023 4271/4192/4023 4191/4112/4023
f 4191/4112/4024 4271/4192/4024 4272/4193/4024 4192/4113/4024
f 4192/4113/4025 4272/4193/4025 4273/4194/4025 4193/4114/4025
f 4193/4114/4026 4273/4194/4026 4274/4195/4026 4194/4115/4026
f 4194/4115/4027 4274/4195/4027 4275/4196/4027 4195/4116/4027
f 4195/4116/4028 4275/4196/4028 4276/4197/4028 4196/4117/4028
f 4196/4117/4029 4276/4197/4029 4277/4198/4029 4197/4118/4029
f 4197/4118/4030 4277/4198/4030 4278/4199/4030 4198/4119/4030
f 4198/4119/4031 4278/4199/4031 4279/4200/4031 4199/4120/4031
f 4199/4120/4032 4279/4200/4032 4280/4201/4032 4200/4121/4032
f 4200/4121/4033 4280/4201/4033 4281/4202/4033 4201/4122/4033
f 4201/4122/4034 4281/4202/4034 4282/4203/4034 4202/4123/4034
f 4202/4123/4035 4282/4203/4035 4283/4204/4035 4203/4124/4035
f 4203/4124/4036 4283/4204/4036 4284/4205/4036 4204/4125/4036
f 4204/4125/4037 4284/4205/4037 4285/4206/4037 4205/4126/4037
f 4205/4126/4038 4285/4206/4038 4286/4207/4038 4206/4127/4038
f 4206/4127/4039 4286/4207/4039 4287/4208/4039 4207/4128/4039
f 4207/4128/4040 4287/4208/4040 4288/4209/4040 4208/4129/4040
f 4208/4129/4041 4288/4209/4041 4289/4210/4041 4209/4130/4041
f 4209/4130/4042 4289/4210/4042 4290/4211/4042 4210/4131/4042
f 4210/4131/4043 4290/4211/4043 4291/4212/4043 4211/4132/4043
f 4211/4132/4044 4291/4212/4044 4292/4213/4044 4212/4133/4044
f 4212/4133/4045 4292/4213/4045 4293/4214/4045 4213/4134/4045
f 4213/4134/4046 4293/4214/4046 4294/4215/4046 4214/4135/4046
f 4214/4135/4047 4294/4215/4047 4295/4216/4047 4215/4136/4047
f 4215/4136/4048 4295/4216/4048 4296/4217/4048 4216/4137/4048
f 4216/4137/4049 4296/4217/4049 4297/4218/4049 4217/4138/4049
f 4217/4138/4050 4297/4218/4050 4298/4219/4050 4218/4139/4050
f 4218/4139/4051 4298/4219/4051 4299/4220/4051 4219/4140/4051
f 4219/4140/4052 4299/4220/4052 4300/4221/4052 4220/4141/4052
f 4220/4141/4053 4300/4221/4053 4301/4222/4053 4221/4142/4053
f 4221/4142/4054 4301/4222/4054 4302/4223/4054 4222/4143/4054
f 4222/4143/4055 4302/4223/4055 4303/4224/4055 4223/4144/4055
f 4223/4144/4056 4303/4224/4056 4304/4225/4056 4224/4145/4056
f 4224/4145/4057 4304/4225/4057 4305/4226/4057 4225/4146/4057
f 4225/4146/4058 4305/4226/4058 4306/4227/4058 4226/4147/4058
f 4226/4147/4059 4306/4227/4059 4307/4228/4059 4227/4148/4059
f 4227/4148/4060 4307/4228/4060 4308/4229/4060 4228/4149/4060
f 4228/4149/4061 4308/4229/4061 4309/4230/4061 4229/4150/4061
f 4229/4150/4062 4309/4230/4062 4310/4231/4062 4230/4151/4062
f 4230/4151/4063 4310/4231/4063 4311/4232/4063 4231/4152/4063
f 4231/4152/4064 4311/4232/4064 4312/4233/4064 4232/4153/4064
f 4232/4153/4065 4312/4233/4065 4313/4234/4065 4233/4154/4065
f 4233/4154/4066 4313/4234/4066 4314/4235/4066 4234/4155/4066
f 4234/4155/4067 4314/4235/4067 4315/4236/4067 4235/4156/4067
f 4235/4156/4068 4315/4236/4068 4316/4237/4068 4236/4157/4068
f 4236/4157/4069 4316/4237/4069 4317/4238/4069 4237/4158/4069
f 4237/4158/4070 4317/4238/4070 4318/4239/4070 4238/4159/4070
f 4238/4159/4071 4318/4239/4071 4319/4240/4071 4239/4160/4071
f 4239/4160/4072 4319/4240/4072 4320/4241/4072 4240/4161/4072
f 4240/4161/4073 4320/4241/4073 4321/4242/4073 4241/4162/4073
f 4241/4162/4074 4321/4242/4074 4322/4243/4074 4242/4163/4074
f 4242/4163/4075 4322/4243/4075 4323/4244/4075 4243/4164/4075
f 4243/4164/4076 4323/4244/4076 4324/106/4076 4244/104/4076
f 134/4166/4077 135/4246/4077 4325/4245/4077 4245/4165/4077
f 4245/4165/4078 4325/4245/4078 4326/4247/4078 4246/4167/4078
f 4246/4167/4079 4326/4247/4079 4327/4248/4079 4247/4168/4079
f 4247/4168/4080 4327/4248/4080 4328/4249/4080 4248/4169/4080
f 4248/4169/4081 4328/4249/4081 4329/4250/4081 4249/4170/4081
f 4249/4170/4082 4329/4250/4082 4330/4251/4082 4250/4171/4082
f 4250/4171/4083 4330/4251/4083 4331/4252/4083 4251/4172/4083
f 4251/4172/4084 4331/4252/4084 4332/4253/4084 4252/4173/4084
f 4252/4173/4085 4332/4253/4085 4333/4254/4085 4253/4174/4085
f 4253/4174/4086 4333/4254/4086 4334/4255/4086 4254/4175/4086
f 4254/4175/4087 4334/4255/4087 4335/4256/4087 4255/4176/4087
f 4255/4176/4088 4335/4256/4088 4336/4257/4088 4256/4177/4088
f 4256/4177/4089 4336/4257/4089 4337/4258/4089 4257/4178/4089
f 4257/4178/4090 4337/4258/4090 4338/4259/4090 4258/4179/4090
f 4258/4179/4091 4338/4259/4091 4339/4260/4091 4259/4180/4091
f 4259/4180/4092 4339/4260/4092 4340/4261/4092 4260/4181/4092
f 4260/4181/4093 4340/4261/4093 4341/4262/4093 4261/4182/4093
f 4261/4182/4094 4341/4262/4094 4342/4263/4094 4262/4183/4094
f 4262/4183/4095 4342/4263/4095 4343/4264/4095 4263/4184/4095
f 4263/4184/4096 4343/4264/4096 4344/4265/4096 4264/4185/4096
f 4264/4185/4097 4344/4265/4097 4345/4266/4097 4265/4186/4097
f 4265/4186/4098 4345/4266/4098 4346/4267/4098 4266/4187/4098
f 4266/4187/4099 4346/4267/4099 4347/4268/4099 4267/4188/4099
f 4267/4188/4100 4347/4268/4100 4348/4269/4100 4268/4189/4100
f 4268/4189/4101 4348/4269/4101 4349/4270/4101 4269/4190/4101
f 4269/4190/4102 4349/4270/4102 4350/4271/4102 4270/4191/4102
f 4270/4191/4103 4350/4271/4103 4351/4272/4103 4271/4192/4103
f 4271/4192/4104 4351/4272/4104 4352/4273/4104 4272/4193/4104
f 4272/4193/4105 4352/4273/4105 4353/4274/4105 4273/4194/4105
f 4273/4194/4106 4353/4274/4106 4354/4275/4106 4274/4195/4106
f 4274/4195/4107 4354/4275/4107 4355/4276/4107 4275/4196/4107
f 4275/4196/4108 4355/4276/4108 4356/4277/4108 4276/4197/4108
f 4276/4197/4109 4356/4277/4109 4357/4278/4109 4277/4198/4109
f 4277/4198/4110 4357/4278/4110 4358/4279/4110 4278/4199/4110
f 4278/4199/4111 4358/4279/4111 4359/4280/4111 4279/4200/4111
f 4279/4200/4112 4359/4280/4112 4360/4281/4112 4280/4201/4112
f 4280/4201/4113 4360/4281/4113 4361/4282/4113 4281/4202/4113
f 4281/4202/4114 4361/4282/4114 4362/4283/4114 4282/4203/4114
f 4282/4203/4115 4362/4283/4115 4363/4284/4115 4283/4204/4115
f 4283/4204/4116 4363/4284/4116 4364/4285/4116 4284/4205/4116
f 4284/4205/4117 4364/4285/4117 4365/4286/4117 4285/4206/4117
f 4285/4206/4118 4365/4286/4118 4366/4287/4118 4286/4207/4118
f 4286/4207/4119 4366/4287/4119 4367/4288/4119 4287/4208/4119
f 4287/4208/4120 4367/4288/4120 4368/4289/4120 4288/4209/4120
f 4288/4209/4121 4368/4289/4121 4369/4290/4121 4289/4210/4121
f 4289/4210/4122 4369/4290/4122 4370/4291/4122 4290/4211/4122
f 4290/4211/4123 4370/4291/4123 4371/4292/4123 4291/4212/4123
f 4291/4212/4124 4371/4292/4124 4372/4293/4124 4292/4213/4124
f 4292/4213/4125 4372/4293/4125 4373/4294/4125 4293/4214/4125
f 4293/4214/4126 4373/4294/4126 4374/4295/4126 4294/4215/4126
f 4294/4215/4127 4374/4295/4127 4375/4296/4127 4295/4216/4127
f 4295/4216/4128 4375/4296/4128 4376/4297/4128 4296/4217/4128
f 4296/4217/4129 4376/4297/4129 4377/4298/4129 4297/4218/4129
f 4297/4218/4130 4377/4298/4130 4378/4299/4130 4298/4219/4130
f 4298/4219/4131 4378/4299/4131 4379/4300/4131 4299/4220/4131
f 4299/4220/4132 4379/4300/4132 4380/4301/4132 4300/4221/4132
f 4300/4221/4133 4380/4301/4133 4381/4302/4133 4301/4222/4133
f 4301/4222/4134 4381/4302/4134 4382/4303/4134 4302/4223/4134
f 4302/4223/4135 4382/4303/4135 4383/4304/4135 4303/4224/4135
f 4303/4224/4136 4383/4304/4136 4384/4305/4136 4304/4225/4136
f 4304/4225/4137 4384/4305/4137 4385/4306/4137 4305/4226/4137
f 4305/4226/4138 4385/4306/4138 4386/4307/4138 4306/4227/4138
f 4306/4227/4139 4386/4307/4139 4387/4308/4139 4307/4228/4139
f 4307/4228/4140 4387/4308/4140 4388/4309/4140 4308/4229/4140
f 4308/4229/4141 4388/4309/4141 4389/4310/4141 4309/4230/4141
f 4309/4230/4142 4389/4310/4142 4390/4311/4142 4310/4231/4142
f 4310/4231/4143 4390/4311/4143 4391/4312/4143 4311/4232/4143
f 4311/4232/4144 4391/4312/4144 4392/4313/4144 4312/4233/4144
f 4312/4233/4145 4392/4313/4145 4393/4314/4145 4313/4234/4145
f 4313/4234/4146 4393/4314/4146 4394/4315/4146 4314/4235/4146
f 4314/4235/4147 4394/4315/4147 4395/4316/4147 4315/4236/4147
f 4315/4236/4148 4395/4316/4148 4396/4317/4148 4316/4237/4148
f 4316/4237/4149 4396/4317/4149 4397/4318/4149 4317/4238/4149
f 4317/4238/4150 4397/4318/4150 4398/4319/4150 4318/4239/4150
f 4318/4239/4151 4398/4319/4151 4399/4320/4151 4319/4240/4151
f 4319/4240/4152 4399/4320/4152 4400/4321/4152 4320/4241/4152
f 4320/4241/4153 4400/4321/4153 4401/4322/4153 4321/4242/4153
f 4321/4242/4154 4401/4322/4154 4402/4323/4154 4322/4243/4154
f 4322/4243/4155 4402/4323/4155 4403/4324/4155 4323/4244/4155
f 4323/4244/4156 4403/4324/4156 4404/108/4156 4324/106/4156
f 135/4246/4157 136/4326/4157 4405/4325/4157 4325/4245/4157
f 4325/4245/4158 4405/4325/4158 4406/4327/4158 4326/4247/4158
f 4326/4247/4159 4406/4327/4159 4407/4328/4159 4327/4248/4159
f 4327/4248/4160 4407/4328/4160 4408/4329/4160 4328/4249/4160
f 4328/4249/4161 4408/4329/4161 4409/4330/4161 4329/4250/4161
f 4329/4250/4162 4409/4330/4162 4410/4331/4162 4330/4251/4162
f 4330/4251/4163 4410/4331/4163 4411/4332/4163 4331/4252/4163
f 4331/4252/4164 4411/4332/4164 4412/4333/4164 4332/4253/4164
f 4332/4253/4165 4412/4333/4165 4413/4334/4165 4333/4254/4165
f 4333/4254/4166 4413/4334/4166 4414/4335/4166 4334/4255/4166
f 4334/4255/4167 4414/4335/4167 4415/4336/4167 4335/4256/4167
f 4335/4256/4168 4415/4336/4168 4416/4337/4168 4336/4257/4168
f 4336/4257/4169 4416/4337/4169 4417/4338/4169 4337/4258/4169
f 4337/4258/4170 4417/4338/4170 4418/4339/4170 4338/4259/4170
f 4338/4259/4171 4418/4339/4171 4419/4340/4171 4339/4260/4171
f 4339/4260/4172 4419/4340/4172 4420/4341/4172 4340/4261/4172
f 4340/4261/4173 4420/4341/4173 4421/4342/4173 4341/4262/4173
f 4341/4262/4174 4421/4342/4174 4422/4343/4174 4342/4263/4174
f 4342/4263/4175 4422/4343/4175 4423/4344/4175 4343/4264/4175
f 4343/4264/4176 4423/4344/4176 4424/4345/4176 4344/4265/4176
f 4344/4265/4177 4424/4345/4177 4425/4346/4177 4345/4266/4177
f 4345/4266/4178 4425/4346/4178 4426/4347/4178 4346/4267/4178
f 4346/4267/4179 4426/4347/4179 4427/4348/4179 4347/4268/4179
f 4347/4268/4180 4427/4348/4180 4428/4349/4180 4348/4269/4180
f 4348/4269/4181 4428/4349/4181 4429/4350/4181 4349/4270/4181
f 4349/4270/4182 4429/4350/4182 4430/4351/4182 4350/4271/4182
f 4350/4271/4183 4430/4351/4183 4431/4352/4183 4351/4272/4183
f 4351/4272/4184 4431/4352/4184 4432/4353/4184 4352/4273/4184
f 4352/4273/4185 4432/4353/4185 4433/4354/4185 4353/4274/4185
f 4353/4274/4186 4433/4354/4186 4434/4355/4186 4354/4275/4186
f 4354/4275/4187 4434/4355/4187 4435/4356/4187 4355/4276/4187
f 4355/4276/4188 4435/4356/4188 4436/4357/4188 4356/4277/4188
f 4356/4277/4189 4436/4357/4189 4437/4358/4189 4357/4278/4189
f 4357/4278/4190 4437/4358/4190 4438/4359/4190 4358/4279/4190
f 4358/4279/4191 4438/4359/4191 4439/4360/4191 4359/4280/4191
f 4359/4280/4192 4439/4360/4192 4440/4361/4192 4360/4281/4192
f 4360/4281/4193 4440/4361/4193 4441/4362/4193 4361/4282/4193
f 4361/4282/4194 4441/4362/4194 4442/4363/4194 4362/4283/4194
f 4362/4283/4195 4442/4363/4195 4443/4364/4195 4363/4284/4195
f 4363/4284/4196 4443/4364/4196 4444/4365/4196 4364/4285/4196
f 4364/4285/4197 4444/4365/4197 4445/4366/4197 4365/4286/4197
f 4365/4286/4198 4445/4366/4198 4446/4367/4198 4366/4287/4198
f 4366/4287/4199 4446/4367/4199 4447/4368/4199 4367/4288/4199
f 4367/4288/4200 4447/4368/4200 4448/4369/4200 4368/4289/4200
f 4368/4289/4201 4448/4369/4201 4449/4370/4201 4369/4290/4201
f 4369/4290/4202 4449/4370/4202 4450/4371/4202 4370/4291/4202
f 4370/4291/4203 4450/4371/4203 4451/4372/4203 4371/4292/4203
f 4371/4292/4204 4451/4372/4204 4452/4373/4204 4372/4293/4204
f 4372/4293/4205 4452/4373/4205 4453/4374/4205 4373/4294/4205
f 4373/4294/4206 4453/4374/4206 4454/4375/4206 4374/4295/4206
f 4374/4295/4207 4454/4375/4207 4455/4376/4207 4375/4296/4207
f 4375/4296/4208 4455/4376/4208 4456/4377/4208 4376/4297/4208
f 4376/4297/4209 4456/4377/4209 4457/4378/4209 4377/4298/4209
f 4377/4298/4210 4457/4378/4210 4458/4379/4210 4378/4299/4210
f 4378/4299/4211 4458/4379/4211 4459/4380/4211 4379/4300/4211
f 4379/4300/4212 4459/4380/4212 4460/4381/4212 4380/4301/4212
f 4380/4301/4213 4460/4381/4213 4461/4382/4213 4381/4302/4213
f 4381/4302/4214 4461/4382/4214 4462/4383/4214 4382/4303/4214
f 4382/4303/4215 4462/4383/4215 4463/4384/4215 4383/4304/4215
f 4383/4304/4216 4463/4384/4216 4464/4385/4216 4384/4305/4216
f 4384/4305/4217 4464/4385/4217 4465/4386/4217 4385/4306/4217
f 4385/4306/4218 4465/4386/4218 4466/4387/4218 4386/4307/4218
f 4386/4307/4219 4466/4387/4219 4467/4388/4219 4387/4308/4219
f 4387/4308/4220 4467/4388/4220 4468/4389/4220 4388/4309/4220
f 4388/4309/4221 4468/4389/4221 4469/4390/4221 4389/4310/4221
f 4389/4310/4222 4469/4390/4222 4470/4391/4222 4390/4311/4222
f 4390/4311/4223 4470/4391/4223 4471/4392/4223 4391/4312/4223
f 4391/4312/4224 4471/4392/4224 4472/4393/4224 4392/4313/4224
f 4392/4313/4225 4472/4393/4225 4473/4394/4225 4393/4314/4225
f 4393/4314/4226 4473/4394/4226 4474/4395/4226 4394/4315/4226
f 4394/4315/4227 4474/4395/4227 4475/4396/4227 4395/4316/4227
f 4395/4316/4228 4475/4396/4228 4476/4397/4228 4396/4317/4228
f 4396/4317/4229 4476/4397/4229 4477/4398/4229 4397/4318/4229
f 4397/4318/4230 4477/4398/4230 4478/4399/4230 4398/4319/4230
f 4398/4319/4231 4478/4399/4231 4479/4400/4231 4399/4320/4231
f 4399/4320/4232 4479/4400/4232 4480/4401/4232 4400/4321/4232
f 4400/4321/4233 4480/4401/4233 4481/4402/4233 4401/4322/4233
f 4401/4322/4234 4481/4402/4234 4482/4403/4234 4402/4323/4234
f 4402/4323/4235 4482/4403/4235 4483/4404/4235 4403/4324/4235
f 4403/4324/4236 4483/4404/4236 4484/110/4236 4404/108/4236
f 136/4326/4237 137/4406/4237 4485/4405/4237 4405/4325/4237
f 4405/4325/4238 4485/4405/4238 4486/4407/4238 4406/4327/4238
f 4406/4327/4239 4486/4407/4239 4487/4408/4239 4407/4328/4239
f 4407/4328/4240 4487/4408/4240 4488/4409/4240 4408/4329/4240
f 4408/4329/4241 4488/4409/4241 4489/4410/4241 4409/4330/4241
f 4409/4330/4242 4489/4410/4242 4490/4411/4242 4410/4331/4242
f 4410/4331/4243 4490/4411/4243 4491/4412/4243 4411/4332/4243
f 4411/4332/4244 4491/4412/4244 4492/4413/4244 4412/4333/4244
f 4412/4333/4245 4492/4413/4245 4493/4414/4245 4413/4334/4245
f 4413/4334/4246 4493/4414/4246 4494/4415/4246 4414/4335/4246
f 4414/4335/4247 4494/4415/4247 4495/4416/4247 4415/4336/4247
f 4415/4336/4248 4495/4416/4248 4496/4417/4248 4416/4337/4248
f 4416/4337/4249 4496/4417/4249 4497/4418/4249 4417/4338/4249
f 4417/4338/4250 4497/4418/4250 4498/4419/4250 4418/4339/4250
f 4418/4339/4251 4498/4419/4251 4499/4420/4251 4419/4340/4251
f 4419/4340/4252 4499/4420/4252 4500/4421/4252 4420/4341/4252
f 4420/4341/4253 4500/4421/4253 4501/4422/4253 4421/4342/4253
f 4421/4342/4254 4501/4422/4254 4502/4423/4254 4422/4343/4254
f 4422/4343/4255 4502/4423/4255 4503/4424/4255 4423/4344/4255
f 4423/4344/4256 4503/4424/4256 4504/4425/4256 4424/4345/4256
f 4424/4345/4257 4504/4425/4257 4505/4426/4257 4425/4346/4257
f 4425/4346/4258 4505/4426/4258 4506/4427/4258 4426/4347/4258
f 4426/4347/4259 4506/4427/4259 4507/4428/4259 4427/4348/4259
f 4427/4348/4260 4507/4428/4260 4508/4429/4260 4428/4349/4260
f 4428/4349/4261 4508/4429/4261 4509/4430/4261 4429/4350/4261
f 4429/4350/4262 4509/4430/4262 4510/4431/4262 4430/4351/4262
f 4430/4351/4263 4510/4431/4263 4511/4432/4263 4431/4352/4263
f 4431/4352/4264 4511/4432/4264 4512/4433/4264 4432/4353/4264
f 4432/4353/4265 4512/4433/4265 4513/4434/4265 4433/4354/4265
f 4433/4354/4266 4513/4434/4266 4514/4435/4266 4434/4355/4266
f 4434/4355/4267 4514/4435/4267 4515/4436/4267 4435/4356/4267
f 4435/4356/4268 4515/4436/4268 4516/4437/4268 4436/4357/4268
f 4436/4357/4269 4516/4437/4269 4517/4438/4269 4437/4358/4269
f 4437/4358/4270 4517/4438/4270 4518/4439/4270 4438/4359/4270
f 4438/4359/4271 4518/4439/4271 4519/4440/4271 4439/4360/4271
f 4439/4360/4272 4519/4440/4272 4520/4441/4272 4440/4361/4272
f 4440/4361/4273 4520/4441/4273 4521/4442/4273 4441/4362/4273
f 4441/4362/4274 4521/4442/4274 4522/4443/4274 4442/4363/4274
f 4442/4363/4275 4522/4443/4275 4523/4444/4275 4443/4364/4275
f 4443/4364/4276 4523/4444/4276 4524/4445/4276 4444/4365/4276
f 4444/4365/4277 4524/4445/4277 4525/4446/4277 4445/4366/4277
f 4445/4366/4278 4525/4446/4278 4526/4447/4278 4446/4367/4278
f 4446/4367/4279 4526/4447/4279 4527/4448/4279 4447/4368/4279
f 4447/4368/4280 4527/4448/4280 4528/4449/4280 4448/4369/4280
f 4448/4369/4281 4528/4449/4281 4529/4450/4281 4449/4370/4281
f 4449/4370/4282 4529/4450/4282 4530/4451/4282 4450/4371/4282
f 4450/4371/4283 4530/4451/4283 4531/4452/4283 4451/4372/4283
f 4451/4372/4284 4531/4452/4284 4532/4453/4284 4452/4373/4284
f 4452/4373/4285 4532/4453/4285 4533/4454/4285 4453/4374/4285
f 4453/4374/4286 4533/4454/4286 4534/4455/4286 4454/4375/4286
f 4454/4375/4287 4534/4455/4287 4535/4456/4287 4455/4376/4287
f 4455/4376/4288 4535/4456/4288 4536/4457/4288 4456/4377/4288
f 4456/4377/4289 4536/4457/4289 4537/4458/4289 4457/4378/4289
f 4457/4378/4290 4537/4458/4290 4538/4459/4290 4458/4379/4290
f 4458/4379/4291 4538/4459/4291 4539/4460/4291 4459/4380/4291
f 4459/4380/4292 4539/4460/4292 4540/4461/4292 4460/4381/4292
f 4460/4381/4293 4540/4461/4293 4541/4462/4293 4461/4382/4293
f 4461/4382/4294 4541/4462/4294 4542/4463/4294 4462/4383/4294
f 4462/4383/4295 4542/4463/4295 4543/4464/4295 4463/4384/4295
f 4463/4384/4296 4543/4464/4296 4544/4465/4296 4464/4385/4296
f 4464/4385/4297 4544/4465/4297 4545/4466/4297 4465/4386/4297
f 4465/4386/4298 4545/4466/4298 4546/4467/4298 4466/4387/4298
f 4466/4387/4299 4546/4467/4299 4547/4468/4299 4467/4388/4299
f 4467/4388/4300 4547/4468/4300 4548/4469/4300 4468/4389/4300
f 4468/4389/4301 4548/4469/4301 4549/4470/4301 4469/4390/4301
f 4469/4390/4302 4549/4470/4302 4550/4471/4302 4470/4391/4302
f 4470/4391/4303 4550/4471/4303 4551/4472/4303 4471/4392/4303
f 4471/4392/4304 4551/4472/4304 4552/4473/4304 4472/4393/4304
f 4472/4393/4305 4552/4473/4305 4553/4474/4305 4473/4394/4305
f 4473/4394/4306 4553/4474/4306 4554/4475/4306 4474/4395/4306
f 4474/4395/4307 4554/4475/4307 4555/4476/4307 4475/4396/4307
f 4475/4396/4308 4555/4476/4308 4556/4477/4308 4476/4397/4308
f 4476/4397/4309 4556/4477/4309 4557/4478/4309 4477/4398/4309
f 4477/4398/4310 4557/4478/4310 4558/4479/4310 4478/4399/4310
f 4478/4399/4311 4558/4479/4311 4559/4480/4311 4479/4400/4311
f 4479/4400/4312 4559/4480/4312 4560/4481/4312 4480/4401/4312
f 4480/4401/4313 4560/4481/4313 4561/4482/4313 4481/4402/4313
f 4481/4402/4314 4561/4482/4314 4562/4483/4314 4482/4403/4314
f 4482/4403/4315 4562/4483/4315 4563/4484/4315 4483/4404/4315
f 4483/4404/4316 4563/4484/4316 4564/112/4316 4484/110/4316
f 137/4406/4317 138/4486/4317 4565/4485/4317 4485/4405/4317
f 4485/4405/4318 4565/4485/4318 4566/4487/4318 4486/4407/4318
f 4486/4407/4319 4566/4487/4319 4567/4488/4319 4487/4408/4319
f 4487/4408/4320 4567/4488/4320 4568/4489/4320 4488/4409/4320
f 4488/4409/4321 4568/4489/4321 4569/4490/4321 4489/4410/4321
f 4489/4410/4322 4569/4490/4322 4570/4491/4322 4490/4411/4322
f 4490/4411/4323 4570/4491/4323 4571/4492/4323 4491/4412/4323
f 4491/4412/4324 4571/4492/4324 4572/4493/4324 4492/4413/4324
f 4492/4413/4325 4572/4493/4325 4573/4494/4325 4493/4414/4325
f 4493/4414/4326 4573/4494/4326 4574/4495/4326 4494/4415/4326
f 4494/4415/4327 4574/4495/4327 4575/4496/4327 4495/4416/4327
f 4495/4416/4328 4575/4496/4328 4576/4497/4328 4496/4417/4328
f 4496/4417/4329 4576/4497/4329 4577/4498/4329 4497/4418/4329
f 4497/4418/4330 4577/4498/4330 4578/4499/4330 4498/4419/4330
f 4498/4419/4331 4578/4499/4331 4579/4500/4331 4499/4420/4331
f 4499/4420/4332 4579/4500/4332 4580/4501/4332 4500/4421/4332
f 4500/4421/4333 4580/4501/4333 4581/4502/4333 4501/4422/4333
f 4501/4422/4334 4581/4502/4334 4582/4503/4334 4502/4423/4334
f 4502/4423/4335 4582/4503/4335 4583/4504/4335 4503/4424/4335
f 4503/4424/4336 4583/4504/4336 4584/4505/4336 4504/4425/4336
f 4504/4425/4337 4584/4505/4337 4585/4506/4337 4505/4426/4337
f 4505/4426/4338 4585/4506/4338 4586/4507/4338 4506/4427/4338
f 4506/4427/4339 4586/4507/4339 4587/4508/4339 4507/4428/4339
f 4507/4428/4340 4587/4508/4340 4588/4509/4340 4508/4429/4340
f 4508/4429/4341 4588/4509/4341 4589/4510/4341 4509/4430/4341
f 4509/4430/4342 4589/4510/4342 4590/4511/4342 4510/4431/4342
f 4510/4431/4343 4590/4511/4343 4591/4512/4343 4511/4432/4343
f 4511/4432/4344 4591/4512/4344 4592/4513/4344 4512/4433/4344
f 4512/4433/4345 4592/4513/4345 4593/4514/4345 4513/4434/4345
f 4513/4434/4346 4593/4514/4346 4594/4515/4346 4514/4435/4346
f 4514/4435/4347 4594/4515/4347 4595/4516/4347 4515/4436/4347
f 4515/4436/4348 4595/4516/4348 4596/4517/4348 4516/4437/4348
f 4516/4437/4349 4596/4517/4349 4597/4518/4349 4517/4438/4349
f 4517/4438/4350 4597/4518/4350 4598/4519/4350 4518/4439/4350
f 4518/4439/4351 4598/4519/4351 4599/4520/4351 4519/4440/4351
f 4519/4440/4352 4599/4520/4352 4600/4521/4352 4520/4441/4352
f 4520/4441/4353 4600/4521/4353 4601/4522/4353 4521/4442/4353
f 4521/4442/4354 4601/4522/4354 4602/4523/4354 4522/4443/4354
f 4522/4443/4355 4602/4523/4355 4603/4524/4355 4523/4444/4355
f 4523/4444/4356 4603/4524/4356 4604/4525/4356 4524/4445/4356
f 4524/4445/4357 4604/4525/4357 4605/4526/4357 4525/4446/4357
f 4525/4446/4358 4605/4526/4358 4606/4527/4358 4526/4447/4358
f 4526/4447/4359 4606/4527/4359 4607/4528/4359 4527/4448/4359
f 4527/4448/4360 4607/4528/4360 4608/4529/4360 4528/4449/4360
f 4528/4449/4361 4608/4529/4361 4609/4530/4361 4529/4450/4361
f 4529/4450/4362 4609/4530/4362 4610/4531/4362 4530/4451/4362
f 4530/4451/4363 4610/4531/4363 4611/4532/4363 4531/4452/4363
f 4531/4452/4364 4611/4532/4364 4612/4533/4364 4532/4453/4364
f 4532/4453/4365 4612/4533/4365 4613/4534/4365 4533/4454/4365
f 4533/4454/4366 4613/4534/4366 4614/4535/4366 4534/4455/4366
f 4534/4455/4367 4614/4535/4367 4615/4536/4367 4535/4456/4367
f 4535/4456/4368 4615/4536/4368 4616/4537/4368 4536/4457/4368
f 4536/4457/4369 4616/4537/4369 4617/4538/4369 4537/4458/4369
f 4537/4458/4370 4617/4538/4370 4618/4539/4370 4538/4459/4370
f 4538/4459/4371 4618/4539/4371 4619/4540/4371 4539/4460/4371
f 4539/4460/4372 4619/4540/4372 4620/4541/4372 4540/4461/4372
f 4540/4461/4373 4620/4541/4373 4621/4542/4373 4541/4462/4373
f 4541/4462/4374 4621/4542/4374 4622/4543/4374 4542/4463/4374
f 4542/4463/4375 4622/4543/4375 4623/4544/4375 4543/4464/4375
f 4543/4464/4376 4623/4544/4376 4624/4545/4376 4544/4465/4376
f 4544/4465/4377 4624/4545/4377 4625/4546/4377 4545/4466/4377
f 4545/4466/4378 4625/4546/4378 4626/4547/4378 4546/4467/4378
f 4546/4467/4379 4626/4547/4379 4627/4548/4379 4547/4468/4379
f 4547/4468/4380 4627/4548/4380 4628/4549/4380 4548/4469/4380
f 4548/4469/4381 4628/4549/4381 4629/4550/4381 4549/4470/4381
f 4549/4470/4382 4629/4550/4382 4630/4551/4382 4550/4471/4382
f 4550/4471/4383 4630/4551/4383 4631/4552/4383 4551/4472/4383
f 4551/4472/4384 4631/4552/4384 4632/4553/4384 4552/4473/4384
f 4552/4473/4385 4632/4553/4385 4633/4554/4385 4553/4474/4385
f 4553/4474/4386 4633/4554/4386 4634/4555/4386 4554/4475/4386
f 4554/4475/4387 4634/4555/4387 4635/4556/4387 4555/4476/4387
f 4555/4476/4388 4635/4556/4388 4636/4557/4388 4556/4477/4388
f 4556/4477/4389 4636/4557/4389 4637/4558/4389 4557/4478/4389
f 4557/4478/4390 4637/4558/4390 4638/4559/4390 4558/4479/4390
f 4558/4479/4391 4638/4559/4391 4639/4560/4391 4559/4480/4391
f 4559/4480/4392 4639/4560/4392 4640/4561/4392 4560/4481/4392
f 4560/4481/4393 4640/4561/4393 4641/4562/4393 4561/4482/4393
f 4561/4482/4394 4641/4562/4394 4642/4563/4394 4562/4483/4394
f 4562/4483/4395 4642/4563/4395 4643/4564/4395 4563/4484/4395
f 4563/4484/4396 4643/4564/4396 4644/114/4396 4564/112/4396
f 138/4486/4397 139/4566/4397 4645/4565/4397 4565/4485/4397
f 4565/4485/4398 4645/4565/4398 4646/4567/4398 4566/4487/4398
f 4566/4487/4399 4646/4567/4399 4647/4568/4399 4567/4488/4399
f 4567/4488/4400 4647/4568/4400 4648/4569/4400 4568/4489/4400
f 4568/4489/4401 4648/4569/4401 4649/4570/4401 4569/4490/4401
f 4569/4490/4402 4649/4570/4402 4650/4571/4402 4570/4491/4402
f 4570/4491/4403 4650/4571/4403 4651/4572/4403 4571/4492/4403
f 4571/4492/4404 4651/4572/4404 4652/4573/4404 4572/4493/4404
f 4572/4493/4405 4652/4573/4405 4653/4574/4405 4573/4494/4405
f 4573/4494/4406 4653/4574/4406 4654/4575/4406 4574/4495/4406
f 4574/4495/4407 4654/4575/4407 4655/4576/4407 4575/4496/4407
f 4575/4496/4408 4655/4576/4408 4656/4577/4408 4576/4497/4408
f 4576/4497/4409 4656/4577/4409 4657/4578/4409 4577/4498/4409
f 4577/4498/4410 4657/4578/4410 4658/4579/4410 4578/4499/4410
f 4578/4499/4411 4658/4579/4411 4659/4580/4411 4579/4500/4411
f 4579/4500/4412 4659/4580/4412 4660/4581/4412 4580/4501/4412
f 4580/4501/4413 4660/4581/4413 4661/4582/4413 4581/4502/4413
f 4581/4502/4414 4661/4582/4414 4662/4583/4414 4582/4503/4414
f 4582/4503/4415 4662/4583/4415 4663/4584/4415 4583/4504/4415
f 4583/4504/4416 4663/4584/4416 4664/4585/4416 4584/4505/4416
f 4584/4505/4417 4664/4585/4417 4665/4586/4417 4585/4506/4417
f 4585/4506/4418 4665/4586/4418 4666/4587/4418 4586/4507/4418
f 4586/4507/4419 4666/4587/4419 4667/4588/4419 4587/4508/4419
f 4587/4508/4420 4667/4588/4420 4668/4589/4420 4588/4509/4420
f 4588/4509/4421 4668/4589/4421 4669/4590/4421 4589/4510/4421
f 4589/4510/4422 4669/4590/4422 4670/4591/4422 4590/4511/4422
f 4590/4511/4423 4670/4591/4423 4671/4592/4423 4591/4512/4423
f 4591/4512/4424 4671/4592/4424 4672/4593/4424 4592/4513/4424
f 4592/4513/4425 4672/4593/4425 4673/4594/4425 4593/4514/4425
f 4593/4514/4426 4673/4594/4426 4674/4595/4426 4594/4515/4426
f 4594/4515/4427 4674/4595/4427 4675/4596/4427 4595/4516/4427
f 4595/4516/4428 4675/4596/4428 4676/4597/4428 4596/4517/4428
f 4596/4517/4429 4676/4597/4429 4677/4598/4429 4597/4518/4429
f 4597/4518/4430 4677/4598/4430 4678/4599/4430 4598/4519/4430
f 4598/4519/4431 4678/4599/4431 4679/4600/4431 4599/4520/4431
f 4599/4520/4432 4679/4600/4432 4680/4601/4432 4600/4521/4432
f 4600/4521/4433 4680/4601/4433 4681/4602/4433 4601/4522/4433
f 4601/4522/4434 4681/4602/4434 4682/4603/4434 4602/4523/4434
f 4602/4523/4435 4682/4603/4435 4683/4604/4435 4603/4524/4435
f 4603/4524/4436 4683/4604/4436 4684/4605/4436 4604/4525/4436
f 4604/4525/4437 4684/4605/4437 4685/4606/4437 4605/4526/4437
f 4605/4526/4438 4685/4606/4438 4686/4607/4438 4606/4527/4438
f 4606/4527/4439 4686/4607/4439 4687/4608/4439 4607/4528/4439
f 4607/4528/4440 4687/4608/4440 4688/4609/4440 4608/4529/4440
f 4608/4529/4441 4688/4609/4441 4689/4610/4441 4609/4530/4441
f 4609/4530/4442 4689/4610/4442 4690/4611/4442 4610/4531/4442
f 4610/4531/4443 4690/4611/4443 4691/4612/4443 4611/4532/4443
f 4611/4532/4444 4691/4612/4444 4692/4613/4444 4612/4533/4444
f 4612/4533/4445 4692/4613/4445 4693/4614/4445 4613/4534/4445
f 4613/4534/4446 4693/4614/4446 4694/4615/4446 4614/4535/4446
f 4614/4535/4447 4694/4615/4447 4695/4616/4447 4615/4536/4447
f 4615/4536/4448 4695/4616/4448 4696/4617/4448 4616/4537/4448
f 4616/4537/4449 4696/4617/4449 4697/4618/4449 4617/4538/4449
f 4617/4538/4450 4697/4618/4450 4698/4619/4450 4618/4539/4450
f 4618/4539/4451 4698/4619/4451 4699/4620/4451 4619/4540/4451
f 4619/4540/4452 4699/4620/4452 4700/4621/4452 4620/4541/4452
f 4620/4541/4453 4700/4621/4453 4701/4622/4453 4621/4542/4453
f 4621/4542/4454 4701/4622/4454 4702/4623/4454 4622/4543/4454
f 4622/4543/4455 4702/4623/4455 4703/4624/4455 4623/4544/4455
f 4623/4544/4456 4703/4624/4456 4704/4625/4456 4624/4545/4456
f 4624/4545/4457 4704/4625/4457 4705/4626/4457 4625/4546/4457
f 4625/4546/4458 4705/4626/4458 4706/4627/4458 4626/4547/4458
f 4626/4547/4459 4706/4627/4459 4707/4628/4459 4627/4548/4459
f 4627/4548/4460 4707/4628/4460 4708/4629/4460 4628/4549/4460
f 4628/4549/4461 4708/4629/4461 4709/4630/4461 4629/4550/4461
f 4629/4550/4462 4709/4630/4462 4710/4631/4462 4630/4551/4462
f 4630/4551/4463 4710/4631/4463 4711/4632/4463 4631/4552/4463
f 4631/4552/4464 4711/4632/4464 4712/4633/4464 4632/4553/4464
f 4632/4553/4465 4712/4633/4465 4713/4634/4465 4633/4554/4465
f 4633/4554/4466 4713/4634/4466 4714/4635/4466 4634/4555/4466
f 4634/4555/4467 4714/4635/4467 4715/4636/4467 4635/4556/4467
f 4635/4556/4468 4715/4636/4468 4716/4637/4468 4636/4557/4468
f 4636/4557/4469 4716/4637/4469 4717/4638/4469 4637/4558/4469
f 4637/4558/4470 4717/4638/4470 4718/4639/4470 4638/4559/4470
f 4638/4559/4471 4718/4639/4471 4719/4640/4471 4639/4560/4471
f 4639/4560/4472 4719/4640/4472 4720/4641/4472 4640/4561/4472
f 4640/4561/4473 4720/4641/4473 4721/4642/4473 4641/4562/4473
f 4641/4562/4474 4721/4642/4474 4722/4643/4474 4642/4563/4474
f 4642/4563/4475 4722/4643/4475 4723/4644/4475 4643/4564/4475
f 4643/4564/4476 4723/4644/4476 4724/116/4476 4644/114/4476
f 139/4566/4477 140/4646/4477 4725/4645/4477 4645/4565/4477
f 4645/4565/4478 4725/4645/4478 4726/4647/4478 4646/4567/4478
f 4646/4567/4479 4726/4647/4479 4727/4648/4479 4647/4568/4479
f 4647/4568/4480 4727/4648/4480 4728/4649/4480 4648/4569/4480
f 4648/4569/4481 4728/4649/4481 4729/4650/4481 4649/4570/4481
f 4649/4570/4482 4729/4650/4482 4730/4651/4482 4650/4571/4482
f 4650/4571/4483 4730/4651/4483 4731/4652/4483 4651/4572/4483
f 4651/4572/4484 4731/4652/4484 4732/4653/4484 4652/4573/4484
f 4652/4573/4485 4732/4653/4485 4733/4654/4485 4653/4574/4485
f 4653/4574/4486 4733/4654/4486 4734/4655/4486 4654/4575/4486
f 4654/4575/4487 4734/4655/4487 4735/4656/4487 4655/4576/4487
f 4655/4576/4488 4735/4656/4488 4736/4657/4488 4656/4577/4488
f 4656/4577/4489 4736/4657/4489 4737/4658/4489 4657/4578/4489
f 4657/4578/4490 4737/4658/4490 4738/4659/4490 4658/4579/4490
f 4658/4579/4491 4738/4659/4491 4739/4660/4491 4659/4580/4491
f 4659/4580/4492 4739/4660/4492 4740/4661/4492 4660/4581/4492
f 4660/4581/4493 4740/4661/4493 4741/4662/4493 4661/4582/4493
f 4661/4582/4494 4741/4662/4494 4742/4663/4494 4662/4583/4494
f 4662/4583/4495 4742/4663/4495 4743/4664/4495 4663/4584/4495
f 4663/4584/4496 4743/4664/4496 4744/4665/4496 4664/4585/4496
f 4664/4585/4497 4744/4665/4497 4745/4666/4497 4665/4586/4497
f 4665/4586/4498 4745/4666/4498 4746/4667/4498 4666/4587/4498
f 4666/4587/4499 4746/4667/4499 4747/4668/4499 4667/4588/4499
f 4667/4588/4500 4747/4668/4500 4748/4669/4500 4668/4589/4500
f 4668/4589/4501 4748/4669/4501 4749/4670/4501 4669/4590/4501
f 4669/4590/4502 4749/4670/4502 4750/4671/4502 4670/4591/4502
f 4670/4591/4503 4750/4671/4503 4751/4672/4503 4671/4592/4503
f 4671/4592/4504 4751/4672/4504 4752/4673/4504 4672/4593/4504
f 4672/4593/4505 4752/4673/4505 4753/4674/4505 4673/4594/4505
f 4673/4594/4506 4753/4674/4506 4754/4675/4506 4674/4595/4506
f 4674/4595/4507 4754/4675/4507 4755/4676/4507 4675/4596/4507
f 4675/4596/4508 4755/4676/4508 4756/4677/4508 4676/4597/4508
f 4676/4597/4509 4756/4677/4509 4757/4678/4509 4677/4598/4509
f 4677/4598/4510 4757/4678/4510 4758/4679/4510 4678/4599/4510
f 4678/4599/4511 4758/4679/4511 4759/4680/4511 4679/4600/4511
f 4679/4600/4512 4759/4680/4512 4760/4681/4512 4680/4601/4512
f 4680/4601/4513 4760/4681/4513 4761/4682/4513 4681/4602/4513
f 4681/4602/4514 4761/4682/4514 4762/4683/4514 4682/4603/4514
f 4682/4603/4515 4762/4683/4515 4763/4684/4515 4683/4604/4515
f 4683/4604/4516 4763/4684/4516 4764/4685/4516 4684/4605/4516
f 4684/4605/4517 4764/4685/4517 4765/4686/4517 4685/4606/4517
f 4685/4606/4518 4765/4686/4518 4766/4687/4518 4686/4607/4518
f 4686/4607/4519 4766/4687/4519 4767/4688/4519 4687/4608/4519
f 4687/4608/4520 4767/4688/4520 4768/4689/4520 4688/4609/4520
f 4688/4609/4521 4768/4689/4521 4769/4690/4521 4689/4610/4521
f 4689/4610/4522 4769/4690/4522 4770/4691/4522 4690/4611/4522
f 4690/4611/4523 4770/4691/4523 4771/4692/4523 4691/4612/4523
f 4691/4612/4524 4771/4692/4524 4772/4693/4524 4692/4613/4524
f 4692/4613/4525 4772/4693/4525 4773/4694/4525 4693/4614/4525
f 4693/4614/4526 4773/4694/4526 4774/4695/4526 4694/4615/4526
f 4694/4615/4527 4774/4695/4527 4775/4696/4527 4695/4616/4527
f 4695/4616/4528 4775/4696/4528 4776/4697/4528 4696/4617/4528
f 4696/4617/4529 4776/4697/4529 4777/4698/4529 4697/4618/4529
f 4697/4618/4530 4777/4698/4530 4778/4699/4530 4698/4619/4530
f 4698/4619/4531 4778/4699/4531 4779/4700/4531 4699/4620/4531
f 4699/4620/4532 4779/4700/4532 4780/4701/4532 4700/4621/4532
f 4700/4621/4533 4780/4701/4533 4781/4702/4533 4701/4622/4533
f 4701/4622/4534 4781/4702/4534 4782/4703/4534 4702/4623/4534
f 4702/4623/4535 4782/4703/4535 4783/4704/4535 4703/4624/4535
f 4703/4624/4536 4783/4704/4536 4784/4705/4536 4704/4625/4536
f 4704/4625/4537 4784/4705/4537 4785/4706/4537 4705/4626/4537
f 4705/4626/4538 4785/4706/4538 4786/4707/4538 4706/4627/4538
f 4706/4627/4539 4786/4707/4539 4787/4708/4539 4707/4628/4539
f 4707/4628/4540 4787/4708/4540 4788/4709/4540 4708/4629/4540
f 4708/4629/4541 4788/4709/4541 4789/4710/4541 4709/4630/4541
f 4709/4630/4542 4789/4710/4542 4790/4711/4542 4710/4631/4542
f 4710/4631/4543 4790/4711/4543 4791/4712/4543 4711/4632/4543
f 4711/4632/4544 4791/4712/4544 4792/4713/4544 4712/4633/4544
f 4712/4633/4545 4792/4713/4545 4793/4714/4545 4713/4634/4545
f 4713/4634/4546 4793/4714/4546 4794/4715/4546 4714/4635/4546
f 4714/4635/4547 4794/4715/4547 4795/4716/4547 4715/4636/4547
f 4715/4636/4548 4795/4716/4548 4796/4717/4548 4716/4637/4548
f 4716/4637/4549 4796/4717/4549 4797/4718/4549 4717/4638/4549
f 4717/4638/4550 4797/4718/4550 4798/4719/4550 4718/4639/4550
f 4718/4639/4551 4798/4719/4551 4799/4720/4551 4719/4640/4551
f 4719/4640/4552 4799/4720/4552 4800/4721/4552 4720/4641/4552
f 4720/4641/4553 4800/4721/4553 4801/4722/4553 4721/4642/4553
f 4721/4642/4554 4801/4722/4554 4802/4723/4554 4722/4643/4554
f 4722/4643/4555 4802/4723/4555 4803/4724/4555 4723/4644/4555
f 4723/4644/4556 4803/4724/4556 4804/118/4556 4724/116/4556
f 140/4646/4557 141/4726/4557 4805/4725/4557 4725/4645/4557
f 4725/4645/4558 4805/4725/4558 4806/4727/4558 4726/4647/4558
f 4726/4647/4559 4806/4727/4559 4807/4728/4559 4727/4648/4559
f 4727/4648/4560 4807/4728/4560 4808/4729/4560 4728/4649/4560
f 4728/4649/4561 4808/4729/4561 4809/4730/4561 4729/4650/4561
f 4729/4650/4562 4809/4730/4562 4810/4731/4562 4730/4651/4562
f 4730/4651/4563 4810/4731/4563 4811/4732/4563 4731/4652/4563
f 4731/4652/4564 4811/4732/4564 4812/4733/4564 4732/4653/4564
f 4732/4653/4565 4812/4733/4565 4813/4734/4565 4733/4654/4565
f 4733/4654/4566 4813/4734/4566 4814/4735/4566 4734/4655/4566
f 4734/4655/4567 4814/4735/4567 4815/4736/4567 4735/4656/4567
f 4735/4656/4568 4815/4736/4568 4816/4737/4568 4736/4657/4568
f 4736/4657/4569 4816/4737/4569 4817/4738/4569 4737/4658/4569
f 4737/4658/4570 4817/4738/4570 4818/4739/4570 4738/4659/4570
f 4738/4659/4571 4818/4739/4571 4819/4740/4571 4739/4660/4571
f 4739/4660/4572 4819/4740/4572 4820/4741/4572 4740/4661/4572
f 4740/4661/4573 4820/4741/4573 4821/4742/4573 4741/4662/4573
f 4741/4662/4574 4821/4742/4574 4822/4743/4574 4742/4663/4574
f 4742/4663/4575 4822/4743/4575 4823/4744/4575 4743/4664/4575
f 4743/4664/4576 4823/4744/4576 4824/4745/4576 4744/4665/4576
f 4744/4665/4577 4824/4745/4577 4825/4746/4577 4745/4666/4577
f 4745/4666/4578 4825/4746/4578 4826/4747/4578 4746/4667/4578
f 4746/4667/4579 4826/4747/4579 4827/4748/4579 4747/4668/4579
f 4747/4668/4580 4827/4748/4580 4828/4749/4580 4748/4669/4580
f 4748/4669/4581 4828/4749/4581 4829/4750/4581 4749/4670/4581
f 4749/4670/4582 4829/4750/4582 4830/4751/4582 4750/4671/4582
f 4750/4671/4583 4830/4751/4583 4831/4752/4583 4751/4672/4583
f 4751/4672/4584 4831/4752/4584 4832/4753/4584 4752/4673/4584
f 4752/4673/4585 4832/4753/4585 4833/4754/4585 4753/4674/4585
f 4753/4674/4586 4833/4754/4586 4834/4755/4586 4754/4675/4586
f 4754/4675/4587 4834/4755/4587 4835/4756/4587 4755/4676/4587
f 4755/4676/4588 4835/4756/4588 4836/4757/4588 4756/4677/4588
f 4756/4677/4589 4836/4757/4589 4837/4758/4589 4757/4678/4589
f 4757/4678/4590 4837/4758/4590 4838/4759/4590 4758/4679/4590
f 4758/4679/4591 4838/4759/4591 4839/4760/4591 4759/4680/4591
f 4759/4680/4592 4839/4760/4592 4840/4761/4592 4760/4681/4592
f 4760/4681/4593 4840/4761/4593 4841/4762/4593 4761/4682/4593
f 4761/4682/4594 4841/4762/4594 4842/4763/4594 4762/4683/4594
f 4762/4683/4595 4842/4763/4595 4843/4764/4595 4763/4684/4595
f 4763/4684/4596 4843/4764/4596 4844/4765/4596 4764/4685/4596
f 4764/4685/4597 4844/4765/4597 4845/4766/4597 4765/4686/4597
f 4765/4686/4598 4845/4766/4598 4846/4767/4598 4766/4687/4598
f 4766/4687/4599 4846/4767/4599 4847/4768/4599 4767/4688/4599
f 4767/4688/4600 4847/4768/4600 4848/4769/4600 4768/4689/4600
f 4768/4689/4601 4848/4769/4601 4849/4770/4601 4769/4690/4601
f 4769/4690/4602 4849/4770/4602 4850/4771/4602 4770/4691/4602
f 4770/4691/4603 4850/4771/4603 4851/4772/4603 4771/4692/4603
f 4771/4692/4604 4851/4772/4604 4852/4773/4604 4772/4693/4604
f 4772/4693/4605 4852/4773/4605 4853/4774/4605 4773/4694/4605
f 4773/4694/4606 4853/4774/4606 4854/4775/4606 4774/4695/4606
f 4774/4695/4607 4854/4775/4607 4855/4776/4607 4775/4696/4607
f 4775/4696/4608 4855/4776/4608 4856/4777/4608 4776/4697/4608
f 4776/4697/4609 4856/4777/4609 4857/4778/4609 4777/4698/4609
f 4777/4698/4610 4857/4778/4610 4858/4779/4610 4778/4699/4610
f 4778/4699/4611 4858/4779/4611 4859/4780/4611 4779/4700/4611
f 4779/4700/4612 4859/4780/4612 4860/4781/4612 4780/4701/4612
f 4780/4701/4613 4860/4781/4613 4861/4782/4613 4781/4702/4613
f 4781/4702/4614 4861/4782/4614 4862/4783/4614 4782/4703/4614
f 4782/4703/4615 4862/4783/4615 4863/4784/4615 4783/4704/4615
f 4783/4704/4616 4863/4784/4616 4864/4785/4616 4784/4705/4616
f 4784/4705/4617 4864/4785/4617 4865/4786/4617 4785/4706/4617
f 4785/4706/4618 4865/4786/4618 4866/4787/4618 4786/4707/4618
f 4786/4707/4619 4866/4787/4619 4867/4788/4619 4787/4708/4619
f 4787/4708/4620 4867/4788/4620 4868/4789/4620 4788/4709/4620
f 4788/4709/4621 4868/4789/4621 4869/4790/4621 4789/4710/4621
f 4789/4710/4622 4869/4790/4622 4870/4791/4622 4790/4711/4622
f 4790/4711/4623 4870/4791/4623 4871/4792/4623 4791/4712/4623
f 4791/4712/4624 4871/4792/4624 4872/4793/4624 4792/4713/4624
f 4792/4713/4625 4872/4793/4625 4873/4794/4625 4793/4714/4625
f 4793/4714/4626 4873/4794/4626 4874/4795/4626 4794/4715/4626
f 4794/4715/4627 4874/4795/4627 4875/4796/4627 4795/4716/4627
f 4795/4716/4628 4875/4796/4628 4876/4797/4628 4796/4717/4628
f 4796/4717/4629 4876/4797/4629 4877/4798/4629 4797/4718/4629
f 4797/4718/4630 4877/4798/4630 4878/4799/4630 4798/4719/4630
f 4798/4719/4631 4878/4799/4631 4879/4800/4631 4799/4720/4631
f 4799/4720/4632 4879/4800/4632 4880/4801/4632 4800/4721/4632
f 4800/4721/4633 4880/4801/4633 4881/4802/4633 4801/4722/4633
f 4801/4722/4634 4881/4802/4634 4882/4803/4634 4802/4723/4634
f 4802/4723/4635 4882/4803/4635 4883/4804/4635 4803/4724/4635
f 4803/4724/4636 4883/4804/4636 4884/120/4636 4804/118/4636
f 141/4726/4637 142/4806/4637 4885/4805/4637 4805/4725/4637
f 4805/4725/4638 4885/4805/4638 4886/4807/4638 4806/4727/4638
f 4806/4727/4639 4886/4807/4639 4887/4808/4639 4807/4728/4639
f 4807/4728/4640 4887/4808/4640 4888/4809/4640 4808/4729/4640
f 4808/4729/4641 4888/4809/4641 4889/4810/4641 4809/4730/4641
f 4809/4730/4642 4889/4810/4642 4890/4811/4642 4810/4731/4642
f 4810/4731/4643 4890/4811/4643 4891/4812/4643 4811/4732/4643
f 4811/4732/4644 4891/4812/4644 4892/4813/4644 4812/4733/4644
f 4812/4733/4645 4892/4813/4645 4893/4814/4645 4813/4734/4645
f 4813/4734/4646 4893/4814/4646 4894/4815/4646 4814/4735/4646
f 4814/4735/4647 4894/4815/4647 4895/4816/4647 4815/4736/4647
f 4815/4736/4648 4895/4816/4648 4896/4817/4648 4816/4737/4648
f 4816/4737/4649 4896/4817/4649 4897/4818/4649 4817/4738/4649
f 4817/4738/4650 4897/4818/4650 4898/4819/4650 4818/4739/4650
f 4818/4739/4651 4898/4819/4651 4899/4820/4651 4819/4740/4651
f 4819/4740/4652 4899/4820/4652 4900/4821/4652 4820/4741/4652
f 4820/4741/4653 4900/4821/4653 4901/4822/4653 4821/4742/4653
f 4821/4742/4654 4901/4822/4654 4902/4823/4654 4822/4743/4654
f 4822/4743/4655 4902/4823/4655 4903/4824/4655 4823/4744/4655
f 4823/4744/4656 4903/4824/4656 4904/4825/4656 4824/4745/4656
f 4824/4745/4657 4904/4825/4657 4905/4826/4657 4825/4746/4657
f 4825/4746/4658 4905/4826/4658 4906/4827/4658 4826/4747/4658
f 4826/4747/4659 4906/4827/4659 4907/4828/4659 4827/4748/4659
f 4827/4748/4660 4907/4828/4660 4908/4829/4660 4828/4749/4660
f 4828/4749/4661 4908/4829/4661 4909/4830/4661 4829/4750/4661
f 4829/4750/4662 4909/4830/4662 4910/4831/4662 4830/4751/4662
f 4830/4751/4663 4910/4831/4663 4911/4832/4663 4831/4752/4663
f 4831/4752/4664 4911/4832/4664 4912/4833/4664 4832/4753/4664
f 4832/4753/4665 4912/4833/4665 4913/4834/4665 4833/4754/4665
f 4833/4754/4666 4913/4834/4666 4914/4835/4666 4834/4755/4666
f 4834/4755/4667 4914/4835/4667 4915/4836/4667 4835/4756/4667
f 4835/4756/4668 4915/4836/4668 4916/4837/4668 4836/4757/4668
f 4836/4757/4669 4916/4837/4669 4917/4838/4669 4837/4758/4669
f 4837/4758/4670 4917/4838/4670 4918/4839/4670 4838/4759/4670
f 4838/4759/4671 4918/4839/4671 4919/4840/4671 4839/4760/4671
f 4839/4760/4672 4919/4840/4672 4920/4841/4672 4840/4761/4672
f 4840/4761/4673 4920/4841/4673 4921/4842/4673 4841/4762/4673
f 4841/4762/4674 4921/4842/4674 4922/4843/4674 4842/4763/4674
f 4842/4763/4675 4922/4843/4675 4923/4844/4675 4843/4764/4675
f 4843/4764/4676 4923/4844/4676 4924/4845/4676 4844/4765/4676
f 4844/4765/4677 4924/4845/4677 4925/4846/4677 4845/4766/4677
f 4845/4766/4678 4925/4846/4678 4926/4847/4678 4846/4767/4678
f 4846/4767/4679 4926/4847/4679 4927/4848/4679 4847/4768/4679
f 4847/4768/4680 4927/4848/4680 4928/4849/4680 4848/4769/4680
f 4848/4769/4681 4928/4849/4681 4929/4850/4681 4849/4770/4681
f 4849/4770/4682 4929/4850/4682 4930/4851/4682 4850/4771/4682
f 4850/4771/4683 4930/4851/4683 4931/4852/4683 4851/4772/4683
f 4851/4772/4684 4931/4852/4684 4932/4853/4684 4852/4773/4684
f 4852/4773/4685 4932/4853/4685 4933/4854/4685 4853/4774/4685
f 4853/4774/4686 4933/4854/4686 4934/4855/4686 4854/4775/4686
f 4854/4775/4687 4934/4855/4687 4935/4856/4687 4855/4776/4687
f 4855/4776/4688 4935/4856/4688 4936/4857/4688 4856/4777/4688
f 4856/4777/4689 4936/4857/4689 4937/4858/4689 4857/4778/4689
f 4857/4778/4690 4937/4858/4690 4938/4859/4690 4858/4779/4690
f 4858/4779/4691 4938/4859/4691 4939/4860/4691 4859/4780/4691
f 4859/4780/4692 4939/4860/4692 4940/4861/4692 4860/4781/4692
f 4860/4781/4693 4940/4861/4693 4941/4862/4693 4861/4782/4693
f 4861/4782/4694 4941/4862/4694 4942/4863/4694 4862/4783/4694
f 4862/4783/4695 4942/4863/4695 4943/4864/4695 4863/4784/4695
f 4863/4784/4696 4943/4864/4696 4944/4865/4696 4864/4785/4696
f 4864/4785/4697 4944/4865/4697 4945/4866/4697 4865/4786/4697
f 4865/4786/4698 4945/4866/4698 4946/4867/4698 4866/4787/4698
f 4866/4787/4699 4946/4867/4699 4947/4868/4699 4867/4788/4699
f 4867/4788/4700 4947/4868/4700 4948/4869/4700 4868/4789/4700
f 4868/4789/4701 4948/4869/4701 4949/4870/4701 4869/4790/4701
f 4869/4790/4702 4949/4870/4702 4950/4871/4702 4870/4791/4702
f 4870/4791/4703 4950/4871/4703 4951/4872/4703 4871/4792/4703
f 4871/4792/4704 4951/4872/4704 4952/4873/4704 4872/4793/4704
f 4872/4793/4705 4952/4873/4705 4953/4874/4705 4873/4794/4705
f 4873/4794/4706 4953/4874/4706 4954/4875/4706 4874/4795/4706
f 4874/4795/4707 4954/4875/4707 4955/4876/4707 4875/4796/4707
f 4875/4796/4708 4955/4876/4708 4956/4877/4708 4876/4797/4708
f 4876/4797/4709 4956/4877/4709 4957/4878/4709 4877/4798/4709
f 4877/4798/4710 4957/4878/4710 4958/4879/4710 4878/4799/4710
f 4878/4799/4711 4958/4879/4711 4959/4880/4711 4879/4800/4711
f 4879/4800/4712 4959/4880/4712 4960/4881/4712 4880/4801/4712
f 4880/4801/4713 4960/4881/4713 4961/4882/4713 4881/4802/4713
f 4881/4802/4714 4961/4882/4714 4962/4883/4714 4882/4803/4714
f 4882/4803/4715 4962/4883/4715 4963/4884/4715 4883/4804/4715
f 4883/4804/4716 4963/4884/4716 4964/122/4716 4884/120/4716
f 142/4806/4717 143/4886/4717 4965/4885/4717 4885/4805/4717
f 4885/4805/4718 4965/4885/4718 4966/4887/4718 4886/4807/4718
f 4886/4807/4719 4966/4887/4719 4967/4888/4719 4887/4808/4719
f 4887/4808/4720 4967/4888/4720 4968/4889/4720 4888/4809/4720
f 4888/4809/4721 4968/4889/4721 4969/4890/4721 4889/4810/4721
f 4889/4810/4722 4969/4890/4722 4970/4891/4722 4890/4811/4722
f 4890/4811/4723 4970/4891/4723 4971/4892/4723 4891/4812/4723
f 4891/4812/4724 4971/4892/4724 4972/4893/4724 4892/4813/4724
f 4892/4813/4725 4972/4893/4725 4973/4894/4725 4893/4814/4725
f 4893/4814/4726 4973/4894/4726 4974/4895/4726 4894/4815/4726
f 4894/4815/4727 4974/4895/4727 4975/4896/4727 4895/4816/4727
f 4895/4816/4728 4975/4896/4728 4976/4897/4728 4896/4817/4728
f 4896/4817/4729 4976/4897/4729 4977/4898/4729 4897/4818/4729
f 4897/4818/4730 4977/4898/4730 4978/4899/4730 4898/4819/4730
f 4898/4819/4731 4978/4899/4731 4979/4900/4731 4899/4820/4731
f 4899/4820/4732 4979/4900/4732 4980/4901/4732 4900/4821/4732
f 4900/4821/4733 4980/4901/4733 4981/4902/4733 4901/4822/4733
f 4901/4822/4734 4981/4902/4734 4982/4903/4734 4902/4823/4734
f 4902/4823/4735 4982/4903/4735 4983/4904/4735 4903/4824/4735
f 4903/4824/4736 4983/4904/4736 4984/4905/4736 4904/4825/4736
f 4904/4825/4737 4984/4905/4737 4985/4906/4737 4905/4826/4737
f 4905/4826/4738 4985/4906/4738 4986/4907/4738 4906/4827/4738
f 4906/4827/4739 4986/4907/4739 4987/4908/4739 4907/4828/4739
f 4907/4828/4740 4987/4908/4740 4988/4909/4740 4908/4829/4740
f 4908/4829/4741 4988/4909/4741 4989/4910/4741 4909/4830/4741
f 4909/4830/4742 4989/4910/4742 4990/4911/4742 4910/4831/4742
f 4910/4831/4743 4990/4911/4743 4991/4912/4743 4911/4832/4743
f 4911/4832/4744 4991/4912/4744 4992/4913/4744 4912/4833/4744
f 4912/4833/4745 4992/4913/4745 4993/4914/4745 4913/4834/4745
f 4913/4834/4746 4993/4914/4746 4994/4915/4746 4914/4835/4746
f 4914/4835/4747 4994/4915/4747 4995/4916/4747 4915/4836/4747
f 4915/4836/4748 4995/4916/4748 4996/4917/4748 4916/4837/4748
f 4916/4837/4749 4996/4917/4749 4997/4918/4749 4917/4838/4749
f 4917/4838/4750 4997/4918/4750 4998/4919/4750 4918/4839/4750
f 4918/4839/4751 4998/4919/4751 4999/4920/4751 4919/4840/4751
f 4919/4840/4752 4999/4920/4752 5000/4921/4752 4920/4841/4752
f 4920/4841/4753 5000/4921/4753 5001/4922/4753 4921/4842/4753
f 4921/4842/4754 5001/4922/4754 5002/4923/4754 4922/4843/4754
f 4922/4843/4755 5002/4923/4755 5003/4924/4755 4923/4844/4755
f 4923/4844/4756 5003/4924/4756 5004/4925/4756 4924/4845/4756
f 4924/4845/4757 5004/4925/4757 5005/4926/4757 4925/4846/4757
f 4925/4846/4758 5005/4926/4758 5006/4927/4758 4926/4847/4758
f 4926/4847/4759 5006/4927/4759 5007/4928/4759 4927/4848/4759
f 4927/4848/4760 5007/4928/4760 5008/4929/4760 4928/4849/4760
f 4928/4849/4761 5008/4929/4761 5009/4930/4761 4929/4850/4761
f 4929/4850/4762 5009/4930/4762 5010/4931/4762 4930/4851/4762
f 4930/4851/4763 5010/4931/4763 5011/4932/4763 4931/4852/4763
f 4931/4852/4764 5011/4932/4764 5012/4933/4764 4932/4853/4764
f 4932/4853/4765 5012/4933/4765 5013/4934/4765 4933/4854/4765
f 4933/4854/4766 5013/4934/4766 5014/4935/4766 4934/4855/4766
f 4934/4855/4767 5014/4935/4767 5015/4936/4767 4935/4856/4767
f 4935/4856/4768 5015/4936/4768 5016/4937/4768 4936/4857/4768
f 4936/4857/4769 5016/4937/4769 5017/4938/4769 4937/4858/4769
f 4937/4858/4770 5017/4938/4770 5018/4939/4770 4938/4859/4770
f 4938/4859/4771 5018/4939/4771 5019/4940/4771 4939/4860/4771
f 4939/4860/4772 5019/4940/4772 5020/4941/4772 4940/4861/4772
f 4940/4861/4773 5020/4941/4773 5021/4942/4773 4941/4862/4773
f 4941/4862/4774 5021/4942/4774 5022/4943/4774 4942/4863/4774
f 4942/4863/4775 5022/4943/4775 5023/4944/4775 4943/4864/4775
f 4943/4864/4776 5023/4944/4776 5024/4945/4776 4944/4865/4776
f 4944/4865/4777 5024/4945/4777 5025/4946/4777 4945/4866/4777
f 4945/4866/4778 5025/4946/4778 5026/4947/4778 4946/4867/4778
f 4946/4867/4779 5026/4947/4779 5027/4948/4779 4947/4868/4779
f 4947/4868/4780 5027/4948/4780 5028/4949/4780 4948/4869/4780
f 4948/4869/4781 5028/4949/4781 5029/4950/4781 4949/4870/4781
f 4949/4870/4782 5029/4950/4782 5030/4951/4782 4950/4871/4782
f 4950/4871/4783 5030/4951/4783 5031/4952/4783 4951/4872/4783
f 4951/4872/4784 5031/4952/4784 5032/4953/4784 4952/4873/4784
f 4952/4873/4785 5032/4953/4785 5033/4954/4785 4953/4874/4785
f 4953/4874/4786 5033/4954/4786 5034/4955/4786 4954/4875/4786
f 4954/4875/4787 5034/4955/4787 5035/4956/4787 4955/4876/4787
f 4955/4876/4788 5035/4956/4788 5036/4957/4788 4956/4877/4788
f 4956/4877/4789 5036/4957/4789 5037/4958/4789 4957/4878/4789
f 4957/4878/4790 5037/4958/4790 5038/4959/4790 4958/4879/4790
f 4958/4879/4791 5038/4959/4791 5039/4960/4791 4959/4880/4791
f 4959/4880/4792 5039/4960/4792 5040/4961/4792 4960/4881/4792
f 4960/4881/4793 5040/4961/4793 5041/4962/4793 4961/4882/4793
f 4961/4882/4794 5041/4962/4794 5042/4963/4794 4962/4883/4794
f 4962/4883/4795 5042/4963/4795 5043/4964/4795 4963/4884/4795
f 4963/4884/4796 5043/4964/4796 5044/124/4796 4964/122/4796
f 143/4886/4797 144/4966/4797 5045/4965/4797 4965/4885/4797
f 4965/4885/4798 5045/4965/4798 5046/4967/4798 4966/4887/4798
f 4966/4887/4799 5046/4967/4799 5047/4968/4799 4967/4888/4799
f 4967/4888/4800 5047/4968/4800 5048/4969/4800 4968/4889/4800
f 4968/4889/4801 5048/4969/4801 5049/4970/4801 4969/4890/4801
f 4969/4890/4802 5049/4970/4802 5050/4971/4802 4970/4891/4802
f 4970/4891/4803 5050/4971/4803 5051/4972/4803 4971/4892/4803
f 4971/4892/4804 5051/4972/4804 5052/4973/4804 4972/4893/4804
f 4972/4893/4805 5052/4973/4805 5053/4974/4805 4973/4894/4805
f 4973/4894/4806 5053/4974/4806 5054/4975/4806 4974/4895/4806
f 4974/4895/4807 5054/4975/4807 5055/4976/4807 4975/4896/4807
f 4975/4896/4808 5055/4976/4808 5056/4977/4808 4976/4897/4808
f 4976/4897/4809 5056/4977/4809 5057/4978/4809 4977/4898/4809
f 4977/4898/4810 5057/4978/4810 5058/4979/4810 4978/4899/4810
f 4978/4899/4811 5058/4979/4811 5059/4980/4811 4979/4900/4811
f 4979/4900/4812 5059/4980/4812 5060/4981/4812 4980/4901/4812
f 4980/4901/4813 5060/4981/4813 5061/4982/4813 4981/4902/4813
f 4981/4902/4814 5061/4982/4814 5062/4983/4814 4982/4903/4814
f 4982/4903/4815 5062/4983/4815 5063/4984/4815 4983/4904/4815
f 4983/4904/4816 5063/4984/4816 5064/4985/4816 4984/4905/4816
f 4984/4905/4817 5064/4985/4817 5065/4986/4817 4985/4906/4817
f 4985/4906/4818 5065/4986/4818 5066/4987/4818 4986/4907/4818
f 4986/4907/4819 5066/4987/4819 5067/4988/4819 4987/4908/4819
f 4987/4908/4820 5067/4988/4820 5068/4989/4820 4988/4909/4820
f 4988/4909/4821 5068/4989/4821 5069/4990/4821 4989/4910/4821
f 4989/4910/4822 5069/4990/4822 5070/4991/4822 4990/4911/4822
f 4990/4911/4823 5070/4991/4823 5071/4992/4823 4991/4912/4823
f 4991/4912/4824 5071/4992/4824 5072/4993/4824 4992/4913/4824
f 4992/4913/4825 5072/4993/4825 5073/4994/4825 4993/4914/4825
f 4993/4914/4826 5073/4994/4826 5074/4995/4826 4994/4915/4826
f 4994/4915/4827 5074/4995/4827 5075/4996/4827 4995/4916/4827
f 4995/4916/4828 5075/4996/4828 5076/4997/4828 4996/4917/4828
f 4996/4917/4829 5076/4997/4829 5077/4998/4829 4997/4918/4829
f 4997/4918/4830 5077/4998/4830 5078/4999/4830 4998/4919/4830
f 4998/4919/4831 5078/4999/4831 5079/5000/4831 4999/4920/4831
f 4999/4920/4832 5079/5000/4832 5080/5001/4832 5000/4921/4832
f 5000/4921/4833 5080/5001/4833 5081/5002/4833 5001/4922/4833
f 5001/4922/4834 5081/5002/4834 5082/5003/4834 5002/4923/4834
f 5002/4923/4835 5082/5003/4835 5083/5004/4835 5003/4924/4835
f 5003/4924/4836 5083/5004/4836 5084/5005/4836 5004/4925/4836
f 5004/4925/4837 5084/5005/4837 5085/5006/4837 5005/4926/4837
f 5005/4926/4838 5085/5006/4838 5086/5007/4838 5006/4927/4838
f 5006/4927/4839 5086/5007/4839 5087/5008/4839 5007/4928/4839
f 5007/4928/4840 5087/5008/4840 5088/5009/4840 5008/4929/4840
f 5008/4929/4841 5088/5009/4841 5089/5010/4841 5009/4930/4841
f 5009/4930/4842 5089/5010/4842 5090/5011/4842 5010/4931/4842
f 5010/4931/4843 5090/5011/4843 5091/5012/4843 5011/4932/4843
f 5011/4932/4844 5091/5012/4844 5092/5013/4844 5012/4933/4844
f 5012/4933/4845 5092/5013/4845 5093/5014/4845 5013/4934/4845
f 5013/4934/4846 5093/5014/4846 5094/5015/4846 5014/4935/4846
f 5014/4935/4847 5094/5015/4847 5095/5016/4847 5015/4936/4847
f 5015/4936/4848 5095/5016/4848 5096/5017/4848 5016/4937/4848
f 5016/4937/4849 5096/5017/4849 5097/5018/4849 5017/4938/4849
f 5017/4938/4850 5097/5018/4850 5098/5019/4850 5018/4939/4850
f 5018/4939/4851 5098/5019/4851 5099/5020/4851 5019/4940/4851
f 5019/4940/4852 5099/5020/4852 5100/5021/4852 5020/4941/4852
f 5020/4941/4853 5100/5021/4853 5101/5022/4853 5021/4942/4853
f 5021/4942/4854 5101/5022/4854 5102/5023/4854 5022/4943/4854
f 5022/4943/4855 5102/5023/4855 5103/5024/4855 5023/4944/4855
f 5023/4944/4856 5103/5024/4856 5104/5025/4856 5024/4945/4856
f 5024/4945/4857 5104/5025/4857 5105/5026/4857 5025/4946/4857
f 5025/4946/4858 5105/5026/4858 5106/5027/4858 5026/4947/4858
f 5026/4947/4859 5106/5027/4859 5107/5028/4859 5027/4948/4859
f 5027/4948/4860 5107/5028/4860 5108/5029/4860 5028/4949/4860
f 5028/4949/4861 5108/5029/4861 5109/5030/4861 5029/4950/4861
f 5029/4950/4862 5109/5030/4862 5110/5031/4862 5030/4951/4862
f 5030/4951/4863 5110/5031/4863 5111/5032/4863 5031/4952/4863
f 5031/4952/4864 5111/5032/4864 5112/5033/4864 5032/4953/4864
f 5032/4953/4865 5112/5033/4865 5113/5034/4865 5033/4954/4865
f 5033/4954/4866 5113/5034/4866 5114/5035/4866 5034/4955/4866
f 5034/4955/4867 5114/5035/4867 5115/5036/4867 5035/4956/4867
f 5035/4956/4868 5115/5036/4868 5116/5037/4868 5036/4957/4868
f 5036/4957/4869 5116/5037/4869 5117/5038/4869 5037/4958/4869
f 5037/4958/4870 5117/5038/4870 5118/5039/4870 5038/4959/4870
f 5038/4959/4871 5118/5039/4871 5119/5040/4871 5039/4960/4871
f 5039/4960/4872 5119/5040/4872 5120/5041/4872 5040/4961/4872
f 5040/4961/4873 5120/5041/4873 5121/5042/4873 5041/4962/4873
f 5041/4962/4874 5121/5042/4874 5122/5043/4874 5042/4963/4874
f 5042/4963/4875 5122/5043/4875 5123/5044/4875 5043/4964/4875
f 5043/4964/4876 5123/5044/4876 5124/126/4876 5044/124/4876
f 144/4966/4877 145/5046/4877 5125/5045/4877 5045/4965/4877
f 5045/4965/4878 5125/5045/4878 5126/5047/4878 5046/4967/4878
f 5046/4967/4879 5126/5047/4879 5127/5048/4879 5047/4968/4879
f 5047/4968/4880 5127/5048/4880 5128/5049/4880 5048/4969/4880
f 5048/4969/4881 5128/5049/4881 5129/5050/4881 5049/4970/4881
f 5049/4970/4882 5129/5050/4882 5130/5051/4882 5050/4971/4882
f 5050/4971/4883 5130/5051/4883 5131/5052/4883 5051/4972/4883
f 5051/4972/4884 5131/5052/4884 5132/5053/4884 5052/4973/4884
f 5052/4973/4885 5132/5053/4885 5133/5054/4885 5053/4974/4885
f 5053/4974/4886 5133/5054/4886 5134/5055/4886 5054/4975/4886
f 5054/4975/4887 5134/5055/4887 5135/5056/4887 5055/4976/4887
f 5055/4976/4888 5135/5056/4888 5136/5057/4888 5056/4977/4888
f 5056/4977/4889 5136/5057/4889 5137/5058/4889 5057/4978/4889
f 5057/4978/4890 5137/5058/4890 5138/5059/4890 5058/4979/4890
f 5058/4979/4891 5138/5059/4891 5139/5060/4891 5059/4980/4891
f 5059/4980/4892 5139/5060/4892 5140/5061/4892 5060/4981/4892
f 5060/4981/4893 5140/5061/4893 5141/5062/4893 5061/4982/4893
f 5061/4982/4894 5141/5062/4894 5142/5063/4894 5062/4983/4894
f 5062/4983/4895 5142/5063/4895 5143/5064/4895 5063/4984/4895
f 5063/4984/4896 5143/5064/4896 5144/5065/4896 5064/4985/4896
f 5064/4985/4897 5144/5065/4897 5145/5066/4897 5065/4986/4897
f 5065/4986/4898 5145/5066/4898 5146/5067/4898 5066/4987/4898
f 5066/4987/4899 5146/5067/4899 5147/5068/4899 5067/4988/4899
f 5067/4988/4900 5147/5068/4900 5148/5069/4900 5068/4989/4900
f 5068/4989/4901 5148/5069/4901 5149/5070/4901 5069/4990/4901
f 5069/4990/4902 5149/5070/4902 5150/5071/4902 5070/4991/4902
f 5070/4991/4903 5150/5071/4903 5151/5072/4903 5071/4992/4903
f 5071/4992/4904 5151/5072/4904 5152/5073/4904 5072/4993/4904
f 5072/4993/4905 5152/5073/4905 5153/5074/4905 5073/4994/4905
f 5073/4994/4906 5153/5074/4906 5154/5075/4906 5074/4995/4906
f 5074/4995/4907 5154/5075/4907 5155/5076/4907 5075/4996/4907
f 5075/4996/4908 5155/5076/4908 5156/5077/4908 5076/4997/4908
f 5076/4997/4909 5156/5077/4909 5157/5078/4909 5077/4998/4909
f 5077/4998/4910 5157/5078/4910 5158/5079/4910 5078/4999/4910
f 5078/4999/4911 5158/5079/4911 5159/5080/4911 5079/5000/4911
f 5079/5000/4912 5159/5080/4912 5160/5081/4912 5080/5001/4912
f 5080/5001/4913 5160/5081/4913 5161/5082/4913 5081/5002/4913
f 5081/5002/4914 5161/5082/4914 5162/5083/4914 5082/5003/4914
f 5082/5003/4915 5162/5083/4915 5163/5084/4915 5083/5004/4915
f 5083/5004/4916 5163/5084/4916 5164/5085/4916 5084/5005/4916
f 5084/5005/4917 5164/5085/4917 5165/5086/4917 5085/5006/4917
f 5085/5006/4918 5165/5086/4918 5166/5087/4918 5086/5007/4918
f 5086/5007/4919 5166/5087/4919 5167/5088/4919 5087/5008/4919
f 5087/5008/4920 5167/5088/4920 5168/5089/4920 5088/5009/4920
f 5088/5009/4921 5168/5089/4921 5169/5090/4921 5089/5010/4921
f 5089/5010/4922 5169/5090/4922 5170/5091/4922 5090/5011/4922
f 5090/5011/4923 5170/5091/4923 5171/5092/4923 5091/5012/4923
f 5091/5012/4924 5171/5092/4924 5172/5093/4924 5092/5013/4924
f 5092/5013/4925 5172/5093/4925 5173/5094/4925 5093/5014/4925
f 5093/5014/4926 5173/5094/4926 5174/5095/4926 5094/5015/4926
f 5094/5015/4927 5174/5095/4927 5175/5096/4927 5095/5016/4927
f 5095/5016/4928 5175/5096/4928 5176/5097/4928 5096/5017/4928
f 5096/5017/4929 5176/5097/4929 5177/5098/4929 5097/5018/4929
f 5097/5018/4930 5177/5098/4930 5178/5099/4930 5098/5019/4930
f 5098/5019/4931 5178/5099/4931 5179/5100/4931 5099/5020/4931
f 5099/5020/4932 5179/5100/4932 5180/5101/4932 5100/5021/4932
f 5100/5021/4933 5180/5101/4933 5181/5102/4933 5101/5022/4933
f 5101/5022/4934 5181/5102/4934 5182/5103/4934 5102/5023/4934
f 5102/5023/4935 5182/5103/4935 5183/5104/4935 5103/5024/4935
f 5103/5024/4936 5183/5104/4936 5184/5105/4936 5104/5025/4936
f 5104/5025/4937 5184/5105/4937 5185/5106/4937 5105/5026/4937
f 5105/5026/4938 5185/5106/4938 5186/5107/4938 5106/5027/4938
f 5106/5027/4939 5186/5107/4939 5187/5108/4939 5107/5028/4939
f 5107/5028/4940 5187/5108/4940 5188/5109/4940 5108/5029/4940
f 5108/5029/4941 5188/5109/4941 5189/5110/4941 5109/5030/4941
f 5109/5030/4942 5189/5110/4942 5190/5111/4942 5110/5031/4942
f 5110/5031/4943 5190/5111/4943 5191/5112/4943 5111/5032/4943
f 5111/5032/4944 5191/5112/4944 5192/5113/4944 5112/5033/4944
f 5112/5033/4945 5192/5113/4945 5193/5114/4945 5113/5034/4945
f 5113/5034/4946 5193/5114/4946 5194/5115/4946 5114/5035/4946
f 5114/5035/4947 5194/5115/4947 5195/5116/4947 5115/5036/4947
f 5115/5036/4948 5195/5116/4948 5196/5117/4948 5116/5037/4948
f 5116/5037/4949 5196/5117/4949 5197/5118/4949 5117/5038/4949
f 5117/5038/4950 5197/5118/4950 5198/5119/4950 5118/5039/4950
f 5118/5039/4951 5198/5119/4951 5199/5120/4951 5119/5040/4951
f 5119/5040/4952 5199/5120/4952 5200/5121/4952 5120/5041/4952
f 5120/5041/4953 5200/5121/4953 5201/5122/4953 5121/5042/4953
f 5121/5042/4954 5201/5122/4954 5202/5123/4954 5122/5043/4954
f 5122/5043/4955 5202/5123/4955 5203/5124/4955 5123/5044/4955
f 5123/5044/4956 5203/5124/4956 5204/128/4956 5124/126/4956
f 145/5046/4957 146/5126/4957 5205/5125/4957 5125/5045/4957
f 5125/5045/4958 5205/5125/4958 5206/5127/4958 5126/5047/4958
f 5126/5047/4959 5206/5127/4959 5207/5128/4959 5127/5048/4959
f 5127/5048/4960 5207/5128/4960 5208/5129/4960 5128/5049/4960
f 5128/5049/4961 5208/5129/4961 5209/5130/4961 5129/5050/4961
f 5129/5050/4962 5209/5130/4962 5210/5131/4962 5130/5051/4962
f 5130/5051/4963 5210/5131/4963 5211/5132/4963 5131/5052/4963
f 5131/5052/4964 5211/5132/4964 5212/5133/4964 5132/5053/4964
f 5132/5053/4965 5212/5133/4965 5213/5134/4965 5133/5054/4965
f 5133/5054/4966 5213/5134/4966 5214/5135/4966 5134/5055/4966
f 5134/5055/4967 5214/5135/4967 5215/5136/4967 5135/5056/4967
f 5135/5056/4968 5215/5136/4968 5216/5137/4968 5136/5057/4968
f 5136/5057/4969 5216/5137/4969 5217/5138/4969 5137/5058/4969
f 5137/5058/4970 5217/5138/4970 5218/5139/4970 5138/5059/4970
f 5138/5059/4971 5218/5139/4971 5219/5140/4971 5139/5060/4971
f 5139/5060/4972 5219/5140/4972 5220/5141/4972 5140/5061/4972
f 5140/5061/4973 5220/5141/4973 5221/5142/4973 5141/5062/4973
f 5141/5062/4974 5221/5142/4974 5222/5143/4974 5142/5063/4974
f 5142/5063/4975 5222/5143/4975 5223/5144/4975 5143/5064/4975
f 5143/5064/4976 5223/5144/4976 5224/5145/4976 5144/5065/4976
f 5144/5065/4977 5224/5145/4977 5225/5146/4977 5145/5066/4977
f 5145/5066/4978 5225/5146/4978 5226/5147/4978 5146/5067/4978
f 5146/5067/4979 5226/5147/4979 5227/5148/4979 5147/5068/4979
f 5147/5068/4980 5227/5148/4980 5228/5149/4980 5148/5069/4980
f 5148/5069/4981 5228/5149/4981 5229/5150/4981 5149/5070/4981
f 5149/5070/4982 5229/5150/4982 5230/5151/4982 5150/5071/4982
f 5150/5071/4983 5230/5151/4983 5231/5152/4983 5151/5072/4983
f 5151/5072/4984 5231/5152/4984 5232/5153/4984 5152/5073/4984
f 5152/5073/4985 5232/5153/4985 5233/5154/4985 5153/5074/4985
f 5153/5074/4986 5233/5154/4986 5234/5155/4986 5154/5075/4986
f 5154/5075/4987 5234/5155/4987 5235/5156/4987 5155/5076/4987
f 5155/5076/4988 5235/5156/4988 5236/5157/4988 5156/5077/4988
f 5156/5077/4989 5236/5157/4989 5237/5158/4989 5157/5078/4989
f 5157/5078/4990 5237/5158/4990 5238/5159/4990 5158/5079/4990
f 5158/5079/4991 5238/5159/4991 5239/5160/4991 5159/5080/4991
f 5159/5080/4992 5239/5160/4992 5240/5161/4992 5160/5081/4992
f 5160/5081/4993 5240/5161/4993 5241/5162/4993 5161/5082/4993
f 5161/5082/4994 5241/5162/4994 5242/5163/4994 5162/5083/4994
f 5162/5083/4995 5242/5163/4995 5243/5164/4995 5163/5084/4995
f 5163/5084/4996 5243/5164/4996 5244/5165/4996 5164/5085/4996
f 5164/5085/4997 5244/5165/4997 5245/5166/4997 5165/5086/4997
f 5165/5086/4998 5245/5166/4998 5246/5167/4998 5166/5087/4998
f 5166/5087/4999 5246/5167/4999 5247/5168/4999 5167/5088/4999
f 5167/5088/5000 5247/5168/5000 5248/5169/5000 5168/5089/5000
f 5168/5089/5001 5248/5169/5001 5249/5170/5001 5169/5090/5001
f 5169/5090/5002 5249/5170/5002 5250/5171/5002 5170/5091/5002
f 5170/5091/5003 5250/5171/5003 5251/5172/5003 5171/5092/5003
f 5171/5092/5004 5251/5172/5004 5252/5173/5004 5172/5093/5004
f 5172/5093/5005 5252/5173/5005 5253/5174/5005 5173/5094/5005
f 5173/5094/5006 5253/5174/5006 5254/5175/5006 5174/5095/5006
f 5174/5095/5007 5254/5175/5007 5255/5176/5007 5175/5096/5007
f 5175/5096/5008 5255/5176/5008 5256/5177/5008 5176/5097/5008
f 5176/5097/5009 5256/5177/5009 5257/5178/5009 5177/5098/5009
f 5177/5098/5010 5257/5178/5010 5258/5179/5010 5178/5099/5010
f 5178/5099/5011 5258/5179/5011 5259/5180/5011 5179/5100/5011
f 5179/5100/5012 5259/5180/5012 5260/5181/5012 5180/5101/5012
f 5180/5101/5013 5260/5181/5013 5261/5182/5013 5181/5102/5013
f 5181/5102/5014 5261/5182/5014 5262/5183/5014 5182/5103/5014
f 5182/5103/5015 5262/5183/5015 5263/5184/5015 5183/5104/5015
f 5183/5104/5016 5263/5184/5016 5264/5185/5016 5184/5105/5016
f 5184/5105/5017 5264/5185/5017 5265/5186/5017 5185/5106/5017
f 5185/5106/5018 5265/5186/5018 5266/5187/5018 5186/5107/5018
f 5186/5107/5019 5266/5187/5019 5267/5188/5019 5187/5108/5019
f 5187/5108/5020 5267/5188/5020 5268/5189/5020 5188/5109/5020
f 5188/5109/5021 5268/5189/5021 5269/5190/5021 5189/5110/5021
f 5189/5110/5022 5269/5190/5022 5270/5191/5022 5190/5111/5022
f 5190/5111/5023 5270/5191/5023 5271/5192/5023 5191/5112/5023
f 5191/5112/5024 5271/5192/5024 5272/5193/5024 5192/5113/5024
f 5192/5113/5025 5272/5193/5025 5273/5194/5025 5193/5114/5025
f 5193/5114/5026 5273/5194/5026 5274/5195/5026 5194/5115/5026
f 5194/5115/5027 5274/5195/5027 5275/5196/5027 5195/5116/5027
f 5195/5116/5028 5275/5196/5028 5276/5197/5028 5196/5117/5028
f 5196/5117/5029 5276/5197/5029 5277/5198/5029 5197/5118/5029
f 5197/5118/5030 5277/5198/5030 5278/5199/5030 5198/5119/5030
f 5198/5119/5031 5278/5199/5031 5279/5200/5031 5199/5120/5031
f 5199/5120/5032 5279/5200/5032 5280/5201/5032 5200/5121/5032
f 5200/5121/5033 5280/5201/5033 5281/5202/5033 5201/5122/5033
f 5201/5122/5034 5281/5202/5034 5282/5203/5034 5202/5123/5034
f 5202/5123/5035 5282/5203/5035 5283/5204/5035 5203/5124/5035
f 5203/5124/5036 5283/5204/5036 5284/130/5036 5204/128/5036
f 146/5126/5037 147/5206/5037 5285/5205/5037 5205/5125/5037
f 5205/5125/5038 5285/5205/5038 5286/5207/5038 5206/5127/5038
f 5206/5127/5039 5286/5207/5039 5287/5208/5039 5207/5128/5039
f 5207/5128/5040 5287/5208/5040 5288/5209/5040 5208/5129/5040
f 5208/5129/5041 5288/5209/5041 5289/5210/5041 5209/5130/5041
f 5209/5130/5042 5289/5210/5042 5290/5211/5042 5210/5131/5042
f 5210/5131/5043 5290/5211/5043 5291/5212/5043 5211/5132/5043
f 5211/5132/5044 5291/5212/5044 5292/5213/5044 5212/5133/5044
f 5212/5133/5045 5292/5213/5045 5293/5214/5045 5213/5134/5045
f 5213/5134/5046 5293/5214/5046 5294/5215/5046 5214/5135/5046
f 5214/5135/5047 5294/5215/5047 5295/5216/5047 5215/5136/5047
f 5215/5136/5048 5295/5216/5048 5296/5217/5048 5216/5137/5048
f 5216/5137/5049 5296/5217/5049 5297/5218/5049 5217/5138/5049
f 5217/5138/5050 5297/5218/5050 5298/5219/5050 5218/5139/5050
f 5218/5139/5051 5298/5219/5051 5299/5220/5051 5219/5140/5051
f 5219/5140/5052 5299/5220/5052 5300/5221/5052 5220/5141/5052
f 5220/5141/5053 5300/5221/5053 5301/5222/5053 5221/5142/5053
f 5221/5142/5054 5301/5222/5054 5302/5223/5054 5222/5143/5054
f 5222/5143/5055 5302/5223/5055 5303/5224/5055 5223/5144/5055
f 5223/5144/5056 5303/5224/5056 5304/5225/5056 5224/5145/5056
f 5224/5145/5057 5304/5225/5057 5305/5226/5057 5225/5146/5057
f 5225/5146/5058 5305/5226/5058 5306/5227/5058 5226/5147/5058
f 5226/5147/5059 5306/5227/5059 5307/5228/5059 5227/5148/5059
f 5227/5148/5060 5307/5228/5060 5308/5229/5060 5228/5149/5060
f 5228/5149/5061 5308/5229/5061 5309/5230/5061 5229/5150/5061
f 5229/5150/5062 5309/5230/5062 5310/5231/5062 5230/5151/5062
f 5230/5151/5063 5310/5231/5063 5311/5232/5063 5231/5152/5063
f 5231/5152/5064 5311/5232/5064 5312/5233/5064 5232/5153/5064
f 5232/5153/5065 5312/5233/5065 5313/5234/5065 5233/5154/5065
f 5233/5154/5066 5313/5234/5066 5314/5235/5066 5234/5155/5066
f 5234/5155/5067 5314/5235/5067 5315/5236/5067 5235/5156/5067
f 5235/5156/5068 5315/5236/5068 5316/5237/5068 5236/5157/5068
f 5236/5157/5069 5316/5237/5069 5317/5238/5069 5237/5158/5069
f 5237/5158/5070 5317/5238/5070 5318/5239/5070 5238/5159/5070
f 5238/5159/5071 5318/5239/5071 5319/5240/5071 5239/5160/5071
f 5239/5160/5072 5319/5240/5072 5320/5241/5072 5240/5161/5072
f 5240/5161/5073 5320/5241/5073 5321/5242/5073 5241/5162/5073
f 5241/5162/5074 5321/5242/5074 5322/5243/5074 5242/5163/5074
f 5242/5163/5075 5322/5243/5075 5323/5244/5075 5243/5164/5075
f 5243/5164/5076 5323/5244/5076 5324/5245/5076 5244/5165/5076
f 5244/5165/5077 5324/5245/5077 5325/5246/5077 5245/5166/5077
f 5245/5166/5078 5325/5246/5078 5326/5247/5078 5246/5167/5078
f 5246/5167/5079 5326/5247/5079 5327/5248/5079 5247/5168/5079
f 5247/5168/5080 5327/5248/5080 5328/5249/5080 5248/5169/5080
f 5248/5169/5081 5328/5249/5081 5329/5250/5081 5249/5170/5081
f 5249/5170/5082 5329/5250/5082 5330/5251/5082 5250/5171/5082
f 5250/5171/5083 5330/5251/5083 5331/5252/5083 5251/5172/5083
f 5251/5172/5084 5331/5252/5084 5332/5253/5084 5252/5173/5084
f 5252/5173/5085 5332/5253/5085 5333/5254/5085 5253/5174/5085
f 5253/5174/5086 5333/5254/5086 5334/5255/5086 5254/5175/5086
f 5254/5175/5087 5334/5255/5087 5335/5256/5087 5255/5176/5087
f 5255/5176/5088 5335/5256/5088 5336/5257/5088 5256/5177/5088
f 5256/5177/5089 5336/5257/5089 5337/5258/5089 5257/5178/5089
f 5257/5178/5090 5337/5258/5090 5338/5259/5090 5258/5179/5090
f 5258/5179/5091 5338/5259/5091 5339/5260/5091 5259/5180/5091
f 5259/5180/5092 5339/5260/5092 5340/5261/5092 5260/5181/5092
f 5260/5181/5093 5340/5261/5093 5341/5262/5093 5261/5182/5093
f 5261/5182/5094 5341/5262/5094 5342/5263/5094 5262/5183/5094
f 5262/5183/5095 5342/5263/5095 5343/5264/5095 5263/5184/5095
f 5263/5184/5096 5343/5264/5096 5344/5265/5096 5264/5185/5096
f 5264/5185/5097 5344/5265/5097 5345/5266/5097 5265/5186/5097
f 5265/5186/5098 5345/5266/5098 5346/5267/5098 5266/5187/5098
f 5266/5187/5099 5346/5267/5099 5347/5268/5099 5267/5188/5099
f 5267/5188/5100 5347/5268/5100 5348/5269/5100 5268/5189/5100
f 5268/5189/5101 5348/5269/5101 5349/5270/5101 5269/5190/5101
f 5269/5190/5102 5349/5270/5102 5350/5271/5102 5270/5191/5102
f 5270/5191/5103 5350/5271/5103 5351/5272/5103 5271/5192/5103
f 5271/5192/5104 5351/5272/5104 5352/5273/5104 5272/5193/5104
f 5272/5193/5105 5352/5273/5105 5353/5274/5105 5273/5194/5105
f 5273/5194/5106 5353/5274/5106 5354/5275/5106 5274/5195/5106
f 5274/5195/5107 5354/5275/5107 5355/5276/5107 5275/5196/5107
f 5275/5196/5108 5355/5276/5108 5356/5277/5108 5276/5197/5108
f 5276/5197/5109 5356/5277/5109 5357/5278/5109 5277/5198/5109
f 5277/5198/5110 5357/5278/5110 5358/5279/5110 5278/5199/5110
f 5278/5199/5111 5358/5279/5111 5359/5280/5111 5279/5200/5111
f 5279/5200/5112 5359/5280/5112 5360/5281/5112 5280/5201/5112
f 5280/5201/5113 5360/5281/5113 5361/5282/5113 5281/5202/5113
f 5281/5202/5114 5361/5282/5114 5362/5283/5114 5282/5203/5114
f 5282/5203/5115 5362/5283/5115 5363/5284/5115 5283/5204/5115
f 5283/5204/5116 5363/5284/5116 5364/132/5116 5284/130/5116
f 147/5206/5117 148/5286/5117 5365/5285/5117 5285/5205/5117
f 5285/5205/5118 5365/5285/5118 5366/5287/5118 5286/5207/5118
f 5286/5207/5119 5366/5287/5119 5367/5288/5119 5287/5208/5119
f 5287/5208/5120 5367/5288/5120 5368/5289/5120 5288/5209/5120
f 5288/5209/5121 5368/5289/5121 5369/5290/5121 5289/5210/5121
f 5289/5210/5122 5369/5290/5122 5370/5291/5122 5290/5211/5122
f 5290/5211/5123 5370/5291/5123 5371/5292/5123 5291/5212/5123
f 5291/5212/5124 5371/5292/5124 5372/5293/5124 5292/5213/5124
f 5292/5213/5125 5372/5293/5125 5373/5294/5125 5293/5214/5125
f 5293/5214/5126 5373/5294/5126 5374/5295/5126 5294/5215/5126
f 5294/5215/5127 5374/5295/5127 5375/5296/5127 5295/5216/5127
f 5295/5216/5128 5375/5296/5128 5376/5297/5128 5296/5217/5128
f 5296/5217/5129 5376/5297/5129 5377/5298/5129 5297/5218/5129
f 5297/5218/5130 5377/5298/5130 5378/5299/5130 5298/5219/5130
f 5298/5219/5131 5378/5299/5131 5379/5300/5131 5299/5220/5131
f 5299/5220/5132 5379/5300/5132 5380/5301/5132 5300/5221/5132
f 5300/5221/5133 5380/5301/5133 5381/5302/5133 5301/5222/5133
f 5301/5222/5134 5381/5302/5134 5382/5303/5134 5302/5223/5134
f 5302/5223/5135 5382/5303/5135 5383/5304/5135 5303/5224/5135
f 5303/5224/5136 5383/5304/5136 5384/5305/5136 5304/5225/5136
f 5304/5225/5137 5384/5305/5137 5385/5306/5137 5305/5226/5137
f 5305/5226/5138 5385/5306/5138 5386/5307/5138 5306/5227/5138
f 5306/5227/5139 5386/5307/5139 5387/5308/5139 5307/5228/5139
f 5307/5228/5140 5387/5308/5140 5388/5309/5140 5308/5229/5140
f 5308/5229/5141 5388/5309/5141 5389/5310/5141 5309/5230/5141
f 5309/5230/5142 5389/5310/5142 5390/5311/5142 5310/5231/5142
f 5310/5231/5143 5390/5311/5143 5391/5312/5143 5311/5232/5143
f 5311/5232/5144 5391/5312/5144 5392/5313/5144 5312/5233/5144
f 5312/5233/5145 5392/5313/5145 5393/5314/5145 5313/5234/5145
f 5313/5234/5146 5393/5314/5146 5394/5315/5146 5314/5235/5146
f 5314/5235/5147 5394/5315/5147 5395/5316/5147 5315/5236/5147
f 5315/5236/5148 5395/5316/5148 5396/5317/5148 5316/5237/5148
f 5316/5237/5149 5396/5317/5149 5397/5318/5149 5317/5238/5149
f 5317/5238/5150 5397/5318/5150 5398/5319/5150 5318/5239/5150
f 5318/5239/5151 5398/5319/5151 5399/5320/5151 5319/5240/5151
f 5319/5240/5152 5399/5320/5152 5400/5321/5152 5320/5241/5152
f 5320/5241/5153 5400/5321/5153 5401/5322/5153 5321/5242/5153
f 5321/5242/5154 5401/5322/5154 5402/5323/5154 5322/5243/5154
f 5322/5243/5155 5402/5323/5155 5403/5324/5155 5323/5244/5155
f 5323/5244/5156 5403/5324/5156 5404/5325/5156 5324/5245/5156
f 5324/5245/5157 5404/5325/5157 5405/5326/5157 5325/5246/5157
f 5325/5246/5158 5405/5326/5158 5406/5327/5158 5326/5247/5158
f 5326/5247/5159 5406/5327/5159 5407/5328/5159 5327/5248/5159
f 5327/5248/5160 5407/5328/5160 5408/5329/5160 5328/5249/5160
f 5328/5249/5161 5408/5329/5161 5409/5330/5161 5329/5250/5161
f 5329/5250/5162 5409/5330/5162 5410/5331/5162 5330/5251/5162
f 5330/5251/5163 5410/5331/5163 5411/5332/5163 5331/5252/5163
f 5331/5252/5164 5411/5332/5164 5412/5333/5164 5332/5253/5164
f 5332/5253/5165 5412/5333/5165 5413/5334/5165 5333/5254/5165
f 5333/5254/5166 5413/5334/5166 5414/5335/5166 5334/5255/5166
f 5334/5255/5167 5414/5335/5167 5415/5336/5167 5335/5256/5167
f 5335/5256/5168 5415/5336/5168 5416/5337/5168 5336/5257/5168
f 5336/5257/5169 5416/5337/5169 5417/5338/5169 5337/5258/5169
f 5337/5258/5170 5417/5338/5170 5418/5339/5170 5338/5259/5170
f 5338/5259/5171 5418/5339/5171 5419/5340/5171 5339/5260/5171
f 5339/5260/5172 5419/5340/5172 5420/5341/5172 5340/5261/5172
f 5340/5261/5173 5420/5341/5173 5421/5342/5173 5341/5262/5173
f 5341/5262/5174 5421/5342/5174 5422/5343/5174 5342/5263/5174
f 5342/5263/5175 5422/5343/5175 5423/5344/5175 5343/5264/5175
f 5343/5264/5176 5423/5344/5176 5424/5345/5176 5344/5265/5176
f 5344/5265/5177 5424/5345/5177 5425/5346/5177 5345/5266/5177
f 5345/5266/5178 5425/5346/5178 5426/5347/5178 5346/5267/5178
f 5346/5267/5179 5426/5347/5179 5427/5348/5179 5347/5268/5179
f 5347/5268/5180 5427/5348/5180 5428/5349/5180 5348/5269/5180
f 5348/5269/5181 5428/5349/5181 5429/5350/5181 5349/5270/5181
f 5349/5270/5182 5429/5350/5182 5430/5351/5182 5350/5271/5182
f 5350/5271/5183 5430/5351/5183 5431/5352/5183 5351/5272/5183
f 5351/5272/5184 5431/5352/5184 5432/5353/5184 5352/5273/5184
f 5352/5273/5185 5432/5353/5185 5433/5354/5185 5353/5274/5185
f 5353/5274/5186 5433/5354/5186 5434/5355/5186 5354/5275/5186
f 5354/5275/5187 5434/5355/5187 5435/5356/5187 5355/5276/5187
f 5355/5276/5188 5435/5356/5188 5436/5357/5188 5356/5277/5188
f 5356/5277/5189 5436/5357/5189 5437/5358/5189 5357/5278/5189
f 5357/5278/5190 5437/5358/5190 5438/5359/5190 5358/5279/5190
f 5358/5279/5191 5438/5359/5191 5439/5360/5191 5359/5280/5191
f 5359/5280/5192 5439/5360/5192 5440/5361/5192 5360/5281/5192
f 5360/5281/5193 5440/5361/5193 5441/5362/5193 5361/5282/5193
f 5361/5282/5194 5441/5362/5194 5442/5363/5194 5362/5283/5194
f 5362/5283/5195 5442/5363/5195 5443/5364/5195 5363/5284/5195
f 5363/5284/5196 5443/5364/5196 5444/134/5196 5364/132/5196
f 148/5286/5197 149/5366/5197 5445/5365/5197 5365/5285/5197
f 5365/5285/5198 5445/5365/5198 5446/5367/5198 5366/5287/5198
f 5366/5287/5199 5446/5367/5199 5447/5368/5199 5367/5288/5199
f 5367/5288/5200 5447/5368/5200 5448/5369/5200 5368/5289/5200
f 5368/5289/5201 5448/5369/5201 5449/5370/5201 5369/5290/5201
f 5369/5290/5202 5449/5370/5202 5450/5371/5202 5370/5291/5202
f 5370/5291/5203 5450/5371/5203 5451/5372/5203 5371/5292/5203
f 5371/5292/5204 5451/5372/5204 5452/5373/5204 5372/5293/5204
f 5372/5293/5205 5452/5373/5205 5453/5374/5205 5373/5294/5205
f 5373/5294/5206 5453/5374/5206 5454/5375/5206 5374/5295/5206
f 5374/5295/5207 5454/5375/5207 5455/5376/5207 5375/5296/5207
f 5375/5296/5208 5455/5376/5208 5456/5377/5208 5376/5297/5208
f 5376/5297/5209 5456/5377/5209 5457/5378/5209 5377/5298/5209
f 5377/5298/5210 5457/5378/5210 5458/5379/5210 5378/5299/5210
f 5378/5299/5211 5458/5379/5211 5459/5380/5211 5379/5300/5211
f 5379/5300/5212 5459/5380/5212 5460/5381/5212 5380/5301/5212
f 5380/5301/5213 5460/5381/5213 5461/5382/5213 5381/5302/5213
f 5381/5302/5214 5461/5382/5214 5462/5383/5214 5382/5303/5214
f 5382/5303/5215 5462/5383/5215 5463/5384/5215 5383/5304/5215
f 5383/5304/5216 5463/5384/5216 5464/5385/5216 5384/5305/5216
f 5384/5305/5217 5464/5385/5217 5465/5386/5217 5385/5306/5217
f 5385/5306/5218 5465/5386/5218 5466/5387/5218 5386/5307/5218
f 5386/5307/5219 5466/5387/5219 5467/5388/5219 5387/5308/5219
f 5387/5308/5220 5467/5388/5220 5468/5389/5220 5388/5309/5220
f 5388/5309/5221 5468/5389/5221 5469/5390/5221 5389/5310/5221
f 5389/5310/5222 5469/5390/5222 5470/5391/5222 5390/5311/5222
f 5390/5311/5223 5470/5391/5223 5471/5392/5223 5391/5312/5223
f 5391/5312/5224 5471/5392/5224 5472/5393/5224 5392/5313/5224
f 5392/5313/5225 5472/5393/5225 5473/5394/5225 5393/5314/5225
f 5393/5314/5226 5473/5394/5226 5474/5395/5226 5394/5315/5226
f 5394/5315/5227 5474/5395/5227 5475/5396/5227 5395/5316/5227
f 5395/5316/5228 5475/5396/5228 5476/5397/5228 5396/5317/5228
f 5396/5317/5229 5476/5397/5229 5477/5398/5229 5397/5318/5229
f 5397/5318/5230 5477/5398/5230 5478/5399/5230 5398/5319/5230
f 5398/5319/5231 5478/5399/5231 5479/5400/5231 5399/5320/5231
f 5399/5320/5232 5479/5400/5232 5480/5401/5232 5400/5321/5232
f 5400/5321/5233 5480/5401/5233 5481/5402/5233 5401/5322/5233
f 5401/5322/5234 5481/5402/5234 5482/5403/5234 5402/5323/5234
f 5402/5323/5235 5482/5403/5235 5483/5404/5235 5403/5324/5235
f 5403/5324/5236 5483/5404/5236 5484/5405/5236 5404/5325/5236
f 5404/5325/5237 5484/5405/5237 5485/5406/5237 5405/5326/5237
f 5405/5326/5238 5485/5406/5238 5486/5407/5238 5406/5327/5238
f 5406/5327/5239 5486/5407/5239 5487/5408/5239 5407/5328/5239
f 5407/5328/5240 5487/5408/5240 5488/5409/5240 5408/5329/5240
f 5408/5329/5241 5488/5409/5241 5489/5410/5241 5409/5330/5241
f 5409/5330/5242 5489/5410/5242 5490/5411/5242 5410/5331/5242
f 5410/5331/5243 5490/5411/5243 5491/5412/5243 5411/5332/5243
f 5411/5332/5244 5491/5412/5244 5492/5413/5244 5412/5333/5244
f 5412/5333/5245 5492/5413/5245 5493/5414/5245 5413/5334/5245
f 5413/5334/5246 5493/5414/5246 5494/5415/5246 5414/5335/5246
f 5414/5335/5247 5494/5415/5247 5495/5416/5247 5415/5336/5247
f 5415/5336/5248 5495/5416/5248 5496/5417/5248 5416/5337/5248
f 5416/5337/5249 5496/5417/5249 5497/5418/5249 5417/5338/5249
f 5417/5338/5250 5497/5418/5250 5498/5419/5250 5418/5339/5250
f 5418/5339/5251 5498/5419/5251 5499/5420/5251 5419/5340/5251
f 5419/5340/5252 5499/5420/5252 5500/5421/5252 5420/5341/5252
f 5420/5341/5253 5500/5421/5253 5501/5422/5253 5421/5342/5253
f 5421/5342/5254 5501/5422/5254 5502/5423/5254 5422/5343/5254
f 5422/5343/5255 5502/5423/5255 5503/5424/5255 5423/5344/5255
f 5423/5344/5256 5503/5424/5256 5504/5425/5256 5424/5345/5256
f 5424/5345/5257 5504/5425/5257 5505/5426/5257 5425/5346/5257
f 5425/5346/5258 5505/5426/5258 5506/5427/5258 5426/5347/5258
f 5426/5347/5259 5506/5427/5259 5507/5428/5259 5427/5348/5259
f 5427/5348/5260 5507/5428/5260 5508/5429/5260 5428/5349/5260
f 5428/5349/5261 5508/5429/5261 5509/5430/5261 5429/5350/5261
f 5429/5350/5262 5509/5430/5262 5510/5431/5262 5430/5351/5262
f 5430/5351/5263 5510/5431/5263 5511/5432/5263 5431/5352/5263
f 5431/5352/5264 5511/5432/5264 5512/5433/5264 5432/5353/5264
f 5432/5353/5265 5512/5433/5265 5513/5434/5265 5433/5354/5265
f 5433/5354/5266 5513/5434/5266 5514/5435/5266 5434/5355/5266
f 5434/5355/5267 5514/5435/5267 5515/5436/5267 5435/5356/5267
f 5435/5356/5268 5515/5436/5268 5516/5437/5268 5436/5357/5268
f 5436/5357/5269 5516/5437/5269 5517/5438/5269 5437/5358/5269
f 5437/5358/5270 5517/5438/5270 5518/5439/5270 5438/5359/5270
f 5438/5359/5271 5518/5439/5271 5519/5440/5271 5439/5360/5271
f 5439/5360/5272 5519/5440/5272 5520/5441/5272 5440/5361/5272
f 5440/5361/5273 5520/5441/5273 5521/5442/5273 5441/5362/5273
f 5441/5362/5274 5521/5442/5274 5522/5443/5274 5442/5363/5274
f 5442/5363/5275 5522/5443/5275 5523/5444/5275 5443/5364/5275
f 5443/5364/5276 5523/5444/5276 5524/136/5276 5444/134/5276
f 149/5366/5277 150/5446/5277 5525/5445/5277 5445/5365/5277
f 5445/5365/5278 5525/5445/5278 5526/5447/5278 5446/5367/5278
f 5446/5367/5279 5526/5447/5279 5527/5448/5279 5447/5368/5279
f 5447/5368/5280 5527/5448/5280 5528/5449/5280 5448/5369/5280
f 5448/5369/5281 5528/5449/5281 5529/5450/5281 5449/5370/5281
f 5449/5370/5282 5529/5450/5282 5530/5451/5282 5450/5371/5282
f 5450/5371/5283 5530/5451/5283 5531/5452/5283 5451/5372/5283
f 5451/5372/5284 5531/5452/5284 5532/5453/5284 5452/5373/5284
f 5452/5373/5285 5532/5453/5285 5533/5454/5285 5453/5374/5285
f 5453/5374/5286 5533/5454/5286 5534/5455/5286 5454/5375/5286
f 5454/5375/5287 5534/5455/5287 5535/5456/5287 5455/5376/5287
f 5455/5376/5288 5535/5456/5288 5536/5457/5288 5456/5377/5288
f 5456/5377/5289 5536/5457/5289 5537/5458/5289 5457/5378/5289
f 5457/5378/5290 5537/5458/5290 5538/5459/5290 5458/5379/5290
f 5458/5379/5291 5538/5459/5291 5539/5460/5291 5459/5380/5291
f 5459/5380/5292 5539/5460/5292 5540/5461/5292 5460/5381/5292
f 5460/5381/5293 5540/5461/5293 5541/5462/5293 5461/5382/5293
f 5461/5382/5294 5541/5462/5294 5542/5463/5294 5462/5383/5294
f 5462/5383/5295 5542/5463/5295 5543/5464/5295 5463/5384/5295
f 5463/5384/5296 5543/5464/5296 5544/5465/5296 5464/5385/5296
f 5464/5385/5297 5544/5465/5297 5545/5466/5297 5465/5386/5297
f 5465/5386/5298 5545/5466/5298 5546/5467/5298 5466/5387/5298
f 5466/5387/5299 5546/5467/5299 5547/5468/5299 5467/5388/5299
f 5467/5388/5300 5547/5468/5300 5548/5469/5300 5468/5389/5300
f 5468/5389/5301 5548/5469/5301 5549/5470/5301 5469/5390/5301
f 5469/5390/5302 5549/5470/5302 5550/5471/5302 5470/5391/5302
f 5470/5391/5303 5550/5471/5303 5551/5472/5303 5471/5392/5303
f 5471/5392/5304 5551/5472/5304 5552/5473/5304 5472/5393/5304
f 5472/5393/5305 5552/5473/5305 5553/5474/5305 5473/5394/5305
f 5473/5394/5306 5553/5474/5306 5554/5475/5306 5474/5395/5306
f 5474/5395/5307 5554/5475/5307 5555/5476/5307 5475/5396/5307
f 5475/5396/5308 5555/5476/5308 5556/5477/5308 5476/5397/5308
f 5476/5397/5309 5556/5477/5309 5557/5478/5309 5477/5398/5309
f 5477/5398/5310 5557/5478/5310 5558/5479/5310 5478/5399/5310
f 5478/5399/5311 5558/5479/5311 5559/5480/5311 5479/5400/5311
f 5479/5400/5312 5559/5480/5312 5560/5481/5312 5480/5401/5312
f 5480/5401/5313 5560/5481/5313 5561/5482/5313 5481/5402/5313
f 5481/5402/5314 5561/5482/5314 5562/5483/5314 5482/5403/5314
f 5482/5403/5315 5562/5483/5315 5563/5484/5315 5483/5404/5315
f 5483/5404/5316 5563/5484/5316 5564/5485/5316 5484/5405/5316
f 5484/5405/5317 5564/5485/5317 5565/5486/5317 5485/5406/5317
f 5485/5406/5318 5565/5486/5318 5566/5487/5318 5486/5407/5318
f 5486/5407/5319 5566/5487/5319 5567/5488/5319 5487/5408/5319
f 5487/5408/5320 5567/5488/5320 5568/5489/5320 5488/5409/5320
f 5488/5409/5321 5568/5489/5321 5569/5490/5321 5489/5410/5321
f 5489/5410/5322 5569/5490/5322 5570/5491/5322 5490/5411/5322
f 5490/5411/5323 5570/5491/5323 5571/5492/5323 5491/5412/5323
f 5491/5412/5324 5571/5492/5324 5572/5493/5324 5492/5413/5324
f 5492/5413/5325 5572/5493/5325 5573/5494/5325 5493/5414/5325
f 5493/5414/5326 5573/5494/5326 5574/5495/5326 5494/5415/5326
f 5494/5415/5327 5574/5495/5327 5575/5496/5327 5495/5416/5327
f 5495/5416/5328 5575/5496/5328 5576/5497/5328 5496/5417/5328
f 5496/5417/5329 5576/5497/5329 5577/5498/5329 5497/5418/5329
f 5497/5418/5330 5577/5498/5330 5578/5499/5330 5498/5419/5330
f 5498/5419/5331 5578/5499/5331 5579/5500/5331 5499/5420/5331
f 5499/5420/5332 5579/5500/5332 5580/5501/5332 5500/5421/5332
f 5500/5421/5333 5580/5501/5333 5581/5502/5333 5501/5422/5333
f 5501/5422/5334 5581/5502/5334 5582/5503/5334 5502/5423/5334
f 5502/5423/5335 5582/5503/5335 5583/5504/5335 5503/5424/5335
f 5503/5424/5336 5583/5504/5336 5584/5505/5336 5504/5425/5336
f 5504/5425/5337 5584/5505/5337 5585/5506/5337 5505/5426/5337
f 5505/5426/5338 5585/5506/5338 5586/5507/5338 5506/5427/5338
f 5506/5427/5339 5586/5507/5339 5587/5508/5339 5507/5428/5339
f 5507/5428/5340 5587/5508/5340 5588/5509/5340 5508/5429/5340
f 5508/5429/5341 5588/5509/5341 5589/5510/5341 5509/5430/5341
f 5509/5430/5342 5589/5510/5342 5590/5511/5342 5510/5431/5342
f 5510/5431/5343 5590/5511/5343 5591/5512/5343 5511/5432/5343
f 5511/5432/5344 5591/5512/5344 5592/5513/5344 5512/5433/5344
f 5512/5433/5345 5592/5513/5345 5593/5514/5345 5513/5434/5345
f 5513/5434/5346 5593/5514/5346 5594/5515/5346 5514/5435/5346
f 5514/5435/5347 5594/5515/5347 5595/5516/5347 5515/5436/5347
f 5515/5436/5348 5595/5516/5348 5596/5517/5348 5516/5437/5348
f 5516/5437/5349 5596/5517/5349 5597/5518/5349 5517/5438/5349
f 5517/5438/5350 5597/5518/5350 5598/5519/5350 5518/5439/5350
f 5518/5439/5351 5598/5519/5351 5599/5520/5351 5519/5440/5351
f 5519/5440/5352 5599/5520/5352 5600/5521/5352 5520/5441/5352
f 5520/5441/5353 5600/5521/5353 5601/5522/5353 5521/5442/5353
f 5521/5442/5354 5601/5522/5354 5602/5523/5354 5522/5443/5354
f 5522/5443/5355 5602/5523/5355 5603/5524/5355 5523/5444/5355
f 5523/5444/5356 5603/5524/5356 5604/138/5356 5524/136/5356
f 150/5446/5357 151/5526/5357 5605/5525/5357 5525/5445/5357
f 5525/5445/5358 5605/5525/5358 5606/5527/5358 5526/5447/5358
f 5526/5447/5359 5606/5527/5359 5607/5528/5359 5527/5448/5359
f 5527/5448/5360 5607/5528/5360 5608/5529/5360 5528/5449/5360
f 5528/5449/5361 5608/5529/5361 5609/5530/5361 5529/5450/5361
f 5529/5450/5362 5609/5530/5362 5610/5531/5362 5530/5451/5362
f 5530/5451/5363 5610/5531/5363 5611/5532/5363 5531/5452/5363
f 5531/5452/5364 5611/5532/5364 5612/5533/5364 5532/5453/5364
f 5532/5453/5365 5612/5533/5365 5613/5534/5365 5533/5454/5365
f 5533/5454/5366 5613/5534/5366 5614/5535/5366 5534/5455/5366
f 5534/5455/5367 5614/5535/5367 5615/5536/5367 5535/5456/5367
f 5535/5456/5368 5615/5536/5368 5616/5537/5368 5536/5457/5368
f 5536/5457/5369 5616/5537/5369 5617/5538/5369 5537/5458/5369
f 5537/5458/5370 5617/5538/5370 5618/5539/5370 5538/5459/5370
f 5538/5459/5371 5618/5539/5371 5619/5540/5371 5539/5460/5371
f 5539/5460/5372 5619/5540/5372 5620/5541/5372 5540/5461/5372
f 5540/5461/5373 5620/5541/5373 5621/5542/5373 5541/5462/5373
f 5541/5462/5374 5621/5542/5374 5622/5543/5374 5542/5463/5374
f 5542/5463/5375 5622/5543/5375 5623/5544/5375 5543/5464/5375
f 5543/5464/5376 5623/5544/5376 5624/5545/5376 5544/5465/5376
f 5544/5465/5377 5624/5545/5377 5625/5546/5377 5545/5466/5377
f 5545/5466/5378 5625/5546/5378 5626/5547/5378 5546/5467/5378
f 5546/5467/5379 5626/5547/5379 5627/5548/5379 5547/5468/5379
f 5547/5468/5380 5627/5548/5380 5628/5549/5380 5548/5469/5380
f 5548/5469/5381 5628/5549/5381 5629/5550/5381 5549/5470/5381
f 5549/5470/5382 5629/5550/5382 5630/5551/5382 5550/5471/5382
f 5550/5471/5383 5630/5551/5383 5631/5552/5383 5551/5472/5383
f 5551/5472/5384 5631/5552/5384 5632/5553/5384 5552/5473/5384
f 5552/5473/5385 5632/5553/5385 5633/5554/5385 5553/5474/5385
f 5553/5474/5386 5633/5554/5386 5634/5555/5386 5554/5475/5386
f 5554/5475/5387 5634/5555/5387 5635/5556/5387 5555/5476/5387
f 5555/5476/5388 5635/5556/5388 5636/5557/5388 5556/5477/5388
f 5556/5477/5389 5636/5557/5389 5637/5558/5389 5557/5478/5389
f 5557/5478/5390 5637/5558/5390 5638/5559/5390 5558/5479/5390
f 5558/5479/5391 5638/5559/5391 5639/5560/5391 5559/5480/5391
f 5559/5480/5392 5639/5560/5392 5640/5561/5392 5560/5481/5392
f 5560/5481/5393 5640/5561/5393 5641/5562/5393 5561/5482/5393
f 5561/5482/5394 5641/5562/5394 5642/5563/5394 5562/5483/5394
f 5562/5483/5395 5642/5563/5395 5643/5564/5395 5563/5484/5395
f 5563/5484/5396 5643/5564/5396 5644/5565/5396 5564/5485/5396
f 5564/5485/5397 5644/5565/5397 5645/5566/5397 5565/5486/5397
f 5565/5486/5398 5645/5566/5398 5646/5567/5398 5566/5487/5398
f 5566/5487/5399 5646/5567/5399 5647/5568/5399 5567/5488/5399
f 5567/5488/5400 5647/5568/5400 5648/5569/5400 5568/5489/5400
f 5568/5489/5401 5648/5569/5401 5649/5570/5401 5569/5490/5401
f 5569/5490/5402 5649/5570/5402 5650/5571/5402 5570/5491/5402
f 5570/5491/5403 5650/5571/5403 5651/5572/5403 5571/5492/5403
f 5571/5492/5404 5651/5572/5404 5652/5573/5404 5572/5493/5404
f 5572/5493/5405 5652/5573/5405 5653/5574/5405 5573/5494/5405
f 5573/5494/5406 5653/5574/5406 5654/5575/5406 5574/5495/5406
f 5574/5495/5407 5654/5575/5407 5655/5576/5407 5575/5496/5407
f 5575/5496/5408 5655/5576/5408 5656/5577/5408 5576/5497/5408
f 5576/5497/5409 5656/5577/5409 5657/5578/5409 5577/5498/5409
f 5577/5498/5410 5657/5578/5410 5658/5579/5410 5578/5499/5410
f 5578/5499/5411 5658/5579/5411 5659/5580/5411 5579/5500/5411
f 5579/5500/5412 5659/5580/5412 5660/5581/5412 5580/5501/5412
f 5580/5501/5413 5660/5581/5413 5661/5582/5413 5581/5502/5413
f 5581/5502/5414 5661/5582/5414 5662/5583/5414 5582/5503/5414
f 5582/5503/5415 5662/5583/5415 5663/5584/5415 5583/5504/5415
f 5583/5504/5416 5663/5584/5416 5664/5585/5416 5584/5505/5416
f 5584/5505/5417 5664/5585/5417 5665/5586/5417 5585/5506/5417
f 5585/5506/5418 5665/5586/5418 5666/5587/5418 5586/5507/5418
f 5586/5507/5419 5666/5587/5419 5667/5588/5419 5587/5508/5419
f 5587/5508/5420 5667/5588/5420 5668/5589/5420 5588/5509/5420
f 5588/5509/5421 5668/5589/5421 5669/5590/5421 5589/5510/5421
f 5589/5510/5422 5669/5590/5422 5670/5591/5422 5590/5511/5422
f 5590/5511/5423 5670/5591/5423 5671/5592/5423 5591/5512/5423
f 5591/5512/5424 5671/5592/5424 5672/5593/5424 5592/5513/5424
f 5592/5513/5425 5672/5593/5425 5673/5594/5425 5593/5514/5425
f 5593/5514/5426 5673/5594/5426 5674/5595/5426 5594/5515/5426
f 5594/5515/5427 5674/5595/5427 5675/5596/5427 5595/5516/5427
f 5595/5516/5428 5675/5596/5428 5676/5597/5428 5596/5517/5428
f 5596/5517/5429 5676/5597/5429 5677/5598/5429 5597/5518/5429
f 5597/5518/5430 5677/5598/5430 5678/5599/5430 5598/5519/5430
f 5598/5519/5431 5678/5599/5431 5679/5600/5431 5599/5520/5431
f 5599/5520/5432 5679/5600/5432 5680/5601/5432 5600/5521/5432
f 5600/5521/5433 5680/5601/5433 5681/5602/5433 5601/5522/5433
f 5601/5522/5434 5681/5602/5434 5682/5603/5434 5602/5523/5434
f 5602/5523/5435 5682/5603/5435 5683/5604/5435 5603/5524/5435
f 5603/5524/5436 5683/5604/5436 5684/140/5436 5604/138/5436
f 151/5526/5437 152/5606/5437 5685/5605/5437 5605/5525/5437
f 5605/5525/5438 5685/5605/5438 5686/5607/5438 5606/5527/5438
f 5606/5527/5439 5686/5607/5439 5687/5608/5439 5607/5528/5439
f 5607/5528/5440 5687/5608/5440 5688/5609/5440 5608/5529/5440
f 5608/5529/5441 5688/5609/5441 5689/5610/5441 5609/5530/5441
f 5609/5530/5442 5689/5610/5442 5690/5611/5442 5610/5531/5442
f 5610/5531/5443 5690/5611/5443 5691/5612/5443 5611/5532/5443
f 5611/5532/5444 5691/5612/5444 5692/5613/5444 5612/5533/5444
f 5612/5533/5445 5692/5613/5445 5693/5614/5445 5613/5534/5445
f 5613/5534/5446 5693/5614/5446 5694/5615/5446 5614/5535/5446
f 5614/5535/5447 5694/5615/5447 5695/5616/5447 5615/5536/5447
f 5615/5536/5448 5695/5616/5448 5696/5617/5448 5616/5537/5448
f 5616/5537/5449 5696/5617/5449 5697/5618/5449 5617/5538/5449
f 5617/5538/5450 5697/5618/5450 5698/5619/5450 5618/5539/5450
f 5618/5539/5451 5698/5619/5451 5699/5620/5451 5619/5540/5451
f 5619/5540/5452 5699/5620/5452 5700/5621/5452 5620/5541/5452
f 5620/5541/5453 5700/5621/5453 5701/5622/5453 5621/5542/5453
f 5621/5542/5454 5701/5622/5454 5702/5623/5454 5622/5543/5454
f 5622/5543/5455 5702/5623/5455 5703/5624/5455 5623/5544/5455
f 5623/5544/5456 5703/5624/5456 5704/5625/5456 5624/5545/5456
f 5624/5545/5457 5704/5625/5457 5705/5626/5457 5625/5546/5457
f 5625/5546/5458 5705/5626/5458 5706/5627/5458 5626/5547/5458
f 5626/5547/5459 5706/5627/5459 5707/5628/5459 5627/5548/5459
f 5627/5548/5460 5707/5628/5460 5708/5629/5460 5628/5549/5460
f 5628/5549/5461 5708/5629/5461 5709/5630/5461 5629/5550/5461
f 5629/5550/5462 5709/5630/5462 5710/5631/5462 5630/5551/5462
f 5630/5551/5463 5710/5631/5463 5711/5632/5463 5631/5552/5463
f 5631/5552/5464 5711/5632/5464 5712/5633/5464 5632/5553/5464
f 5632/5553/5465 5712/5633/5465 5713/5634/5465 5633/5554/5465
f 5633/5554/5466 5713/5634/5466 5714/5635/5466 5634/5555/5466
f 5634/5555/5467 5714/5635/5467 5715/5636/5467 5635/5556/5467
f 5635/5556/5468 5715/5636/5468 5716/5637/5468 5636/5557/5468
f 5636/5557/5469 5716/5637/5469 5717/5638/5469 5637/5558/5469
f 5637/5558/5470 5717/5638/5470 5718/5639/5470 5638/5559/5470
f 5638/5559/5471 5718/5639/5471 5719/5640/5471 5639/5560/5471
f 5639/5560/5472 5719/5640/5472 5720/5641/5472 5640/5561/5472
f 5640/5561/5473 5720/5641/5473 5721/5642/5473 5641/5562/5473
f 5641/5562/5474 5721/5642/5474 5722/5643/5474 5642/5563/5474
f 5642/5563/5475 5722/5643/5475 5723/5644/5475 5643/5564/5475
f 5643/5564/5476 5723/5644/5476 5724/5645/5476 5644/5565/5476
f 5644/5565/5477 5724/5645/5477 5725/5646/5477 5645/5566/5477
f 5645/5566/5478 5725/5646/5478 5726/5647/5478 5646/5567/5478
f 5646/5567/5479 5726/5647/5479 5727/5648/5479 5647/5568/5479
f 5647/5568/5480 5727/5648/5480 5728/5649/5480 5648/5569/5480
f 5648/5569/5481 5728/5649/5481 5729/5650/5481 5649/5570/5481
f 5649/5570/5482 5729/5650/5482 5730/5651/5482 5650/5571/5482
f 5650/5571/5483 5730/5651/5483 5731/5652/5483 5651/5572/5483
f 5651/5572/5484 5731/5652/5484 5732/5653/5484 5652/5573/5484
f 5652/5573/5485 5732/5653/5485 5733/5654/5485 5653/5574/5485
f 5653/5574/5486 5733/5654/5486 5734/5655/5486 5654/5575/5486
f 5654/5575/5487 5734/5655/5487 5735/5656/5487 5655/5576/5487
f 5655/5576/5488 5735/5656/5488 5736/5657/5488 5656/5577/5488
f 5656/5577/5489 5736/5657/5489 5737/5658/5489 5657/5578/5489
f 5657/5578/5490 5737/5658/5490 5738/5659/5490 5658/5579/5490
f 5658/5579/5491 5738/5659/5491 5739/5660/5491 5659/5580/5491
f 5659/5580/5492 5739/5660/5492 5740/5661/5492 5660/5581/5492
f 5660/5581/5493 5740/5661/5493 5741/5662/5493 5661/5582/5493
f 5661/5582/5494 5741/5662/5494 5742/5663/5494 5662/5583/5494
f 5662/5583/5495 5742/5663/5495 5743/5664/5495 5663/5584/5495
f 5663/5584/5496 5743/5664/5496 5744/5665/5496 5664/5585/5496
f 5664/5585/5497 5744/5665/5497 5745/5666/5497 5665/5586/5497
f 5665/5586/5498 5745/5666/5498 5746/5667/5498 5666/5587/5498
f 5666/5587/5499 5746/5667/5499 5747/5668/5499 5667/5588/5499
f 5667/5588/5500 5747/5668/5500 5748/5669/5500 5668/5589/5500
f 5668/5589/5501 5748/5669/5501 5749/5670/5501 5669/5590/5501
f 5669/5590/5502 5749/5670/5502 5750/5671/5502 5670/5591/5502
f 5670/5591/5503 5750/5671/5503 5751/5672/5503 5671/5592/5503
f 5671/5592/5504 5751/5672/5504 5752/5673/5504 5672/5593/5504
f 5672/5593/5505 5752/5673/5505 5753/5674/5505 5673/5594/5505
f 5673/5594/5506 5753/5674/5506 5754/5675/5506 5674/5595/5506
f 5674/5595/5507 5754/5675/5507 5755/5676/5507 5675/5596/5507
f 5675/5596/5508 5755/5676/5508 5756/5677/5508 5676/5597/5508
f 5676/5597/5509 5756/5677/5509 5757/5678/5509 5677/5598/5509
f 5677/5598/5510 5757/5678/5510 5758/5679/5510 5678/5599/5510
f 5678/5599/5511 5758/5679/5511 5759/5680/5511 5679/5600/5511
f 5679/5600/5512 5759/5680/5512 5760/5681/5512 5680/5601/5512
f 5680/5601/5513 5760/5681/5513 5761/5682/5513 5681/5602/5513
f 5681/5602/5514 5761/5682/5514 5762/5683/5514 5682/5603/5514
f 5682/5603/5515 5762/5683/5515 5763/5684/5515 5683/5604/5515
f 5683/5604/5516 5763/5684/5516 5764/142/5516 5684/140/5516
f 152/5606/5517 153/5686/5517 5765/5685/5517 5685/5605/5517
f 5685/5605/5518 5765/5685/5518 5766/5687/5518 5686/5607/5518
f 5686/5607/5519 5766/5687/5519 5767/5688/5519 5687/5608/5519
f 5687/5608/5520 5767/5688/5520 5768/5689/5520 5688/5609/5520
f 5688/5609/5521 5768/5689/5521 5769/5690/5521 5689/5610/5521
f 5689/5610/5522 5769/5690/5522 5770/5691/5522 5690/5611/5522
f 5690/5611/5523 5770/5691/5523 5771/5692/5523 5691/5612/5523
f 5691/5612/5524 5771/5692/5524 5772/5693/5524 5692/5613/5524
f 5692/5613/5525 5772/5693/5525 5773/5694/5525 5693/5614/5525
f 5693/5614/5526 5773/5694/5526 5774/5695/5526 5694/5615/5526
f 5694/5615/5527 5774/5695/5527 5775/5696/5527 5695/5616/5527
f 5695/5616/5528 5775/5696/5528 5776/5697/5528 5696/5617/5528
f 5696/5617/5529 5776/5697/5529 5777/5698/5529 5697/5618/5529
f 5697/5618/5530 5777/5698/5530 5778/5699/5530 5698/5619/5530
f 5698/5619/5531 5778/5699/5531 5779/5700/5531 5699/5620/5531
f 5699/5620/5532 5779/5700/5532 5780/5701/5532 5700/5621/5532
f 5700/5621/5533 5780/5701/5533 5781/5702/5533 5701/5622/5533
f 5701/5622/5534 5781/5702/5534 5782/5703/5534 5702/5623/5534
f 5702/5623/5535 5782/5703/5535 5783/5704/5535 5703/5624/5535
f 5703/5624/5536 5783/5704/5536 5784/5705/5536 5704/5625/5536
f 5704/5625/5537 5784/5705/5537 5785/5706/5537 5705/5626/5537
f 5705/5626/5538 5785/5706/5538 5786/5707/5538 5706/5627/5538
f 5706/5627/5539 5786/5707/5539 5787/5708/5539 5707/5628/5539
f 5707/5628/5540 5787/5708/5540 5788/5709/5540 5708/5629/5540
f 5708/5629/5541 5788/5709/5541 5789/5710/5541 5709/5630/5541
f 5709/5630/5542 5789/5710/5542 5790/5711/5542 5710/5631/5542
f 5710/5631/5543 5790/5711/5543 5791/5712/5543 5711/5632/5543
f 5711/5632/5544 5791/5712/5544 5792/5713/5544 5712/5633/5544
f 5712/5633/5545 5792/5713/5545 5793/5714/5545 5713/5634/5545
f 5713/5634/5546 5793/5714/5546 5794/5715/5546 5714/5635/5546
f 5714/5635/5547 5794/5715/5547 5795/5716/5547 5715/5636/5547
f 5715/5636/5548 5795/5716/5548 5796/5717/5548 5716/5637/5548
f 5716/5637/5549 5796/5717/5549 5797/5718/5549 5717/5638/5549
f 5717/5638/5550 5797/5718/5550 5798/5719/5550 5718/5639/5550
f 5718/5639/5551 5798/5719/5551 5799/5720/5551 5719/5640/5551
f 5719/5640/5552 5799/5720/5552 5800/5721/5552 5720/5641/5552
f 5720/5641/5553 5800/5721/5553 5801/5722/5553 5721/5642/5553
f 5721/5642/5554 5801/5722/5554 5802/5723/5554 5722/5643/5554
f 5722/5643/5555 5802/5723/5555 5803/5724/5555 5723/5644/5555
f 5723/5644/5556 5803/5724/5556 5804/5725/5556 5724/5645/5556
f 5724/5645/5557 5804/5725/5557 5805/5726/5557 5725/5646/5557
f 5725/5646/5558 5805/5726/5558 5806/5727/5558 5726/5647/5558
f 5726/5647/5559 5806/5727/5559 5807/5728/5559 5727/5648/5559
f 5727/5648/5560 5807/5728/5560 5808/5729/5560 5728/5649/5560
f 5728/5649/5561 5808/5729/5561 5809/5730/5561 5729/5650/5561
f 5729/5650/5562 5809/5730/5562 5810/5731/5562 5730/5651/5562
f 5730/5651/5563 5810/5731/5563 5811/5732/5563 5731/5652/5563
f 5731/5652/5564 5811/5732/5564 5812/5733/5564 5732/5653/5564
f 5732/5653/5565 5812/5733/5565 5813/5734/5565 5733/5654/5565
f 5733/5654/5566 5813/5734/5566 5814/5735/5566 5734/5655/5566
f 5734/5655/5567 5814/5735/5567 5815/5736/5567 5735/5656/5567
f 5735/5656/5568 5815/5736/5568 5816/5737/5568 5736/5657/5568
f 5736/5657/5569 5816/5737/5569 5817/5738/5569 5737/5658/5569
f 5737/5658/5570 5817/5738/5570 5818/5739/5570 5738/5659/5570
f 5738/5659/5571 5818/5739/5571 5819/5740/5571 5739/5660/5571
f 5739/5660/5572 5819/5740/5572 5820/5741/5572 5740/5661/5572
f 5740/5661/5573 5820/5741/5573 5821/5742/5573 5741/5662/5573
f 5741/5662/5574 5821/5742/5574 5822/5743/5574 5742/5663/5574
f 5742/5663/5575 5822/5743/5575 5823/5744/5575 5743/5664/5575
f 5743/5664/5576 5823/5744/5576 5824/5745/5576 5744/5665/5576
f 5744/5665/5577 5824/5745/5577 5825/5746/5577 5745/5666/5577
f 5745/5666/5578 5825/5746/5578 5826/5747/5578 5746/5667/5578
f 5746/5667/5579 5826/5747/5579 5827/5748/5579 5747/5668/5579
f 5747/5668/5580 5827/5748/5580 5828/5749/5580 5748/5669/5580
f 5748/5669/5581 5828/5749/5581 5829/5750/5581 5749/5670/5581
f 5749/5670/5582 5829/5750/5582 5830/5751/5582 5750/5671/5582
f 5750/5671/5583 5830/5751/5583 5831/5752/5583 5751/5672/5583
f 5751/5672/5584 5831/5752/5584 5832/5753/5584 5752/5673/5584
f 5752/5673/5585 5832/5753/5585 5833/5754/5585 5753/5674/5585
f 5753/5674/5586 5833/5754/5586 5834/5755/5586 5754/5675/5586
f 5754/5675/5587 5834/5755/5587 5835/5756/5587 5755/5676/5587
f 5755/5676/5588 5835/5756/5588 5836/5757/5588 5756/5677/5588
f 5756/5677/5589 5836/5757/5589 5837/5758/5589 5757/5678/5589
f 5757/5678/5590 5837/5758/5590 5838/5759/5590 5758/5679/5590
f 5758/5679/5591 5838/5759/5591 5839/5760/5591 5759/5680/5591
f 5759/5680/5592 5839/5760/5592 5840/5761/5592 5760/5681/5592
f 5760/5681/5593 5840/5761/5593 5841/5762/5593 5761/5682/5593
f 5761/5682/5594 5841/5762/5594 5842/5763/5594 5762/5683/5594
f 5762/5683/5595 5842/5763/5595 5843/5764/5595 5763/5684/5595
f 5763/5684/5596 5843/5764/5596 5844/144/5596 5764/142/5596
f 153/5686/5597 154/5766/5597 5845/5765/5597 5765/5685/5597
f 5765/5685/5598 5845/5765/5598 5846/5767/5598 5766/5687/5598
f 5766/5687/5599 5846/5767/5599 5847/5768/5599 5767/5688/5599
f 5767/5688/5600 5847/5768/5600 5848/5769/5600 5768/5689/5600
f 5768/5689/5601 5848/5769/5601 5849/5770/5601 5769/5690/5601
f 5769/5690/5602 5849/5770/5602 5850/5771/5602 5770/5691/5602
f 5770/5691/5603 5850/5771/5603 5851/5772/5603 5771/5692/5603
f 5771/5692/5604 5851/5772/5604 5852/5773/5604 5772/5693/5604
f 5772/5693/5605 5852/5773/5605 5853/5774/5605 5773/5694/5605
f 5773/5694/5606 5853/5774/5606 5854/5775/5606 5774/5695/5606
f 5774/5695/5607 5854/5775/5607 5855/5776/5607 5775/5696/5607
f 5775/5696/5608 5855/5776/5608 5856/5777/5608 5776/5697/5608
f 5776/5697/5609 5856/5777/5609 5857/5778/5609 5777/5698/5609
f 5777/5698/5610 5857/5778/5610 5858/5779/5610 5778/5699/5610
f 5778/5699/5611 5858/5779/5611 5859/5780/5611 5779/5700/5611
f 5779/5700/5612 5859/5780/5612 5860/5781/5612 5780/5701/5612
f 5780/5701/5613 5860/5781/5613 5861/5782/5613 5781/5702/5613
f 5781/5702/5614 5861/5782/5614 5862/5783/5614 5782/5703/5614
f 5782/5703/5615 5862/5783/5615 5863/5784/5615 5783/5704/5615
f 5783/5704/5616 5863/5784/5616 5864/5785/5616 5784/5705/5616
f 5784/5705/5617 5864/5785/5617 5865/5786/5617 5785/5706/5617
f 5785/5706/5618 5865/5786/5618 5866/5787/5618 5786/5707/5618
f 5786/5707/5619 5866/5787/5619 5867/5788/5619 5787/5708/5619
f 5787/5708/5620 5867/5788/5620 5868/5789/5620 5788/5709/5620
f 5788/5709/5621 5868/5789/5621 5869/5790/5621 5789/5710/5621
f 5789/5710/5622 5869/5790/5622 5870/5791/5622 5790/5711/5622
f 5790/5711/5623 5870/5791/5623 5871/5792/5623 5791/5712/5623
f 5791/5712/5624 5871/5792/5624 5872/5793/5624 5792/5713/5624
f 5792/5713/5625 5872/5793/5625 5873/5794/5625 5793/5714/5625
f 5793/5714/5626 5873/5794/5626 5874/5795/5626 5794/5715/5626
f 5794/5715/5627 5874/5795/5627 5875/5796/5627 5795/5716/5627
f 5795/5716/5628 5875/5796/5628 5876/5797/5628 5796/5717/5628
f 5796/5717/5629 5876/5797/5629 5877/5798/5629 5797/5718/5629
f 5797/5718/5630 5877/5798/5630 5878/5799/5630 5798/5719/5630
f 5798/5719/5631 5878/5799/5631 5879/5800/5631 5799/5720/5631
f 5799/5720/5632 5879/5800/5632 5880/5801/5632 5800/5721/5632
f 5800/5721/5633 5880/5801/5633 5881/5802/5633 5801/5722/5633
f 5801/5722/5634 5881/5802/5634 5882/5803/5634 5802/5723/5634
f 5802/5723/5635 5882/5803/5635 5883/5804/5635 5803/5724/5635
f 5803/5724/5636 5883/5804/5636 5884/5805/5636 5804/5725/5636
f 5804/5725/5637 5884/5805/5637 5885/5806/5637 5805/5726/5637
f 5805/5726/5638 5885/5806/5638 5886/5807/5638 5806/5727/5638
f 5806/5727/5639 5886/5807/5639 5887/5808/5639 5807/5728/5639
f 5807/5728/5640 5887/5808/5640 5888/5809/5640 5808/5729/5640
f 5808/5729/5641 5888/5809/5641 5889/5810/5641 5809/5730/5641
f 5809/5730/5642 5889/5810/5642 5890/5811/5642 5810/5731/5642
f 5810/5731/5643 5890/5811/5643 5891/5812/5643 5811/5732/5643
f 5811/5732/5644 5891/5812/5644 5892/5813/5644 5812/5733/5644
f 5812/5733/5645 5892/5813/5645 5893/5814/5645 5813/5734/5645
f 5813/5734/5646 5893/5814/5646 5894/5815/5646 5814/5735/5646
f 5814/5735/5647 5894/5815/5647 5895/5816/5647 5815/5736/5647
f 5815/5736/5648 5895/5816/5648 5896/5817/5648 5816/5737/5648
f 5816/5737/5649 5896/5817/5649 5897/5818/5649 5817/5738/5649
f 5817/5738/5650 5897/5818/5650 5898/5819/5650 5818/5739/5650
f 5818/5739/5651 5898/5819/5651 5899/5820/5651 5819/5740/5651
f 5819/5740/5652 5899/5820/5652 5900/5821/5652 5820/5741/5652
f 5820/5741/5653 5900/5821/5653 5901/5822/5653 5821/5742/5653
f 5821/5742/5654 5901/5822/5654 5902/5823/5654 5822/5743/5654
f 5822/5743/5655 5902/5823/5655 5903/5824/5655 5823/5744/5655
f 5823/5744/5656 5903/5824/5656 5904/5825/5656 5824/5745/5656
f 5824/5745/5657 5904/5825/5657 5905/5826/5657 5825/5746/5657
f 5825/5746/5658 5905/5826/5658 5906/5827/5658 5826/5747/5658
f 5826/5747/5659 5906/5827/5659 5907/5828/5659 5827/5748/5659
f 5827/5748/5660 5907/5828/5660 5908/5829/5660 5828/5749/5660
f 5828/5749/5661 5908/5829/5661 5909/5830/5661 5829/5750/5661
f 5829/5750/5662 5909/5830/5662 5910/5831/5662 5830/5751/5662
f 5830/5751/5663 5910/5831/5663 5911/5832/5663 5831/5752/5663
f 5831/5752/5664 5911/5832/5664 5912/5833/5664 5832/5753/5664
f 5832/5753/5665 5912/5833/5665 5913/5834/5665 5833/5754/5665
f 5833/5754/5666 5913/5834/5666 5914/5835/5666 5834/5755/5666
f 5834/5755/5667 5914/5835/5667 5915/5836/5667 5835/5756/5667
f 5835/5756/5668 5915/5836/5668 5916/5837/5668 5836/5757/5668
f 5836/5757/5669 5916/5837/5669 5917/5838/5669 5837/5758/5669
f 5837/5758/5670 5917/5838/5670 5918/5839/5670 5838/5759/5670
f 5838/5759/5671 5918/5839/5671 5919/5840/5671 5839/5760/5671
f 5839/5760/5672 5919/5840/5672 5920/5841/5672 5840/5761/5672
f 5840/5761/5673 5920/5841/5673 5921/5842/5673 5841/5762/5673
f 5841/5762/5674 5921/5842/5674 5922/5843/5674 5842/5763/5674
f 5842/5763/5675 5922/5843/5675 5923/5844/5675 5843/5764/5675
f 5843/5764/5676 5923/5844/5676 5924/146/5676 5844/144/5676
f 154/5766/5677 155/5846/5677 5925/5845/5677 5845/5765/5677
f 5845/5765/5678 5925/5845/5678 5926/5847/5678 5846/5767/5678
f 5846/5767/5679 5926/5847/5679 5927/5848/5679 5847/5768/5679
f 5847/5768/5680 5927/5848/5680 5928/5849/5680 5848/5769/5680
f 5848/5769/5681 5928/5849/5681 5929/5850/5681 5849/5770/5681
f 5849/5770/5682 5929/5850/5682 5930/5851/5682 5850/5771/5682
f 5850/5771/5683 5930/5851/5683 5931/5852/5683 5851/5772/5683
f 5851/5772/5684 5931/5852/5684 5932/5853/5684 5852/5773/5684
f 5852/5773/5685 5932/5853/5685 5933/5854/5685 5853/5774/5685
f 5853/5774/5686 5933/5854/5686 5934/5855/5686 5854/5775/5686
f 5854/5775/5687 5934/5855/5687 5935/5856/5687 5855/5776/5687
f 5855/5776/5688 5935/5856/5688 5936/5857/5688 5856/5777/5688
f 5856/5777/5689 5936/5857/5689 5937/5858/5689 5857/5778/5689
f 5857/5778/5690 5937/5858/5690 5938/5859/5690 5858/5779/5690
f 5858/5779/5691 5938/5859/5691 5939/5860/5691 5859/5780/5691
f 5859/5780/5692 5939/5860/5692 5940/5861/5692 5860/5781/5692
f 5860/5781/5693 5940/5861/5693 5941/5862/5693 5861/5782/5693
f 5861/5782/5694 5941/5862/5694 5942/5863/5694 5862/5783/5694
f 5862/5783/5695 5942/5863/5695 5943/5864/5695 5863/5784/5695
f 5863/5784/5696 5943/5864/5696 5944/5865/5696 5864/5785/5696
f 5864/5785/5697 5944/5865/5697 5945/5866/5697 5865/5786/5697
f 5865/5786/5698 5945/5866/5698 5946/5867/5698 5866/5787/5698
f 5866/5787/5699 5946/5867/5699 5947/5868/5699 5867/5788/5699
f 5867/5788/5700 5947/5868/5700 5948/5869/5700 5868/5789/5700
f 5868/5789/5701 5948/5869/5701 5949/5870/5701 5869/5790/5701
f 5869/5790/5702 5949/5870/5702 5950/5871/5702 5870/5791/5702
f 5870/5791/5703 5950/5871/5703 5951/5872/5703 5871/5792/5703
f 5871/5792/5704 5951/5872/5704 5952/5873/5704 5872/5793/5704
f 5872/5793/5705 5952/5873/5705 5953/5874/5705 5873/5794/5705
f 5873/5794/5706 5953/5874/5706 5954/5875/5706 5874/5795/5706
f 5874/5795/5707 5954/5875/5707 5955/5876/5707 5875/5796/5707
f 5875/5796/5708 5955/5876/5708 5956/5877/5708 5876/5797/5708
f 5876/5797/5709 5956/5877/5709 5957/5878/5709 5877/5798/5709
f 5877/5798/5710 5957/5878/5710 5958/5879/5710 5878/5799/5710
f 5878/5799/5711 5958/5879/5711 5959/5880/5711 5879/5800/5711
f 5879/5800/5712 5959/5880/5712 5960/5881/5712 5880/5801/5712
f 5880/5801/5713 5960/5881/5713 5961/5882/5713 5881/5802/5713
f 5881/5802/5714 5961/5882/5714 5962/5883/5714 5882/5803/5714
f 5882/5803/5715 5962/5883/5715 5963/5884/5715 5883/5804/5715
f 5883/5804/5716 5963/5884/5716 5964/5885/5716 5884/5805/5716
f 5884/5805/5717 5964/5885/5717 5965/5886/5717 5885/5806/5717
f 5885/5806/5718 5965/5886/5718 5966/5887/5718 5886/5807/5718
f 5886/5807/5719 5966/5887/5719 5967/5888/5719 5887/5808/5719
f 5887/5808/5720 5967/5888/5720 5968/5889/5720 5888/5809/5720
f 5888/5809/5721 5968/5889/5721 5969/5890/5721 5889/5810/5721
f 5889/5810/5722 5969/5890/5722 5970/5891/5722 5890/5811/5722
f 5890/5811/5723 5970/5891/5723 5971/5892/5723 5891/5812/5723
f 5891/5812/5724 5971/5892/5724 5972/5893/5724 5892/5813/5724
f 5892/5813/5725 5972/5893/5725 5973/5894/5725 5893/5814/5725
f 5893/5814/5726 5973/5894/5726 5974/5895/5726 5894/5815/5726
f 5894/5815/5727 5974/5895/5727 5975/5896/5727 5895/5816/5727
f 5895/5816/5728 5975/5896/5728 5976/5897/5728 5896/5817/5728
f 5896/5817/5729 5976/5897/5729 5977/5898/5729 5897/5818/5729
f 5897/5818/5730 5977/5898/5730 5978/5899/5730 5898/5819/5730
f 5898/5819/5731 5978/5899/5731 5979/5900/5731 5899/5820/5731
f 5899/5820/5732 5979/5900/5732 5980/5901/5732 5900/5821/5732
f 5900/5821/5733 5980/5901/5733 5981/5902/5733 5901/5822/5733
f 5901/5822/5734 5981/5902/5734 5982/5903/5734 5902/5823/5734
f 5902/5823/5735 5982/5903/5735 5983/5904/5735 5903/5824/5735
f 5903/5824/5736 5983/5904/5736 5984/5905/5736 5904/5825/5736
f 5904/5825/5737 5984/5905/5737 5985/5906/5737 5905/5826/5737
f 5905/5826/5738 5985/5906/5738 5986/5907/5738 5906/5827/5738
f 5906/5827/5739 5986/5907/5739 5987/5908/5739 5907/5828/5739
f 5907/5828/5740 5987/5908/5740 5988/5909/5740 5908/5829/5740
f 5908/5829/5741 5988/5909/5741 5989/5910/5741 5909/5830/5741
f 5909/5830/5742 5989/5910/5742 5990/5911/5742 5910/5831/5742
f 5910/5831/5743 5990/5911/5743 5991/5912/5743 5911/5832/5743
f 5911/5832/5744 5991/5912/5744 5992/5913/5744 5912/5833/5744
f 5912/5833/5745 5992/5913/5745 5993/5914/5745 5913/5834/5745
f 5913/5834/5746 5993/5914/5746 5994/5915/5746 5914/5835/5746
f 5914/5835/5747 5994/5915/5747 5995/5916/5747 5915/5836/5747
f 5915/5836/5748 5995/5916/5748 5996/5917/5748 5916/5837/5748
f 5916/5837/5749 5996/5917/5749 5997/5918/5749 5917/5838/5749
f 5917/5838/5750 5997/5918/5750 5998/5919/5750 5918/5839/5750
f 5918/5839/5751 5998/5919/5751 5999/5920/5751 5919/5840/5751
f 5919/5840/5752 5999/5920/5752 6000/5921/5752 5920/5841/5752
f 5920/5841/5753 6000/5921/5753 6001/5922/5753 5921/5842/5753
f 5921/5842/5754 6001/5922/5754 6002/5923/5754 5922/5843/5754
f 5922/5843/5755 6002/5923/5755 6003/5924/5755 5923/5844/5755
f 5923/5844/5756 6003/5924/5756 6004/148/5756 5924/146/5756
f 155/5846/5757 156/5926/5757 6005/5925/5757 5925/5845/5757
f 5925/5845/5758 6005/5925/5758 6006/5927/5758 5926/5847/5758
f 5926/5847/5759 6006/5927/5759 6007/5928/5759 5927/5848/5759
f 5927/5848/5760 6007/5928/5760 6008/5929/5760 5928/5849/5760
f 5928/5849/5761 6008/5929/5761 6009/5930/5761 5929/5850/5761
f 5929/5850/5762 6009/5930/5762 6010/5931/5762 5930/5851/5762
f 5930/5851/5763 6010/5931/5763 6011/5932/5763 5931/5852/5763
f 5931/5852/5764 6011/5932/5764 6012/5933/5764 5932/5853/5764
f 5932/5853/5765 6012/5933/5765 6013/5934/5765 5933/5854/5765
f 5933/5854/5766 6013/5934/5766 6014/5935/5766 5934/5855/5766
f 5934/5855/5767 6014/5935/5767 6015/5936/5767 5935/5856/5767
f 5935/5856/5768 6015/5936/5768 6016/5937/5768 5936/5857/5768
f 5936/5857/5769 6016/5937/5769 6017/5938/5769 5937/5858/5769
f 5937/5858/5770 6017/5938/5770 6018/5939/5770 5938/5859/5770
f 5938/5859/5771 6018/5939/5771 6019/5940/5771 5939/5860/5771
f 5939/5860/5772 6019/5940/5772 6020/5941/5772 5940/5861/5772
f 5940/5861/5773 6020/5941/5773 6021/5942/5773 5941/5862/5773
f 5941/5862/5774 6021/5942/5774 6022/5943/5774 5942/5863/5774
f 5942/5863/5775 6022/5943/5775 6023/5944/5775 5943/5864/5775
f 5943/5864/5776 6023/5944/5776 6024/5945/5776 5944/5865/5776
f 5944/5865/5777 6024/5945/5777 6025/5946/5777 5945/5866/5777
f 5945/5866/5778 6025/5946/5778 6026/5947/5778 5946/5867/5778
f 5946/5867/5779 6026/5947/5779 6027/5948/5779 5947/5868/5779
f 5947/5868/5780 6027/5948/5780 6028/5949/5780 5948/5869/5780
f 5948/5869/5781 6028/5949/5781 6029/5950/5781 5949/5870/5781
f 5949/5870/5782 6029/5950/5782 6030/5951/5782 5950/5871/5782
f 5950/5871/5783 6030/5951/5783 6031/5952/5783 5951/5872/5783
f 5951/5872/5784 6031/5952/5784 6032/5953/5784 5952/5873/5784
f 5952/5873/5785 6032/5953/5785 6033/5954/5785 5953/5874/5785
f 5953/5874/5786 6033/5954/5786 6034/5955/5786 5954/5875/5786
f 5954/5875/5787 6034/5955/5787 6035/5956/5787 5955/5876/5787
f 5955/5876/5788 6035/5956/5788 6036/5957/5788 5956/5877/5788
f 5956/5877/5789 6036/5957/5789 6037/5958/5789 5957/5878/5789
f 5957/5878/5790 6037/5958/5790 6038/5959/5790 5958/5879/5790
f 5958/5879/5791 6038/5959/5791 6039/5960/5791 5959/5880/5791
f 5959/5880/5792 6039/5960/5792 6040/5961/5792 5960/5881/5792
f 5960/5881/5793 6040/5961/5793 6041/5962/5793 5961/5882/5793
f 5961/5882/5794 6041/5962/5794 6042/5963/5794 5962/5883/5794
f 5962/5883/5795 6042/5963/5795 6043/5964/5795 5963/5884/5795
f 5963/5884/5796 6043/5964/5796 6044/5965/5796 5964/5885/5796
f 5964/5885/5797 6044/5965/5797 6045/5966/5797 5965/5886/5797
f 5965/5886/5798 6045/5966/5798 6046/5967/5798 5966/5887/5798
f 5966/5887/5799 6046/5967/5799 6047/5968/5799 5967/5888/5799
f 5967/5888/5800 6047/5968/5800 6048/5969/5800 5968/5889/5800
f 5968/5889/5801 6048/5969/5801 6049/5970/5801 5969/5890/5801
f 5969/5890/5802 6049/5970/5802 6050/5971/5802 5970/5891/5802
f 5970/5891/5803 6050/5971/5803 6051/5972/5803 5971/5892/5803
f 5971/5892/5804 6051/5972/5804 6052/5973/5804 5972/5893/5804
f 5972/5893/5805 6052/5973/5805 6053/5974/5805 5973/5894/5805
f 5973/5894/5806 6053/5974/5806 6054/5975/5806 5974/5895/5806
f 5974/5895/5807 6054/5975/5807 6055/5976/5807 5975/5896/5807
f 5975/5896/5808 6055/5976/5808 6056/5977/5808 5976/5897/5808
f 5976/5897/5809 6056/5977/5809 6057/5978/5809 5977/5898/5809
f 5977/5898/5810 6057/5978/5810 6058/5979/5810 5978/5899/5810
f 5978/5899/5811 6058/5979/5811 6059/5980/5811 5979/5900/5811
f 5979/5900/5812 6059/5980/5812 6060/5981/5812 5980/5901/5812
f 5980/5901/5813 6060/5981/5813 6061/5982/5813 5981/5902/5813
f 5981/5902/5814 6061/5982/5814 6062/5983/5814 5982/5903/5814
f 5982/5903/5815 6062/5983/5815 6063/5984/5815 5983/5904/5815
f 5983/5904/5816 6063/5984/5816 6064/5985/5816 5984/5905/5816
f 5984/5905/5817 6064/5985/5817 6065/5986/5817 5985/5906/5817
f 5985/5906/5818 6065/5986/5818 6066/5987/5818 5986/5907/5818
f 5986/5907/5819 6066/5987/5819 6067/5988/5819 5987/5908/5819
f 5987/5908/5820 6067/5988/5820 6068/5989/5820 5988/5909/5820
f 5988/5909/5821 6068/5989/5821 6069/5990/5821 5989/5910/5821
f 5989/5910/5822 6069/5990/5822 6070/5991/5822 5990/5911/5822
f 5990/5911/5823 6070/5991/5823 6071/5992/5823 5991/5912/5823
f 5991/5912/5824 6071/5992/5824 6072/5993/5824 5992/5913/5824
f 5992/5913/5825 6072/5993/5825 6073/5994/5825 5993/5914/5825
f 5993/5914/5826 6073/5994/5826 6074/5995/5826 5994/5915/5826
f 5994/5915/5827 6074/5995/5827 6075/5996/5827 5995/5916/5827
f 5995/5916/5828 6075/5996/5828 6076/5997/5828 5996/5917/5828
f 5996/5917/5829 6076/5997/5829 6077/5998/5829 5997/5918/5829
f 5997/5918/5830 6077/5998/5830 6078/5999/5830 5998/5919/5830
f 5998/5919/5831 6078/5999/5831 6079/6000/5831 5999/5920/5831
f 5999/5920/5832 6079/6000/5832 6080/6001/5832 6000/5921/5832
f 6000/5921/5833 6080/6001/5833 6081/6002/5833 6001/5922/5833
f 6001/5922/5834 6081/6002/5834 6082/6003/5834 6002/5923/5834
f 6002/5923/5835 6082/6003/5835 6083/6004/5835 6003/5924/5835
f 6003/5924/5836 6083/6004/5836 6084/150/5836 6004/148/5836
f 156/5926/5837 157/6006/5837 6085/6005/5837 6005/5925/5837
f 6005/5925/5838 6085/6005/5838 6086/6007/5838 6006/5927/5838
f 6006/5927/5839 6086/6007/5839 6087/6008/5839 6007/5928/5839
f 6007/5928/5840 6087/6008/5840 6088/6009/5840 6008/5929/5840
f 6008/5929/5841 6088/6009/5841 6089/6010/5841 6009/5930/5841
f 6009/5930/5842 6089/6010/5842 6090/6011/5842 6010/5931/5842
f 6010/5931/5843 6090/6011/5843 6091/6012/5843 6011/5932/5843
f 6011/5932/5844 6091/6012/5844 6092/6013/5844 6012/5933/5844
f 6012/5933/5845 6092/6013/5845 6093/6014/5845 6013/5934/5845
f 6013/5934/5846 6093/6014/5846 6094/6015/5846 6014/5935/5846
f 6014/5935/5847 6094/6015/5847 6095/6016/5847 6015/5936/5847
f 6015/5936/5848 6095/6016/5848 6096/6017/5848 6016/5937/5848
f 6016/5937/5849 6096/6017/5849 6097/6018/5849 6017/5938/5849
f 6017/5938/5850 6097/6018/5850 6098/6019/5850 6018/5939/5850
f 6018/5939/5851 6098/6019/5851 6099/6020/5851 6019/5940/5851
f 6019/5940/5852 6099/6020/5852 6100/6021/5852 6020/5941/5852
f 6020/5941/5853 6100/6021/5853 6101/6022/5853 6021/5942/5853
f 6021/5942/5854 6101/6022/5854 6102/6023/5854 6022/5943/5854
f 6022/5943/5855 6102/6023/5855 6103/6024/5855 6023/5944/5855
f 6023/5944/5856 6103/6024/5856 6104/6025/5856 6024/5945/5856
f 6024/5945/5857 6104/6025/5857 6105/6026/5857 6025/5946/5857
f 6025/5946/5858 6105/6026/5858 6106/6027/5858 6026/5947/5858
f 6026/5947/5859 6106/6027/5859 6107/6028/5859 6027/5948/5859
f 6027/5948/5860 6107/6028/5860 6108/6029/5860 6028/5949/5860
f 6028/5949/5861 6108/6029/5861 6109/6030/5861 6029/5950/5861
f 6029/5950/5862 6109/6030/5862 6110/6031/5862 6030/5951/5862
f 6030/5951/5863 6110/6031/5863 6111/6032/5863 6031/5952/5863
f 6031/5952/5864 6111/6032/5864 6112/6033/5864 6032/5953/5864
f 6032/5953/5865 6112/6033/5865 6113/6034/5865 6033/5954/5865
f 6033/5954/5866 6113/6034/5866 6114/6035/5866 6034/5955/5866
f 6034/5955/5867 6114/6035/5867 6115/6036/5867 6035/5956/5867
f 6035/5956/5868 6115/6036/5868 6116/6037/5868 6036/5957/5868
f 6036/5957/5869 6116/6037/5869 6117/6038/5869 6037/5958/5869
f 6037/5958/5870 6117/6038/5870 6118/6039/5870 6038/5959/5870
f 6038/5959/5871 6118/6039/5871 6119/6040/5871 6039/5960/5871
f 6039/5960/5872 6119/6040/5872 6120/6041/5872 6040/5961/5872
f 6040/5961/5873 6120/6041/5873 6121/6042/5873 6041/5962/5873
f 6041/5962/5874 6121/6042/5874 6122/6043/5874 6042/5963/5874
f 6042/5963/5875 6122/6043/5875 6123/6044/5875 6043/5964/5875
f 6043/5964/5876 6123/6044/5876 6124/6045/5876 6044/5965/5876
f 6044/5965/5877 6124/6045/5877 6125/6046/5877 6045/5966/5877
f 6045/5966/5878 6125/6046/5878 6126/6047/5878 6046/5967/5878
f 6046/5967/5879 6126/6047/5879 6127/6048/5879 6047/5968/5879
f 6047/5968/5880 6127/6048/5880 6128/6049/5880 6048/5969/5880
f 6048/5969/5881 6128/6049/5881 6129/6050/5881 6049/5970/5881
f 6049/5970/5882 6129/6050/5882 6130/6051/5882 6050/5971/5882
f 6050/5971/5883 6130/6051/5883 6131/6052/5883 6051/5972/5883
f 6051/5972/5884 6131/6052/5884 6132/6053/5884 6052/5973/5884
f 6052/5973/5885 6132/6053/5885 6133/6054/5885 6053/5974/5885
f 6053/5974/5886 6133/6054/5886 6134/6055/5886 6054/5975/5886
f 6054/5975/5887 6134/6055/5887 6135/6056/5887 6055/5976/5887
f 6055/5976/5888 6135/6056/5888 6136/6057/5888 6056/5977/5888
f 6056/5977/5889 6136/6057/5889 6137/6058/5889 6057/5978/5889
f 6057/5978/5890 6137/6058/5890 6138/6059/5890 6058/5979/5890
f 6058/5979/5891 6138/6059/5891 6139/6060/5891 6059/5980/5891
f 6059/5980/5892 6139/6060/5892 6140/6061/5892 6060/5981/5892
f 6060/5981/5893 6140/6061/5893 6141/6062/5893 6061/5982/5893
f 6061/5982/5894 6141/6062/5894 6142/6063/5894 6062/5983/5894
f 6062/5983/5895 6142/6063/5895 6143/6064/5895 6063/5984/5895
f 6063/5984/5896 6143/6064/5896 6144/6065/5896 6064/5985/5896
f 6064/5985/5897 6144/6065/5897 6145/6066/5897 6065/5986/5897
f 6065/5986/5898 6145/6066/5898 6146/6067/5898 6066/5987/5898
f 6066/5987/5899 6146/6067/5899 6147/6068/5899 6067/5988/5899
f 6067/5988/5900 6147/6068/5900 6148/6069/5900 6068/5989/5900
f 6068/5989/5901 6148/6069/5901 6149/6070/5901 6069/5990/5901
f 6069/5990/5902 6149/6070/5902 6150/6071/5902 6070/5991/5902
f 6070/5991/5903 6150/6071/5903 6151/6072/5903 6071/5992/5903
f 6071/5992/5904 6151/6072/5904 6152/6073/5904 6072/5993/5904
f 6072/5993/5905 6152/6073/5905 6153/6074/5905 6073/5994/5905
f 6073/5994/5906 6153/6074/5906 6154/6075/5906 6074/5995/5906
f 6074/5995/5907 6154/6075/5907 6155/6076/5907 6075/5996/5907
f 6075/5996/5908 6155/6076/5908 6156/6077/5908 6076/5997/5908
f 6076/5997/5909 6156/6077/5909 6157/6078/5909 6077/5998/5909
f 6077/5998/5910 6157/6078/5910 6158/6079/5910 6078/5999/5910
f 6078/5999/5911 6158/6079/5911 6159/6080/5911 6079/6000/5911
f 6079/6000/5912 6159/6080/5912 6160/6081/5912 6080/6001/5912
f 6080/6001/5913 6160/6081/5913 6161/6082/5913 6081/6002/5913
f 6081/6002/5914 6161/6082/5914 6162/6083/5914 6082/6003/5914
f 6082/6003/5915 6162/6083/5915 6163/6084/5915 6083/6004/5915
f 6083/6004/5916 6163/6084/5916 6164/152/5916 6084/150/5916
f 157/6006/5917 158/6086/5917 6165/6085/5917 6085/6005/5917
f 6085/6005/5918 6165/6085/5918 6166/6087/5918 6086/6007/5918
f 6086/6007/5919 6166/6087/5919 6167/6088/5919 6087/6008/5919
f 6087/6008/5920 6167/6088/5920 6168/6089/5920 6088/6009/5920
f 6088/6009/5921 6168/6089/5921 6169/6090/5921 6089/6010/5921
f 6089/6010/5922 6169/6090/5922 6170/6091/5922 6090/6011/5922
f 6090/6011/5923 6170/6091/5923 6171/6092/5923 6091/6012/5923
f 6091/6012/5924 6171/6092/5924 6172/6093/5924 6092/6013/5924
f 6092/6013/5925 6172/6093/5925 6173/6094/5925 6093/6014/5925
f 6093/6014/5926 6173/6094/5926 6174/6095/5926 6094/6015/5926
f 6094/6015/5927 6174/6095/5927 6175/6096/5927 6095/6016/5927
f 6095/6016/5928 6175/6096/5928 6176/6097/5928 6096/6017/5928
f 6096/6017/5929 6176/6097/5929 6177/6098/5929 6097/6018/5929
f 6097/6018/5930 6177/6098/5930 6178/6099/5930 6098/6019/5930
f 6098/6019/5931 6178/6099/5931 6179/6100/5931 6099/6020/5931
f 6099/6020/5932 6179/6100/5932 6180/6101/5932 6100/6021/5932
f 6100/6021/5933 6180/6101/5933 6181/6102/5933 6101/6022/5933
f 6101/6022/5934 6181/6102/5934 6182/6103/5934 6102/6023/5934
f 6102/6023/5935 6182/6103/5935 6183/6104/5935 6103/6024/5935
f 6103/6024/5936 6183/6104/5936 6184/6105/5936 6104/6025/5936
f 6104/6025/5937 6184/6105/5937 6185/6106/5937 6105/6026/5937
f 6105/6026/5938 6185/6106/5938 6186/6107/5938 6106/6027/5938
f 6106/6027/5939 6186/6107/5939 6187/6108/5939 6107/6028/5939
f 6107/6028/5940 6187/6108/5940 6188/6109/5940 6108/6029/5940
f 6108/6029/5941 6188/6109/5941 6189/6110/5941 6109/6030/5941
f 6109/6030/5942 6189/6110/5942 6190/6111/5942 6110/6031/5942
f 6110/6031/5943 6190/6111/5943 6191/6112/5943 6111/6032/5943
f 6111/6032/5944 6191/6112/5944 6192/6113/5944 6112/6033/5944
f 6112/6033/5945 6192/6113/5945 6193/6114/5945 6113/6034/5945
f 6113/6034/5946 6193/6114/5946 6194/6115/5946 6114/6035/5946
f 6114/6035/5947 6194/6115/5947 6195/6116/5947 6115/6036/5947
f 6115/6036/5948 6195/6116/5948 6196/6117/5948 6116/6037/5948
f 6116/6037/5949 6196/6117/5949 6197/6118/5949 6117/6038/5949
f 6117/6038/5950 6197/6118/5950 6198/6119/5950 6118/6039/5950
f 6118/6039/5951 6198/6119/5951 6199/6120/5951 6119/6040/5951
f 6119/6040/5952 6199/6120/5952 6200/6121/5952 6120/6041/5952
f 6120/6041/5953 6200/6121/5953 6201/6122/5953 6121/6042/5953
f 6121/6042/5954 6201/6122/5954 6202/6123/5954 6122/6043/5954
f 6122/6043/5955 6202/6123/5955 6203/6124/5955 6123/6044/5955
f 6123/6044/5956 6203/6124/5956 6204/6125/5956 6124/6045/5956
f 6124/6045/5957 6204/6125/5957 6205/6126/5957 6125/6046/5957
f 6125/6046/5958 6205/6126/5958 6206/6127/5958 6126/6047/5958
f 6126/6047/5959 6206/6127/5959 6207/6128/5959 6127/6048/5959
f 6127/6048/5960 6207/6128/5960 6208/6129/5960 6128/6049/5960
f 6128/6049/5961 6208/6129/5961 6209/6130/5961 6129/6050/5961
f 6129/6050/5962 6209/6130/5962 6210/6131/5962 6130/6051/5962
f 6130/6051/5963 6210/6131/5963 6211/6132/5963 6131/6052/5963
f 6131/6052/5964 6211/6132/5964 6212/6133/5964 6132/6053/5964
f 6132/6053/5965 6212/6133/5965 6213/6134/5965 6133/6054/5965
f 6133/6054/5966 6213/6134/5966 6214/6135/5966 6134/6055/5966
f 6134/6055/5967 6214/6135/5967 6215/6136/5967 6135/6056/5967
f 6135/6056/5968 6215/6136/5968 6216/6137/5968 6136/6057/5968
f 6136/6057/5969 6216/6137/5969 6217/6138/5969 6137/6058/5969
f 6137/6058/5970 6217/6138/5970 6218/6139/5970 6138/6059/5970
f 6138/6059/5971 6218/6139/5971 6219/6140/5971 6139/6060/5971
f 6139/6060/5972 6219/6140/5972 6220/6141/5972 6140/6061/5972
f 6140/6061/5973 6220/6141/5973 6221/6142/5973 6141/6062/5973
f 6141/6062/5974 6221/6142/5974 6222/6143/5974 6142/6063/5974
f 6142/6063/5975 6222/6143/5975 6223/6144/5975 6143/6064/5975
f 6143/6064/5976 6223/6144/5976 6224/6145/5976 6144/6065/5976
f 6144/6065/5977 6224/6145/5977 6225/6146/5977 6145/6066/5977
f 6145/6066/5978 6225/6146/5978 6226/6147/5978 6146/6067/5978
f 6146/6067/5979 6226/6147/5979 6227/6148/5979 6147/6068/5979
f 6147/6068/5980 6227/6148/5980 6228/6149/5980 6148/6069/5980
f 6148/6069/5981 6228/6149/5981 6229/6150/5981 6149/6070/5981
f 6149/6070/5982 6229/6150/5982 6230/6151/5982 6150/6071/5982
f 6150/6071/5983 6230/6151/5983 6231/6152/5983 6151/6072/5983
f 6151/6072/5984 6231/6152/5984 6232/6153/5984 6152/6073/5984
f 6152/6073/5985 6232/6153/5985 6233/6154/5985 6153/6074/5985
f 6153/6074/5986 6233/6154/5986 6234/6155/5986 6154/6075/5986
f 6154/6075/5987 6234/6155/5987 6235/6156/5987 6155/6076/5987
f 6155/6076/5988 6235/6156/5988 6236/6157/5988 6156/6077/5988
f 6156/6077/5989 6236/6157/5989 6237/6158/5989 6157/6078/5989
f 6157/6078/5990 6237/6158/5990 6238/6159/5990 6158/6079/5990
f 6158/6079/5991 6238/6159/5991 6239/6160/5991 6159/6080/5991
f 6159/6080/5992 6239/6160/5992 6240/6161/5992 6160/6081/5992
f 6160/6081/5993 6240/6161/5993 6241/6162/5993 6161/6082/5993
f 6161/6082/5994 6241/6162/5994 6242/6163/5994 6162/6083/5994
f 6162/6083/5995 6242/6163/5995 6243/6164/5995 6163/6084/5995
f 6163/6084/5996 6243/6164/5996 6244/154/5996 6164/152/5996
f 158/6086/5997 159/6166/5997 6245/6165/5997 6165/6085/5997
f 6165/6085/5998 6245/6165/5998 6246/6167/5998 6166/6087/5998
f 6166/6087/5999 6246/6167/5999 6247/6168/5999 6167/6088/5999
f 6167/6088/6000 6247/6168/6000 6248/6169/6000 6168/6089/6000
f 6168/6089/6001 6248/6169/6001 6249/6170/6001 6169/6090/6001
f 6169/6090/6002 6249/6170/6002 6250/6171/6002 6170/6091/6002
f 6170/6091/6003 6250/6171/6003 6251/6172/6003 6171/6092/6003
f 6171/6092/6004 6251/6172/6004 6252/6173/6004 6172/6093/6004
f 6172/6093/6005 6252/6173/6005 6253/6174/6005 6173/6094/6005
f 6173/6094/6006 6253/6174/6006 6254/6175/6006 6174/6095/6006
f 6174/6095/6007 6254/6175/6007 6255/6176/6007 6175/6096/6007
f 6175/6096/6008 6255/6176/6008 6256/6177/6008 6176/6097/6008
f 6176/6097/6009 6256/6177/6009 6257/6178/6009 6177/6098/6009
f 6177/6098/6010 6257/6178/6010 6258/6179/6010 6178/6099/6010
f 6178/6099/6011 6258/6179/6011 6259/6180/6011 6179/6100/6011
f 6179/6100/6012 6259/6180/6012 6260/6181/6012 6180/6101/6012
f 6180/6101/6013 6260/6181/6013 6261/6182/6013 6181/6102/6013
f 6181/6102/6014 6261/6182/6014 6262/6183/6014 6182/6103/6014
f 6182/6103/6015 6262/6183/6015 6263/6184/6015 6183/6104/6015
f 6183/6104/6016 6263/6184/6016 6264/6185/6016 6184/6105/6016
f 6184/6105/6017 6264/6185/6017 6265/6186/6017 6185/6106/6017
f 6185/6106/6018 6265/6186/6018 6266/6187/6018 6186/6107/6018
f 6186/6107/6019 6266/6187/6019 6267/6188/6019 6187/6108/6019
f 6187/6108/6020 6267/6188/6020 6268/6189/6020 6188/6109/6020
f 6188/6109/6021 6268/6189/6021 6269/6190/6021 6189/6110/6021
f 6189/6110/6022 6269/6190/6022 6270/6191/6022 6190/6111/6022
f 6190/6111/6023 6270/6191/6023 6271/6192/6023 6191/6112/6023
f 6191/6112/6024 6271/6192/6024 6272/6193/6024 6192/6113/6024
f 6192/6113/6025 6272/6193/6025 6273/6194/6025 6193/6114/6025
f 6193/6114/6026 6273/6194/6026 6274/6195/6026 6194/6115/6026
f 6194/6115/6027 6274/6195/6027 6275/6196/6027 6195/6116/6027
f 6195/6116/6028 6275/6196/6028 6276/6197/6028 6196/6117/6028
f 6196/6117/6029 6276/6197/6029 6277/6198/6029 6197/6118/6029
f 6197/6118/6030 6277/6198/6030 6278/6199/6030 6198/6119/6030
f 6198/6119/6031 6278/6199/6031 6279/6200/6031 6199/6120/6031
f 6199/6120/6032 6279/6200/6032 6280/6201/6032 6200/6121/6032
f 6200/6121/6033 6280/6201/6033 6281/6202/6033 6201/6122/6033
f 6201/6122/6034 6281/6202/6034 6282/6203/6034 6202/6123/6034
f 6202/6123/6035 6282/6203/6035 6283/6204/6035 6203/6124/6035
f 6203/6124/6036 6283/6204/6036 6284/6205/6036 6204/6125/6036
f 6204/6125/6037 6284/6205/6037 6285/6206/6037 6205/6126/6037
f 6205/6126/6038 6285/6206/6038 6286/6207/6038 6206/6127/6038
f 6206/6127/6039 6286/6207/6039 6287/6208/6039 6207/6128/6039
f 6207/6128/6040 6287/6208/6040 6288/6209/6040 6208/6129/6040
f 6208/6129/6041 6288/6209/6041 6289/6210/6041 6209/6130/6041
f 6209/6130/6042 6289/6210/6042 6290/6211/6042 6210/6131/6042
f 6210/6131/6043 6290/6211/6043 6291/6212/6043 6211/6132/6043
f 6211/6132/6044 6291/6212/6044 6292/6213/6044 6212/6133/6044
f 6212/6133/6045 6292/6213/6045 6293/6214/6045 6213/6134/6045
f 6213/6134/6046 6293/6214/6046 6294/6215/6046 6214/6135/6046
f 6214/6135/6047 6294/6215/6047 6295/6216/6047 6215/6136/6047
f 6215/6136/6048 6295/6216/6048 6296/6217/6048 6216/6137/6048
f 6216/6137/6049 6296/6217/6049 6297/6218/6049 6217/6138/6049
f 6217/6138/6050 6297/6218/6050 6298/6219/6050 6218/6139/6050
f 6218/6139/6051 6298/6219/6051 6299/6220/6051 6219/6140/6051
f 6219/6140/6052 6299/6220/6052 6300/6221/6052 6220/6141/6052
f 6220/6141/6053 6300/6221/6053 6301/6222/6053 6221/6142/6053
f 6221/6142/6054 6301/6222/6054 6302/6223/6054 6222/6143/6054
f 6222/6143/6055 6302/6223/6055 6303/6224/6055 6223/6144/6055
f 6223/6144/6056 6303/6224/6056 6304/6225/6056 6224/6145/6056
f 6224/6145/6057 6304/6225/6057 6305/6226/6057 6225/6146/6057
f 6225/6146/6058 6305/6226/6058 6306/6227/6058 6226/6147/6058
f 6226/6147/6059 6306/6227/6059 6307/6228/6059 6227/6148/6059
f 6227/6148/6060 6307/6228/6060 6308/6229/6060 6228/6149/6060
f 6228/6149/6061 6308/6229/6061 6309/6230/6061 6229/6150/6061
f 6229/6150/6062 6309/6230/6062 6310/6231/6062 6230/6151/6062
f 6230/6151/6063 6310/6231/6063 6311/6232/6063 6231/6152/6063
f 6231/6152/6064 6311/6232/6064 6312/6233/6064 6232/6153/6064
f 6232/6153/6065 6312/6233/6065 6313/6234/6065 6233/6154/6065
f 6233/6154/6066 6313/6234/6066 6314/6235/6066 6234/6155/6066
f 6234/6155/6067 6314/6235/6067 6315/6236/6067 6235/6156/6067
f 6235/6156/6068 6315/6236/6068 6316/6237/6068 6236/6157/6068
f 6236/6157/6069 6316/6237/6069 6317/6238/6069 6237/6158/6069
f 6237/6158/6070 6317/6238/6070 6318/6239/6070 6238/6159/6070
f 6238/6159/6071 6318/6239/6071 6319/6240/6071 6239/6160/6071
f 6239/6160/6072 6319/6240/6072 6320/6241/6072 6240/6161/6072
f 6240/6161/6073 6320/6241/6073 6321/6242/6073 6241/6162/6073
f 6241/6162/6074 6321/6242/6074 6322/6243/6074 6242/6163/6074
f 6242/6163/6075 6322/6243/6075 6323/6244/6075 6243/6164/6075
f 6243/6164/6076 6323/6244/6076 6324/156/6076 6244/154/6076
f 159/6166/6077 160/6246/6077 6325/6245/6077 6245/6165/6077
f 6245/6165/6078 6325/6245/6078 6326/6247/6078 6246/6167/6078
f 6246/6167/6079 6326/6247/6079 6327/6248/6079 6247/6168/6079
f 6247/6168/6080 6327/6248/6080 6328/6249/6080 6248/6169/6080
f 6248/6169/6081 6328/6249/6081 6329/6250/6081 6249/6170/6081
f 6249/6170/6082 6329/6250/6082 6330/6251/6082 6250/6171/6082
f 6250/6171/6083 6330/6251/6083 6331/6252/6083 6251/6172/6083
f 6251/6172/6084 6331/6252/6084 6332/6253/6084 6252/6173/6084
f 6252/6173/6085 6332/6253/6085 6333/6254/6085 6253/6174/6085
f 6253/6174/6086 6333/6254/6086 6334/6255/6086 6254/6175/6086
f 6254/6175/6087 6334/6255/6087 6335/6256/6087 6255/6176/6087
f 6255/6176/6088 6335/6256/6088 6336/6257/6088 6256/6177/6088
f 6256/6177/6089 6336/6257/6089 6337/6258/6089 6257/6178/6089
f 6257/6178/6090 6337/6258/6090 6338/6259/6090 6258/6179/6090
f 6258/6179/6091 6338/6259/6091 6339/6260/6091 6259/6180/6091
f 6259/6180/6092 6339/6260/6092 6340/6261/6092 6260/6181/6092
f 6260/6181/6093 6340/6261/6093 6341/6262/6093 6261/6182/6093
f 6261/6182/6094 6341/6262/6094 6342/6263/6094 6262/6183/6094
f 6262/6183/6095 6342/6263/6095 6343/6264/6095 6263/6184/6095
f 6263/6184/6096 6343/6264/6096 6344/6265/6096 6264/6185/6096
f 6264/6185/6097 6344/6265/6097 6345/6266/6097 6265/6186/6097
f 6265/6186/6098 6345/6266/6098 6346/6267/6098 6266/6187/6098
f 6266/6187/6099 6346/6267/6099 6347/6268/6099 6267/6188/6099
f 6267/6188/6100 6347/6268/6100 6348/6269/6100 6268/6189/6100
f 6268/6189/6101 6348/6269/6101 6349/6270/6101 6269/6190/6101
f 6269/6190/6102 6349/6270/6102 6350/6271/6102 6270/6191/6102
f 6270/6191/6103 6350/6271/6103 6351/6272/6103 6271/6192/6103
f 6271/6192/6104 6351/6272/6104 6352/6273/6104 6272/6193/6104
f 6272/6193/6105 6352/6273/6105 6353/6274/6105 6273/6194/6105
f 6273/6194/6106 6353/6274/6106 6354/6275/6106 6274/6195/6106
f 6274/6195/6107 6354/6275/6107 6355/6276/6107 6275/6196/6107
f 6275/6196/6108 6355/6276/6108 6356/6277/6108 6276/6197/6108
f 6276/6197/6109 6356/6277/6109 6357/6278/6109 6277/6198/6109
f 6277/6198/6110 6357/6278/6110 6358/6279/6110 6278/6199/6110
f 6278/6199/6111 6358/6279/6111 6359/6280/6111 6279/6200/6111
f 6279/6200/6112 6359/6280/6112 6360/6281/6112 6280/6201/6112
f 6280/6201/6113 6360/6281/6113 6361/6282/6113 6281/6202/6113
f 6281/6202/6114 6361/6282/6114 6362/6283/6114 6282/6203/6114
f 6282/6203/6115 6362/6283/6115 6363/6284/6115 6283/6204/6115
f 6283/6204/6116 6363/6284/6116 6364/6285/6116 6284/6205/6116
f 6284/6205/6117 6364/6285/6117 6365/6286/6117 6285/6206/6117
f 6285/6206/6118 6365/6286/6118 6366/6287/6118 6286/6207/6118
f 6286/6207/6119 6366/6287/6119 6367/6288/6119 6287/6208/6119
f 6287/6208/6120 6367/6288/6120 6368/6289/6120 6288/6209/6120
f 6288/6209/6121 6368/6289/6121 6369/6290/6121 6289/6210/6121
f 6289/6210/6122 6369/6290/6122 6370/6291/6122 6290/6211/6122
f 6290/6211/6123 6370/6291/6123 6371/6292/6123 6291/6212/6123
f 6291/6212/6124 6371/6292/6124 6372/6293/6124 6292/6213/6124
f 6292/6213/6125 6372/6293/6125 6373/6294/6125 6293/6214/6125
f 6293/6214/6126 6373/6294/6126 6374/6295/6126 6294/6215/6126
f 6294/6215/6127 6374/6295/6127 6375/6296/6127 6295/6216/6127
f 6295/6216/6128 6375/6296/6128 6376/6297/6128 6296/6217/6128
f 6296/6217/6129 6376/6297/6129 6377/6298/6129 6297/6218/6129
f 6297/6218/6130 6377/6298/6130 6378/6299/6130 6298/6219/6130
f 6298/6219/6131 6378/6299/6131 6379/6300/6131 6299/6220/6131
f 6299/6220/6132 6379/6300/6132 6380/6301/6132 6300/6221/6132
f 6300/6221/6133 6380/6301/6133 6381/6302/6133 6301/6222/6133
f 6301/6222/6134 6381/6302/6134 6382/6303/6134 6302/6223/6134
f 6302/6223/6135 6382/6303/6135 6383/6304/6135 6303/6224/6135
f 6303/6224/6136 6383/6304/6136 6384/6305/6136 6304/6225/6136
f 6304/6225/6137 6384/6305/6137 6385/6306/6137 6305/6226/6137
f 6305/6226/6138 6385/6306/6138 6386/6307/6138 6306/6227/6138
f 6306/6227/6139 6386/6307/6139 6387/6308/6139 6307/6228/6139
f 6307/6228/6140 6387/6308/6140 6388/6309/6140 6308/6229/6140
f 6308/6229/6141 6388/6309/6141 6389/6310/6141 6309/6230/6141
f 6309/6230/6142 6389/6310/6142 6390/6311/6142 6310/6231/6142
f 6310/6231/6143 6390/6311/6143 6391/6312/6143 6311/6232/6143
f 6311/6232/6144 6391/6312/6144 6392/6313/6144 6312/6233/6144
f 6312/6233/6145 6392/6313/6145 6393/6314/6145 6313/6234/6145
f 6313/6234/6146 6393/6314/6146 6394/6315/6146 6314/6235/6146
f 6314/6235/6147 6394/6315/6147 6395/6316/6147 6315/6236/6147
f 6315/6236/6148 6395/6316/6148 6396/6317/6148 6316/6237/6148
f 6316/6237/6149 6396/6317/6149 6397/6318/6149 6317/6238/6149
f 6317/6238/6150 6397/6318/6150 6398/6319/6150 6318/6239/6150
f 6318/6239/6151 6398/6319/6151 6399/6320/6151 6319/6240/6151
f 6319/6240/6152 6399/6320/6152 6400/6321/6152 6320/6241/6152
f 6320/6241/6153 6400/6321/6153 6401/6322/6153 6321/6242/6153
f 6321/6242/6154 6401/6322/6154 6402/6323/6154 6322/6243/6154
f 6322/6243/6155 6402/6323/6155 6403/6324/6155 6323/6244/6155
f 6323/6244/6156 6403/6324/6156 6404/158/6156 6324/156/6156
f 160/6246/6157 161/6326/6157 6405/6325/6157 6325/6245/6157
f 6325/6245/6158 6405/6325/6158 6406/6327/6158 6326/6247/6158
f 6326/6247/6159 6406/6327/6159 6407/6328/6159 6327/6248/6159
f 6327/6248/6160 6407/6328/6160 6408/6329/6160 6328/6249/6160
f 6328/6249/6161 6408/6329/6161 6409/6330/6161 6329/6250/6161
f 6329/6250/6162 6409/6330/6162 6410/6331/6162 6330/6251/6162
f 6330/6251/6163 6410/6331/6163 6411/6332/6163 6331/6252/6163
f 6331/6252/6164 6411/6332/6164 6412/6333/6164 6332/6253/6164
f 6332/6253/6165 6412/6333/6165 6413/6334/6165 6333/6254/6165
f 6333/6254/6166 6413/6334/6166 6414/6335/6166 6334/6255/6166
f 6334/6255/6167 6414/6335/6167 6415/6336/6167 6335/6256/6167
f 6335/6256/6168 6415/6336/6168 6416/6337/6168 6336/6257/6168
f 6336/6257/6169 6416/6337/6169 6417/6338/6169 6337/6258/6169
f 6337/6258/6170 6417/6338/6170 6418/6339/6170 6338/6259/6170
f 6338/6259/6171 6418/6339/6171 6419/6340/6171 6339/6260/6171
f 6339/6260/6172 6419/6340/6172 6420/6341/6172 6340/6261/6172
f 6340/6261/6173 6420/6341/6173 6421/6342/6173 6341/6262/6173
f 6341/6262/6174 6421/6342/6174 6422/6343/6174 6342/6263/6174
f 6342/6263/6175 6422/6343/6175 6423/6344/6175 6343/6264/6175
f 6343/6264/6176 6423/6344/6176 6424/6345/6176 6344/6265/6176
f 6344/6265/6177 6424/6345/6177 6425/6346/6177 6345/6266/6177
f 6345/6266/6178 6425/6346/6178 6426/6347/6178 6346/6267/6178
f 6346/6267/6179 6426/6347/6179 6427/6348/6179 6347/6268/6179
f 6347/6268/6180 6427/6348/6180 6428/6349/6180 6348/6269/6180
f 6348/6269/6181 6428/6349/6181 6429/6350/6181 6349/6270/6181
f 6349/6270/6182 6429/6350/6182 6430/6351/6182 6350/6271/6182
f 6350/6271/6183 6430/6351/6183 6431/6352/6183 6351/6272/6183
f 6351/6272/6184 6431/6352/6184 6432/6353/6184 6352/6273/6184
f 6352/6273/6185 6432/6353/6185 6433/6354/6185 6353/6274/6185
f 6353/6274/6186 6433/6354/6186 6434/6355/6186 6354/6275/6186
f 6354/6275/6187 6434/6355/6187 6435/6356/6187 6355/6276/6187
f 6355/6276/6188 6435/6356/6188 6436/6357/6188 6356/6277/6188
f 6356/6277/6189 6436/6357/6189 6437/6358/6189 6357/6278/6189
f 6357/6278/6190 6437/6358/6190 6438/6359/6190 6358/6279/6190
f 6358/6279/6191 6438/6359/6191 6439/6360/6191 6359/6280/6191
f 6359/6280/6192 6439/6360/6192 6440/6361/6192 6360/6281/6192
f 6360/6281/6193 6440/6361/6193 6441/6362/6193 6361/6282/6193
f 6361/6282/6194 6441/6362/6194 6442/6363/6194 6362/6283/6194
f 6362/6283/6195 6442/6363/6195 6443/6364/6195 6363/6284/6195
f 6363/6284/6196 6443/6364/6196 6444/6365/6196 6364/6285/6196
f 6364/6285/6197 6444/6365/6197 6445/6366/6197 6365/6286/6197
f 6365/6286/6198 6445/6366/6198 6446/6367/6198 6366/6287/6198
f 6366/6287/6199 6446/6367/6199 6447/6368/6199 6367/6288/6199
f 6367/6288/6200 6447/6368/6200 6448/6369/6200 6368/6289/6200
f 6368/6289/6201 6448/6369/6201 6449/6370/6201 6369/6290/6201
f 6369/6290/6202 6449/6370/6202 6450/6371/6202 6370/6291/6202
f 6370/6291/6203 6450/6371/6203 6451/6372/6203 6371/6292/6203
f 6371/6292/6204 6451/6372/6204 6452/6373/6204 6372/6293/6204
f 6372/6293/6205 6452/6373/6205 6453/6374/6205 6373/6294/6205
f 6373/6294/6206 6453/6374/6206 6454/6375/6206 6374/6295/6206
f 6374/6295/6207 6454/6375/6207 6455/6376/6207 6375/6296/6207
f 6375/6296/6208 6455/6376/6208 6456/6377/6208 6376/6297/6208
f 6376/6297/6209 6456/6377/6209 6457/6378/6209 6377/6298/6209
f 6377/6298/6210 6457/6378/6210 6458/6379/6210 6378/6299/6210
f 6378/6299/6211 6458/6379/6211 6459/6380/6211 6379/6300/6211
f 6379/6300/6212 6459/6380/6212 6460/6381/6212 6380/6301/6212
f 6380/6301/6213 6460/6381/6213 6461/6382/6213 6381/6302/6213
f 6381/6302/6214 6461/6382/6214 6462/6383/6214 6382/6303/6214
f 6382/6303/6215 6462/6383/6215 6463/6384/6215 6383/6304/6215
f 6383/6304/6216 6463/6384/6216 6464/6385/6216 6384/6305/6216
f 6384/6305/6217 6464/6385/6217 6465/6386/6217 6385/6306/6217
f 6385/6306/6218 6465/6386/6218 6466/6387/6218 6386/6307/6218
f 6386/6307/6219 6466/6387/6219 6467/6388/6219 6387/6308/6219
f 6387/6308/6220 6467/6388/6220 6468/6389/6220 6388/6309/6220
f 6388/6309/6221 6468/6389/6221 6469/6390/6221 6389/6310/6221
f 6389/6310/6222 6469/6390/6222 6470/6391/6222 6390/6311/6222
f 6390/6311/6223 6470/6391/6223 6471/6392/6223 6391/6312/6223
f 6391/6312/6224 6471/6392/6224 6472/6393/6224 6392/6313/6224
f 6392/6313/6225 6472/6393/6225 6473/6394/6225 6393/6314/6225
f 6393/6314/6226 6473/6394/6226 6474/6395/6226 6394/6315/6226
f 6394/6315/6227 6474/6395/6227 6475/6396/6227 6395/6316/6227
f 6395/6316/6228 6475/6396/6228 6476/6397/6228 6396/6317/6228
f 6396/6317/6229 6476/6397/6229 6477/6398/6229 6397/6318/6229
f 6397/6318/6230 6477/6398/6230 6478/6399/6230 6398/6319/6230
f 6398/6319/6231 6478/6399/6231 6479/6400/6231 6399/6320/6231
f 6399/6320/6232 6479/6400/6232 6480/6401/6232 6400/6321/6232
f 6400/6321/6233 6480/6401/6233 6481/6402/6233 6401/6322/6233
f 6401/6322/6234 6481/6402/6234 6482/6403/6234 6402/6323/6234
f 6402/6323/6235 6482/6403/6235 6483/6404/6235 6403/6324/6235
f 6403/6324/6236 6483/6404/6236 6484/160/6236 6404/158/6236
f 161/6326/6237 162/6406/6237 6485/6405/6237 6405/6325/6237
f 6405/6325/6238 6485/6405/6238 6486/6407/6238 6406/6327/6238
f 6406/6327/6239 6486/6407/6239 6487/6408/6239 6407/6328/6239
f 6407/6328/6240 6487/6408/6240 6488/6409/6240 6408/6329/6240
f 6408/6329/6241 6488/6409/6241 6489/6410/6241 6409/6330/6241
f 6409/6330/6242 6489/6410/6242 6490/6411/6242 6410/6331/6242
f 6410/6331/6243 6490/6411/6243 6491/6412/6243 6411/6332/6243
f 6411/6332/6244 6491/6412/6244 6492/6413/6244 6412/6333/6244
f 6412/6333/6245 6492/6413/6245 6493/6414/6245 6413/6334/6245
f 6413/6334/6246 6493/6414/6246 6494/6415/6246 6414/6335/6246
f 6414/6335/6247 6494/6415/6247 6495/6416/6247 6415/6336/6247
f 6415/6336/6248 6495/6416/6248 6496/6417/6248 6416/6337/6248
f 6416/6337/6249 6496/6417/6249 6497/6418/6249 6417/6338/6249
f 6417/6338/6250 6497/6418/6250 6498/6419/6250 6418/6339/6250
f 6418/6339/6251 6498/6419/6251 6499/6420/6251 6419/6340/6251
f 6419/6340/6252 6499/6420/6252 6500/6421/6252 6420/6341/6252
f 6420/6341/6253 6500/6421/6253 6501/6422/6253 6421/6342/6253
f 6421/6342/6254 6501/6422/6254 6502/6423/6254 6422/6343/6254
f 6422/6343/6255 6502/6423/6255 6503/6424/6255 6423/6344/6255
f 6423/6344/6256 6503/6424/6256 6504/6425/6256 6424/6345/6256
f 6424/6345/6257 6504/6425/6257 6505/6426/6257 6425/6346/6257
f 6425/6346/6258 6505/6426/6258 6506/6427/6258 6426/6347/6258
f 6426/6347/6259 6506/6427/6259 6507/6428/6259 6427/6348/6259
f 6427/6348/6260 6507/6428/6260 6508/6429/6260 6428/6349/6260
f 6428/6349/6261 6508/6429/6261 6509/6430/6261 6429/6350/6261
f 6429/6350/6262 6509/6430/6262 6510/6431/6262 6430/6351/6262
f 6430/6351/6263 6510/6431/6263 6511/6432/6263 6431/6352/6263
f 6431/6352/6264 6511/6432/6264 6512/6433/6264 6432/6353/6264
f 6432/6353/6265 6512/6433/6265 6513/6434/6265 6433/6354/6265
f 6433/6354/6266 6513/6434/6266 6514/6435/6266 6434/6355/6266
f 6434/6355/6267 6514/6435/6267 6515/6436/6267 6435/6356/6267
f 6435/6356/6268 6515/6436/6268 6516/6437/6268 6436/6357/6268
f 6436/6357/6269 6516/6437/6269 6517/6438/6269 6437/6358/6269
f 6437/6358/6270 6517/6438/6270 6518/6439/6270 6438/6359/6270
f 6438/6359/6271 6518/6439/6271 6519/6440/6271 6439/6360/6271
f 6439/6360/6272 6519/6440/6272 6520/6441/6272 6440/6361/6272
f 6440/6361/6273 6520/6441/6273 6521/6442/6273 6441/6362/6273
f 6441/6362/6274 6521/6442/6274 6522/6443/6274 6442/6363/6274
f 6442/6363/6275 6522/6443/6275 6523/6444/6275 6443/6364/6275
f 6443/6364/6276 6523/6444/6276 6524/6445/6276 6444/6365/6276
f 6444/6365/6277 6524/6445/6277 6525/6446/6277 6445/6366/6277
f 6445/6366/6278 6525/6446/6278 6526/6447/6278 6446/6367/6278
f 6446/6367/6279 6526/6447/6279 6527/6448/6279 6447/6368/6279
f 6447/6368/6280 6527/6448/6280 6528/6449/6280 6448/6369/6280
f 6448/6369/6281 6528/6449/6281 6529/6450/6281 6449/6370/6281
f 6449/6370/6282 6529/6450/6282 6530/6451/6282 6450/6371/6282
f 6450/6371/6283 6530/6451/6283 6531/6452/6283 6451/6372/6283
f 6451/6372/6284 6531/6452/6284 6532/6453/6284 6452/6373/6284
f 6452/6373/6285 6532/6453/6285 6533/6454/6285 6453/6374/6285
f 6453/6374/6286 6533/6454/6286 6534/6455/6286 6454/6375/6286
f 6454/6375/6287 6534/6455/6287 6535/6456/6287 6455/6376/6287
f 6455/6376/6288 6535/6456/6288 6536/6457/6288 6456/6377/6288
f 6456/6377/6289 6536/6457/6289 6537/6458/6289 6457/6378/6289
f 6457/6378/6290 6537/6458/6290 6538/6459/6290 6458/6379/6290
f 6458/6379/6291 6538/6459/6291 6539/6460/6291 6459/6380/6291
f 6459/6380/6292 6539/6460/6292 6540/6461/6292 6460/6381/6292
f 6460/6381/6293 6540/6461/6293 6541/6462/6293 6461/6382/6293
f 6461/6382/6294 6541/6462/6294 6542/6463/6294 6462/6383/6294
f 6462/6383/6295 6542/6463/6295 6543/6464/6295 6463/6384/6295
f 6463/6384/6296 6543/6464/6296 6544/6465/6296 6464/6385/6296
f 6464/6385/6297 6544/6465/6297 6545/6466/6297 6465/6386/6297
f 6465/6386/6298 6545/6466/6298 6546/6467/6298 6466/6387/6298
f 6466/6387/6299 6546/6467/6299 6547/6468/6299 6467/6388/6299
f 6467/6388/6300 6547/6468/6300 6548/6469/6300 6468/6389/6300
f 6468/6389/6301 6548/6469/6301 6549/6470/6301 6469/6390/6301
f 6469/6390/6302 6549/6470/6302 6550/6471/6302 6470/6391/6302
f 6470/6391/6303 6550/6471/6303 6551/6472/6303 6471/6392/6303
f 6471/6392/6304 6551/6472/6304 6552/6473/6304 6472/6393/6304
f 6472/6393/6305 6552/6473/6305 6553/6474/6305 6473/6394/6305
f 6473/6394/6306 6553/6474/6306 6554/6475/6306 6474/6395/6306
f 6474/6395/6307 6554/6475/6307 6555/6476/6307 6475/6396/6307
f 6475/6396/6308 6555/6476/6308 6556/6477/6308 6476/6397/6308
f 6476/6397/6309 6556/6477/6309 6557/6478/6309 6477/6398/6309
f 6477/6398/6310 6557/6478/6310 6558/6479/6310 6478/6399/6310
f 6478/6399/6311 6558/6479/6311 6559/6480/6311 6479/6400/6311
f 6479/6400/6312 6559/6480/6312 6560/6481/6312 6480/6401/6312
f 6480/6401/6313 6560/6481/6313 6561/6482/6313 6481/6402/6313
f 6481/6402/6314 6561/6482/6314 6562/6483/6314 6482/6403/6314
f 6482/6403/6315 6562/6483/6315 6563/6484/6315 6483/6404/6315
f 6483/6404/6316 6563/6484/6316 6564/162/6316 6484/160/6316
f 162/6406/6317 163/6486/6317 6565/6485/6317 6485/6405/6317
f 6485/6405/6318 6565/6485/6318 6566/6487/6318 6486/6407/6318
f 6486/6407/6319 6566/6487/6319 6567/6488/6319 6487/6408/6319
f 6487/6408/6320 6567/6488/6320 6568/6489/6320 6488/6409/6320
f 6488/6409/6321 6568/6489/6321 6569/6490/6321 6489/6410/6321
f 6489/6410/6322 6569/6490/6322 6570/6491/6322 6490/6411/6322
f 6490/6411/6323 6570/6491/6323 6571/6492/6323 6491/6412/6323
f 6491/6412/6324 6571/6492/6324 6572/6493/6324 6492/6413/6324
f 6492/6413/6325 6572/6493/6325 6573/6494/6325 6493/6414/6325
f 6493/6414/6326 6573/6494/6326 6574/6495/6326 6494/6415/6326
f 6494/6415/6327 6574/6495/6327 6575/6496/6327 6495/6416/6327
f 6495/6416/6328 6575/6496/6328 6576/6497/6328 6496/6417/6328
f 6496/6417/6329 6576/6497/6329 6577/6498/6329 6497/6418/6329
f 6497/6418/6330 6577/6498/6330 6578/6499/6330 6498/6419/6330
f 6498/6419/6331 6578/6499/6331 6579/6500/6331 6499/6420/6331
f 6499/6420/6332 6579/6500/6332 6580/6501/6332 6500/6421/6332
f 6500/6421/6333 6580/6501/6333 6581/6502/6333 6501/6422/6333
f 6501/6422/6334 6581/6502/6334 6582/6503/6334 6502/6423/6334
f 6502/6423/6335 6582/6503/6335 6583/6504/6335 6503/6424/6335
f 6503/6424/6336 6583/6504/6336 6584/6505/6336 6504/6425/6336
f 6504/6425/6337 6584/6505/6337 6585/6506/6337 6505/6426/6337
f 6505/6426/6338 6585/6506/6338 6586/6507/6338 6506/6427/6338
f 6506/6427/6339 6586/6507/6339 6587/6508/6339 6507/6428/6339
f 6507/6428/6340 6587/6508/6340 6588/6509/6340 6508/6429/6340
f 6508/6429/6341 6588/6509/6341 6589/6510/6341 6509/6430/6341
f 6509/6430/6342 6589/6510/6342 6590/6511/6342 6510/6431/6342
f 6510/6431/6343 6590/6511/6343 6591/6512/6343 6511/6432/6343
f 6511/6432/6344 6591/6512/6344 6592/6513/6344 6512/6433/6344
f 6512/6433/6345 6592/6513/6345 6593/6514/6345 6513/6434/6345
f 6513/6434/6346 6593/6514/6346 6594/6515/6346 6514/6435/6346
f 6514/6435/6347 6594/6515/6347 6595/6516/6347 6515/6436/6347
f 6515/6436/6348 6595/6516/6348 6596/6517/6348 6516/6437/6348
f 6516/6437/6349 6596/6517/6349 6597/6518/6349 6517/6438/6349
f 6517/6438/6350 6597/6518/6350 6598/6519/6350 6518/6439/6350
f 6518/6439/6351 6598/6519/6351 6599/6520/6351 6519/6440/6351
f 6519/6440/6352 6599/6520/6352 6600/6521/6352 6520/6441/6352
f 6520/6441/6353 6600/6521/6353 6601/6522/6353 6521/6442/6353
f 6521/6442/6354 6601/6522/6354 6602/6523/6354 6522/6443/6354
f 6522/6443/6355 6602/6523/6355 6603/6524/6355 6523/6444/6355
f 6523/6444/6356 6603/6524/6356 6604/6525/6356 6524/6445/6356
f 6524/6445/6357 6604/6525/6357 6605/6526/6357 6525/6446/6357
f 6525/6446/6358 6605/6526/6358 6606/6527/6358 6526/6447/6358
f 6526/6447/6359 6606/6527/6359 6607/6528/6359 6527/6448/6359
f 6527/6448/6360 6607/6528/6360 6608/6529/6360 6528/6449/6360
f 6528/6449/6361 6608/6529/6361 6609/6530/6361 6529/6450/6361
f 6529/6450/6362 6609/6530/6362 6610/6531/6362 6530/6451/6362
f 6530/6451/6363 6610/6531/6363 6611/6532/6363 6531/6452/6363
f 6531/6452/6364 6611/6532/6364 6612/6533/6364 6532/6453/6364
f 6532/6453/6365 6612/6533/6365 6613/6534/6365 6533/6454/6365
f 6533/6454/6366 6613/6534/6366 6614/6535/6366 6534/6455/6366
f 6534/6455/6367 6614/6535/6367 6615/6536/6367 6535/6456/6367
f 6535/6456/6368 6615/6536/6368 6616/6537/6368 6536/6457/6368
f 6536/6457/6369 6616/6537/6369 6617/6538/6369 6537/6458/6369
f 6537/6458/6370 6617/6538/6370 6618/6539/6370 6538/6459/6370
f 6538/6459/6371 6618/6539/6371 6619/6540/6371 6539/6460/6371
f 6539/6460/6372 6619/6540/6372 6620/6541/6372 6540/6461/6372
f 6540/6461/6373 6620/6541/6373 6621/6542/6373 6541/6462/6373
f 6541/6462/6374 6621/6542/6374 6622/6543/6374 6542/6463/6374
f 6542/6463/6375 6622/6543/6375 6623/6544/6375 6543/6464/6375
f 6543/6464/6376 6623/6544/6376 6624/6545/6376 6544/6465/6376
f 6544/6465/6377 6624/6545/6377 6625/6546/6377 6545/6466/6377
f 6545/6466/6378 6625/6546/6378 6626/6547/6378 6546/6467/6378
f 6546/6467/6379 6626/6547/6379 6627/6548/6379 6547/6468/6379
f 6547/6468/6380 6627/6548/6380 6628/6549/6380 6548/6469/6380
f 6548/6469/6381 6628/6549/6381 6629/6550/6381 6549/6470/6381
f 6549/6470/6382 6629/6550/6382 6630/6551/6382 6550/6471/6382
f 6550/6471/6383 6630/6551/6383 6631/6552/6383 6551/6472/6383
f 6551/6472/6384 6631/6552/6384 6632/6553/6384 6552/6473/6384
f 6552/6473/6385 6632/6553/6385 6633/6554/6385 6553/6474/6385
f 6553/6474/6386 6633/6554/6386 6634/6555/6386 6554/6475/6386
f 6554/6475/6387 6634/6555/6387 6635/6556/6387 6555/6476/6387
f 6555/6476/6388 6635/6556/6388 6636/6557/6388 6556/6477/6388
f 6556/6477/6389 6636/6557/6389 6637/6558/6389 6557/6478/6389
f 6557/6478/6390 6637/6558/6390 6638/6559/6390 6558/6479/6390
f 6558/6479/6391 6638/6559/6391 6639/6560/6391 6559/6480/6391
f 6559/6480/6392 6639/6560/6392 6640/6561/6392 6560/6481/6392
f 6560/6481/6393 6640/6561/6393 6641/6562/6393 6561/6482/6393
f 6561/6482/6394 6641/6562/6394 6642/6563/6394 6562/6483/6394
f 6562/6483/6395 6642/6563/6395 6643/6564/6395 6563/6484/6395
f 6563/6484/6396 6643/6564/6396 6644/164/6396 6564/162/6396
f 163/6486/6397 164/6566/6397 6645/6565/6397 6565/6485/6397
f 6565/6485/6398 6645/6565/6398 6646/6567/6398 6566/6487/6398
f 6566/6487/6399 6646/6567/6399 6647/6568/6399 6567/6488/6399
f 6567/6488/6400 6647/6568/6400 6648/6569/6400 6568/6489/6400
f 6568/6489/6401 6648/6569/6401 6649/6570/6401 6569/6490/6401
f 6569/6490/6402 6649/6570/6402 6650/6571/6402 6570/6491/6402
f 6570/6491/6403 6650/6571/6403 6651/6572/6403 6571/6492/6403
f 6571/6492/6404 6651/6572/6404 6652/6573/6404 6572/6493/6404
f 6572/6493/6405 6652/6573/6405 6653/6574/6405 6573/6494/6405
f 6573/6494/6406 6653/6574/6406 6654/6575/6406 6574/6495/6406
f 6574/6495/6407 6654/6575/6407 6655/6576/6407 6575/6496/6407
f 6575/6496/6408 6655/6576/6408 6656/6577/6408 6576/6497/6408
f 6576/6497/6409 6656/6577/6409 6657/6578/6409 6577/6498/6409
f 6577/6498/6410 6657/6578/6410 6658/6579/6410 6578/6499/6410
f 6578/6499/6411 6658/6579/6411 6659/6580/6411 6579/6500/6411
f 6579/6500/6412 6659/6580/6412 6660/6581/6412 6580/6501/6412
f 6580/6501/6413 6660/6581/6413 6661/6582/6413 6581/6502/6413
f 6581/6502/6414 6661/6582/6414 6662/6583/6414 6582/6503/6414
f 6582/6503/6415 6662/6583/6415 6663/6584/6415 6583/6504/6415
f 6583/6504/6416 6663/6584/6416 6664/6585/6416 6584/6505/6416
f 6584/6505/6417 6664/6585/6417 6665/6586/6417 6585/6506/6417
f 6585/6506/6418 6665/6586/6418 6666/6587/6418 6586/6507/6418
f 6586/6507/6419 6666/6587/6419 6667/6588/6419 6587/6508/6419
f 6587/6508/6420 6667/6588/6420 6668/6589/6420 6588/6509/6420
f 6588/6509/6421 6668/6589/6421 6669/6590/6421 6589/6510/6421
f 6589/6510/6422 6669/6590/6422 6670/6591/6422 6590/6511/6422
f 6590/6511/6423 6670/6591/6423 6671/6592/6423 6591/6512/6423
f 6591/6512/6424 6671/6592/6424 6672/6593/6424 6592/6513/6424
f 6592/6513/6425 6672/6593/6425 6673/6594/6425 6593/6514/6425
f 6593/6514/6426 6673/6594/6426 6674/6595/6426 6594/6515/6426
f 6594/6515/6427 6674/6595/6427 6675/6596/6427 6595/6516/6427
f 6595/6516/6428 6675/6596/6428 6676/6597/6428 6596/6517/6428
f 6596/6517/6429 6676/6597/6429 6677/6598/6429 6597/6518/6429
f 6597/6518/6430 6677/6598/6430 6678/6599/6430 6598/6519/6430
f 6598/6519/6431 6678/6599/6431 6679/6600/6431 6599/6520/6431
f 6599/6520/6432 6679/6600/6432 6680/6601/6432 6600/6521/6432
f 6600/6521/6433 6680/6601/6433 6681/6602/6433 6601/6522/6433
f 6601/6522/6434 6681/6602/6434 6682/6603/6434 6602/6523/6434
f 6602/6523/6435 6682/6603/6435 6683/6604/6435 6603/6524/6435
f 6603/6524/6436 6683/6604/6436 6684/6605/6436 6604/6525/6436
f 6604/6525/6437 6684/6605/6437 6685/6606/6437 6605/6526/6437
f 6605/6526/6438 6685/6606/6438 6686/6607/6438 6606/6527/6438
f 6606/6527/6439 6686/6607/6439 6687/6608/6439 6607/6528/6439
f 6607/6528/6440 6687/6608/6440 6688/6609/6440 6608/6529/6440
f 6608/6529/6441 6688/6609/6441 6689/6610/6441 6609/6530/6441
f 6609/6530/6442 6689/6610/6442 6690/6611/6442 6610/6531/6442
f 6610/6531/6443 6690/6611/6443 6691/6612/6443 6611/6532/6443
f 6611/6532/6444 6691/6612/6444 6692/6613/6444 6612/6533/6444
f 6612/6533/6445 6692/6613/6445 6693/6614/6445 6613/6534/6445
f 6613/6534/6446 6693/6614/6446 6694/6615/6446 6614/6535/6446
f 6614/6535/6447 6694/6615/6447 6695/6616/6447 6615/6536/6447
f 6615/6536/6448 6695/6616/6448 6696/6617/6448 6616/6537/6448
f 6616/6537/6449 6696/6617/6449 6697/6618/6449 6617/6538/6449
f 6617/6538/6450 6697/6618/6450 6698/6619/6450 6618/6539/6450
f 6618/6539/6451 6698/6619/6451 6699/6620/6451 6619/6540/6451
f 6619/6540/6452 6699/6620/6452 6700/6621/6452 6620/6541/6452
f 6620/6541/6453 6700/6621/6453 6701/6622/6453 6621/6542/6453
f 6621/6542/6454 6701/6622/6454 6702/6623/6454 6622/6543/6454
f 6622/6543/6455 6702/6623/6455 6703/6624/6455 6623/6544/6455
f 6623/6544/6456 6703/6624/6456 6704/6625/6456 6624/6545/6456
f 6624/6545/6457 6704/6625/6457 6705/6626/6457 6625/6546/6457
f 6625/6546/6458 6705/6626/6458 6706/6627/6458 6626/6547/6458
f 6626/6547/6459 6706/6627/6459 6707/6628/6459 6627/6548/6459
f 6627/6548/6460 6707/6628/6460 6708/6629/6460 6628/6549/6460
f 6628/6549/6461 6708/6629/6461 6709/6630/6461 6629/6550/6461
f 6629/6550/6462 6709/6630/6462 6710/6631/6462 6630/6551/6462
f 6630/6551/6463 6710/6631/6463 6711/6632/6463 6631/6552/6463
f 6631/6552/6464 6711/6632/6464 6712/6633/6464 6632/6553/6464
f 6632/6553/6465 6712/6633/6465 6713/6634/6465 6633/6554/6465
f 6633/6554/6466 6713/6634/6466 6714/6635/6466 6634/6555/6466
f 6634/6555/6467 6714/6635/6467 6715/6636/6467 6635/6556/6467
f 6635/6556/6468 6715/6636/6468 6716/6637/6468 6636/6557/6468
f 6636/6557/6469 6716/6637/6469 6717/6638/6469 6637/6558/6469
f 6637/6558/6470 6717/6638/6470 6718/6639/6470 6638/6559/6470
f 6638/6559/6471 6718/6639/6471 6719/6640/6471 6639/6560/6471
f 6639/6560/6472 6719/6640/6472 6720/6641/6472 6640/6561/6472
f 6640/6561/6473 6720/6641/6473 6721/6642/6473 6641/6562/6473
f 6641/6562/6474 6721/6642/6474 6722/6643/6474 6642/6563/6474
f 6642/6563/6475 6722/6643/6475 6723/6644/6475 6643/6564/6475
f 6643/6564/6476 6723/6644/6476 6724/1/6476 6644/164/6476
f 164/6566/6477 2/6646/6477 165/6645/6477 6645/6565/6477
f 6645/6565/6478 165/6645/6478 166/6647/6478 6646/6567/6478
f 6646/6567/6479 166/6647/6479 167/6648/6479 6647/6568/6479
f 6647/6568/6480 167/6648/6480 168/6649/6480 6648/6569/6480
f 6648/6569/6481 168/6649/6481 169/6650/6481 6649/6570/6481
f 6649/6570/6482 169/6650/6482 170/6651/6482 6650/6571/6482
f 6650/6571/6483 170/6651/6483 171/6652/6483 6651/6572/6483
f 6651/6572/6484 171/6652/6484 172/6653/6484 6652/6573/6484
f 6652/6573/6485 172/6653/6485 173/6654/6485 6653/6574/6485
f 6653/6574/6486 173/6654/6486 174/6655/6486 6654/6575/6486
f 6654/6575/6487 174/6655/6487 175/6656/6487 6655/6576/6487
f 6655/6576/6488 175/6656/6488 176/6657/6488 6656/6577/6488
f 6656/6577/6489 176/6657/6489 177/6658/6489 6657/6578/6489
f 6657/6578/6490 177/6658/6490 178/6659/6490 6658/6579/6490
f 6658/6579/6491 178/6659/6491 179/6660/6491 6659/6580/6491
f 6659/6580/6492 179/6660/6492 180/6661/6492 6660/6581/6492
f 6660/6581/6493 180/6661/6493 181/6662/6493 6661/6582/6493
f 6661/6582/6494 181/6662/6494 182/6663/6494 6662/6583/6494
f 6662/6583/6495 182/6663/6495 183/6664/6495 6663/6584/6495
f 6663/6584/6496 183/6664/6496 184/6665/6496 6664/6585/6496
f 6664/6585/6497 184/6665/6497 185/6666/6497 6665/6586/6497
f 6665/6586/6498 185/6666/6498 186/6667/6498 6666/6587/6498
f 6666/6587/6499 186/6667/6499 187/6668/6499 6667/6588/6499
f 6667/6588/6500 187/6668/6500 188/6669/6500 6668/6589/6500
f 6668/6589/6501 188/6669/6501 189/6670/6501 6669/6590/6501
f 6669/6590/6502 189/6670/6502 190/6671/6502 6670/6591/6502
f 6670/6591/6503 190/6671/6503 191/6672/6503 6671/6592/6503
f 6671/6592/6504 191/6672/6504 192/6673/6504 6672/6593/6504
f 6672/6593/6505 192/6673/6505 193/6674/6505 6673/6594/6505
f 6673/6594/6506 193/6674/6506 194/6675/6506 6674/6595/6506
f 6674/6595/6507 194/6675/6507 195/6676/6507 6675/6596/6507
f 6675/6596/6508 195/6676/6508 196/6677/6508 6676/6597/6508
f 6676/6597/6509 196/6677/6509 197/6678/6509 6677/6598/6509
f 6677/6598/6510 197/6678/6510 198/6679/6510 6678/6599/6510
f 6678/6599/6511 198/6679/6511 199/6680/6511 6679/6600/6511
f 6679/6600/6512 199/6680/6512 200/6681/6512 6680/6601/6512
f 6680/6601/6513 200/6681/6513 201/6682/6513 6681/6602/6513
f 6681/6602/6514 201/6682/6514 202/6683/6514 6682/6603/6514
f 6682/6603/6515 202/6683/6515 203/6684/6515 6683/6604/6515
f 6683/6604/6516 203/6684/6516 204/6685/6516 6684/6605/6516
f 6684/6605/6517 204/6685/6517 205/6686/6517 6685/6606/6517
f 6685/6606/6518 205/6686/6518 206/6687/6518 6686/6607/6518
f 6686/6607/6519 206/6687/6519 207/6688/6519 6687/6608/6519
f 6687/6608/6520 207/6688/6520 208/6689/6520 6688/6609/6520
f 6688/6609/6521 208/6689/6521 209/6690/6521 6689/6610/6521
f 6689/6610/6522 209/6690/6522 210/6691/6522 6690/6611/6522
f 6690/6611/6523 210/6691/6523 211/6692/6523 6691/6612/6523
f 6691/6612/6524 211/6692/6524 212/6693/6524 6692/6613/6524
f 6692/6613/6525 212/6693/6525 213/6694/6525 6693/6614/6525
f 6693/6614/6526 213/6694/6526 214/6695/6526 6694/6615/6526
f 6694/6615/6527 214/6695/6527 215/6696/6527 6695/6616/6527
f 6695/6616/6528 215/6696/6528 216/6697/6528 6696/6617/6528
f 6696/6617/6529 216/6697/6529 217/6698/6529 6697/6618/6529
f 6697/6618/6530 217/6698/6530 218/6699/6530 6698/6619/6530
f 6698/6619/6531 218/6699/6531 219/6700/6531 6699/6620/6531
f 6699/6620/6532 219/6700/6532 220/6701/6532 6700/6621/6532
f 6700/6621/6533 220/6701/6533 221/6702/6533 6701/6622/6533
f 6701/6622/6534 221/6702/6534 222/6703/6534 6702/6623/6534
f 6702/6623/6535 222/6703/6535 223/6704/6535 6703/6624/6535
f 6703/6624/6536 223/6704/6536 224/6705/6536 6704/6625/6536
f 6704/6625/6537 224/6705/6537 225/6706/6537 6705/6626/6537
f 6705/6626/6538 225/6706/6538 226/6707/6538 6706/6627/6538
f 6706/6627/6539 226/6707/6539 227/6708/6539 6707/6628/6539
f 6707/6628/6540 227/6708/6540 228/6709/6540 6708/6629/6540
f 6708/6629/6541 228/6709/6541 229/6710/6541 6709/6630/6541
f 6709/6630/6542 229/6710/6542 230/6711/6542 6710/6631/6542
f 6710/6631/6543 230/6711/6543 231/6712/6543 6711/6632/6543
f 6711/6632/6544 231/6712/6544 232/6713/6544 6712/6633/6544
f 6712/6633/6545 232/6713/6545 233/6714/6545 6713/6634/6545
f 6713/6634/6546 233/6714/6546 234/6715/6546 6714/6635/6546
f 6714/6635/6547 234/6715/6547 235/6716/6547 6715/6636/6547
f 6715/6636/6548 235/6716/6548 236/6717/6548 6716/6637/6548
f 6716/6637/6549 236/6717/6549 237/6718/6549 6717/6638/6549
f 6717/6638/6550 237/6718/6550 238/6719/6550 6718/6639/6550
f 6718/6639/6551 238/6719/6551 239/6720/6551 6719/6640/6551
f 6719/6640/6552 239/6720/6552 240/6721/6552 6720/6641/6552
f 6720/6641/6553 240/6721/6553 241/6722/6553 6721/6642/6553
f 6721/6642/6554 241/6722/6554 242/6723/6554 6722/6643/6554
f 6722/6643/6555 242/6723/6555 243/6724/6555 6723/6644/6555
f 6723/6644/6556 243/6724/6556 244/4/6556 6724/1/6556
