Copyright 1986-2018 Xilinx, Inc. All Rights Reserved.
-----------------------------------------------------------------------------------------------------------------------------------------------------------------------------------------------------------------
| Tool Version : Vivado v.2018.3 (win64) Build 2405991 Thu Dec  6 23:38:27 MST 2018
| Date         : Fri May 26 20:36:10 2023
| Host         : Ioana running 64-bit major release  (build 9200)
| Command      : report_timing_summary -max_paths 10 -file SETARE_PROGRAM_timing_summary_routed.rpt -pb SETARE_PROGRAM_timing_summary_routed.pb -rpx SETARE_PROGRAM_timing_summary_routed.rpx -warn_on_violation
| Design       : SETARE_PROGRAM
| Device       : 7a35t-cpg236
| Speed File   : -1  PRODUCTION 1.23 2018-06-13
-----------------------------------------------------------------------------------------------------------------------------------------------------------------------------------------------------------------

Timing Summary Report

------------------------------------------------------------------------------------------------
| Timer Settings
| --------------
------------------------------------------------------------------------------------------------

  Enable Multi Corner Analysis               :  Yes
  Enable Pessimism Removal                   :  Yes
  Pessimism Removal Resolution               :  Nearest Common Node
  Enable Input Delay Default Clock           :  No
  Enable Preset / Clear Arcs                 :  No
  Disable Flight Delays                      :  No
  Ignore I/O Paths                           :  No
  Timing Early Launch at Borrowing Latches   :  false

  Corner  Analyze    Analyze    
  Name    Max Paths  Min Paths  
  ------  ---------  ---------  
  Slow    Yes        Yes        
  Fast    Yes        Yes        



check_timing report

Table of Contents
-----------------
1. checking no_clock
2. checking constant_clock
3. checking pulse_width_clock
4. checking unconstrained_internal_endpoints
5. checking no_input_delay
6. checking no_output_delay
7. checking multiple_clock
8. checking generated_clocks
9. checking loops
10. checking partial_input_delay
11. checking partial_output_delay
12. checking latch_loops

1. checking no_clock
--------------------
 There are 4 register/latch pins with no clock driven by root clock pin: MODE (HIGH)

 There is 1 register/latch pin with no clock driven by root clock pin: OK_START (HIGH)

 There are 81 register/latch pins with no clock driven by root clock pin: RESET (HIGH)

 There are 4 register/latch pins with no clock driven by root clock pin: SETARE_FUNC[0] (HIGH)

 There are 4 register/latch pins with no clock driven by root clock pin: SETARE_FUNC[1] (HIGH)

 There are 18 register/latch pins with no clock driven by root clock pin: PROG_EXEC/DIVCLOCK_reg/Q (HIGH)

 There are 9 register/latch pins with no clock driven by root clock pin: PROG_EXEC/FSM_onehot_stare_act_reg[1]/Q (HIGH)

 There are 9 register/latch pins with no clock driven by root clock pin: PROG_EXEC/FSM_onehot_stare_act_reg[2]/Q (HIGH)

 There are 9 register/latch pins with no clock driven by root clock pin: PROG_EXEC/FSM_onehot_stare_act_reg[4]/Q (HIGH)

 There are 9 register/latch pins with no clock driven by root clock pin: PROG_EXEC/FSM_onehot_stare_act_reg[5]/Q (HIGH)

 There are 9 register/latch pins with no clock driven by root clock pin: PROG_EXEC/FSM_onehot_stare_act_reg[6]/Q (HIGH)

 There are 9 register/latch pins with no clock driven by root clock pin: PROG_EXEC/FSM_onehot_stare_act_reg[7]/Q (HIGH)

 There are 9 register/latch pins with no clock driven by root clock pin: PROG_EXEC/FSM_onehot_stare_act_reg[8]/Q (HIGH)

 There are 21 register/latch pins with no clock driven by root clock pin: PROG_EXEC/num_clatire/divclock_reg/Q (HIGH)

 There are 21 register/latch pins with no clock driven by root clock pin: PROG_EXEC/num_clatire_sup/divclock_reg/Q (HIGH)

 There are 21 register/latch pins with no clock driven by root clock pin: PROG_EXEC/num_evacuare/divclock_reg/Q (HIGH)

 There are 21 register/latch pins with no clock driven by root clock pin: PROG_EXEC/num_inmuiere/divclock_reg/Q (HIGH)

 There are 21 register/latch pins with no clock driven by root clock pin: PROG_EXEC/num_recirculare/divclock_reg/Q (HIGH)

 There are 21 register/latch pins with no clock driven by root clock pin: PROG_EXEC/num_spalare_prin/divclock_reg/Q (HIGH)

 There are 21 register/latch pins with no clock driven by root clock pin: PROG_EXEC/num_uscare/divclock_reg/Q (HIGH)

 There are 7 register/latch pins with no clock driven by root clock pin: PROG_EXEC/timp_reg[0]/Q (HIGH)

 There are 7 register/latch pins with no clock driven by root clock pin: PROG_EXEC/timp_reg[1]/Q (HIGH)

 There are 7 register/latch pins with no clock driven by root clock pin: PROG_EXEC/timp_reg[2]/Q (HIGH)

 There are 7 register/latch pins with no clock driven by root clock pin: PROG_EXEC/timp_reg[3]/Q (HIGH)

 There are 7 register/latch pins with no clock driven by root clock pin: PROG_EXEC/timp_reg[4]/Q (HIGH)

 There are 7 register/latch pins with no clock driven by root clock pin: PROG_EXEC/timp_reg[5]/Q (HIGH)

 There are 14 register/latch pins with no clock driven by root clock pin: PROG_EXEC/timp_reg[6]/Q (HIGH)

 There are 7 register/latch pins with no clock driven by root clock pin: PROG_EXEC/timp_reg[7]/Q (HIGH)

 There are 7 register/latch pins with no clock driven by root clock pin: PROG_EXEC/timp_reg[9]/Q (HIGH)

 There is 1 register/latch pin with no clock driven by root clock pin: TIMP_reg[0]/Q (HIGH)

 There is 1 register/latch pin with no clock driven by root clock pin: TIMP_reg[1]/Q (HIGH)

 There is 1 register/latch pin with no clock driven by root clock pin: TIMP_reg[2]/Q (HIGH)

 There is 1 register/latch pin with no clock driven by root clock pin: TIMP_reg[3]/Q (HIGH)

 There is 1 register/latch pin with no clock driven by root clock pin: TIMP_reg[4]/Q (HIGH)

 There are 2 register/latch pins with no clock driven by root clock pin: TIMP_reg[5]/Q (HIGH)

 There is 1 register/latch pin with no clock driven by root clock pin: TIMP_reg[6]/Q (HIGH)

 There is 1 register/latch pin with no clock driven by root clock pin: TIMP_reg[8]/Q (HIGH)

 There are 20 register/latch pins with no clock driven by root clock pin: Timp_num/divclock_reg/Q (HIGH)

 There are 17 register/latch pins with no clock driven by root clock pin: enable_start_reg/Q (HIGH)


2. checking constant_clock
--------------------------
 There are 0 register/latch pins with constant_clock.


3. checking pulse_width_clock
-----------------------------
 There are 0 register/latch pins which need pulse_width check


4. checking unconstrained_internal_endpoints
--------------------------------------------
 There are 525 pins that are not constrained for maximum delay. (HIGH)

 There are 0 pins that are not constrained for maximum delay due to constant clock.


5. checking no_input_delay
--------------------------
 There are 7 input ports with no input delay specified. (HIGH)

 There are 0 input ports with no input delay but user has a false path constraint.


6. checking no_output_delay
---------------------------
 There are 20 ports with no output delay specified. (HIGH)

 There are 0 ports with no output delay but user has a false path constraint

 There are 0 ports with no output delay but with a timing clock defined on it or propagating through it


7. checking multiple_clock
--------------------------
 There are 0 register/latch pins with multiple clocks.


8. checking generated_clocks
----------------------------
 There are 0 generated clocks that are not connected to a clock source.


9. checking loops
-----------------
 There are 0 combinational loops in the design.


10. checking partial_input_delay
--------------------------------
 There are 0 input ports with partial input delay specified.


11. checking partial_output_delay
---------------------------------
 There are 0 ports with partial output delay specified.


12. checking latch_loops
------------------------
 There are 4 combinational latch loops in the design through latch input (HIGH)



------------------------------------------------------------------------------------------------
| Design Timing Summary
| ---------------------
------------------------------------------------------------------------------------------------

    WNS(ns)      TNS(ns)  TNS Failing Endpoints  TNS Total Endpoints      WHS(ns)      THS(ns)  THS Failing Endpoints  THS Total Endpoints     WPWS(ns)     TPWS(ns)  TPWS Failing Endpoints  TPWS Total Endpoints  
    -------      -------  ---------------------  -------------------      -------      -------  ---------------------  -------------------     --------     --------  ----------------------  --------------------  
      5.274        0.000                      0                  316        0.264        0.000                      0                  316        4.500        0.000                       0                   317  


All user specified timing constraints are met.


------------------------------------------------------------------------------------------------
| Clock Summary
| -------------
------------------------------------------------------------------------------------------------

Clock        Waveform(ns)       Period(ns)      Frequency(MHz)
-----        ------------       ----------      --------------
sys_clk_pin  {0.000 5.000}      10.000          100.000         


------------------------------------------------------------------------------------------------
| Intra Clock Table
| -----------------
------------------------------------------------------------------------------------------------

Clock             WNS(ns)      TNS(ns)  TNS Failing Endpoints  TNS Total Endpoints      WHS(ns)      THS(ns)  THS Failing Endpoints  THS Total Endpoints     WPWS(ns)     TPWS(ns)  TPWS Failing Endpoints  TPWS Total Endpoints  
-----             -------      -------  ---------------------  -------------------      -------      -------  ---------------------  -------------------     --------     --------  ----------------------  --------------------  
sys_clk_pin         5.274        0.000                      0                  316        0.264        0.000                      0                  316        4.500        0.000                       0                   317  


------------------------------------------------------------------------------------------------
| Inter Clock Table
| -----------------
------------------------------------------------------------------------------------------------

From Clock    To Clock          WNS(ns)      TNS(ns)  TNS Failing Endpoints  TNS Total Endpoints      WHS(ns)      THS(ns)  THS Failing Endpoints  THS Total Endpoints  
----------    --------          -------      -------  ---------------------  -------------------      -------      -------  ---------------------  -------------------  


------------------------------------------------------------------------------------------------
| Other Path Groups Table
| -----------------------
------------------------------------------------------------------------------------------------

Path Group    From Clock    To Clock          WNS(ns)      TNS(ns)  TNS Failing Endpoints  TNS Total Endpoints      WHS(ns)      THS(ns)  THS Failing Endpoints  THS Total Endpoints  
----------    ----------    --------          -------      -------  ---------------------  -------------------      -------      -------  ---------------------  -------------------  


------------------------------------------------------------------------------------------------
| Timing Details
| --------------
------------------------------------------------------------------------------------------------


---------------------------------------------------------------------------------------------------
From Clock:  sys_clk_pin
  To Clock:  sys_clk_pin

Setup :            0  Failing Endpoints,  Worst Slack        5.274ns,  Total Violation        0.000ns
Hold  :            0  Failing Endpoints,  Worst Slack        0.264ns,  Total Violation        0.000ns
PW    :            0  Failing Endpoints,  Worst Slack        4.500ns,  Total Violation        0.000ns
---------------------------------------------------------------------------------------------------


Max Delay Paths
--------------------------------------------------------------------------------------
Slack (MET) :             5.274ns  (required time - arrival time)
  Source:                 PROG_EXEC/num_inmuiere/count_reg[5]/C
                            (rising edge-triggered cell FDCE clocked by sys_clk_pin  {rise@0.000ns fall@5.000ns period=10.000ns})
  Destination:            PROG_EXEC/num_inmuiere/count_reg[29]/D
                            (rising edge-triggered cell FDCE clocked by sys_clk_pin  {rise@0.000ns fall@5.000ns period=10.000ns})
  Path Group:             sys_clk_pin
  Path Type:              Setup (Max at Slow Process Corner)
  Requirement:            10.000ns  (sys_clk_pin rise@10.000ns - sys_clk_pin rise@0.000ns)
  Data Path Delay:        4.697ns  (logic 2.339ns (49.794%)  route 2.358ns (50.206%))
  Logic Levels:           8  (CARRY4=7 LUT2=1)
  Clock Path Skew:        -0.024ns (DCD - SCD + CPR)
    Destination Clock Delay (DCD):    4.786ns = ( 14.786 - 10.000 ) 
    Source Clock Delay      (SCD):    5.085ns
    Clock Pessimism Removal (CPR):    0.275ns
  Clock Uncertainty:      0.035ns  ((TSJ^2 + TIJ^2)^1/2 + DJ) / 2 + PE
    Total System Jitter     (TSJ):    0.071ns
    Total Input Jitter      (TIJ):    0.000ns
    Discrete Jitter          (DJ):    0.000ns
    Phase Error              (PE):    0.000ns

    Location             Delay type                Incr(ns)  Path(ns)    Netlist Resource(s)
  -------------------------------------------------------------------    -------------------
                         (clock sys_clk_pin rise edge)
                                                      0.000     0.000 r  
    W5                                                0.000     0.000 r  CLK (IN)
                         net (fo=0)                   0.000     0.000    CLK
    W5                   IBUF (Prop_ibuf_I_O)         1.458     1.458 r  CLK_IBUF_inst/O
                         net (fo=1, routed)           1.967     3.425    CLK_IBUF
    BUFGCTRL_X0Y0        BUFG (Prop_bufg_I_O)         0.096     3.521 r  CLK_IBUF_BUFG_inst/O
                         net (fo=316, routed)         1.564     5.085    PROG_EXEC/num_inmuiere/CLK
    SLICE_X33Y7          FDCE                                         r  PROG_EXEC/num_inmuiere/count_reg[5]/C
  -------------------------------------------------------------------    -------------------
    SLICE_X33Y7          FDCE (Prop_fdce_C_Q)         0.419     5.504 r  PROG_EXEC/num_inmuiere/count_reg[5]/Q
                         net (fo=2, routed)           1.140     6.644    PROG_EXEC/num_inmuiere/count_reg_n_0_[5]
    SLICE_X32Y4          CARRY4 (Prop_carry4_S[0]_CO[3])
                                                      0.829     7.473 r  PROG_EXEC/num_inmuiere/count0_carry__0/CO[3]
                         net (fo=1, routed)           0.000     7.473    PROG_EXEC/num_inmuiere/count0_carry__0_n_0
    SLICE_X32Y5          CARRY4 (Prop_carry4_CI_CO[3])
                                                      0.114     7.587 r  PROG_EXEC/num_inmuiere/count0_carry__1/CO[3]
                         net (fo=1, routed)           0.000     7.587    PROG_EXEC/num_inmuiere/count0_carry__1_n_0
    SLICE_X32Y6          CARRY4 (Prop_carry4_CI_CO[3])
                                                      0.114     7.701 r  PROG_EXEC/num_inmuiere/count0_carry__2/CO[3]
                         net (fo=1, routed)           0.000     7.701    PROG_EXEC/num_inmuiere/count0_carry__2_n_0
    SLICE_X32Y7          CARRY4 (Prop_carry4_CI_CO[3])
                                                      0.114     7.815 r  PROG_EXEC/num_inmuiere/count0_carry__3/CO[3]
                         net (fo=1, routed)           0.000     7.815    PROG_EXEC/num_inmuiere/count0_carry__3_n_0
    SLICE_X32Y8          CARRY4 (Prop_carry4_CI_CO[3])
                                                      0.114     7.929 r  PROG_EXEC/num_inmuiere/count0_carry__4/CO[3]
                         net (fo=1, routed)           0.000     7.929    PROG_EXEC/num_inmuiere/count0_carry__4_n_0
    SLICE_X32Y9          CARRY4 (Prop_carry4_CI_CO[3])
                                                      0.114     8.043 r  PROG_EXEC/num_inmuiere/count0_carry__5/CO[3]
                         net (fo=1, routed)           0.000     8.043    PROG_EXEC/num_inmuiere/count0_carry__5_n_0
    SLICE_X32Y10         CARRY4 (Prop_carry4_CI_O[0])
                                                      0.222     8.265 r  PROG_EXEC/num_inmuiere/count0_carry__6/O[0]
                         net (fo=1, routed)           1.218     9.484    PROG_EXEC/num_inmuiere/count0_carry__6_n_7
    SLICE_X31Y5          LUT2 (Prop_lut2_I0_O)        0.299     9.783 r  PROG_EXEC/num_inmuiere/count[29]_i_1__0/O
                         net (fo=1, routed)           0.000     9.783    PROG_EXEC/num_inmuiere/count[29]
    SLICE_X31Y5          FDCE                                         r  PROG_EXEC/num_inmuiere/count_reg[29]/D
  -------------------------------------------------------------------    -------------------

                         (clock sys_clk_pin rise edge)
                                                     10.000    10.000 r  
    W5                                                0.000    10.000 r  CLK (IN)
                         net (fo=0)                   0.000    10.000    CLK
    W5                   IBUF (Prop_ibuf_I_O)         1.388    11.388 r  CLK_IBUF_inst/O
                         net (fo=1, routed)           1.862    13.250    CLK_IBUF
    BUFGCTRL_X0Y0        BUFG (Prop_bufg_I_O)         0.091    13.341 r  CLK_IBUF_BUFG_inst/O
                         net (fo=316, routed)         1.445    14.786    PROG_EXEC/num_inmuiere/CLK
    SLICE_X31Y5          FDCE                                         r  PROG_EXEC/num_inmuiere/count_reg[29]/C
                         clock pessimism              0.275    15.061    
                         clock uncertainty           -0.035    15.026    
    SLICE_X31Y5          FDCE (Setup_fdce_C_D)        0.031    15.057    PROG_EXEC/num_inmuiere/count_reg[29]
  -------------------------------------------------------------------
                         required time                         15.057    
                         arrival time                          -9.783    
  -------------------------------------------------------------------
                         slack                                  5.274    

Slack (MET) :             5.289ns  (required time - arrival time)
  Source:                 PROG_EXEC/num_recirculare/count_reg[5]/C
                            (rising edge-triggered cell FDCE clocked by sys_clk_pin  {rise@0.000ns fall@5.000ns period=10.000ns})
  Destination:            PROG_EXEC/num_recirculare/count_reg[30]/D
                            (rising edge-triggered cell FDCE clocked by sys_clk_pin  {rise@0.000ns fall@5.000ns period=10.000ns})
  Path Group:             sys_clk_pin
  Path Type:              Setup (Max at Slow Process Corner)
  Requirement:            10.000ns  (sys_clk_pin rise@10.000ns - sys_clk_pin rise@0.000ns)
  Data Path Delay:        4.713ns  (logic 2.454ns (52.072%)  route 2.259ns (47.928%))
  Logic Levels:           8  (CARRY4=7 LUT2=1)
  Clock Path Skew:        -0.040ns (DCD - SCD + CPR)
    Destination Clock Delay (DCD):    4.787ns = ( 14.787 - 10.000 ) 
    Source Clock Delay      (SCD):    5.087ns
    Clock Pessimism Removal (CPR):    0.260ns
  Clock Uncertainty:      0.035ns  ((TSJ^2 + TIJ^2)^1/2 + DJ) / 2 + PE
    Total System Jitter     (TSJ):    0.071ns
    Total Input Jitter      (TIJ):    0.000ns
    Discrete Jitter          (DJ):    0.000ns
    Phase Error              (PE):    0.000ns

    Location             Delay type                Incr(ns)  Path(ns)    Netlist Resource(s)
  -------------------------------------------------------------------    -------------------
                         (clock sys_clk_pin rise edge)
                                                      0.000     0.000 r  
    W5                                                0.000     0.000 r  CLK (IN)
                         net (fo=0)                   0.000     0.000    CLK
    W5                   IBUF (Prop_ibuf_I_O)         1.458     1.458 r  CLK_IBUF_inst/O
                         net (fo=1, routed)           1.967     3.425    CLK_IBUF
    BUFGCTRL_X0Y0        BUFG (Prop_bufg_I_O)         0.096     3.521 r  CLK_IBUF_BUFG_inst/O
                         net (fo=316, routed)         1.566     5.087    PROG_EXEC/num_recirculare/CLK
    SLICE_X28Y4          FDCE                                         r  PROG_EXEC/num_recirculare/count_reg[5]/C
  -------------------------------------------------------------------    -------------------
    SLICE_X28Y4          FDCE (Prop_fdce_C_Q)         0.419     5.506 r  PROG_EXEC/num_recirculare/count_reg[5]/Q
                         net (fo=2, routed)           1.108     6.615    PROG_EXEC/num_recirculare/count_reg_n_0_[5]
    SLICE_X29Y1          CARRY4 (Prop_carry4_S[0]_CO[3])
                                                      0.828     7.443 r  PROG_EXEC/num_recirculare/count0_carry__0/CO[3]
                         net (fo=1, routed)           0.000     7.443    PROG_EXEC/num_recirculare/count0_carry__0_n_0
    SLICE_X29Y2          CARRY4 (Prop_carry4_CI_CO[3])
                                                      0.114     7.557 r  PROG_EXEC/num_recirculare/count0_carry__1/CO[3]
                         net (fo=1, routed)           0.000     7.557    PROG_EXEC/num_recirculare/count0_carry__1_n_0
    SLICE_X29Y3          CARRY4 (Prop_carry4_CI_CO[3])
                                                      0.114     7.671 r  PROG_EXEC/num_recirculare/count0_carry__2/CO[3]
                         net (fo=1, routed)           0.000     7.671    PROG_EXEC/num_recirculare/count0_carry__2_n_0
    SLICE_X29Y4          CARRY4 (Prop_carry4_CI_CO[3])
                                                      0.114     7.785 r  PROG_EXEC/num_recirculare/count0_carry__3/CO[3]
                         net (fo=1, routed)           0.000     7.785    PROG_EXEC/num_recirculare/count0_carry__3_n_0
    SLICE_X29Y5          CARRY4 (Prop_carry4_CI_CO[3])
                                                      0.114     7.899 r  PROG_EXEC/num_recirculare/count0_carry__4/CO[3]
                         net (fo=1, routed)           0.000     7.899    PROG_EXEC/num_recirculare/count0_carry__4_n_0
    SLICE_X29Y6          CARRY4 (Prop_carry4_CI_CO[3])
                                                      0.114     8.013 r  PROG_EXEC/num_recirculare/count0_carry__5/CO[3]
                         net (fo=1, routed)           0.000     8.013    PROG_EXEC/num_recirculare/count0_carry__5_n_0
    SLICE_X29Y7          CARRY4 (Prop_carry4_CI_O[1])
                                                      0.334     8.347 r  PROG_EXEC/num_recirculare/count0_carry__6/O[1]
                         net (fo=1, routed)           1.150     9.497    PROG_EXEC/num_recirculare/count0_carry__6_n_6
    SLICE_X30Y1          LUT2 (Prop_lut2_I0_O)        0.303     9.800 r  PROG_EXEC/num_recirculare/count[30]_i_1__2/O
                         net (fo=1, routed)           0.000     9.800    PROG_EXEC/num_recirculare/count[30]
    SLICE_X30Y1          FDCE                                         r  PROG_EXEC/num_recirculare/count_reg[30]/D
  -------------------------------------------------------------------    -------------------

                         (clock sys_clk_pin rise edge)
                                                     10.000    10.000 r  
    W5                                                0.000    10.000 r  CLK (IN)
                         net (fo=0)                   0.000    10.000    CLK
    W5                   IBUF (Prop_ibuf_I_O)         1.388    11.388 r  CLK_IBUF_inst/O
                         net (fo=1, routed)           1.862    13.250    CLK_IBUF
    BUFGCTRL_X0Y0        BUFG (Prop_bufg_I_O)         0.091    13.341 r  CLK_IBUF_BUFG_inst/O
                         net (fo=316, routed)         1.446    14.787    PROG_EXEC/num_recirculare/CLK
    SLICE_X30Y1          FDCE                                         r  PROG_EXEC/num_recirculare/count_reg[30]/C
                         clock pessimism              0.260    15.047    
                         clock uncertainty           -0.035    15.012    
    SLICE_X30Y1          FDCE (Setup_fdce_C_D)        0.077    15.089    PROG_EXEC/num_recirculare/count_reg[30]
  -------------------------------------------------------------------
                         required time                         15.089    
                         arrival time                          -9.800    
  -------------------------------------------------------------------
                         slack                                  5.289    

Slack (MET) :             5.313ns  (required time - arrival time)
  Source:                 PROG_EXEC/num_spalare_prin/count_reg[2]/C
                            (rising edge-triggered cell FDCE clocked by sys_clk_pin  {rise@0.000ns fall@5.000ns period=10.000ns})
  Destination:            PROG_EXEC/num_spalare_prin/count_reg[30]/D
                            (rising edge-triggered cell FDCE clocked by sys_clk_pin  {rise@0.000ns fall@5.000ns period=10.000ns})
  Path Group:             sys_clk_pin
  Path Type:              Setup (Max at Slow Process Corner)
  Requirement:            10.000ns  (sys_clk_pin rise@10.000ns - sys_clk_pin rise@0.000ns)
  Data Path Delay:        4.640ns  (logic 2.582ns (55.641%)  route 2.058ns (44.359%))
  Logic Levels:           9  (CARRY4=8 LUT2=1)
  Clock Path Skew:        -0.042ns (DCD - SCD + CPR)
    Destination Clock Delay (DCD):    4.781ns = ( 14.781 - 10.000 ) 
    Source Clock Delay      (SCD):    5.083ns
    Clock Pessimism Removal (CPR):    0.260ns
  Clock Uncertainty:      0.035ns  ((TSJ^2 + TIJ^2)^1/2 + DJ) / 2 + PE
    Total System Jitter     (TSJ):    0.071ns
    Total Input Jitter      (TIJ):    0.000ns
    Discrete Jitter          (DJ):    0.000ns
    Phase Error              (PE):    0.000ns

    Location             Delay type                Incr(ns)  Path(ns)    Netlist Resource(s)
  -------------------------------------------------------------------    -------------------
                         (clock sys_clk_pin rise edge)
                                                      0.000     0.000 r  
    W5                                                0.000     0.000 r  CLK (IN)
                         net (fo=0)                   0.000     0.000    CLK
    W5                   IBUF (Prop_ibuf_I_O)         1.458     1.458 r  CLK_IBUF_inst/O
                         net (fo=1, routed)           1.967     3.425    CLK_IBUF
    BUFGCTRL_X0Y0        BUFG (Prop_bufg_I_O)         0.096     3.521 r  CLK_IBUF_BUFG_inst/O
                         net (fo=316, routed)         1.562     5.083    PROG_EXEC/num_spalare_prin/CLK
    SLICE_X41Y12         FDCE                                         r  PROG_EXEC/num_spalare_prin/count_reg[2]/C
  -------------------------------------------------------------------    -------------------
    SLICE_X41Y12         FDCE (Prop_fdce_C_Q)         0.419     5.502 r  PROG_EXEC/num_spalare_prin/count_reg[2]/Q
                         net (fo=2, routed)           1.112     6.614    PROG_EXEC/num_spalare_prin/count_reg_n_0_[2]
    SLICE_X38Y8          CARRY4 (Prop_carry4_S[1]_CO[3])
                                                      0.832     7.446 r  PROG_EXEC/num_spalare_prin/count0_carry/CO[3]
                         net (fo=1, routed)           0.000     7.446    PROG_EXEC/num_spalare_prin/count0_carry_n_0
    SLICE_X38Y9          CARRY4 (Prop_carry4_CI_CO[3])
                                                      0.117     7.563 r  PROG_EXEC/num_spalare_prin/count0_carry__0/CO[3]
                         net (fo=1, routed)           0.000     7.563    PROG_EXEC/num_spalare_prin/count0_carry__0_n_0
    SLICE_X38Y10         CARRY4 (Prop_carry4_CI_CO[3])
                                                      0.117     7.680 r  PROG_EXEC/num_spalare_prin/count0_carry__1/CO[3]
                         net (fo=1, routed)           0.000     7.680    PROG_EXEC/num_spalare_prin/count0_carry__1_n_0
    SLICE_X38Y11         CARRY4 (Prop_carry4_CI_CO[3])
                                                      0.117     7.797 r  PROG_EXEC/num_spalare_prin/count0_carry__2/CO[3]
                         net (fo=1, routed)           0.000     7.797    PROG_EXEC/num_spalare_prin/count0_carry__2_n_0
    SLICE_X38Y12         CARRY4 (Prop_carry4_CI_CO[3])
                                                      0.117     7.914 r  PROG_EXEC/num_spalare_prin/count0_carry__3/CO[3]
                         net (fo=1, routed)           0.000     7.914    PROG_EXEC/num_spalare_prin/count0_carry__3_n_0
    SLICE_X38Y13         CARRY4 (Prop_carry4_CI_CO[3])
                                                      0.117     8.031 r  PROG_EXEC/num_spalare_prin/count0_carry__4/CO[3]
                         net (fo=1, routed)           0.000     8.031    PROG_EXEC/num_spalare_prin/count0_carry__4_n_0
    SLICE_X38Y14         CARRY4 (Prop_carry4_CI_CO[3])
                                                      0.117     8.148 r  PROG_EXEC/num_spalare_prin/count0_carry__5/CO[3]
                         net (fo=1, routed)           0.000     8.148    PROG_EXEC/num_spalare_prin/count0_carry__5_n_0
    SLICE_X38Y15         CARRY4 (Prop_carry4_CI_O[1])
                                                      0.323     8.471 r  PROG_EXEC/num_spalare_prin/count0_carry__6/O[1]
                         net (fo=1, routed)           0.946     9.418    PROG_EXEC/num_spalare_prin/count0_carry__6_n_6
    SLICE_X37Y13         LUT2 (Prop_lut2_I0_O)        0.306     9.724 r  PROG_EXEC/num_spalare_prin/count[30]_i_1__1/O
                         net (fo=1, routed)           0.000     9.724    PROG_EXEC/num_spalare_prin/count[30]
    SLICE_X37Y13         FDCE                                         r  PROG_EXEC/num_spalare_prin/count_reg[30]/D
  -------------------------------------------------------------------    -------------------

                         (clock sys_clk_pin rise edge)
                                                     10.000    10.000 r  
    W5                                                0.000    10.000 r  CLK (IN)
                         net (fo=0)                   0.000    10.000    CLK
    W5                   IBUF (Prop_ibuf_I_O)         1.388    11.388 r  CLK_IBUF_inst/O
                         net (fo=1, routed)           1.862    13.250    CLK_IBUF
    BUFGCTRL_X0Y0        BUFG (Prop_bufg_I_O)         0.091    13.341 r  CLK_IBUF_BUFG_inst/O
                         net (fo=316, routed)         1.440    14.781    PROG_EXEC/num_spalare_prin/CLK
    SLICE_X37Y13         FDCE                                         r  PROG_EXEC/num_spalare_prin/count_reg[30]/C
                         clock pessimism              0.260    15.041    
                         clock uncertainty           -0.035    15.006    
    SLICE_X37Y13         FDCE (Setup_fdce_C_D)        0.031    15.037    PROG_EXEC/num_spalare_prin/count_reg[30]
  -------------------------------------------------------------------
                         required time                         15.037    
                         arrival time                          -9.724    
  -------------------------------------------------------------------
                         slack                                  5.313    

Slack (MET) :             5.401ns  (required time - arrival time)
  Source:                 PROG_EXEC/num_clatire/count_reg[1]/C
                            (rising edge-triggered cell FDCE clocked by sys_clk_pin  {rise@0.000ns fall@5.000ns period=10.000ns})
  Destination:            PROG_EXEC/num_clatire/count_reg[31]/D
                            (rising edge-triggered cell FDCE clocked by sys_clk_pin  {rise@0.000ns fall@5.000ns period=10.000ns})
  Path Group:             sys_clk_pin
  Path Type:              Setup (Max at Slow Process Corner)
  Requirement:            10.000ns  (sys_clk_pin rise@10.000ns - sys_clk_pin rise@0.000ns)
  Data Path Delay:        4.557ns  (logic 2.475ns (54.314%)  route 2.082ns (45.686%))
  Logic Levels:           9  (CARRY4=8 LUT2=1)
  Clock Path Skew:        -0.038ns (DCD - SCD + CPR)
    Destination Clock Delay (DCD):    4.784ns = ( 14.784 - 10.000 ) 
    Source Clock Delay      (SCD):    5.082ns
    Clock Pessimism Removal (CPR):    0.260ns
  Clock Uncertainty:      0.035ns  ((TSJ^2 + TIJ^2)^1/2 + DJ) / 2 + PE
    Total System Jitter     (TSJ):    0.071ns
    Total Input Jitter      (TIJ):    0.000ns
    Discrete Jitter          (DJ):    0.000ns
    Phase Error              (PE):    0.000ns

    Location             Delay type                Incr(ns)  Path(ns)    Netlist Resource(s)
  -------------------------------------------------------------------    -------------------
                         (clock sys_clk_pin rise edge)
                                                      0.000     0.000 r  
    W5                                                0.000     0.000 r  CLK (IN)
                         net (fo=0)                   0.000     0.000    CLK
    W5                   IBUF (Prop_ibuf_I_O)         1.458     1.458 r  CLK_IBUF_inst/O
                         net (fo=1, routed)           1.967     3.425    CLK_IBUF
    BUFGCTRL_X0Y0        BUFG (Prop_bufg_I_O)         0.096     3.521 r  CLK_IBUF_BUFG_inst/O
                         net (fo=316, routed)         1.561     5.082    PROG_EXEC/num_clatire/CLK
    SLICE_X43Y14         FDCE                                         r  PROG_EXEC/num_clatire/count_reg[1]/C
  -------------------------------------------------------------------    -------------------
    SLICE_X43Y14         FDCE (Prop_fdce_C_Q)         0.419     5.501 r  PROG_EXEC/num_clatire/count_reg[1]/Q
                         net (fo=2, routed)           0.744     6.246    PROG_EXEC/num_clatire/count_reg_n_0_[1]
    SLICE_X44Y13         CARRY4 (Prop_carry4_S[0]_CO[3])
                                                      0.831     7.077 r  PROG_EXEC/num_clatire/count0_carry/CO[3]
                         net (fo=1, routed)           0.000     7.077    PROG_EXEC/num_clatire/count0_carry_n_0
    SLICE_X44Y14         CARRY4 (Prop_carry4_CI_CO[3])
                                                      0.114     7.191 r  PROG_EXEC/num_clatire/count0_carry__0/CO[3]
                         net (fo=1, routed)           0.000     7.191    PROG_EXEC/num_clatire/count0_carry__0_n_0
    SLICE_X44Y15         CARRY4 (Prop_carry4_CI_CO[3])
                                                      0.114     7.305 r  PROG_EXEC/num_clatire/count0_carry__1/CO[3]
                         net (fo=1, routed)           0.000     7.305    PROG_EXEC/num_clatire/count0_carry__1_n_0
    SLICE_X44Y16         CARRY4 (Prop_carry4_CI_CO[3])
                                                      0.114     7.419 r  PROG_EXEC/num_clatire/count0_carry__2/CO[3]
                         net (fo=1, routed)           0.000     7.419    PROG_EXEC/num_clatire/count0_carry__2_n_0
    SLICE_X44Y17         CARRY4 (Prop_carry4_CI_CO[3])
                                                      0.114     7.533 r  PROG_EXEC/num_clatire/count0_carry__3/CO[3]
                         net (fo=1, routed)           0.000     7.533    PROG_EXEC/num_clatire/count0_carry__3_n_0
    SLICE_X44Y18         CARRY4 (Prop_carry4_CI_CO[3])
                                                      0.114     7.647 r  PROG_EXEC/num_clatire/count0_carry__4/CO[3]
                         net (fo=1, routed)           0.000     7.647    PROG_EXEC/num_clatire/count0_carry__4_n_0
    SLICE_X44Y19         CARRY4 (Prop_carry4_CI_CO[3])
                                                      0.114     7.761 r  PROG_EXEC/num_clatire/count0_carry__5/CO[3]
                         net (fo=1, routed)           0.000     7.761    PROG_EXEC/num_clatire/count0_carry__5_n_0
    SLICE_X44Y20         CARRY4 (Prop_carry4_CI_O[2])
                                                      0.239     8.000 r  PROG_EXEC/num_clatire/count0_carry__6/O[2]
                         net (fo=1, routed)           1.338     9.337    PROG_EXEC/num_clatire/count0_carry__6_n_5
    SLICE_X45Y14         LUT2 (Prop_lut2_I0_O)        0.302     9.639 r  PROG_EXEC/num_clatire/count[31]_i_2__5/O
                         net (fo=1, routed)           0.000     9.639    PROG_EXEC/num_clatire/count[31]
    SLICE_X45Y14         FDCE                                         r  PROG_EXEC/num_clatire/count_reg[31]/D
  -------------------------------------------------------------------    -------------------

                         (clock sys_clk_pin rise edge)
                                                     10.000    10.000 r  
    W5                                                0.000    10.000 r  CLK (IN)
                         net (fo=0)                   0.000    10.000    CLK
    W5                   IBUF (Prop_ibuf_I_O)         1.388    11.388 r  CLK_IBUF_inst/O
                         net (fo=1, routed)           1.862    13.250    CLK_IBUF
    BUFGCTRL_X0Y0        BUFG (Prop_bufg_I_O)         0.091    13.341 r  CLK_IBUF_BUFG_inst/O
                         net (fo=316, routed)         1.443    14.784    PROG_EXEC/num_clatire/CLK
    SLICE_X45Y14         FDCE                                         r  PROG_EXEC/num_clatire/count_reg[31]/C
                         clock pessimism              0.260    15.044    
                         clock uncertainty           -0.035    15.009    
    SLICE_X45Y14         FDCE (Setup_fdce_C_D)        0.031    15.040    PROG_EXEC/num_clatire/count_reg[31]
  -------------------------------------------------------------------
                         required time                         15.040    
                         arrival time                          -9.639    
  -------------------------------------------------------------------
                         slack                                  5.401    

Slack (MET) :             5.406ns  (required time - arrival time)
  Source:                 PROG_EXEC/num_clatire_sup/count_reg[1]/C
                            (rising edge-triggered cell FDCE clocked by sys_clk_pin  {rise@0.000ns fall@5.000ns period=10.000ns})
  Destination:            PROG_EXEC/num_clatire_sup/count_reg[25]/D
                            (rising edge-triggered cell FDCE clocked by sys_clk_pin  {rise@0.000ns fall@5.000ns period=10.000ns})
  Path Group:             sys_clk_pin
  Path Type:              Setup (Max at Slow Process Corner)
  Requirement:            10.000ns  (sys_clk_pin rise@10.000ns - sys_clk_pin rise@0.000ns)
  Data Path Delay:        4.592ns  (logic 2.369ns (51.588%)  route 2.223ns (48.412%))
  Logic Levels:           8  (CARRY4=7 LUT2=1)
  Clock Path Skew:        -0.042ns (DCD - SCD + CPR)
    Destination Clock Delay (DCD):    4.780ns = ( 14.780 - 10.000 ) 
    Source Clock Delay      (SCD):    5.082ns
    Clock Pessimism Removal (CPR):    0.260ns
  Clock Uncertainty:      0.035ns  ((TSJ^2 + TIJ^2)^1/2 + DJ) / 2 + PE
    Total System Jitter     (TSJ):    0.071ns
    Total Input Jitter      (TIJ):    0.000ns
    Discrete Jitter          (DJ):    0.000ns
    Phase Error              (PE):    0.000ns

    Location             Delay type                Incr(ns)  Path(ns)    Netlist Resource(s)
  -------------------------------------------------------------------    -------------------
                         (clock sys_clk_pin rise edge)
                                                      0.000     0.000 r  
    W5                                                0.000     0.000 r  CLK (IN)
                         net (fo=0)                   0.000     0.000    CLK
    W5                   IBUF (Prop_ibuf_I_O)         1.458     1.458 r  CLK_IBUF_inst/O
                         net (fo=1, routed)           1.967     3.425    CLK_IBUF
    BUFGCTRL_X0Y0        BUFG (Prop_bufg_I_O)         0.096     3.521 r  CLK_IBUF_BUFG_inst/O
                         net (fo=316, routed)         1.561     5.082    PROG_EXEC/num_clatire_sup/CLK
    SLICE_X41Y14         FDCE                                         r  PROG_EXEC/num_clatire_sup/count_reg[1]/C
  -------------------------------------------------------------------    -------------------
    SLICE_X41Y14         FDCE (Prop_fdce_C_Q)         0.419     5.501 r  PROG_EXEC/num_clatire_sup/count_reg[1]/Q
                         net (fo=2, routed)           1.271     6.773    PROG_EXEC/num_clatire_sup/count_reg_n_0_[1]
    SLICE_X39Y10         CARRY4 (Prop_carry4_S[0]_CO[3])
                                                      0.831     7.604 r  PROG_EXEC/num_clatire_sup/count0_carry/CO[3]
                         net (fo=1, routed)           0.000     7.604    PROG_EXEC/num_clatire_sup/count0_carry_n_0
    SLICE_X39Y11         CARRY4 (Prop_carry4_CI_CO[3])
                                                      0.114     7.718 r  PROG_EXEC/num_clatire_sup/count0_carry__0/CO[3]
                         net (fo=1, routed)           0.000     7.718    PROG_EXEC/num_clatire_sup/count0_carry__0_n_0
    SLICE_X39Y12         CARRY4 (Prop_carry4_CI_CO[3])
                                                      0.114     7.832 r  PROG_EXEC/num_clatire_sup/count0_carry__1/CO[3]
                         net (fo=1, routed)           0.000     7.832    PROG_EXEC/num_clatire_sup/count0_carry__1_n_0
    SLICE_X39Y13         CARRY4 (Prop_carry4_CI_CO[3])
                                                      0.114     7.946 r  PROG_EXEC/num_clatire_sup/count0_carry__2/CO[3]
                         net (fo=1, routed)           0.000     7.946    PROG_EXEC/num_clatire_sup/count0_carry__2_n_0
    SLICE_X39Y14         CARRY4 (Prop_carry4_CI_CO[3])
                                                      0.114     8.060 r  PROG_EXEC/num_clatire_sup/count0_carry__3/CO[3]
                         net (fo=1, routed)           0.000     8.060    PROG_EXEC/num_clatire_sup/count0_carry__3_n_0
    SLICE_X39Y15         CARRY4 (Prop_carry4_CI_CO[3])
                                                      0.114     8.174 r  PROG_EXEC/num_clatire_sup/count0_carry__4/CO[3]
                         net (fo=1, routed)           0.000     8.174    PROG_EXEC/num_clatire_sup/count0_carry__4_n_0
    SLICE_X39Y16         CARRY4 (Prop_carry4_CI_O[0])
                                                      0.222     8.396 r  PROG_EXEC/num_clatire_sup/count0_carry__5/O[0]
                         net (fo=1, routed)           0.952     9.347    PROG_EXEC/num_clatire_sup/count0_carry__5_n_7
    SLICE_X37Y15         LUT2 (Prop_lut2_I0_O)        0.327     9.674 r  PROG_EXEC/num_clatire_sup/count[25]_i_1__5/O
                         net (fo=1, routed)           0.000     9.674    PROG_EXEC/num_clatire_sup/count[25]
    SLICE_X37Y15         FDCE                                         r  PROG_EXEC/num_clatire_sup/count_reg[25]/D
  -------------------------------------------------------------------    -------------------

                         (clock sys_clk_pin rise edge)
                                                     10.000    10.000 r  
    W5                                                0.000    10.000 r  CLK (IN)
                         net (fo=0)                   0.000    10.000    CLK
    W5                   IBUF (Prop_ibuf_I_O)         1.388    11.388 r  CLK_IBUF_inst/O
                         net (fo=1, routed)           1.862    13.250    CLK_IBUF
    BUFGCTRL_X0Y0        BUFG (Prop_bufg_I_O)         0.091    13.341 r  CLK_IBUF_BUFG_inst/O
                         net (fo=316, routed)         1.439    14.780    PROG_EXEC/num_clatire_sup/CLK
    SLICE_X37Y15         FDCE                                         r  PROG_EXEC/num_clatire_sup/count_reg[25]/C
                         clock pessimism              0.260    15.040    
                         clock uncertainty           -0.035    15.005    
    SLICE_X37Y15         FDCE (Setup_fdce_C_D)        0.075    15.080    PROG_EXEC/num_clatire_sup/count_reg[25]
  -------------------------------------------------------------------
                         required time                         15.080    
                         arrival time                          -9.674    
  -------------------------------------------------------------------
                         slack                                  5.406    

Slack (MET) :             5.416ns  (required time - arrival time)
  Source:                 PROG_EXEC/num_spalare_prin/count_reg[2]/C
                            (rising edge-triggered cell FDCE clocked by sys_clk_pin  {rise@0.000ns fall@5.000ns period=10.000ns})
  Destination:            PROG_EXEC/num_spalare_prin/count_reg[29]/D
                            (rising edge-triggered cell FDCE clocked by sys_clk_pin  {rise@0.000ns fall@5.000ns period=10.000ns})
  Path Group:             sys_clk_pin
  Path Type:              Setup (Max at Slow Process Corner)
  Requirement:            10.000ns  (sys_clk_pin rise@10.000ns - sys_clk_pin rise@0.000ns)
  Data Path Delay:        4.536ns  (logic 2.467ns (54.389%)  route 2.069ns (45.611%))
  Logic Levels:           9  (CARRY4=8 LUT2=1)
  Clock Path Skew:        -0.042ns (DCD - SCD + CPR)
    Destination Clock Delay (DCD):    4.781ns = ( 14.781 - 10.000 ) 
    Source Clock Delay      (SCD):    5.083ns
    Clock Pessimism Removal (CPR):    0.260ns
  Clock Uncertainty:      0.035ns  ((TSJ^2 + TIJ^2)^1/2 + DJ) / 2 + PE
    Total System Jitter     (TSJ):    0.071ns
    Total Input Jitter      (TIJ):    0.000ns
    Discrete Jitter          (DJ):    0.000ns
    Phase Error              (PE):    0.000ns

    Location             Delay type                Incr(ns)  Path(ns)    Netlist Resource(s)
  -------------------------------------------------------------------    -------------------
                         (clock sys_clk_pin rise edge)
                                                      0.000     0.000 r  
    W5                                                0.000     0.000 r  CLK (IN)
                         net (fo=0)                   0.000     0.000    CLK
    W5                   IBUF (Prop_ibuf_I_O)         1.458     1.458 r  CLK_IBUF_inst/O
                         net (fo=1, routed)           1.967     3.425    CLK_IBUF
    BUFGCTRL_X0Y0        BUFG (Prop_bufg_I_O)         0.096     3.521 r  CLK_IBUF_BUFG_inst/O
                         net (fo=316, routed)         1.562     5.083    PROG_EXEC/num_spalare_prin/CLK
    SLICE_X41Y12         FDCE                                         r  PROG_EXEC/num_spalare_prin/count_reg[2]/C
  -------------------------------------------------------------------    -------------------
    SLICE_X41Y12         FDCE (Prop_fdce_C_Q)         0.419     5.502 r  PROG_EXEC/num_spalare_prin/count_reg[2]/Q
                         net (fo=2, routed)           1.112     6.614    PROG_EXEC/num_spalare_prin/count_reg_n_0_[2]
    SLICE_X38Y8          CARRY4 (Prop_carry4_S[1]_CO[3])
                                                      0.832     7.446 r  PROG_EXEC/num_spalare_prin/count0_carry/CO[3]
                         net (fo=1, routed)           0.000     7.446    PROG_EXEC/num_spalare_prin/count0_carry_n_0
    SLICE_X38Y9          CARRY4 (Prop_carry4_CI_CO[3])
                                                      0.117     7.563 r  PROG_EXEC/num_spalare_prin/count0_carry__0/CO[3]
                         net (fo=1, routed)           0.000     7.563    PROG_EXEC/num_spalare_prin/count0_carry__0_n_0
    SLICE_X38Y10         CARRY4 (Prop_carry4_CI_CO[3])
                                                      0.117     7.680 r  PROG_EXEC/num_spalare_prin/count0_carry__1/CO[3]
                         net (fo=1, routed)           0.000     7.680    PROG_EXEC/num_spalare_prin/count0_carry__1_n_0
    SLICE_X38Y11         CARRY4 (Prop_carry4_CI_CO[3])
                                                      0.117     7.797 r  PROG_EXEC/num_spalare_prin/count0_carry__2/CO[3]
                         net (fo=1, routed)           0.000     7.797    PROG_EXEC/num_spalare_prin/count0_carry__2_n_0
    SLICE_X38Y12         CARRY4 (Prop_carry4_CI_CO[3])
                                                      0.117     7.914 r  PROG_EXEC/num_spalare_prin/count0_carry__3/CO[3]
                         net (fo=1, routed)           0.000     7.914    PROG_EXEC/num_spalare_prin/count0_carry__3_n_0
    SLICE_X38Y13         CARRY4 (Prop_carry4_CI_CO[3])
                                                      0.117     8.031 r  PROG_EXEC/num_spalare_prin/count0_carry__4/CO[3]
                         net (fo=1, routed)           0.000     8.031    PROG_EXEC/num_spalare_prin/count0_carry__4_n_0
    SLICE_X38Y14         CARRY4 (Prop_carry4_CI_CO[3])
                                                      0.117     8.148 r  PROG_EXEC/num_spalare_prin/count0_carry__5/CO[3]
                         net (fo=1, routed)           0.000     8.148    PROG_EXEC/num_spalare_prin/count0_carry__5_n_0
    SLICE_X38Y15         CARRY4 (Prop_carry4_CI_O[0])
                                                      0.219     8.367 r  PROG_EXEC/num_spalare_prin/count0_carry__6/O[0]
                         net (fo=1, routed)           0.957     9.324    PROG_EXEC/num_spalare_prin/count0_carry__6_n_7
    SLICE_X37Y13         LUT2 (Prop_lut2_I0_O)        0.295     9.619 r  PROG_EXEC/num_spalare_prin/count[29]_i_1__1/O
                         net (fo=1, routed)           0.000     9.619    PROG_EXEC/num_spalare_prin/count[29]
    SLICE_X37Y13         FDCE                                         r  PROG_EXEC/num_spalare_prin/count_reg[29]/D
  -------------------------------------------------------------------    -------------------

                         (clock sys_clk_pin rise edge)
                                                     10.000    10.000 r  
    W5                                                0.000    10.000 r  CLK (IN)
                         net (fo=0)                   0.000    10.000    CLK
    W5                   IBUF (Prop_ibuf_I_O)         1.388    11.388 r  CLK_IBUF_inst/O
                         net (fo=1, routed)           1.862    13.250    CLK_IBUF
    BUFGCTRL_X0Y0        BUFG (Prop_bufg_I_O)         0.091    13.341 r  CLK_IBUF_BUFG_inst/O
                         net (fo=316, routed)         1.440    14.781    PROG_EXEC/num_spalare_prin/CLK
    SLICE_X37Y13         FDCE                                         r  PROG_EXEC/num_spalare_prin/count_reg[29]/C
                         clock pessimism              0.260    15.041    
                         clock uncertainty           -0.035    15.006    
    SLICE_X37Y13         FDCE (Setup_fdce_C_D)        0.029    15.035    PROG_EXEC/num_spalare_prin/count_reg[29]
  -------------------------------------------------------------------
                         required time                         15.035    
                         arrival time                          -9.619    
  -------------------------------------------------------------------
                         slack                                  5.416    

Slack (MET) :             5.418ns  (required time - arrival time)
  Source:                 PROG_EXEC/num_clatire_sup/count_reg[1]/C
                            (rising edge-triggered cell FDCE clocked by sys_clk_pin  {rise@0.000ns fall@5.000ns period=10.000ns})
  Destination:            PROG_EXEC/num_clatire_sup/count_reg[22]/D
                            (rising edge-triggered cell FDCE clocked by sys_clk_pin  {rise@0.000ns fall@5.000ns period=10.000ns})
  Path Group:             sys_clk_pin
  Path Type:              Setup (Max at Slow Process Corner)
  Requirement:            10.000ns  (sys_clk_pin rise@10.000ns - sys_clk_pin rise@0.000ns)
  Data Path Delay:        4.595ns  (logic 2.371ns (51.598%)  route 2.224ns (48.402%))
  Logic Levels:           7  (CARRY4=6 LUT2=1)
  Clock Path Skew:        -0.026ns (DCD - SCD + CPR)
    Destination Clock Delay (DCD):    4.782ns = ( 14.782 - 10.000 ) 
    Source Clock Delay      (SCD):    5.082ns
    Clock Pessimism Removal (CPR):    0.274ns
  Clock Uncertainty:      0.035ns  ((TSJ^2 + TIJ^2)^1/2 + DJ) / 2 + PE
    Total System Jitter     (TSJ):    0.071ns
    Total Input Jitter      (TIJ):    0.000ns
    Discrete Jitter          (DJ):    0.000ns
    Phase Error              (PE):    0.000ns

    Location             Delay type                Incr(ns)  Path(ns)    Netlist Resource(s)
  -------------------------------------------------------------------    -------------------
                         (clock sys_clk_pin rise edge)
                                                      0.000     0.000 r  
    W5                                                0.000     0.000 r  CLK (IN)
                         net (fo=0)                   0.000     0.000    CLK
    W5                   IBUF (Prop_ibuf_I_O)         1.458     1.458 r  CLK_IBUF_inst/O
                         net (fo=1, routed)           1.967     3.425    CLK_IBUF
    BUFGCTRL_X0Y0        BUFG (Prop_bufg_I_O)         0.096     3.521 r  CLK_IBUF_BUFG_inst/O
                         net (fo=316, routed)         1.561     5.082    PROG_EXEC/num_clatire_sup/CLK
    SLICE_X41Y14         FDCE                                         r  PROG_EXEC/num_clatire_sup/count_reg[1]/C
  -------------------------------------------------------------------    -------------------
    SLICE_X41Y14         FDCE (Prop_fdce_C_Q)         0.419     5.501 r  PROG_EXEC/num_clatire_sup/count_reg[1]/Q
                         net (fo=2, routed)           1.271     6.773    PROG_EXEC/num_clatire_sup/count_reg_n_0_[1]
    SLICE_X39Y10         CARRY4 (Prop_carry4_S[0]_CO[3])
                                                      0.831     7.604 r  PROG_EXEC/num_clatire_sup/count0_carry/CO[3]
                         net (fo=1, routed)           0.000     7.604    PROG_EXEC/num_clatire_sup/count0_carry_n_0
    SLICE_X39Y11         CARRY4 (Prop_carry4_CI_CO[3])
                                                      0.114     7.718 r  PROG_EXEC/num_clatire_sup/count0_carry__0/CO[3]
                         net (fo=1, routed)           0.000     7.718    PROG_EXEC/num_clatire_sup/count0_carry__0_n_0
    SLICE_X39Y12         CARRY4 (Prop_carry4_CI_CO[3])
                                                      0.114     7.832 r  PROG_EXEC/num_clatire_sup/count0_carry__1/CO[3]
                         net (fo=1, routed)           0.000     7.832    PROG_EXEC/num_clatire_sup/count0_carry__1_n_0
    SLICE_X39Y13         CARRY4 (Prop_carry4_CI_CO[3])
                                                      0.114     7.946 r  PROG_EXEC/num_clatire_sup/count0_carry__2/CO[3]
                         net (fo=1, routed)           0.000     7.946    PROG_EXEC/num_clatire_sup/count0_carry__2_n_0
    SLICE_X39Y14         CARRY4 (Prop_carry4_CI_CO[3])
                                                      0.114     8.060 r  PROG_EXEC/num_clatire_sup/count0_carry__3/CO[3]
                         net (fo=1, routed)           0.000     8.060    PROG_EXEC/num_clatire_sup/count0_carry__3_n_0
    SLICE_X39Y15         CARRY4 (Prop_carry4_CI_O[1])
                                                      0.334     8.394 r  PROG_EXEC/num_clatire_sup/count0_carry__4/O[1]
                         net (fo=1, routed)           0.953     9.346    PROG_EXEC/num_clatire_sup/count0_carry__4_n_6
    SLICE_X41Y15         LUT2 (Prop_lut2_I0_O)        0.331     9.677 r  PROG_EXEC/num_clatire_sup/count[22]_i_1__5/O
                         net (fo=1, routed)           0.000     9.677    PROG_EXEC/num_clatire_sup/count[22]
    SLICE_X41Y15         FDCE                                         r  PROG_EXEC/num_clatire_sup/count_reg[22]/D
  -------------------------------------------------------------------    -------------------

                         (clock sys_clk_pin rise edge)
                                                     10.000    10.000 r  
    W5                                                0.000    10.000 r  CLK (IN)
                         net (fo=0)                   0.000    10.000    CLK
    W5                   IBUF (Prop_ibuf_I_O)         1.388    11.388 r  CLK_IBUF_inst/O
                         net (fo=1, routed)           1.862    13.250    CLK_IBUF
    BUFGCTRL_X0Y0        BUFG (Prop_bufg_I_O)         0.091    13.341 r  CLK_IBUF_BUFG_inst/O
                         net (fo=316, routed)         1.441    14.782    PROG_EXEC/num_clatire_sup/CLK
    SLICE_X41Y15         FDCE                                         r  PROG_EXEC/num_clatire_sup/count_reg[22]/C
                         clock pessimism              0.274    15.056    
                         clock uncertainty           -0.035    15.021    
    SLICE_X41Y15         FDCE (Setup_fdce_C_D)        0.075    15.096    PROG_EXEC/num_clatire_sup/count_reg[22]
  -------------------------------------------------------------------
                         required time                         15.096    
                         arrival time                          -9.677    
  -------------------------------------------------------------------
                         slack                                  5.418    

Slack (MET) :             5.448ns  (required time - arrival time)
  Source:                 PROG_EXEC/num_inmuiere/count_reg[5]/C
                            (rising edge-triggered cell FDCE clocked by sys_clk_pin  {rise@0.000ns fall@5.000ns period=10.000ns})
  Destination:            PROG_EXEC/num_inmuiere/count_reg[31]/D
                            (rising edge-triggered cell FDCE clocked by sys_clk_pin  {rise@0.000ns fall@5.000ns period=10.000ns})
  Path Group:             sys_clk_pin
  Path Type:              Setup (Max at Slow Process Corner)
  Requirement:            10.000ns  (sys_clk_pin rise@10.000ns - sys_clk_pin rise@0.000ns)
  Data Path Delay:        4.524ns  (logic 2.359ns (52.147%)  route 2.165ns (47.853%))
  Logic Levels:           8  (CARRY4=7 LUT2=1)
  Clock Path Skew:        -0.024ns (DCD - SCD + CPR)
    Destination Clock Delay (DCD):    4.786ns = ( 14.786 - 10.000 ) 
    Source Clock Delay      (SCD):    5.085ns
    Clock Pessimism Removal (CPR):    0.275ns
  Clock Uncertainty:      0.035ns  ((TSJ^2 + TIJ^2)^1/2 + DJ) / 2 + PE
    Total System Jitter     (TSJ):    0.071ns
    Total Input Jitter      (TIJ):    0.000ns
    Discrete Jitter          (DJ):    0.000ns
    Phase Error              (PE):    0.000ns

    Location             Delay type                Incr(ns)  Path(ns)    Netlist Resource(s)
  -------------------------------------------------------------------    -------------------
                         (clock sys_clk_pin rise edge)
                                                      0.000     0.000 r  
    W5                                                0.000     0.000 r  CLK (IN)
                         net (fo=0)                   0.000     0.000    CLK
    W5                   IBUF (Prop_ibuf_I_O)         1.458     1.458 r  CLK_IBUF_inst/O
                         net (fo=1, routed)           1.967     3.425    CLK_IBUF
    BUFGCTRL_X0Y0        BUFG (Prop_bufg_I_O)         0.096     3.521 r  CLK_IBUF_BUFG_inst/O
                         net (fo=316, routed)         1.564     5.085    PROG_EXEC/num_inmuiere/CLK
    SLICE_X33Y7          FDCE                                         r  PROG_EXEC/num_inmuiere/count_reg[5]/C
  -------------------------------------------------------------------    -------------------
    SLICE_X33Y7          FDCE (Prop_fdce_C_Q)         0.419     5.504 r  PROG_EXEC/num_inmuiere/count_reg[5]/Q
                         net (fo=2, routed)           1.140     6.644    PROG_EXEC/num_inmuiere/count_reg_n_0_[5]
    SLICE_X32Y4          CARRY4 (Prop_carry4_S[0]_CO[3])
                                                      0.829     7.473 r  PROG_EXEC/num_inmuiere/count0_carry__0/CO[3]
                         net (fo=1, routed)           0.000     7.473    PROG_EXEC/num_inmuiere/count0_carry__0_n_0
    SLICE_X32Y5          CARRY4 (Prop_carry4_CI_CO[3])
                                                      0.114     7.587 r  PROG_EXEC/num_inmuiere/count0_carry__1/CO[3]
                         net (fo=1, routed)           0.000     7.587    PROG_EXEC/num_inmuiere/count0_carry__1_n_0
    SLICE_X32Y6          CARRY4 (Prop_carry4_CI_CO[3])
                                                      0.114     7.701 r  PROG_EXEC/num_inmuiere/count0_carry__2/CO[3]
                         net (fo=1, routed)           0.000     7.701    PROG_EXEC/num_inmuiere/count0_carry__2_n_0
    SLICE_X32Y7          CARRY4 (Prop_carry4_CI_CO[3])
                                                      0.114     7.815 r  PROG_EXEC/num_inmuiere/count0_carry__3/CO[3]
                         net (fo=1, routed)           0.000     7.815    PROG_EXEC/num_inmuiere/count0_carry__3_n_0
    SLICE_X32Y8          CARRY4 (Prop_carry4_CI_CO[3])
                                                      0.114     7.929 r  PROG_EXEC/num_inmuiere/count0_carry__4/CO[3]
                         net (fo=1, routed)           0.000     7.929    PROG_EXEC/num_inmuiere/count0_carry__4_n_0
    SLICE_X32Y9          CARRY4 (Prop_carry4_CI_CO[3])
                                                      0.114     8.043 r  PROG_EXEC/num_inmuiere/count0_carry__5/CO[3]
                         net (fo=1, routed)           0.000     8.043    PROG_EXEC/num_inmuiere/count0_carry__5_n_0
    SLICE_X32Y10         CARRY4 (Prop_carry4_CI_O[2])
                                                      0.239     8.282 r  PROG_EXEC/num_inmuiere/count0_carry__6/O[2]
                         net (fo=1, routed)           1.025     9.307    PROG_EXEC/num_inmuiere/count0_carry__6_n_5
    SLICE_X31Y5          LUT2 (Prop_lut2_I0_O)        0.302     9.609 r  PROG_EXEC/num_inmuiere/count[31]_i_2__1/O
                         net (fo=1, routed)           0.000     9.609    PROG_EXEC/num_inmuiere/count[31]
    SLICE_X31Y5          FDCE                                         r  PROG_EXEC/num_inmuiere/count_reg[31]/D
  -------------------------------------------------------------------    -------------------

                         (clock sys_clk_pin rise edge)
                                                     10.000    10.000 r  
    W5                                                0.000    10.000 r  CLK (IN)
                         net (fo=0)                   0.000    10.000    CLK
    W5                   IBUF (Prop_ibuf_I_O)         1.388    11.388 r  CLK_IBUF_inst/O
                         net (fo=1, routed)           1.862    13.250    CLK_IBUF
    BUFGCTRL_X0Y0        BUFG (Prop_bufg_I_O)         0.091    13.341 r  CLK_IBUF_BUFG_inst/O
                         net (fo=316, routed)         1.445    14.786    PROG_EXEC/num_inmuiere/CLK
    SLICE_X31Y5          FDCE                                         r  PROG_EXEC/num_inmuiere/count_reg[31]/C
                         clock pessimism              0.275    15.061    
                         clock uncertainty           -0.035    15.026    
    SLICE_X31Y5          FDCE (Setup_fdce_C_D)        0.031    15.057    PROG_EXEC/num_inmuiere/count_reg[31]
  -------------------------------------------------------------------
                         required time                         15.057    
                         arrival time                          -9.609    
  -------------------------------------------------------------------
                         slack                                  5.448    

Slack (MET) :             5.469ns  (required time - arrival time)
  Source:                 PROG_EXEC/num_spalare_prin/count_reg[2]/C
                            (rising edge-triggered cell FDCE clocked by sys_clk_pin  {rise@0.000ns fall@5.000ns period=10.000ns})
  Destination:            PROG_EXEC/num_spalare_prin/count_reg[26]/D
                            (rising edge-triggered cell FDCE clocked by sys_clk_pin  {rise@0.000ns fall@5.000ns period=10.000ns})
  Path Group:             sys_clk_pin
  Path Type:              Setup (Max at Slow Process Corner)
  Requirement:            10.000ns  (sys_clk_pin rise@10.000ns - sys_clk_pin rise@0.000ns)
  Data Path Delay:        4.527ns  (logic 2.465ns (54.446%)  route 2.062ns (45.554%))
  Logic Levels:           8  (CARRY4=7 LUT2=1)
  Clock Path Skew:        0.000ns (DCD - SCD + CPR)
    Destination Clock Delay (DCD):    4.784ns = ( 14.784 - 10.000 ) 
    Source Clock Delay      (SCD):    5.083ns
    Clock Pessimism Removal (CPR):    0.299ns
  Clock Uncertainty:      0.035ns  ((TSJ^2 + TIJ^2)^1/2 + DJ) / 2 + PE
    Total System Jitter     (TSJ):    0.071ns
    Total Input Jitter      (TIJ):    0.000ns
    Discrete Jitter          (DJ):    0.000ns
    Phase Error              (PE):    0.000ns

    Location             Delay type                Incr(ns)  Path(ns)    Netlist Resource(s)
  -------------------------------------------------------------------    -------------------
                         (clock sys_clk_pin rise edge)
                                                      0.000     0.000 r  
    W5                                                0.000     0.000 r  CLK (IN)
                         net (fo=0)                   0.000     0.000    CLK
    W5                   IBUF (Prop_ibuf_I_O)         1.458     1.458 r  CLK_IBUF_inst/O
                         net (fo=1, routed)           1.967     3.425    CLK_IBUF
    BUFGCTRL_X0Y0        BUFG (Prop_bufg_I_O)         0.096     3.521 r  CLK_IBUF_BUFG_inst/O
                         net (fo=316, routed)         1.562     5.083    PROG_EXEC/num_spalare_prin/CLK
    SLICE_X41Y12         FDCE                                         r  PROG_EXEC/num_spalare_prin/count_reg[2]/C
  -------------------------------------------------------------------    -------------------
    SLICE_X41Y12         FDCE (Prop_fdce_C_Q)         0.419     5.502 r  PROG_EXEC/num_spalare_prin/count_reg[2]/Q
                         net (fo=2, routed)           1.112     6.614    PROG_EXEC/num_spalare_prin/count_reg_n_0_[2]
    SLICE_X38Y8          CARRY4 (Prop_carry4_S[1]_CO[3])
                                                      0.832     7.446 r  PROG_EXEC/num_spalare_prin/count0_carry/CO[3]
                         net (fo=1, routed)           0.000     7.446    PROG_EXEC/num_spalare_prin/count0_carry_n_0
    SLICE_X38Y9          CARRY4 (Prop_carry4_CI_CO[3])
                                                      0.117     7.563 r  PROG_EXEC/num_spalare_prin/count0_carry__0/CO[3]
                         net (fo=1, routed)           0.000     7.563    PROG_EXEC/num_spalare_prin/count0_carry__0_n_0
    SLICE_X38Y10         CARRY4 (Prop_carry4_CI_CO[3])
                                                      0.117     7.680 r  PROG_EXEC/num_spalare_prin/count0_carry__1/CO[3]
                         net (fo=1, routed)           0.000     7.680    PROG_EXEC/num_spalare_prin/count0_carry__1_n_0
    SLICE_X38Y11         CARRY4 (Prop_carry4_CI_CO[3])
                                                      0.117     7.797 r  PROG_EXEC/num_spalare_prin/count0_carry__2/CO[3]
                         net (fo=1, routed)           0.000     7.797    PROG_EXEC/num_spalare_prin/count0_carry__2_n_0
    SLICE_X38Y12         CARRY4 (Prop_carry4_CI_CO[3])
                                                      0.117     7.914 r  PROG_EXEC/num_spalare_prin/count0_carry__3/CO[3]
                         net (fo=1, routed)           0.000     7.914    PROG_EXEC/num_spalare_prin/count0_carry__3_n_0
    SLICE_X38Y13         CARRY4 (Prop_carry4_CI_CO[3])
                                                      0.117     8.031 r  PROG_EXEC/num_spalare_prin/count0_carry__4/CO[3]
                         net (fo=1, routed)           0.000     8.031    PROG_EXEC/num_spalare_prin/count0_carry__4_n_0
    SLICE_X38Y14         CARRY4 (Prop_carry4_CI_O[1])
                                                      0.323     8.354 r  PROG_EXEC/num_spalare_prin/count0_carry__5/O[1]
                         net (fo=1, routed)           0.950     9.305    PROG_EXEC/num_spalare_prin/count0_carry__5_n_6
    SLICE_X41Y12         LUT2 (Prop_lut2_I0_O)        0.306     9.611 r  PROG_EXEC/num_spalare_prin/count[26]_i_1__1/O
                         net (fo=1, routed)           0.000     9.611    PROG_EXEC/num_spalare_prin/count[26]
    SLICE_X41Y12         FDCE                                         r  PROG_EXEC/num_spalare_prin/count_reg[26]/D
  -------------------------------------------------------------------    -------------------

                         (clock sys_clk_pin rise edge)
                                                     10.000    10.000 r  
    W5                                                0.000    10.000 r  CLK (IN)
                         net (fo=0)                   0.000    10.000    CLK
    W5                   IBUF (Prop_ibuf_I_O)         1.388    11.388 r  CLK_IBUF_inst/O
                         net (fo=1, routed)           1.862    13.250    CLK_IBUF
    BUFGCTRL_X0Y0        BUFG (Prop_bufg_I_O)         0.091    13.341 r  CLK_IBUF_BUFG_inst/O
                         net (fo=316, routed)         1.443    14.784    PROG_EXEC/num_spalare_prin/CLK
    SLICE_X41Y12         FDCE                                         r  PROG_EXEC/num_spalare_prin/count_reg[26]/C
                         clock pessimism              0.299    15.083    
                         clock uncertainty           -0.035    15.048    
    SLICE_X41Y12         FDCE (Setup_fdce_C_D)        0.032    15.080    PROG_EXEC/num_spalare_prin/count_reg[26]
  -------------------------------------------------------------------
                         required time                         15.080    
                         arrival time                          -9.611    
  -------------------------------------------------------------------
                         slack                                  5.469    

Slack (MET) :             5.474ns  (required time - arrival time)
  Source:                 PROG_EXEC/num_clatire_sup/count_reg[1]/C
                            (rising edge-triggered cell FDCE clocked by sys_clk_pin  {rise@0.000ns fall@5.000ns period=10.000ns})
  Destination:            PROG_EXEC/num_clatire_sup/count_reg[29]/D
                            (rising edge-triggered cell FDCE clocked by sys_clk_pin  {rise@0.000ns fall@5.000ns period=10.000ns})
  Path Group:             sys_clk_pin
  Path Type:              Setup (Max at Slow Process Corner)
  Requirement:            10.000ns  (sys_clk_pin rise@10.000ns - sys_clk_pin rise@0.000ns)
  Data Path Delay:        4.526ns  (logic 2.455ns (54.239%)  route 2.071ns (45.761%))
  Logic Levels:           9  (CARRY4=8 LUT2=1)
  Clock Path Skew:        -0.043ns (DCD - SCD + CPR)
    Destination Clock Delay (DCD):    4.779ns = ( 14.779 - 10.000 ) 
    Source Clock Delay      (SCD):    5.082ns
    Clock Pessimism Removal (CPR):    0.260ns
  Clock Uncertainty:      0.035ns  ((TSJ^2 + TIJ^2)^1/2 + DJ) / 2 + PE
    Total System Jitter     (TSJ):    0.071ns
    Total Input Jitter      (TIJ):    0.000ns
    Discrete Jitter          (DJ):    0.000ns
    Phase Error              (PE):    0.000ns

    Location             Delay type                Incr(ns)  Path(ns)    Netlist Resource(s)
  -------------------------------------------------------------------    -------------------
                         (clock sys_clk_pin rise edge)
                                                      0.000     0.000 r  
    W5                                                0.000     0.000 r  CLK (IN)
                         net (fo=0)                   0.000     0.000    CLK
    W5                   IBUF (Prop_ibuf_I_O)         1.458     1.458 r  CLK_IBUF_inst/O
                         net (fo=1, routed)           1.967     3.425    CLK_IBUF
    BUFGCTRL_X0Y0        BUFG (Prop_bufg_I_O)         0.096     3.521 r  CLK_IBUF_BUFG_inst/O
                         net (fo=316, routed)         1.561     5.082    PROG_EXEC/num_clatire_sup/CLK
    SLICE_X41Y14         FDCE                                         r  PROG_EXEC/num_clatire_sup/count_reg[1]/C
  -------------------------------------------------------------------    -------------------
    SLICE_X41Y14         FDCE (Prop_fdce_C_Q)         0.419     5.501 r  PROG_EXEC/num_clatire_sup/count_reg[1]/Q
                         net (fo=2, routed)           1.271     6.773    PROG_EXEC/num_clatire_sup/count_reg_n_0_[1]
    SLICE_X39Y10         CARRY4 (Prop_carry4_S[0]_CO[3])
                                                      0.831     7.604 r  PROG_EXEC/num_clatire_sup/count0_carry/CO[3]
                         net (fo=1, routed)           0.000     7.604    PROG_EXEC/num_clatire_sup/count0_carry_n_0
    SLICE_X39Y11         CARRY4 (Prop_carry4_CI_CO[3])
                                                      0.114     7.718 r  PROG_EXEC/num_clatire_sup/count0_carry__0/CO[3]
                         net (fo=1, routed)           0.000     7.718    PROG_EXEC/num_clatire_sup/count0_carry__0_n_0
    SLICE_X39Y12         CARRY4 (Prop_carry4_CI_CO[3])
                                                      0.114     7.832 r  PROG_EXEC/num_clatire_sup/count0_carry__1/CO[3]
                         net (fo=1, routed)           0.000     7.832    PROG_EXEC/num_clatire_sup/count0_carry__1_n_0
    SLICE_X39Y13         CARRY4 (Prop_carry4_CI_CO[3])
                                                      0.114     7.946 r  PROG_EXEC/num_clatire_sup/count0_carry__2/CO[3]
                         net (fo=1, routed)           0.000     7.946    PROG_EXEC/num_clatire_sup/count0_carry__2_n_0
    SLICE_X39Y14         CARRY4 (Prop_carry4_CI_CO[3])
                                                      0.114     8.060 r  PROG_EXEC/num_clatire_sup/count0_carry__3/CO[3]
                         net (fo=1, routed)           0.000     8.060    PROG_EXEC/num_clatire_sup/count0_carry__3_n_0
    SLICE_X39Y15         CARRY4 (Prop_carry4_CI_CO[3])
                                                      0.114     8.174 r  PROG_EXEC/num_clatire_sup/count0_carry__4/CO[3]
                         net (fo=1, routed)           0.000     8.174    PROG_EXEC/num_clatire_sup/count0_carry__4_n_0
    SLICE_X39Y16         CARRY4 (Prop_carry4_CI_CO[3])
                                                      0.114     8.288 r  PROG_EXEC/num_clatire_sup/count0_carry__5/CO[3]
                         net (fo=1, routed)           0.000     8.288    PROG_EXEC/num_clatire_sup/count0_carry__5_n_0
    SLICE_X39Y17         CARRY4 (Prop_carry4_CI_O[0])
                                                      0.222     8.510 r  PROG_EXEC/num_clatire_sup/count0_carry__6/O[0]
                         net (fo=1, routed)           0.800     9.310    PROG_EXEC/num_clatire_sup/count0_carry__6_n_7
    SLICE_X38Y16         LUT2 (Prop_lut2_I0_O)        0.299     9.609 r  PROG_EXEC/num_clatire_sup/count[29]_i_1__5/O
                         net (fo=1, routed)           0.000     9.609    PROG_EXEC/num_clatire_sup/count[29]
    SLICE_X38Y16         FDCE                                         r  PROG_EXEC/num_clatire_sup/count_reg[29]/D
  -------------------------------------------------------------------    -------------------

                         (clock sys_clk_pin rise edge)
                                                     10.000    10.000 r  
    W5                                                0.000    10.000 r  CLK (IN)
                         net (fo=0)                   0.000    10.000    CLK
    W5                   IBUF (Prop_ibuf_I_O)         1.388    11.388 r  CLK_IBUF_inst/O
                         net (fo=1, routed)           1.862    13.250    CLK_IBUF
    BUFGCTRL_X0Y0        BUFG (Prop_bufg_I_O)         0.091    13.341 r  CLK_IBUF_BUFG_inst/O
                         net (fo=316, routed)         1.438    14.779    PROG_EXEC/num_clatire_sup/CLK
    SLICE_X38Y16         FDCE                                         r  PROG_EXEC/num_clatire_sup/count_reg[29]/C
                         clock pessimism              0.260    15.039    
                         clock uncertainty           -0.035    15.004    
    SLICE_X38Y16         FDCE (Setup_fdce_C_D)        0.079    15.083    PROG_EXEC/num_clatire_sup/count_reg[29]
  -------------------------------------------------------------------
                         required time                         15.083    
                         arrival time                          -9.609    
  -------------------------------------------------------------------
                         slack                                  5.474    





Min Delay Paths
--------------------------------------------------------------------------------------
Slack (MET) :             0.264ns  (arrival time - required time)
  Source:                 PROG_EXEC/num_clatire_sup/divclock_reg/C
                            (rising edge-triggered cell FDRE clocked by sys_clk_pin  {rise@0.000ns fall@5.000ns period=10.000ns})
  Destination:            PROG_EXEC/num_clatire_sup/divclock_reg/D
                            (rising edge-triggered cell FDRE clocked by sys_clk_pin  {rise@0.000ns fall@5.000ns period=10.000ns})
  Path Group:             sys_clk_pin
  Path Type:              Hold (Min at Fast Process Corner)
  Requirement:            0.000ns  (sys_clk_pin rise@0.000ns - sys_clk_pin rise@0.000ns)
  Data Path Delay:        0.384ns  (logic 0.209ns (54.384%)  route 0.175ns (45.616%))
  Logic Levels:           1  (LUT6=1)
  Clock Path Skew:        0.000ns (DCD - SCD - CPR)
    Destination Clock Delay (DCD):    1.955ns
    Source Clock Delay      (SCD):    1.442ns
    Clock Pessimism Removal (CPR):    0.513ns

    Location             Delay type                Incr(ns)  Path(ns)    Netlist Resource(s)
  -------------------------------------------------------------------    -------------------
                         (clock sys_clk_pin rise edge)
                                                      0.000     0.000 r  
    W5                                                0.000     0.000 r  CLK (IN)
                         net (fo=0)                   0.000     0.000    CLK
    W5                   IBUF (Prop_ibuf_I_O)         0.226     0.226 r  CLK_IBUF_inst/O
                         net (fo=1, routed)           0.631     0.858    CLK_IBUF
    BUFGCTRL_X0Y0        BUFG (Prop_bufg_I_O)         0.026     0.884 r  CLK_IBUF_BUFG_inst/O
                         net (fo=316, routed)         0.559     1.442    PROG_EXEC/num_clatire_sup/CLK
    SLICE_X42Y13         FDRE                                         r  PROG_EXEC/num_clatire_sup/divclock_reg/C
  -------------------------------------------------------------------    -------------------
    SLICE_X42Y13         FDRE (Prop_fdre_C_Q)         0.164     1.606 r  PROG_EXEC/num_clatire_sup/divclock_reg/Q
                         net (fo=22, routed)          0.175     1.781    PROG_EXEC/num_clatire_sup/divclock_reg_n_0
    SLICE_X42Y13         LUT6 (Prop_lut6_I5_O)        0.045     1.826 r  PROG_EXEC/num_clatire_sup/divclock_i_1__0/O
                         net (fo=1, routed)           0.000     1.826    PROG_EXEC/num_clatire_sup/divclock_i_1__0_n_0
    SLICE_X42Y13         FDRE                                         r  PROG_EXEC/num_clatire_sup/divclock_reg/D
  -------------------------------------------------------------------    -------------------

                         (clock sys_clk_pin rise edge)
                                                      0.000     0.000 r  
    W5                                                0.000     0.000 r  CLK (IN)
                         net (fo=0)                   0.000     0.000    CLK
    W5                   IBUF (Prop_ibuf_I_O)         0.414     0.414 r  CLK_IBUF_inst/O
                         net (fo=1, routed)           0.685     1.099    CLK_IBUF
    BUFGCTRL_X0Y0        BUFG (Prop_bufg_I_O)         0.029     1.128 r  CLK_IBUF_BUFG_inst/O
                         net (fo=316, routed)         0.828     1.955    PROG_EXEC/num_clatire_sup/CLK
    SLICE_X42Y13         FDRE                                         r  PROG_EXEC/num_clatire_sup/divclock_reg/C
                         clock pessimism             -0.513     1.442    
    SLICE_X42Y13         FDRE (Hold_fdre_C_D)         0.120     1.562    PROG_EXEC/num_clatire_sup/divclock_reg
  -------------------------------------------------------------------
                         required time                         -1.562    
                         arrival time                           1.826    
  -------------------------------------------------------------------
                         slack                                  0.264    

Slack (MET) :             0.266ns  (arrival time - required time)
  Source:                 alegere_program/afis_reg[1]/C
                            (rising edge-triggered cell FDRE clocked by sys_clk_pin  {rise@0.000ns fall@5.000ns period=10.000ns})
  Destination:            alegere_program/afis_reg[2]/D
                            (rising edge-triggered cell FDRE clocked by sys_clk_pin  {rise@0.000ns fall@5.000ns period=10.000ns})
  Path Group:             sys_clk_pin
  Path Type:              Hold (Min at Fast Process Corner)
  Requirement:            0.000ns  (sys_clk_pin rise@0.000ns - sys_clk_pin rise@0.000ns)
  Data Path Delay:        0.394ns  (logic 0.209ns (53.109%)  route 0.185ns (46.891%))
  Logic Levels:           1  (LUT3=1)
  Clock Path Skew:        0.037ns (DCD - SCD - CPR)
    Destination Clock Delay (DCD):    1.960ns
    Source Clock Delay      (SCD):    1.445ns
    Clock Pessimism Removal (CPR):    0.478ns

    Location             Delay type                Incr(ns)  Path(ns)    Netlist Resource(s)
  -------------------------------------------------------------------    -------------------
                         (clock sys_clk_pin rise edge)
                                                      0.000     0.000 r  
    W5                                                0.000     0.000 r  CLK (IN)
                         net (fo=0)                   0.000     0.000    CLK
    W5                   IBUF (Prop_ibuf_I_O)         0.226     0.226 r  CLK_IBUF_inst/O
                         net (fo=1, routed)           0.631     0.858    CLK_IBUF
    BUFGCTRL_X0Y0        BUFG (Prop_bufg_I_O)         0.026     0.884 r  CLK_IBUF_BUFG_inst/O
                         net (fo=316, routed)         0.562     1.445    alegere_program/CLK
    SLICE_X42Y9          FDRE                                         r  alegere_program/afis_reg[1]/C
  -------------------------------------------------------------------    -------------------
    SLICE_X42Y9          FDRE (Prop_fdre_C_Q)         0.164     1.609 r  alegere_program/afis_reg[1]/Q
                         net (fo=18, routed)          0.185     1.794    alegere_program/alg_prog[1]
    SLICE_X45Y9          LUT3 (Prop_lut3_I2_O)        0.045     1.839 r  alegere_program/afis[2]_i_1/O
                         net (fo=1, routed)           0.000     1.839    alegere_program/afis[2]_i_1_n_0
    SLICE_X45Y9          FDRE                                         r  alegere_program/afis_reg[2]/D
  -------------------------------------------------------------------    -------------------

                         (clock sys_clk_pin rise edge)
                                                      0.000     0.000 r  
    W5                                                0.000     0.000 r  CLK (IN)
                         net (fo=0)                   0.000     0.000    CLK
    W5                   IBUF (Prop_ibuf_I_O)         0.414     0.414 r  CLK_IBUF_inst/O
                         net (fo=1, routed)           0.685     1.099    CLK_IBUF
    BUFGCTRL_X0Y0        BUFG (Prop_bufg_I_O)         0.029     1.128 r  CLK_IBUF_BUFG_inst/O
                         net (fo=316, routed)         0.833     1.960    alegere_program/CLK
    SLICE_X45Y9          FDRE                                         r  alegere_program/afis_reg[2]/C
                         clock pessimism             -0.478     1.482    
    SLICE_X45Y9          FDRE (Hold_fdre_C_D)         0.091     1.573    alegere_program/afis_reg[2]
  -------------------------------------------------------------------
                         required time                         -1.573    
                         arrival time                           1.839    
  -------------------------------------------------------------------
                         slack                                  0.266    

Slack (MET) :             0.268ns  (arrival time - required time)
  Source:                 AFIS_TIMP/count_reg[10]/C
                            (rising edge-triggered cell FDRE clocked by sys_clk_pin  {rise@0.000ns fall@5.000ns period=10.000ns})
  Destination:            AFIS_TIMP/count_reg[10]/D
                            (rising edge-triggered cell FDRE clocked by sys_clk_pin  {rise@0.000ns fall@5.000ns period=10.000ns})
  Path Group:             sys_clk_pin
  Path Type:              Hold (Min at Fast Process Corner)
  Requirement:            0.000ns  (sys_clk_pin rise@0.000ns - sys_clk_pin rise@0.000ns)
  Data Path Delay:        0.373ns  (logic 0.252ns (67.478%)  route 0.121ns (32.522%))
  Logic Levels:           1  (CARRY4=1)
  Clock Path Skew:        0.000ns (DCD - SCD - CPR)
    Destination Clock Delay (DCD):    1.960ns
    Source Clock Delay      (SCD):    1.446ns
    Clock Pessimism Removal (CPR):    0.514ns

    Location             Delay type                Incr(ns)  Path(ns)    Netlist Resource(s)
  -------------------------------------------------------------------    -------------------
                         (clock sys_clk_pin rise edge)
                                                      0.000     0.000 r  
    W5                                                0.000     0.000 r  CLK (IN)
                         net (fo=0)                   0.000     0.000    CLK
    W5                   IBUF (Prop_ibuf_I_O)         0.226     0.226 r  CLK_IBUF_inst/O
                         net (fo=1, routed)           0.631     0.858    CLK_IBUF
    BUFGCTRL_X0Y0        BUFG (Prop_bufg_I_O)         0.026     0.884 r  CLK_IBUF_BUFG_inst/O
                         net (fo=316, routed)         0.563     1.446    AFIS_TIMP/CLK_IBUF_BUFG
    SLICE_X44Y9          FDRE                                         r  AFIS_TIMP/count_reg[10]/C
  -------------------------------------------------------------------    -------------------
    SLICE_X44Y9          FDRE (Prop_fdre_C_Q)         0.141     1.587 r  AFIS_TIMP/count_reg[10]/Q
                         net (fo=1, routed)           0.121     1.709    AFIS_TIMP/count_reg_n_0_[10]
    SLICE_X44Y9          CARRY4 (Prop_carry4_S[2]_O[2])
                                                      0.111     1.820 r  AFIS_TIMP/count_reg[8]_i_1/O[2]
                         net (fo=1, routed)           0.000     1.820    AFIS_TIMP/count_reg[8]_i_1_n_5
    SLICE_X44Y9          FDRE                                         r  AFIS_TIMP/count_reg[10]/D
  -------------------------------------------------------------------    -------------------

                         (clock sys_clk_pin rise edge)
                                                      0.000     0.000 r  
    W5                                                0.000     0.000 r  CLK (IN)
                         net (fo=0)                   0.000     0.000    CLK
    W5                   IBUF (Prop_ibuf_I_O)         0.414     0.414 r  CLK_IBUF_inst/O
                         net (fo=1, routed)           0.685     1.099    CLK_IBUF
    BUFGCTRL_X0Y0        BUFG (Prop_bufg_I_O)         0.029     1.128 r  CLK_IBUF_BUFG_inst/O
                         net (fo=316, routed)         0.833     1.960    AFIS_TIMP/CLK_IBUF_BUFG
    SLICE_X44Y9          FDRE                                         r  AFIS_TIMP/count_reg[10]/C
                         clock pessimism             -0.514     1.446    
    SLICE_X44Y9          FDRE (Hold_fdre_C_D)         0.105     1.551    AFIS_TIMP/count_reg[10]
  -------------------------------------------------------------------
                         required time                         -1.551    
                         arrival time                           1.820    
  -------------------------------------------------------------------
                         slack                                  0.268    

Slack (MET) :             0.268ns  (arrival time - required time)
  Source:                 AFIS_TIMP/count_reg[6]/C
                            (rising edge-triggered cell FDRE clocked by sys_clk_pin  {rise@0.000ns fall@5.000ns period=10.000ns})
  Destination:            AFIS_TIMP/count_reg[6]/D
                            (rising edge-triggered cell FDRE clocked by sys_clk_pin  {rise@0.000ns fall@5.000ns period=10.000ns})
  Path Group:             sys_clk_pin
  Path Type:              Hold (Min at Fast Process Corner)
  Requirement:            0.000ns  (sys_clk_pin rise@0.000ns - sys_clk_pin rise@0.000ns)
  Data Path Delay:        0.373ns  (logic 0.252ns (67.478%)  route 0.121ns (32.522%))
  Logic Levels:           1  (CARRY4=1)
  Clock Path Skew:        0.000ns (DCD - SCD - CPR)
    Destination Clock Delay (DCD):    1.960ns
    Source Clock Delay      (SCD):    1.446ns
    Clock Pessimism Removal (CPR):    0.514ns

    Location             Delay type                Incr(ns)  Path(ns)    Netlist Resource(s)
  -------------------------------------------------------------------    -------------------
                         (clock sys_clk_pin rise edge)
                                                      0.000     0.000 r  
    W5                                                0.000     0.000 r  CLK (IN)
                         net (fo=0)                   0.000     0.000    CLK
    W5                   IBUF (Prop_ibuf_I_O)         0.226     0.226 r  CLK_IBUF_inst/O
                         net (fo=1, routed)           0.631     0.858    CLK_IBUF
    BUFGCTRL_X0Y0        BUFG (Prop_bufg_I_O)         0.026     0.884 r  CLK_IBUF_BUFG_inst/O
                         net (fo=316, routed)         0.563     1.446    AFIS_TIMP/CLK_IBUF_BUFG
    SLICE_X44Y8          FDRE                                         r  AFIS_TIMP/count_reg[6]/C
  -------------------------------------------------------------------    -------------------
    SLICE_X44Y8          FDRE (Prop_fdre_C_Q)         0.141     1.587 r  AFIS_TIMP/count_reg[6]/Q
                         net (fo=1, routed)           0.121     1.709    AFIS_TIMP/count_reg_n_0_[6]
    SLICE_X44Y8          CARRY4 (Prop_carry4_S[2]_O[2])
                                                      0.111     1.820 r  AFIS_TIMP/count_reg[4]_i_1/O[2]
                         net (fo=1, routed)           0.000     1.820    AFIS_TIMP/count_reg[4]_i_1_n_5
    SLICE_X44Y8          FDRE                                         r  AFIS_TIMP/count_reg[6]/D
  -------------------------------------------------------------------    -------------------

                         (clock sys_clk_pin rise edge)
                                                      0.000     0.000 r  
    W5                                                0.000     0.000 r  CLK (IN)
                         net (fo=0)                   0.000     0.000    CLK
    W5                   IBUF (Prop_ibuf_I_O)         0.414     0.414 r  CLK_IBUF_inst/O
                         net (fo=1, routed)           0.685     1.099    CLK_IBUF
    BUFGCTRL_X0Y0        BUFG (Prop_bufg_I_O)         0.029     1.128 r  CLK_IBUF_BUFG_inst/O
                         net (fo=316, routed)         0.833     1.960    AFIS_TIMP/CLK_IBUF_BUFG
    SLICE_X44Y8          FDRE                                         r  AFIS_TIMP/count_reg[6]/C
                         clock pessimism             -0.514     1.446    
    SLICE_X44Y8          FDRE (Hold_fdre_C_D)         0.105     1.551    AFIS_TIMP/count_reg[6]
  -------------------------------------------------------------------
                         required time                         -1.551    
                         arrival time                           1.820    
  -------------------------------------------------------------------
                         slack                                  0.268    

Slack (MET) :             0.278ns  (arrival time - required time)
  Source:                 PROG_EXEC/num_inmuiere/divclock_reg/C
                            (rising edge-triggered cell FDRE clocked by sys_clk_pin  {rise@0.000ns fall@5.000ns period=10.000ns})
  Destination:            PROG_EXEC/num_inmuiere/divclock_reg/D
                            (rising edge-triggered cell FDRE clocked by sys_clk_pin  {rise@0.000ns fall@5.000ns period=10.000ns})
  Path Group:             sys_clk_pin
  Path Type:              Hold (Min at Fast Process Corner)
  Requirement:            0.000ns  (sys_clk_pin rise@0.000ns - sys_clk_pin rise@0.000ns)
  Data Path Delay:        0.398ns  (logic 0.209ns (52.534%)  route 0.189ns (47.466%))
  Logic Levels:           1  (LUT6=1)
  Clock Path Skew:        0.000ns (DCD - SCD - CPR)
    Destination Clock Delay (DCD):    1.959ns
    Source Clock Delay      (SCD):    1.446ns
    Clock Pessimism Removal (CPR):    0.513ns

    Location             Delay type                Incr(ns)  Path(ns)    Netlist Resource(s)
  -------------------------------------------------------------------    -------------------
                         (clock sys_clk_pin rise edge)
                                                      0.000     0.000 r  
    W5                                                0.000     0.000 r  CLK (IN)
                         net (fo=0)                   0.000     0.000    CLK
    W5                   IBUF (Prop_ibuf_I_O)         0.226     0.226 r  CLK_IBUF_inst/O
                         net (fo=1, routed)           0.631     0.858    CLK_IBUF
    BUFGCTRL_X0Y0        BUFG (Prop_bufg_I_O)         0.026     0.884 r  CLK_IBUF_BUFG_inst/O
                         net (fo=316, routed)         0.563     1.446    PROG_EXEC/num_inmuiere/CLK
    SLICE_X30Y4          FDRE                                         r  PROG_EXEC/num_inmuiere/divclock_reg/C
  -------------------------------------------------------------------    -------------------
    SLICE_X30Y4          FDRE (Prop_fdre_C_Q)         0.164     1.610 r  PROG_EXEC/num_inmuiere/divclock_reg/Q
                         net (fo=22, routed)          0.189     1.799    PROG_EXEC/num_inmuiere/divclock_reg_n_0
    SLICE_X30Y4          LUT6 (Prop_lut6_I5_O)        0.045     1.844 r  PROG_EXEC/num_inmuiere/divclock_i_1__5/O
                         net (fo=1, routed)           0.000     1.844    PROG_EXEC/num_inmuiere/divclock_i_1__5_n_0
    SLICE_X30Y4          FDRE                                         r  PROG_EXEC/num_inmuiere/divclock_reg/D
  -------------------------------------------------------------------    -------------------

                         (clock sys_clk_pin rise edge)
                                                      0.000     0.000 r  
    W5                                                0.000     0.000 r  CLK (IN)
                         net (fo=0)                   0.000     0.000    CLK
    W5                   IBUF (Prop_ibuf_I_O)         0.414     0.414 r  CLK_IBUF_inst/O
                         net (fo=1, routed)           0.685     1.099    CLK_IBUF
    BUFGCTRL_X0Y0        BUFG (Prop_bufg_I_O)         0.029     1.128 r  CLK_IBUF_BUFG_inst/O
                         net (fo=316, routed)         0.832     1.959    PROG_EXEC/num_inmuiere/CLK
    SLICE_X30Y4          FDRE                                         r  PROG_EXEC/num_inmuiere/divclock_reg/C
                         clock pessimism             -0.513     1.446    
    SLICE_X30Y4          FDRE (Hold_fdre_C_D)         0.120     1.566    PROG_EXEC/num_inmuiere/divclock_reg
  -------------------------------------------------------------------
                         required time                         -1.566    
                         arrival time                           1.844    
  -------------------------------------------------------------------
                         slack                                  0.278    

Slack (MET) :             0.280ns  (arrival time - required time)
  Source:                 PROG_EXEC/count_reg[0]/C
                            (rising edge-triggered cell FDCE clocked by sys_clk_pin  {rise@0.000ns fall@5.000ns period=10.000ns})
  Destination:            PROG_EXEC/count_reg[0]/D
                            (rising edge-triggered cell FDCE clocked by sys_clk_pin  {rise@0.000ns fall@5.000ns period=10.000ns})
  Path Group:             sys_clk_pin
  Path Type:              Hold (Min at Fast Process Corner)
  Requirement:            0.000ns  (sys_clk_pin rise@0.000ns - sys_clk_pin rise@0.000ns)
  Data Path Delay:        0.371ns  (logic 0.186ns (50.162%)  route 0.185ns (49.838%))
  Logic Levels:           1  (LUT5=1)
  Clock Path Skew:        0.000ns (DCD - SCD - CPR)
    Destination Clock Delay (DCD):    1.959ns
    Source Clock Delay      (SCD):    1.445ns
    Clock Pessimism Removal (CPR):    0.514ns

    Location             Delay type                Incr(ns)  Path(ns)    Netlist Resource(s)
  -------------------------------------------------------------------    -------------------
                         (clock sys_clk_pin rise edge)
                                                      0.000     0.000 r  
    W5                                                0.000     0.000 r  CLK (IN)
                         net (fo=0)                   0.000     0.000    CLK
    W5                   IBUF (Prop_ibuf_I_O)         0.226     0.226 r  CLK_IBUF_inst/O
                         net (fo=1, routed)           0.631     0.858    CLK_IBUF
    BUFGCTRL_X0Y0        BUFG (Prop_bufg_I_O)         0.026     0.884 r  CLK_IBUF_BUFG_inst/O
                         net (fo=316, routed)         0.562     1.445    PROG_EXEC/CLK
    SLICE_X28Y7          FDCE                                         r  PROG_EXEC/count_reg[0]/C
  -------------------------------------------------------------------    -------------------
    SLICE_X28Y7          FDCE (Prop_fdce_C_Q)         0.141     1.586 f  PROG_EXEC/count_reg[0]/Q
                         net (fo=3, routed)           0.185     1.771    PROG_EXEC/count_reg_n_0_[0]
    SLICE_X28Y7          LUT5 (Prop_lut5_I4_O)        0.045     1.816 r  PROG_EXEC/count[0]_i_1__7/O
                         net (fo=1, routed)           0.000     1.816    PROG_EXEC/count[0]
    SLICE_X28Y7          FDCE                                         r  PROG_EXEC/count_reg[0]/D
  -------------------------------------------------------------------    -------------------

                         (clock sys_clk_pin rise edge)
                                                      0.000     0.000 r  
    W5                                                0.000     0.000 r  CLK (IN)
                         net (fo=0)                   0.000     0.000    CLK
    W5                   IBUF (Prop_ibuf_I_O)         0.414     0.414 r  CLK_IBUF_inst/O
                         net (fo=1, routed)           0.685     1.099    CLK_IBUF
    BUFGCTRL_X0Y0        BUFG (Prop_bufg_I_O)         0.029     1.128 r  CLK_IBUF_BUFG_inst/O
                         net (fo=316, routed)         0.832     1.959    PROG_EXEC/CLK
    SLICE_X28Y7          FDCE                                         r  PROG_EXEC/count_reg[0]/C
                         clock pessimism             -0.514     1.445    
    SLICE_X28Y7          FDCE (Hold_fdce_C_D)         0.091     1.536    PROG_EXEC/count_reg[0]
  -------------------------------------------------------------------
                         required time                         -1.536    
                         arrival time                           1.816    
  -------------------------------------------------------------------
                         slack                                  0.280    

Slack (MET) :             0.280ns  (arrival time - required time)
  Source:                 PROG_EXEC/num_spalare_prin/divclock_reg/C
                            (rising edge-triggered cell FDRE clocked by sys_clk_pin  {rise@0.000ns fall@5.000ns period=10.000ns})
  Destination:            PROG_EXEC/num_spalare_prin/divclock_reg/D
                            (rising edge-triggered cell FDRE clocked by sys_clk_pin  {rise@0.000ns fall@5.000ns period=10.000ns})
  Path Group:             sys_clk_pin
  Path Type:              Hold (Min at Fast Process Corner)
  Requirement:            0.000ns  (sys_clk_pin rise@0.000ns - sys_clk_pin rise@0.000ns)
  Data Path Delay:        0.400ns  (logic 0.209ns (52.249%)  route 0.191ns (47.751%))
  Logic Levels:           1  (LUT6=1)
  Clock Path Skew:        0.000ns (DCD - SCD - CPR)
    Destination Clock Delay (DCD):    1.959ns
    Source Clock Delay      (SCD):    1.445ns
    Clock Pessimism Removal (CPR):    0.514ns

    Location             Delay type                Incr(ns)  Path(ns)    Netlist Resource(s)
  -------------------------------------------------------------------    -------------------
                         (clock sys_clk_pin rise edge)
                                                      0.000     0.000 r  
    W5                                                0.000     0.000 r  CLK (IN)
                         net (fo=0)                   0.000     0.000    CLK
    W5                   IBUF (Prop_ibuf_I_O)         0.226     0.226 r  CLK_IBUF_inst/O
                         net (fo=1, routed)           0.631     0.858    CLK_IBUF
    BUFGCTRL_X0Y0        BUFG (Prop_bufg_I_O)         0.026     0.884 r  CLK_IBUF_BUFG_inst/O
                         net (fo=316, routed)         0.562     1.445    PROG_EXEC/num_spalare_prin/CLK
    SLICE_X42Y9          FDRE                                         r  PROG_EXEC/num_spalare_prin/divclock_reg/C
  -------------------------------------------------------------------    -------------------
    SLICE_X42Y9          FDRE (Prop_fdre_C_Q)         0.164     1.609 r  PROG_EXEC/num_spalare_prin/divclock_reg/Q
                         net (fo=22, routed)          0.191     1.800    PROG_EXEC/num_spalare_prin/divclock_reg_n_0
    SLICE_X42Y9          LUT6 (Prop_lut6_I5_O)        0.045     1.845 r  PROG_EXEC/num_spalare_prin/divclock_i_1__4/O
                         net (fo=1, routed)           0.000     1.845    PROG_EXEC/num_spalare_prin/divclock_i_1__4_n_0
    SLICE_X42Y9          FDRE                                         r  PROG_EXEC/num_spalare_prin/divclock_reg/D
  -------------------------------------------------------------------    -------------------

                         (clock sys_clk_pin rise edge)
                                                      0.000     0.000 r  
    W5                                                0.000     0.000 r  CLK (IN)
                         net (fo=0)                   0.000     0.000    CLK
    W5                   IBUF (Prop_ibuf_I_O)         0.414     0.414 r  CLK_IBUF_inst/O
                         net (fo=1, routed)           0.685     1.099    CLK_IBUF
    BUFGCTRL_X0Y0        BUFG (Prop_bufg_I_O)         0.029     1.128 r  CLK_IBUF_BUFG_inst/O
                         net (fo=316, routed)         0.832     1.959    PROG_EXEC/num_spalare_prin/CLK
    SLICE_X42Y9          FDRE                                         r  PROG_EXEC/num_spalare_prin/divclock_reg/C
                         clock pessimism             -0.514     1.445    
    SLICE_X42Y9          FDRE (Hold_fdre_C_D)         0.120     1.565    PROG_EXEC/num_spalare_prin/divclock_reg
  -------------------------------------------------------------------
                         required time                         -1.565    
                         arrival time                           1.845    
  -------------------------------------------------------------------
                         slack                                  0.280    

Slack (MET) :             0.290ns  (arrival time - required time)
  Source:                 PROG_EXEC/num_recirculare/divclock_reg/C
                            (rising edge-triggered cell FDRE clocked by sys_clk_pin  {rise@0.000ns fall@5.000ns period=10.000ns})
  Destination:            PROG_EXEC/num_recirculare/divclock_reg/D
                            (rising edge-triggered cell FDRE clocked by sys_clk_pin  {rise@0.000ns fall@5.000ns period=10.000ns})
  Path Group:             sys_clk_pin
  Path Type:              Hold (Min at Fast Process Corner)
  Requirement:            0.000ns  (sys_clk_pin rise@0.000ns - sys_clk_pin rise@0.000ns)
  Data Path Delay:        0.410ns  (logic 0.209ns (50.979%)  route 0.201ns (49.021%))
  Logic Levels:           1  (LUT6=1)
  Clock Path Skew:        0.000ns (DCD - SCD - CPR)
    Destination Clock Delay (DCD):    1.959ns
    Source Clock Delay      (SCD):    1.446ns
    Clock Pessimism Removal (CPR):    0.513ns

    Location             Delay type                Incr(ns)  Path(ns)    Netlist Resource(s)
  -------------------------------------------------------------------    -------------------
                         (clock sys_clk_pin rise edge)
                                                      0.000     0.000 r  
    W5                                                0.000     0.000 r  CLK (IN)
                         net (fo=0)                   0.000     0.000    CLK
    W5                   IBUF (Prop_ibuf_I_O)         0.226     0.226 r  CLK_IBUF_inst/O
                         net (fo=1, routed)           0.631     0.858    CLK_IBUF
    BUFGCTRL_X0Y0        BUFG (Prop_bufg_I_O)         0.026     0.884 r  CLK_IBUF_BUFG_inst/O
                         net (fo=316, routed)         0.563     1.446    PROG_EXEC/num_recirculare/CLK
    SLICE_X30Y3          FDRE                                         r  PROG_EXEC/num_recirculare/divclock_reg/C
  -------------------------------------------------------------------    -------------------
    SLICE_X30Y3          FDRE (Prop_fdre_C_Q)         0.164     1.610 r  PROG_EXEC/num_recirculare/divclock_reg/Q
                         net (fo=22, routed)          0.201     1.811    PROG_EXEC/num_recirculare/divclock_reg_n_0
    SLICE_X30Y3          LUT6 (Prop_lut6_I5_O)        0.045     1.856 r  PROG_EXEC/num_recirculare/divclock_i_1__3/O
                         net (fo=1, routed)           0.000     1.856    PROG_EXEC/num_recirculare/divclock_i_1__3_n_0
    SLICE_X30Y3          FDRE                                         r  PROG_EXEC/num_recirculare/divclock_reg/D
  -------------------------------------------------------------------    -------------------

                         (clock sys_clk_pin rise edge)
                                                      0.000     0.000 r  
    W5                                                0.000     0.000 r  CLK (IN)
                         net (fo=0)                   0.000     0.000    CLK
    W5                   IBUF (Prop_ibuf_I_O)         0.414     0.414 r  CLK_IBUF_inst/O
                         net (fo=1, routed)           0.685     1.099    CLK_IBUF
    BUFGCTRL_X0Y0        BUFG (Prop_bufg_I_O)         0.029     1.128 r  CLK_IBUF_BUFG_inst/O
                         net (fo=316, routed)         0.832     1.959    PROG_EXEC/num_recirculare/CLK
    SLICE_X30Y3          FDRE                                         r  PROG_EXEC/num_recirculare/divclock_reg/C
                         clock pessimism             -0.513     1.446    
    SLICE_X30Y3          FDRE (Hold_fdre_C_D)         0.120     1.566    PROG_EXEC/num_recirculare/divclock_reg
  -------------------------------------------------------------------
                         required time                         -1.566    
                         arrival time                           1.856    
  -------------------------------------------------------------------
                         slack                                  0.290    

Slack (MET) :             0.292ns  (arrival time - required time)
  Source:                 PROG_EXEC/DIVCLOCK_reg/C
                            (rising edge-triggered cell FDRE clocked by sys_clk_pin  {rise@0.000ns fall@5.000ns period=10.000ns})
  Destination:            PROG_EXEC/DIVCLOCK_reg/D
                            (rising edge-triggered cell FDRE clocked by sys_clk_pin  {rise@0.000ns fall@5.000ns period=10.000ns})
  Path Group:             sys_clk_pin
  Path Type:              Hold (Min at Fast Process Corner)
  Requirement:            0.000ns  (sys_clk_pin rise@0.000ns - sys_clk_pin rise@0.000ns)
  Data Path Delay:        0.383ns  (logic 0.186ns (48.573%)  route 0.197ns (51.427%))
  Logic Levels:           1  (LUT6=1)
  Clock Path Skew:        0.000ns (DCD - SCD - CPR)
    Destination Clock Delay (DCD):    1.958ns
    Source Clock Delay      (SCD):    1.444ns
    Clock Pessimism Removal (CPR):    0.514ns

    Location             Delay type                Incr(ns)  Path(ns)    Netlist Resource(s)
  -------------------------------------------------------------------    -------------------
                         (clock sys_clk_pin rise edge)
                                                      0.000     0.000 r  
    W5                                                0.000     0.000 r  CLK (IN)
                         net (fo=0)                   0.000     0.000    CLK
    W5                   IBUF (Prop_ibuf_I_O)         0.226     0.226 r  CLK_IBUF_inst/O
                         net (fo=1, routed)           0.631     0.858    CLK_IBUF
    BUFGCTRL_X0Y0        BUFG (Prop_bufg_I_O)         0.026     0.884 r  CLK_IBUF_BUFG_inst/O
                         net (fo=316, routed)         0.561     1.444    PROG_EXEC/CLK
    SLICE_X28Y11         FDRE                                         r  PROG_EXEC/DIVCLOCK_reg/C
  -------------------------------------------------------------------    -------------------
    SLICE_X28Y11         FDRE (Prop_fdre_C_Q)         0.141     1.585 r  PROG_EXEC/DIVCLOCK_reg/Q
                         net (fo=19, routed)          0.197     1.782    PROG_EXEC/DIVCLOCK_reg_n_0
    SLICE_X28Y11         LUT6 (Prop_lut6_I5_O)        0.045     1.827 r  PROG_EXEC/DIVCLOCK_i_1/O
                         net (fo=1, routed)           0.000     1.827    PROG_EXEC/DIVCLOCK_i_1_n_0
    SLICE_X28Y11         FDRE                                         r  PROG_EXEC/DIVCLOCK_reg/D
  -------------------------------------------------------------------    -------------------

                         (clock sys_clk_pin rise edge)
                                                      0.000     0.000 r  
    W5                                                0.000     0.000 r  CLK (IN)
                         net (fo=0)                   0.000     0.000    CLK
    W5                   IBUF (Prop_ibuf_I_O)         0.414     0.414 r  CLK_IBUF_inst/O
                         net (fo=1, routed)           0.685     1.099    CLK_IBUF
    BUFGCTRL_X0Y0        BUFG (Prop_bufg_I_O)         0.029     1.128 r  CLK_IBUF_BUFG_inst/O
                         net (fo=316, routed)         0.831     1.958    PROG_EXEC/CLK
    SLICE_X28Y11         FDRE                                         r  PROG_EXEC/DIVCLOCK_reg/C
                         clock pessimism             -0.514     1.444    
    SLICE_X28Y11         FDRE (Hold_fdre_C_D)         0.091     1.535    PROG_EXEC/DIVCLOCK_reg
  -------------------------------------------------------------------
                         required time                         -1.535    
                         arrival time                           1.827    
  -------------------------------------------------------------------
                         slack                                  0.292    

Slack (MET) :             0.293ns  (arrival time - required time)
  Source:                 PROG_EXEC/num_clatire/divclock_reg/C
                            (rising edge-triggered cell FDRE clocked by sys_clk_pin  {rise@0.000ns fall@5.000ns period=10.000ns})
  Destination:            PROG_EXEC/num_clatire/divclock_reg/D
                            (rising edge-triggered cell FDRE clocked by sys_clk_pin  {rise@0.000ns fall@5.000ns period=10.000ns})
  Path Group:             sys_clk_pin
  Path Type:              Hold (Min at Fast Process Corner)
  Requirement:            0.000ns  (sys_clk_pin rise@0.000ns - sys_clk_pin rise@0.000ns)
  Data Path Delay:        0.384ns  (logic 0.186ns (48.390%)  route 0.198ns (51.610%))
  Logic Levels:           1  (LUT6=1)
  Clock Path Skew:        0.000ns (DCD - SCD - CPR)
    Destination Clock Delay (DCD):    1.955ns
    Source Clock Delay      (SCD):    1.442ns
    Clock Pessimism Removal (CPR):    0.513ns

    Location             Delay type                Incr(ns)  Path(ns)    Netlist Resource(s)
  -------------------------------------------------------------------    -------------------
                         (clock sys_clk_pin rise edge)
                                                      0.000     0.000 r  
    W5                                                0.000     0.000 r  CLK (IN)
                         net (fo=0)                   0.000     0.000    CLK
    W5                   IBUF (Prop_ibuf_I_O)         0.226     0.226 r  CLK_IBUF_inst/O
                         net (fo=1, routed)           0.631     0.858    CLK_IBUF
    BUFGCTRL_X0Y0        BUFG (Prop_bufg_I_O)         0.026     0.884 r  CLK_IBUF_BUFG_inst/O
                         net (fo=316, routed)         0.559     1.442    PROG_EXEC/num_clatire/CLK
    SLICE_X43Y13         FDRE                                         r  PROG_EXEC/num_clatire/divclock_reg/C
  -------------------------------------------------------------------    -------------------
    SLICE_X43Y13         FDRE (Prop_fdre_C_Q)         0.141     1.583 r  PROG_EXEC/num_clatire/divclock_reg/Q
                         net (fo=22, routed)          0.198     1.782    PROG_EXEC/num_clatire/divclock_reg_n_0
    SLICE_X43Y13         LUT6 (Prop_lut6_I5_O)        0.045     1.827 r  PROG_EXEC/num_clatire/divclock_i_1__1/O
                         net (fo=1, routed)           0.000     1.827    PROG_EXEC/num_clatire/divclock_i_1__1_n_0
    SLICE_X43Y13         FDRE                                         r  PROG_EXEC/num_clatire/divclock_reg/D
  -------------------------------------------------------------------    -------------------

                         (clock sys_clk_pin rise edge)
                                                      0.000     0.000 r  
    W5                                                0.000     0.000 r  CLK (IN)
                         net (fo=0)                   0.000     0.000    CLK
    W5                   IBUF (Prop_ibuf_I_O)         0.414     0.414 r  CLK_IBUF_inst/O
                         net (fo=1, routed)           0.685     1.099    CLK_IBUF
    BUFGCTRL_X0Y0        BUFG (Prop_bufg_I_O)         0.029     1.128 r  CLK_IBUF_BUFG_inst/O
                         net (fo=316, routed)         0.828     1.955    PROG_EXEC/num_clatire/CLK
    SLICE_X43Y13         FDRE                                         r  PROG_EXEC/num_clatire/divclock_reg/C
                         clock pessimism             -0.513     1.442    
    SLICE_X43Y13         FDRE (Hold_fdre_C_D)         0.091     1.533    PROG_EXEC/num_clatire/divclock_reg
  -------------------------------------------------------------------
                         required time                         -1.533    
                         arrival time                           1.827    
  -------------------------------------------------------------------
                         slack                                  0.293    





Pulse Width Checks
--------------------------------------------------------------------------------------
Clock Name:         sys_clk_pin
Waveform(ns):       { 0.000 5.000 }
Period(ns):         10.000
Sources:            { CLK }

Check Type        Corner  Lib Pin  Reference Pin  Required(ns)  Actual(ns)  Slack(ns)  Location       Pin
Min Period        n/a     BUFG/I   n/a            2.155         10.000      7.845      BUFGCTRL_X0Y0  CLK_IBUF_BUFG_inst/I
Min Period        n/a     FDRE/C   n/a            1.000         10.000      9.000      SLICE_X44Y7    AFIS_TIMP/count_reg[0]/C
Min Period        n/a     FDRE/C   n/a            1.000         10.000      9.000      SLICE_X44Y9    AFIS_TIMP/count_reg[10]/C
Min Period        n/a     FDRE/C   n/a            1.000         10.000      9.000      SLICE_X44Y9    AFIS_TIMP/count_reg[11]/C
Min Period        n/a     FDRE/C   n/a            1.000         10.000      9.000      SLICE_X44Y10   AFIS_TIMP/count_reg[12]/C
Min Period        n/a     FDRE/C   n/a            1.000         10.000      9.000      SLICE_X44Y10   AFIS_TIMP/count_reg[13]/C
Min Period        n/a     FDRE/C   n/a            1.000         10.000      9.000      SLICE_X44Y10   AFIS_TIMP/count_reg[14]/C
Min Period        n/a     FDRE/C   n/a            1.000         10.000      9.000      SLICE_X44Y10   AFIS_TIMP/count_reg[15]/C
Min Period        n/a     FDCE/C   n/a            1.000         10.000      9.000      SLICE_X41Y19   PROG_EXEC/num_evacuare/count_reg[25]/C
Min Period        n/a     FDCE/C   n/a            1.000         10.000      9.000      SLICE_X41Y18   PROG_EXEC/num_evacuare/count_reg[26]/C
Low Pulse Width   Slow    FDRE/C   n/a            0.500         5.000       4.500      SLICE_X44Y7    AFIS_TIMP/count_reg[0]/C
Low Pulse Width   Slow    FDRE/C   n/a            0.500         5.000       4.500      SLICE_X44Y9    AFIS_TIMP/count_reg[10]/C
Low Pulse Width   Slow    FDRE/C   n/a            0.500         5.000       4.500      SLICE_X44Y9    AFIS_TIMP/count_reg[11]/C
Low Pulse Width   Slow    FDRE/C   n/a            0.500         5.000       4.500      SLICE_X44Y10   AFIS_TIMP/count_reg[12]/C
Low Pulse Width   Slow    FDRE/C   n/a            0.500         5.000       4.500      SLICE_X44Y10   AFIS_TIMP/count_reg[13]/C
Low Pulse Width   Slow    FDRE/C   n/a            0.500         5.000       4.500      SLICE_X44Y10   AFIS_TIMP/count_reg[14]/C
Low Pulse Width   Slow    FDRE/C   n/a            0.500         5.000       4.500      SLICE_X44Y10   AFIS_TIMP/count_reg[15]/C
Low Pulse Width   Slow    FDCE/C   n/a            0.500         5.000       4.500      SLICE_X31Y2    PROG_EXEC/num_recirculare/count_reg[0]/C
Low Pulse Width   Slow    FDCE/C   n/a            0.500         5.000       4.500      SLICE_X28Y3    PROG_EXEC/num_recirculare/count_reg[10]/C
Low Pulse Width   Slow    FDRE/C   n/a            0.500         5.000       4.500      SLICE_X44Y7    AFIS_TIMP/count_reg[1]/C
High Pulse Width  Fast    FDCE/C   n/a            0.500         5.000       4.500      SLICE_X41Y18   PROG_EXEC/num_evacuare/count_reg[26]/C
High Pulse Width  Slow    FDCE/C   n/a            0.500         5.000       4.500      SLICE_X41Y17   PROG_EXEC/num_evacuare/count_reg[27]/C
High Pulse Width  Fast    FDCE/C   n/a            0.500         5.000       4.500      SLICE_X42Y18   PROG_EXEC/num_evacuare/count_reg[28]/C
High Pulse Width  Fast    FDCE/C   n/a            0.500         5.000       4.500      SLICE_X41Y18   PROG_EXEC/num_evacuare/count_reg[29]/C
High Pulse Width  Fast    FDCE/C   n/a            0.500         5.000       4.500      SLICE_X41Y18   PROG_EXEC/num_evacuare/count_reg[2]/C
High Pulse Width  Slow    FDCE/C   n/a            0.500         5.000       4.500      SLICE_X41Y16   PROG_EXEC/num_evacuare/count_reg[31]/C
High Pulse Width  Slow    FDCE/C   n/a            0.500         5.000       4.500      SLICE_X41Y16   PROG_EXEC/num_evacuare/count_reg[3]/C
High Pulse Width  Slow    FDCE/C   n/a            0.500         5.000       4.500      SLICE_X42Y17   PROG_EXEC/num_evacuare/count_reg[4]/C
High Pulse Width  Slow    FDCE/C   n/a            0.500         5.000       4.500      SLICE_X42Y17   PROG_EXEC/num_evacuare/count_reg[5]/C
High Pulse Width  Slow    FDCE/C   n/a            0.500         5.000       4.500      SLICE_X41Y16   PROG_EXEC/num_evacuare/count_reg[6]/C



